ds,trend,trend_lower,trend_upper,yhat,yhat_lower,yhat_upper,yearly
1958-03-01,314.9105977865648,314.9105977865648,314.9105977865648,316.2030477813572,315.72401911845037,316.7246147293154,1.2924499947924255
1958-04-01,314.9855540732224,314.9855540732224,314.9855540732224,317.47419005935495,316.96819861882466,317.9707547380456,2.4886359861325853
1958-05-01,315.058092415149,315.058092415149,315.058092415149,318.0170146770911,317.5251051391169,318.5298661308463,2.958922261942087
1958-07-01,315.20558704373326,315.20558704373326,315.20558704373326,315.9814152870525,315.4921786092883,316.50098639179794,0.775828243319293
1958-08-01,315.2805433303908,315.2805433303908,315.2805433303908,314.02081760199707,313.4886491390493,314.5407806788255,-1.2597257283937087
1958-09-01,315.3554996170484,315.3554996170484,315.3554996170484,312.24982177734614,311.73609203927975,312.7393980259813,-3.1056778397022744
1958-11-01,315.50299424563264,315.50299424563264,315.50299424563264,313.4098939985347,312.9013023188659,313.90487565238385,-2.0931002470979108
1958-12-01,315.5755325875593,315.5755325875593,315.5755325875593,314.61667869880534,314.1189111017584,315.1249378168634,-0.9588538887539377
1959-01-01,315.6504888742169,315.6504888742169,315.6504888742169,315.61095193219984,315.1168687418494,316.13184516949434,-0.039536942017020134
1959-02-01,315.72544516087436,315.72544516087436,315.72544516087436,316.32036157763065,315.85032392953235,316.8438389763886,0.5949164167562887
1959-03-01,315.7931476133393,315.7931476133393,315.7931476133393,317.00216190254037,316.4527155066129,317.5220123974033,1.2090142892011129
1959-04-01,315.8681038999968,315.8681038999968,315.8681038999968,318.35103410098793,317.8666693292008,318.8753565536435,2.482930200991132
1959-05-01,315.9406422419235,315.9406422419235,315.9406422419235,318.9321233088204,318.4458250467841,319.41328842395217,2.991481066896866
1959-06-01,316.01559852858105,316.01559852858105,316.01559852858105,318.35525957616125,317.8265324563544,318.8660076297967,2.339661047580205
1959-07-01,316.08813687050775,316.08813687050775,316.08813687050775,316.85767638576095,316.3793038334656,317.37490520593144,0.769539515253209
1959-08-01,316.1630931571653,316.1630931571653,316.1630931571653,314.9341187220272,314.4366935569828,315.4174154152778,-1.2289744351380707
1959-09-01,316.2380494438229,316.2380494438229,316.2380494438229,313.1454978185713,312.62775708810796,313.6348737135411,-3.0925516252515655
1959-10-01,316.3056282866728,316.3056282866728,316.3056282866728,312.9306389755945,312.38784553777174,313.40614717522175,-3.374989311078326
1959-11-01,316.3754597576178,316.3754597576178,316.3754597576178,314.2857191627831,313.747022799234,314.807956779286,-2.0897405948347503
1959-12-01,316.44303860046773,316.44303860046773,316.44303860046773,315.4943711228565,314.9859245851576,315.9764822384995,-0.9486674776112565
1960-01-01,316.5128700714127,316.5128700714127,316.5128700714127,316.49672027250426,316.0060838585518,317.008996001064,-0.01614979890840403
1960-02-01,316.58270154235765,316.58270154235765,316.58270154235765,317.1943495497706,316.70342103691075,317.7157517275304,0.6116480074129367
1960-03-01,316.64802775711263,316.64802775711263,316.64802775711263,318.1073958709113,317.5882153996828,318.62005858624696,1.4593681137987
1960-04-01,316.71785922805753,316.71785922805753,316.71785922805753,319.22238404065297,318.7420464201151,319.72319589392606,2.5045248125954274
1960-05-01,316.78543807090756,316.78543807090756,316.78543807090756,319.68077497635437,319.1592044397012,320.23803557578475,2.895336905446829
1960-06-01,316.85526954185246,316.85526954185246,316.85526954185246,319.0925928155977,318.5908878462211,319.6350273791346,2.2373232737452535
1960-07-01,316.92284838470243,316.92284838470243,316.92284838470243,317.71003736433033,317.17098551171443,318.20473391502827,0.787188979627917
1960-08-01,316.9926798556474,316.9926798556474,316.9926798556474,315.6711512713413,315.1533306346381,316.1621644896178,-1.321528584306145
1960-09-01,317.06251132659236,317.06251132659236,317.06251132659236,313.9284619400594,313.39042722341003,314.44040058246196,-3.1340493865330004
1960-10-01,317.1300901694423,317.1300901694423,317.1300901694423,313.93343402969964,313.4128928736432,314.48261109529915,-3.1966561397426747
1960-11-01,317.19992164038723,317.19992164038723,317.19992164038723,315.10365147322284,314.6230960227361,315.5910293394684,-2.096270167164367
1960-12-01,317.26750048323726,317.26750048323726,317.26750048323726,316.2895768070211,315.78878249302034,316.7577985373891,-0.9779236762161488
1961-01-01,317.33733195418216,317.33733195418216,317.33733195418216,317.2500526728245,316.7204291727012,317.7462211289772,-0.08727928135768126
1961-02-01,317.4071635251743,317.4071635251743,317.4071635251743,317.96415992011043,317.4102677727853,318.4689219472069,0.5569963949360973
1961-03-01,317.4702372021994,317.4702372021994,317.4702372021994,318.8461678860309,318.3282340597102,319.34367916097614,1.375930683831469
1961-04-01,317.54006877319165,317.54006877319165,317.54006877319165,320.035907859934,319.51741685188364,320.5595569100451,2.4958390867423685
1961-05-01,317.6076477128614,317.6076477128614,317.6076477128614,320.53450705715994,320.04080514286926,321.0227377125548,2.926859344298531
1961-06-01,317.6774792838536,317.6774792838536,317.6774792838536,319.9495241926713,319.46556035356434,320.49412913501067,2.272044908817671
1961-07-01,317.7450582235234,317.7450582235234,317.7450582235234,318.5267737541877,318.0063124869584,319.03169378105684,0.7817155306642843
1961-08-01,317.8148897945155,317.8148897945155,317.8148897945155,316.52430926777924,316.0082279830216,317.0337415269484,-1.2905805267362784
1961-09-01,317.8847213655077,317.8847213655077,317.8847213655077,314.7652133084191,314.2603375864515,315.2979023121894,-3.119508057088577
1961-10-01,317.9523003051775,317.9523003051775,317.9523003051775,314.6957935602409,314.16180606905493,315.24339042237096,-3.2565067449366367
1961-11-01,318.0221318761696,318.0221318761696,318.0221318761696,315.92685369011457,315.4404665632741,316.4456463316802,-2.0952781860550345
1961-12-01,318.08971081583945,318.08971081583945,318.08971081583945,317.1210927688889,316.63099289107674,317.62068388436506,-0.9686180469505465
1962-01-01,318.1595423868316,318.1595423868316,318.1595423868316,318.0962796048769,317.57973911720785,318.55585945111983,-0.06326278195470572
1962-02-01,318.2293739578237,318.2293739578237,318.2293739578237,318.8060661134159,318.2781614037123,319.29906313357014,0.5766921555921672
1962-03-01,318.29244763484894,318.29244763484894,318.29244763484894,319.5848976296413,319.09032650383045,320.1008092004585,1.2924499947923638
1962-04-01,318.36227920584105,318.36227920584105,318.36227920584105,320.8509151919736,320.3396818854265,321.3395189867879,2.4886359861325684
1962-05-01,318.4298581455109,318.4298581455109,318.4298581455109,321.38878040745305,320.83193243381066,321.89235983777655,2.9589222619421913
1962-06-01,318.4771262395714,318.4771262395714,318.4771262395714,320.78329564856654,320.2987434077836,321.28430321174494,2.3061694089950917
1962-07-01,318.52286955640426,318.52286955640426,318.52286955640426,319.2986977997235,318.8173014770183,319.8032325094011,0.775828243319265
1962-08-01,318.5701376504648,318.5701376504648,318.5701376504648,317.3104119220711,316.82581411228466,317.8421829587194,-1.2597257283936507
1962-09-01,318.6174057445254,318.6174057445254,318.6174057445254,315.5117279048231,315.01280239985647,316.00985632972373,-3.105677839702334
1962-10-01,318.6631490613582,318.6631490613582,318.6631490613582,315.3471777388932,314.8624159297399,315.86570747350527,-3.315971322464975
1962-11-01,318.7104171554188,318.7104171554188,318.7104171554188,316.6173169083208,316.0923818068355,317.10150126441664,-2.0931002470979854
1962-12-01,318.75616047225157,318.75616047225157,318.75616047225157,317.79730658349763,317.30801896155873,318.3139916879409,-0.9588538887539173
1963-01-01,318.8034285663121,318.8034285663121,318.8034285663121,318.76389162429507,318.2257931731292,319.2676776786188,-0.03953694201704626
1963-02-01,318.8506966603727,318.8506966603727,318.8506966603727,319.445613077129,318.93368766992,319.99673931530555,0.5949164167562802
1963-03-01,318.89339042275,318.89339042275,318.89339042275,320.1024047119511,319.5587711606394,320.5889108686803,1.2090142892011295
1963-04-01,318.9406585168106,318.9406585168106,318.9406585168106,321.4235887178017,320.9033800327573,321.92379143774366,2.482930200991138
1963-05-01,318.98640183364336,318.98640183364336,318.98640183364336,321.97788290054024,321.443743495164,322.483931000926,2.9914810668969074
1963-06-01,319.03366992770395,319.03366992770395,319.03366992770395,321.37333097528415,320.8792922518729,321.8840790606072,2.3396610475801913
1963-07-01,319.07941324453674,319.07941324453674,319.07941324453674,319.84895275979,319.3580613371839,320.36818925521555,0.7695395152532387
1963-08-01,319.12668133859734,319.12668133859734,319.12668133859734,317.8977069034592,317.40322691150226,318.4004049139532,-1.2289744351381298
1963-09-01,319.1739494326579,319.1739494326579,319.1739494326579,316.08139780740635,315.5617275198599,316.5904926864375,-3.092551625251506
1963-10-01,319.2149987425352,319.2149987425352,319.2149987425352,315.84000943145685,315.3155377079986,316.37295050594605,-3.3749893110783646
1963-11-01,319.2574163627418,319.2574163627418,319.2574163627418,317.16767576790704,316.7088777586257,317.67802105857754,-2.0897405948347547
1963-12-01,319.2984656726192,319.2984656726192,319.2984656726192,318.34979819500796,317.83157527006705,318.8469585077486,-0.9486674776112435
1964-01-01,319.3408832928258,319.3408832928258,319.3408832928258,319.3247334939174,318.78275310155976,319.82043821970666,-0.016149798908448795
1964-05-01,319.5064488426645,319.5064488426645,319.5064488426645,322.40178574811137,321.8479897195104,322.9269965996361,2.8953369054468516
1964-06-01,319.54886646287116,319.54886646287116,319.54886646287116,321.7861897366164,321.2665285492801,322.31105450733554,2.237323273745259
1964-07-01,319.5899157727485,319.5899157727485,319.5899157727485,320.3771047523764,319.8556188865142,320.8423246921638,0.78718897962788
1964-08-01,319.6323333929551,319.6323333929551,319.6323333929551,318.3108048086489,317.82873737040774,318.8471044434219,-1.3215285843061615
1964-09-01,319.6747510131617,319.6747510131617,319.6747510131617,316.54070162662873,316.0145168839168,317.02314279622226,-3.1340493865329777
1964-10-01,319.7158003230391,319.7158003230391,319.7158003230391,316.5191441832965,316.01077497844017,317.026265344406,-3.196656139742651
1964-11-01,319.7582179432457,319.7582179432457,319.7582179432457,317.6619477760813,317.1450514096866,318.16509674231156,-2.096270167164386
1964-12-01,319.79926725312305,319.79926725312305,319.79926725312305,318.8213435769069,318.316449790475,319.33676082058946,-0.9779236762161476
1965-01-01,319.84168487332965,319.84168487332965,319.84168487332965,319.75440559197193,319.2316162308302,320.28627646324145,-0.08727928135771339
1965-02-01,319.8841024935363,319.8841024935363,319.8841024935363,320.4410988884724,319.9218511343202,320.92894424959866,0.5569963949360819
1965-03-01,319.9224151827552,319.9224151827552,319.9224151827552,321.2983458665866,320.75788728753326,321.8021645320703,1.375930683831416
1965-04-01,319.9648328029618,319.9648328029618,319.9648328029618,322.46067188970414,321.95757720990076,322.9560571450319,2.4958390867423628
1965-05-01,320.0557888319643,320.0557888319643,320.0557888319643,322.9826481762629,322.46730515454317,323.49882322072733,2.9268593442985593
1965-06-01,320.1497767286002,320.1497767286002,320.1497767286002,322.4218216374179,321.9592806225378,322.97893054173045,2.272044908817716
1965-07-01,320.24073275760276,320.24073275760276,320.24073275760276,321.022448288267,320.48805565422134,321.54384713697493,0.7817155306642675
1965-08-01,320.3347206542387,320.3347206542387,320.3347206542387,319.0441401275024,318.52877927400675,319.5890029631548,-1.29058052673632
1965-09-01,320.4287085508746,320.4287085508746,320.4287085508746,317.309200493786,316.8362929060515,317.7935231378369,-3.119508057088581
1965-10-01,320.51966457987714,320.51966457987714,320.51966457987714,317.26315783494056,316.7491853301036,317.7717875973273,-3.2565067449366065
1965-11-01,320.61365247651304,320.61365247651304,320.61365247651304,318.51837429045804,317.97230122558955,319.0214951349961,-2.095278186055024
1965-12-01,320.7046085055156,320.7046085055156,320.7046085055156,319.73599045856497,319.2119892527684,320.28409020972504,-0.9686180469505835
1966-01-01,320.79859640215153,320.79859640215153,320.79859640215153,320.7353336201968,320.21367835060613,321.22246655847005,-0.06326278195472934
1966-02-01,320.8925842987874,320.8925842987874,320.8925842987874,321.46927645437955,320.95732658222164,321.98891496467803,0.57669215559214
1966-03-01,320.97747659252315,320.97747659252315,320.97747659252315,322.2699265873156,321.7888029730795,322.7825788533555,1.2924499947924382
1966-04-01,321.07146448915904,321.07146448915904,321.07146448915904,323.56010047529156,323.06783892456576,324.0663073522541,2.488635986132538
1966-05-01,321.1624205181616,321.1624205181616,321.1624205181616,324.1213427801037,323.57168237496177,324.6464186524299,2.9589222619421403
1966-06-01,321.25640841479753,321.25640841479753,321.25640841479753,323.5625778237926,323.0327197063067,324.0534792944155,2.3061694089950473
1966-07-01,321.3473644438,321.3473644438,321.3473644438,322.1231926871193,321.5982296287103,322.6829272458823,0.77582824331928
1966-08-01,321.44135234043597,321.44135234043597,321.44135234043597,320.18162661204235,319.66284983023365,320.70370222506114,-1.2597257283936354
1966-09-01,321.5131298588573,321.5131298588573,321.5131298588573,318.407452019155,317.92980256616687,318.9358702569383,-3.105677839702323
1966-10-01,321.5825919734587,321.5825919734587,321.5825919734587,318.26662065099373,317.76606488628136,318.79073572364206,-3.3159713224649874
1966-11-01,321.65436949188006,321.65436949188006,321.65436949188006,319.5612692447821,319.0402913692764,320.0936843408094,-2.0931002470979574
1966-12-01,321.72383160648144,321.72383160648144,321.72383160648144,320.76497771772756,320.2878359759033,321.2650801111189,-0.9588538887538958
1967-01-01,321.79560912490285,321.79560912490285,321.79560912490285,321.7560721828858,321.1948810796063,322.2334655942122,-0.039536942017044774
1967-02-01,321.86738664332427,321.86738664332427,321.86738664332427,322.46230306008056,321.94389533586354,322.92086206995907,0.5949164167562732
1967-03-01,321.9322179502855,321.9322179502855,321.9322179502855,323.1412322394866,322.6336894997805,323.63184006185213,1.2090142892010998
1967-04-01,322.00399546870693,322.00399546870693,322.00399546870693,324.48692566969805,323.95671769207183,324.96949795613284,2.482930200991138
1967-05-01,322.07345758330825,322.07345758330825,322.07345758330825,325.06493865020514,324.57387848693315,325.5201484866529,2.9914810668968994
1967-06-01,322.14523510172967,322.14523510172967,322.14523510172967,324.48489614930986,324.00041923080147,324.9844257665122,2.339661047580221
1967-07-01,322.21469721633105,322.21469721633105,322.21469721633105,322.98423673158425,322.4394605548226,323.4955525828214,0.769539515253205
1967-08-01,322.28647473475246,322.28647473475246,322.28647473475246,321.0575002996144,320.5361734498721,321.59002154839106,-1.2289744351380965
1967-09-01,322.3582522531738,322.3582522531738,322.3582522531738,319.2657006279223,318.76973349646045,319.74495488126934,-3.0925516252515113
1967-10-01,322.4277143677752,322.4277143677752,322.4277143677752,319.0527250566968,318.5431680779745,319.56382307575734,-3.3749893110784077
1967-11-01,322.49949188619655,322.49949188619655,322.49949188619655,320.40975129136183,319.9081804169484,320.8888584498985,-2.0897405948347494
1967-12-01,322.568954000798,322.568954000798,322.568954000798,321.62028652318673,321.0944261755345,322.14514810110603,-0.9486674776112428
1968-01-01,322.67876267878233,322.67876267878233,322.67876267878233,322.66261287987396,322.1589812903345,323.15868431594544,-0.016149798908384742
1968-02-01,322.78857135676674,322.78857135676674,322.78857135676674,323.4002193641797,322.8477781535073,323.9034542480353,0.6116480074129604
1968-03-01,322.8912956039134,322.8912956039134,322.8912956039134,324.35066371771205,323.7996969723115,324.8860383218303,1.4593681137986547
1968-04-01,323.0011042818978,323.0011042818978,323.0011042818978,325.50562909449326,324.9960465047143,326.03912097975683,2.5045248125954283
1968-05-01,323.10737074446337,323.10737074446337,323.10737074446337,326.00270764991023,325.47966200759885,326.54173949132473,2.895336905446856
1968-06-01,323.21717942244777,323.21717942244777,323.21717942244777,325.454502696193,324.9889023936091,326.01717422129616,2.2373232737452518
1968-07-01,323.3234458850133,323.3234458850133,323.3234458850133,324.1106348646412,323.6024288591508,324.6147329926903,0.7871889796278772
1968-08-01,323.4332545629977,323.4332545629977,323.4332545629977,322.1117259786916,321.60012155232073,322.6454373550819,-1.3215285843061224
1968-09-01,323.5430632409821,323.5430632409821,323.5430632409821,320.40901385444914,319.90300604320333,320.9105246681806,-3.1340493865329897
1968-10-01,323.6493297035476,323.6493297035476,323.6493297035476,320.4526735638049,319.9199327241692,320.9760310920195,-3.1966561397426734
1968-11-01,323.75913838153207,323.75913838153207,323.75913838153207,321.6628682143677,321.14210058955314,322.1859128909443,-2.096270167164399
1968-12-01,323.86540484409755,323.86540484409755,323.86540484409755,322.8874811678814,322.34700592826607,323.3473007619484,-0.9779236762161485
1969-01-01,323.97521352208196,323.97521352208196,323.97521352208196,323.88793424072423,323.3680398558379,324.40488312255684,-0.08727928135769511
1969-02-01,324.0850222000664,324.0850222000664,324.0850222000664,324.6420185950025,324.12248330294017,325.1739622386209,0.5569963949360839
1969-03-01,324.1842042317942,324.1842042317942,324.1842042317942,325.5601349156256,325.0926631732308,326.0781624484801,1.3759306838314034
1969-04-01,324.29401290977864,324.29401290977864,324.29401290977864,326.789851996521,326.2527766392013,327.2686186821083,2.495839086742358
1969-05-01,324.38656544075,324.38656544075,324.38656544075,327.3134247850486,326.81804342021616,327.82751501312987,2.926859344298558
1969-06-01,324.48220305608714,324.48220305608714,324.48220305608714,326.75424796490483,326.2486063640575,327.2817140024439,2.2720449088177155
1969-07-01,324.5747555870586,324.5747555870586,324.5747555870586,325.35647111772283,324.77706030160857,325.89269026756637,0.7817155306642571
1969-08-01,324.67039320239564,324.67039320239564,324.67039320239564,323.3798126756593,322.86302655603544,323.88778645344945,-1.2905805267363226
1969-09-01,324.7660308177328,324.7660308177328,324.7660308177328,321.64652276064425,321.12197291014155,322.1921707219406,-3.1195080570885647
1969-10-01,324.8585833487042,324.8585833487042,324.8585833487042,321.60207660376767,321.10991278901605,322.10552628590153,-3.2565067449365563
1969-11-01,324.9542209640413,324.9542209640413,324.9542209640413,322.8589427779863,322.32885385227377,323.35110033589484,-2.0952781860550282
1969-12-01,325.04677349501276,325.04677349501276,325.04677349501276,324.07815544806215,323.58409323304033,324.62374660692757,-0.9686180469505822
1970-01-01,325.1424111103498,325.1424111103498,325.1424111103498,325.0791483283951,324.5939495703934,325.62082802471605,-0.06326278195475311
1970-02-01,325.238048725687,325.238048725687,325.238048725687,325.81474088127914,325.298001139392,326.31149786722506,0.5766921555921292
1970-03-01,325.32443108792694,325.32443108792694,325.32443108792694,326.61688108271943,326.0969639692365,327.1272168414431,1.2924499947924817
1970-04-01,325.42006870326406,325.42006870326406,325.42006870326406,327.9087046893966,327.4343847020904,328.3987897577546,2.4886359861325498
1970-05-01,325.5126212342355,325.5126212342355,325.5126212342355,328.4715434961776,327.9266804212732,328.9547133486355,2.95892226194214
1970-06-01,325.60825884957256,325.60825884957256,325.60825884957256,327.9144282585676,327.3865214422942,328.4222645002773,2.306169408995065
1970-07-01,325.700811380544,325.700811380544,325.700811380544,326.47663962386326,326.00744095191834,327.0178936337494,0.7758282433192766
1970-08-01,325.7964489958811,325.7964489958811,325.7964489958811,324.53672326748745,324.0506091940446,325.0640275093502,-1.2597257283936547
1970-09-01,325.850903280988,325.850903280988,325.850903280988,322.7452254412857,322.23895150464665,323.26515927227985,-3.1056778397023357
1970-10-01,325.9036009762527,325.9036009762527,325.9036009762527,322.5876296537877,322.0515750080779,323.0724110483841,-3.315971322464993
1970-11-01,325.95805526135956,325.95805526135956,325.95805526135956,323.8649550142616,323.3716233777629,324.39011069744066,-2.0931002470979463
1970-12-01,326.0107529566243,326.0107529566243,326.0107529566243,325.0518990678704,324.549002903424,325.55765944527286,-0.958853888753897
1971-01-01,326.0652072417311,326.0652072417311,326.0652072417311,326.0256702997141,325.5367099520025,326.54551048842336,-0.03953694201702058
1971-02-01,326.119661526838,326.119661526838,326.119661526838,326.7145779435943,326.2281920001505,327.2214404074812,0.5949164167562857
1971-03-01,326.1688460424184,326.1688460424184,326.1688460424184,327.3778603316195,326.8679900698744,327.88500057552204,1.2090142892010731
1971-04-01,326.2233003275253,326.2233003275253,326.2233003275253,328.7062305285164,328.22358729563024,329.2100334307126,2.4829302009911474
1971-05-01,326.27599802278996,326.27599802278996,326.27599802278996,329.26747908968684,328.7349760429389,329.7498869056952,2.991481066896909
1971-06-01,326.3304523078968,326.3304523078968,326.3304523078968,328.67011335547704,328.1608484929418,329.16409812964105,2.3396610475802264
1971-07-01,326.3831500031615,326.3831500031615,326.3831500031615,327.1526895184147,326.5961488448814,327.6662322717891,0.7695395152532091
1971-08-01,326.4376042882684,326.4376042882684,326.4376042882684,325.2086298531303,324.7210671942791,325.69215688202587,-1.2289744351381033
1971-09-01,326.49205857337523,326.49205857337523,326.49205857337523,323.3995069481237,322.87749712088737,323.940158835753,-3.0925516252515113
1971-10-01,326.54475626863996,326.54475626863996,326.54475626863996,323.16976695756154,322.6451299327756,323.68452446806566,-3.3749893110784126
1971-11-01,326.59921055374684,326.59921055374684,326.59921055374684,324.5094699589121,323.9831175913344,324.9930116346651,-2.089740594834741
1971-12-01,326.6519082490115,326.6519082490115,326.6519082490115,325.70324077140026,325.17856617915027,326.18357386326375,-0.948667477611247
1972-01-01,326.82102282371136,326.82102282371136,326.82102282371136,326.80487302480293,326.2892496095377,327.2872155808188,-0.016149798908401795
1972-02-01,326.9901373984112,326.9901373984112,326.9901373984112,327.60178540582416,327.07910637109956,328.12426344886535,0.6116480074129527
1972-03-01,327.1483413553885,327.1483413553885,327.1483413553885,328.6077094691871,328.13031073402624,329.12619328705927,1.4593681137986316
1972-04-01,327.31745593008833,327.31745593008833,327.31745593008833,329.82198074268376,329.2771642753623,330.3261832548432,2.504524812595414
1972-05-01,327.4811151959269,327.4811151959269,327.4811151959269,330.3764521013738,329.83363760694743,330.9193529434923,2.895336905446857
1972-06-01,327.65022977062677,327.65022977062677,327.65022977062677,329.88755304437205,329.38870314418693,330.4016214589374,2.237323273745269
1972-07-01,327.81388903646535,327.81388903646535,327.81388903646535,328.60107801609325,328.0935932609307,329.1171708843549,0.7871889796278935
1972-08-01,327.9830036111652,327.9830036111652,327.9830036111652,326.6614750268591,326.16177310828505,327.15409139924117,-1.3215285843061284
1972-09-01,328.152118185865,328.152118185865,328.152118185865,325.018068799332,324.5074329634395,325.56387225872925,-3.1340493865330004
1972-10-01,328.3157774517036,328.3157774517036,328.3157774517036,325.1191213119609,324.6235704562715,325.6331872631362,-3.196656139742684
1972-11-01,328.48489202640343,328.48489202640343,328.48489202640343,326.38862185923904,325.9037770285029,326.9055075113141,-2.0962701671643846
1972-12-01,328.648551292242,328.648551292242,328.648551292242,327.67062761602585,327.16301528882764,328.19515184476563,-0.9779236762161561
1973-01-01,328.81766586694187,328.81766586694187,328.81766586694187,328.7303865855842,328.21949968213795,329.2567800260463,-0.0872792813576701
1973-02-01,328.9867804416417,328.9867804416417,328.9867804416417,329.5437768365778,329.02528107804864,330.0539062327655,0.5569963949360901
1973-03-01,329.1395290897577,329.1395290897577,329.1395290897577,330.51545977358904,330.006235701401,331.0375657692261,1.3759306838313843
1973-04-01,329.3086436644575,329.3086436644575,329.3086436644575,331.8044827511999,331.3101994859207,332.3040755105679,2.49583908674235
1973-05-01,329.37835717906916,329.37835717906916,329.37835717906916,332.30521652336773,331.7919516390499,332.80605245411664,2.9268593442985757
1973-06-01,329.4503944775011,329.4503944775011,329.4503944775011,331.72243938631885,331.18277698215167,332.2414315151727,2.2720449088177337
1973-07-01,329.52010799211274,329.52010799211274,329.52010799211274,330.301823522777,329.7639681789549,330.8335759086923,0.7817155306642523
1973-08-01,329.59214529054475,329.59214529054475,329.59214529054475,328.3015647638084,327.8141642518469,328.80036613609445,-1.2905805267363162
1973-09-01,329.66418258897676,329.66418258897676,329.66418258897676,326.5446745318882,326.004055396395,327.09005686754057,-3.1195080570885576
1973-10-01,329.73389610358834,329.73389610358834,329.73389610358834,326.4773893586518,325.966260005183,326.96834519525976,-3.256506744936547
1973-11-01,329.80593340202034,329.80593340202034,329.80593340202034,327.71065521596535,327.1673782964859,328.2227484513626,-2.0952781860550247
1973-12-01,329.875646916632,329.875646916632,329.875646916632,328.90702886968137,328.3457156769377,329.40947908022974,-0.9686180469505957
1974-01-01,329.947684215064,329.947684215064,329.947684215064,329.8844214331092,329.4300547177763,330.36881744522225,-0.06326278195477689
1974-02-01,330.01972151349594,330.01972151349594,330.01972151349594,330.59641366908807,330.06815941531994,331.13285571834587,0.5766921555921228
1974-03-01,330.08478746046677,330.08478746046677,330.08478746046677,331.3772374552593,330.8749671885422,331.88321756607405,1.2924499947925523
1974-04-01,330.1568247588988,330.1568247588988,330.1568247588988,332.64546074503136,332.11446825883473,333.1829050921662,2.4886359861325524
1974-05-01,330.22653827351036,330.22653827351036,330.22653827351036,333.1854605354525,332.7061321271143,333.69845562290516,2.9589222619421434
1974-06-01,330.29857557194237,330.29857557194237,330.29857557194237,332.6047449809374,332.08216898034084,333.08576572943576,2.3061694089950815
1974-07-01,330.368289086554,330.368289086554,330.368289086554,331.14411732987327,330.6621125519836,331.6638946766871,0.7758282433192937
1974-08-01,330.440326384986,330.440326384986,330.440326384986,329.1806006565924,328.6262376541275,329.6826975566162,-1.2597257283936258
1974-09-01,330.51235582851297,330.51235582851297,330.51235582851297,327.4066779888106,326.90020522732874,327.9184975419887,-3.105677839702354
1974-10-01,330.5820617416037,330.5820617416037,330.5820617416037,327.2660904191387,326.74906576955794,327.78429710620094,-3.3159713224650016
1974-11-01,330.6540911851307,330.6540911851307,330.6540911851307,328.5609909380328,328.04021596964475,329.0237137712078,-2.093100247097958
1974-12-01,330.7237970982213,330.7237970982213,330.7237970982213,329.76494320946745,329.2342701565547,330.2793262376016,-0.9588538887538887
1975-01-01,330.7958265417484,330.7958265417484,330.7958265417484,330.7562895997314,330.24602254394387,331.2879972045926,-0.039536942017003036
1975-02-01,330.8678559852754,330.8678559852754,330.8678559852754,331.4627724020317,330.963145593768,331.98111575708464,0.5949164167562913
1975-03-01,330.9329148374934,330.9329148374934,330.9329148374934,332.14192912669444,331.6490629626211,332.6200668957473,1.2090142892010542
1975-04-01,331.0049442810204,331.0049442810204,331.0049442810204,333.48787448201153,332.9301432157013,333.99812291802454,2.4829302009911465
1975-05-01,331.0746501941111,331.0746501941111,331.0746501941111,334.066131261008,333.53720864080674,334.61587996077554,2.9914810668969176
1975-06-01,331.1466796376381,331.1466796376381,331.1466796376381,333.4863406852183,332.9600163923886,333.9871483647811,2.3396610475802064
1975-07-01,331.2163855507288,331.2163855507288,331.2163855507288,331.985925065982,331.4990107537236,332.48512420833106,0.7695395152532047
1975-08-01,331.2884149942558,331.2884149942558,331.2884149942558,330.05944055911766,329.5245173779001,330.59385331337626,-1.2289744351381027
1975-09-01,331.3604444377828,331.3604444377828,331.3604444377828,328.2678928125313,327.79383452328847,328.7592107937128,-3.0925516252515033
1975-10-01,331.43015035087353,331.43015035087353,331.43015035087353,328.0551610397951,327.53808394408753,328.57751389435475,-3.3749893110784215
1975-11-01,331.5021797944005,331.5021797944005,331.5021797944005,329.41243919956577,328.87244209081445,329.9241888560632,-2.0897405948347187
1975-12-01,331.61500399584617,331.61500399584617,331.61500399584617,330.6663365182349,330.17511793660725,331.1863165679591,-0.9486674776112639
1976-01-01,331.73158900400665,331.73158900400665,331.73158900400665,331.7154392050983,331.1868792572091,332.2408589057838,-0.016149798908397003
1976-02-01,331.84817401216714,331.84817401216714,331.84817401216714,332.4598220195801,331.9235375695743,332.9874028762359,0.6116480074129478
1976-03-01,331.95723740689795,331.95723740689795,331.95723740689795,333.4166055206966,332.9178495594871,333.9178016673129,1.45936811379861
1976-04-01,332.0738224150585,332.0738224150585,332.0738224150585,334.5783472276539,334.05621726750826,335.0697552202646,2.50452481259542
1976-05-01,332.1866466165041,332.1866466165041,332.1866466165041,335.081983521951,334.59592522805787,335.5980357457326,2.895336905446876
1976-06-01,332.3032316246646,332.3032316246646,332.3032316246646,334.5405548984099,334.03663875736964,335.0405296692877,2.237323273745269
1976-07-01,332.41605582611027,332.41605582611027,332.41605582611027,333.20324480573817,332.671955751764,333.7221358011444,0.7871889796278789
1976-08-01,332.53264083427075,332.53264083427075,332.53264083427075,331.21111224996463,330.70613798967145,331.7227468340031,-1.3215285843061217
1976-09-01,332.64922584243124,332.64922584243124,332.64922584243124,329.5151764558982,328.99104580391923,330.012699945815,-3.1340493865330132
1976-10-01,332.7620500438769,332.7620500438769,332.7620500438769,329.5653939041342,329.04559733599945,330.0606496545744,-3.196656139742664
1976-11-01,332.8786350520374,332.8786350520374,332.8786350520374,330.782364884873,330.26097059688755,331.2471062283093,-2.0962701671643806
1976-12-01,332.9914592534831,332.9914592534831,332.9914592534831,332.0135355772669,331.49012842784583,332.56592989715153,-0.9779236762161451
1977-01-01,333.10804426164356,333.10804426164356,333.10804426164356,333.0207649802859,332.51054221903695,333.5318941436861,-0.08727928135767006
1977-02-01,333.22462926980404,333.22462926980404,333.22462926980404,333.78162566474015,333.2715138113285,334.33030607026853,0.5569963949360911
1977-03-01,333.32993185782,333.32993185782,333.32993185782,334.7058625416513,334.172311189449,335.18645674557087,1.3759306838313392
1977-04-01,333.4710204273885,333.4710204273885,333.4710204273885,335.9668595141309,335.458889153812,336.4815828250638,2.495839086742353
1977-05-01,333.6075577527774,333.6075577527774,333.6075577527774,336.53441709707596,336.01267981424417,337.05123843362986,2.9268593442985615
1977-06-01,333.74864632234585,333.74864632234585,333.74864632234585,336.0206912311636,335.50812605664777,336.51912396267875,2.272044908817738
1977-07-01,333.8851836477348,333.8851836477348,333.8851836477348,334.66689917839904,334.14663068856373,335.193993089662,0.7817155306642475
1977-08-01,334.0262722173033,334.0262722173033,334.0262722173033,332.73569169056697,332.21531268746395,333.27914422145807,-1.2905805267363115
1977-09-01,334.16736078687177,334.16736078687177,334.16736078687177,331.0478527297832,330.5465759502471,331.56281589661967,-3.1195080570885954
1977-10-01,334.30389811226064,334.30389811226064,334.30389811226064,331.04739136732417,330.54874729314434,331.54912490273193,-3.25650674493646
1977-11-01,334.44498668182916,334.44498668182916,334.44498668182916,332.3497084957741,331.85849705830594,332.86476163618494,-2.0952781860550305
1977-12-01,334.58152400721804,334.58152400721804,334.58152400721804,333.6129059602674,333.1041356735919,334.14405671708437,-0.9686180469505933
1978-01-01,334.72261257678656,334.72261257678656,334.72261257678656,334.65934979483177,334.1508636973718,335.1409454509967,-0.06326278195480058
1978-02-01,334.8637011463551,334.8637011463551,334.8637011463551,335.4403933019472,334.901740492776,335.94995808608377,0.5766921555921295
1978-03-01,334.99113598338465,334.99113598338465,334.99113598338465,336.28358597817726,335.793709321789,336.79121254841806,1.2924499947926167
1978-04-01,335.1322245529532,335.1322245529532,335.1322245529532,337.62086053908575,337.1089271530263,338.13004649178123,2.4886359861325684
1978-05-01,335.26876187834205,335.26876187834205,335.26876187834205,338.22768414028417,337.7295026260387,338.7435435425412,2.9589222619420963
1978-06-01,335.40985044791057,335.40985044791057,335.40985044791057,337.7160198569056,337.20574139558437,338.2106504625542,2.306169408995
1978-07-01,335.54638777329944,335.54638777329944,335.54638777329944,336.3222160166187,335.8149181802794,336.8353769487885,0.7758282433192915
1978-08-01,335.6780844053752,335.6780844053752,335.6780844053752,334.41835867698154,333.9041041886729,334.9460650435802,-1.2597257283936711
1978-09-01,335.80978103745093,335.80978103745093,335.80978103745093,332.7041031977486,332.2030043435411,333.2217640183198,-3.10567783970233
1978-10-01,335.93722939107266,335.93722939107266,335.93722939107266,332.6212580686077,332.09932188894277,333.1117405847506,-3.315971322464972
1978-11-01,336.0689260231484,336.0689260231484,336.0689260231484,333.97582577605044,333.47303755819763,334.48920882591204,-2.093100247097918
1978-12-01,336.1963743767701,336.1963743767701,336.1963743767701,335.23752048801623,334.70048233305454,335.7422937141867,-0.9588538887538741
1979-01-01,336.3280710088458,336.3280710088458,336.3280710088458,336.2885340668288,335.7488951890387,336.8057720763849,-0.03953694201703248
1979-02-01,336.4597676409216,336.4597676409216,336.4597676409216,337.0546840576779,336.59907333895814,337.6032286760677,0.594916416756305
1979-03-01,336.57871943763513,336.57871943763513,336.57871943763513,337.78773372683617,337.28098302828874,338.27658878962586,1.2090142892010396
1979-04-01,336.71041606971096,336.71041606971096,336.71041606971096,339.19334627070214,338.6754382250879,339.72573990923394,2.4829302009911607
1979-05-01,336.83786442333263,336.83786442333263,336.83786442333263,339.82934549022957,339.35099320232405,340.3728289805738,2.9914810668969287
1979-06-01,336.9695610554084,336.9695610554084,336.9695610554084,339.30922210298866,338.7827432880842,339.83803620355815,2.339661047580232
1979-07-01,337.0970094090301,337.0970094090301,337.0970094090301,337.8665489242833,337.37302640187096,338.3717345935811,0.7695395152531797
1979-08-01,337.2287060411058,337.2287060411058,337.2287060411058,335.9997316059678,335.4990902002913,336.51190833945145,-1.2289744351380216
1979-09-01,337.36040267318157,337.36040267318157,337.36040267318157,334.2678510479301,333.7430989174815,334.79240514932206,-3.0925516252514784
1979-10-01,337.48785102680324,337.48785102680324,337.48785102680324,334.11286171572476,333.6220054759465,334.6141495680079,-3.3749893110784788
1979-11-01,337.619547658879,337.619547658879,337.619547658879,335.5298070640443,335.05315531012235,336.03856413265004,-2.0897405948347356
1979-12-01,337.74699642132083,337.74699642132083,337.74699642132083,336.7983289437096,336.294534808972,337.3779431815538,-0.9486674776112664
1980-01-01,337.8786934758441,337.8786934758441,337.8786934758441,337.86254367693573,337.320526154476,338.3720434725672,-0.016149798908367482
1980-02-01,338.0103905303673,338.0103905303673,338.0103905303673,338.62203853778027,338.09566485095576,339.13541365808874,0.6116480074129694
1980-03-01,338.1335910007278,338.1335910007278,338.1335910007278,339.5929591145263,339.1037203684138,340.10332413538595,1.4593681137985368
1980-04-01,338.265288055251,338.265288055251,338.265288055251,340.76981286784644,340.2570924325717,341.3028901725522,2.5045248125954163
1980-05-01,338.3927368176929,338.3927368176929,338.3927368176929,341.28807372313975,340.77267567881404,341.80336914313506,2.8953369054468414
1980-06-01,338.52443387221615,338.52443387221615,338.52443387221615,340.76175714596144,340.2574305061048,341.26848043311725,2.237323273745314
1980-07-01,338.65188263465797,338.65188263465797,338.65188263465797,339.4390716142858,338.98472468728403,339.9819740476777,0.7871889796278274
1980-08-01,338.7835796891812,338.7835796891812,338.7835796891812,337.4620511048751,336.90203476377957,337.9790112963985,-1.3215285843060811
1980-09-01,338.91527674370445,338.91527674370445,338.91527674370445,335.7812273571714,335.2751469652758,336.2832766260827,-3.134049386533023
1980-10-01,339.04272550614627,339.04272550614627,339.04272550614627,335.8460693664036,335.3915166252148,336.36699602791685,-3.1966561397426965
1980-11-01,339.17442256066954,339.17442256066954,339.17442256066954,337.07815239350515,336.53802597515266,337.5930250057751,-2.0962701671643855
1980-12-01,339.30187132311136,339.30187132311136,339.30187132311136,338.32394764689525,337.8036922722236,338.8576700241995,-0.9779236762161053
1981-01-01,339.43356837763463,339.43356837763463,339.43356837763463,339.34628909627696,338.79144978061555,339.89059270952265,-0.08727928135769498
1981-02-01,339.56526543215784,339.56526543215784,339.56526543215784,340.12226182709395,339.6448388204022,340.6485279378301,0.5569963949360831
1981-03-01,339.6842176104369,339.6842176104369,339.6842176104369,341.0601482942683,340.55049747170744,341.5886869286507,1.3759306838313647
1981-04-01,339.7793719730073,339.7793719730073,339.7793719730073,342.27521105974967,341.7326067803372,342.770168769864,2.4958390867423477
1981-05-01,339.8714568400109,339.8714568400109,339.8714568400109,342.7983161843096,342.33198544617653,343.3040217002691,2.926859344298665
1981-06-01,339.9666112025813,339.9666112025813,339.9666112025813,342.23865611139905,341.73598939895504,342.7610940962592,2.272044908817736
1981-07-01,340.058696069585,340.058696069585,340.058696069585,340.8404116002493,340.3197359875316,341.3490703133823,0.7817155306642928
1981-08-01,340.15385043215537,340.15385043215537,340.15385043215537,338.8632699054191,338.3627136613533,339.37065733468665,-1.2905805267362862
1981-09-01,340.24900479472575,340.24900479472575,340.24900479472575,337.1294967376372,336.6266893320455,337.6559579982905,-3.11950805708853
1981-10-01,340.3410896617294,340.3410896617294,340.3410896617294,337.08458291679284,336.56307482776424,337.5608502104241,-3.2565067449365794
1981-11-01,340.4362440242998,340.4362440242998,340.4362440242998,338.34096583824476,337.8254874218287,338.8861950842874,-2.095278186055047
1981-12-01,340.52832889130343,340.52832889130343,340.52832889130343,339.5597108443528,339.042688025267,340.0808647218563,-0.9686180469505908
1982-01-01,340.6234832538738,340.6234832538738,340.6234832538738,340.5602204719191,340.0815712500234,341.0794796917047,-0.06326278195474867
1982-02-01,340.71863761644425,340.71863761644425,340.71863761644425,341.2953297720364,340.7954963397135,341.8476921952693,0.5766921555921396
1982-03-01,340.8045834923143,340.8045834923143,340.8045834923143,342.0970334871067,341.59901122652775,342.6010798468302,1.2924499947924126
1982-04-01,340.8997378548847,340.8997378548847,340.8997378548847,343.38837384101726,342.8655862182059,343.9202887433253,2.4886359861325675
1982-05-01,340.99182272188835,340.99182272188835,340.99182272188835,343.9507449838306,343.43883021477626,344.42485722856827,2.9589222619422233
1982-06-01,341.08697708445874,341.08697708445874,341.08697708445874,343.3931464934538,342.9133852919708,343.9224866385307,2.3061694089950744
1982-07-01,341.1790619514624,341.1790619514624,341.1790619514624,341.95489019478174,341.42848177236107,342.45239352940746,0.7758282433193091
1982-08-01,341.3218735646198,341.3218735646198,341.3218735646198,340.06214783622625,339.5497701578321,340.53552265272833,-1.2597257283935563
1982-09-01,341.4646851777772,341.4646851777772,341.4646851777772,338.3590073380749,337.866462399835,338.9091946019067,-3.1056778397022993
1982-10-01,341.60288996470376,341.60288996470376,341.60288996470376,338.2869186422387,337.75754643762076,338.82569644702636,-3.3159713224651055
1982-11-01,341.74570157786115,341.74570157786115,341.74570157786115,339.6526013307632,339.14054350021473,340.1564896052299,-2.0931002470979556
1982-12-01,341.8839063647877,341.8839063647877,341.8839063647877,340.9250524760338,340.3552606622645,341.4545066513432,-0.9588538887539255
1983-01-01,342.0267179779451,342.0267179779451,342.0267179779451,341.9871810359282,341.47820051927334,342.5314246152319,-0.03953694201690324
1983-02-01,342.16952959110256,342.16952959110256,342.16952959110256,342.76444600785885,342.25141686027257,343.29281644290904,0.5949164167562885
1983-03-01,342.2985207255673,342.2985207255673,342.2985207255673,343.5075350147683,343.00191734734886,344.0326566996514,1.2090142892009996
1983-04-01,342.4413323387247,342.4413323387247,342.4413323387247,344.9242625397158,344.41517121868316,345.38901501674246,2.4829302009911287
1983-05-01,342.57953712565126,342.57953712565126,342.57953712565126,345.5710181925482,345.04094604714203,346.09466852368865,2.9914810668969536
1983-06-01,342.7223487388087,342.7223487388087,342.7223487388087,345.06200978638896,344.5577392512416,345.5836259734676,2.3396610475802735
1983-07-01,342.8605535257352,342.8605535257352,342.8605535257352,343.6300930409884,343.1456081276861,344.17889601903767,0.7695395152532182
1983-08-01,343.0033651388926,343.0033651388926,343.0033651388926,341.7743907037546,341.27986133521154,342.30287104977396,-1.2289744351380203
1983-09-01,343.14617675205005,343.14617675205005,343.14617675205005,340.0536251267986,339.5553385143097,340.54798928383065,-3.092551625251456
1983-10-01,343.2843815389766,343.2843815389766,343.2843815389766,339.90939222789814,339.406471825656,340.44891168525106,-3.3749893110784774
1983-11-01,343.427193152134,343.427193152134,343.427193152134,341.3374525572993,340.803606817876,341.8667890685757,-2.0897405948347485
1983-12-01,343.5570433502603,343.5570433502603,343.5570433502603,342.60837587264905,342.0866771394314,343.1093166704568,-0.9486674776112375
1984-01-01,343.69122188832415,343.69122188832415,343.69122188832415,343.6750720894158,343.2130231214908,344.1776617261124,-0.016149798908388496
1984-02-01,343.825400426388,343.825400426388,343.825400426388,344.43704843380095,343.87194507222034,344.94851840393767,0.6116480074129451
1984-03-01,343.9509222845768,343.9509222845768,343.9509222845768,345.41029039837537,344.91323624073186,345.90187908918386,1.459368113798569
1984-04-01,344.0851008226406,344.0851008226406,344.0851008226406,346.5896256352361,346.0818337225426,347.1040499442144,2.5045248125954784
1984-05-01,344.21495102076693,344.21495102076693,344.21495102076693,347.11028792621374,346.61823797116256,347.5766100606605,2.8953369054468276
1984-06-01,344.3491295588308,344.3491295588308,344.3491295588308,346.5864528325761,346.04688962435637,347.1120196060171,2.2373232737453104
1984-07-01,344.4789797569571,344.4789797569571,344.4789797569571,345.2661687365849,344.7274970658784,345.76717128888043,0.7871889796278375
1984-08-01,344.6131582950209,344.6131582950209,344.6131582950209,343.2916297107149,342.81794573117344,343.77641261044,-1.3215285843060278
1984-09-01,344.7473368330848,344.7473368330848,344.7473368330848,341.6132874465518,341.159339750441,342.16560856625017,-3.134049386532996
1984-10-01,344.87718703121107,344.87718703121107,344.87718703121107,341.6805308914683,341.18111523440456,342.1429120316029,-3.196656139742732
1984-11-01,345.0113655692749,345.0113655692749,345.0113655692749,342.91509540211047,342.3953387386353,343.44811048298936,-2.0962701671644464
1984-12-01,345.1412157674012,345.1412157674012,345.1412157674012,344.163292091185,343.67054685746336,344.728236974254,-0.9779236762161932
1985-01-01,345.27539430546506,345.27539430546506,345.27539430546506,345.18811502410745,344.655649146246,345.69277128063607,-0.08727928135761978
1985-02-01,345.4095728435289,345.4095728435289,345.4095728435289,345.96656923846496,345.45836931110676,346.490183178524,0.5569963949360762
1985-03-01,345.53076636178014,345.53076636178014,345.53076636178014,346.90669704561145,346.3787445125215,347.446752046231,1.3759306838313037
1985-04-01,345.6350323610957,345.6350323610957,345.6350323610957,348.1308714478381,347.6174677829685,348.6623026218085,2.4958390867424383
1985-05-01,345.7359349410784,345.7359349410784,345.7359349410784,348.6627942853769,348.1556773987032,349.14914608173046,2.9268593442984883
1985-06-01,345.84020094039397,345.84020094039397,345.84020094039397,348.1122458492116,347.6112488574767,348.58837820430614,2.27204490881763
1985-07-01,345.9411035203767,345.9411035203767,345.9411035203767,346.722819051041,346.19122474475074,347.23626791323517,0.7817155306642655
1985-08-01,346.04536951969226,346.04536951969226,346.04536951969226,344.75478899295587,344.228702827854,345.2865504661235,-1.2905805267363895
1985-09-01,346.1496355190078,346.1496355190078,346.1496355190078,343.0301274619192,342.5323543611925,343.5726073314182,-3.119508057088599
1985-10-01,346.2505380989906,346.2505380989906,346.2505380989906,342.9940313540542,342.4577087441836,343.5122198695698,-3.2565067449364338
1985-11-01,346.3548040983061,346.3548040983061,346.3548040983061,344.25952591225104,343.71091392460073,344.75219445477177,-2.0952781860550482
1985-12-01,346.4557066782889,346.4557066782889,346.4557066782889,345.48708863133834,344.9736609203514,346.047201146607,-0.9686180469505774
1986-01-01,346.55997267760443,346.55997267760443,346.55997267760443,346.4967098956496,345.9208417835811,346.9970445045712,-0.0632627819548482
1986-02-01,346.6642386769199,346.6642386769199,346.6642386769199,347.240930832512,346.7420722099312,347.729245295371,0.5766921555920613
1986-03-01,346.7584144182372,346.7584144182372,346.7584144182372,348.05086441302996,347.4955798544071,348.5404040784657,1.292449994792782
1986-04-01,346.8626804175527,346.8626804175527,346.8626804175527,349.35131640368536,348.846383722342,349.8686033726456,2.4886359861326293
1986-05-01,346.96358299753547,346.96358299753547,346.96358299753547,349.9225052594775,349.4026053335686,350.48674514907515,2.9589222619420106
1986-06-01,347.067848996851,347.067848996851,347.067848996851,349.37401840584596,348.82760299347933,349.8832931499451,2.3061694089949363
1986-07-01,347.1687515768338,347.1687515768338,347.1687515768338,347.9445798201531,347.40615459375203,348.4502442898534,0.775828243319249
1986-08-01,347.3449276566437,347.3449276566437,347.3449276566437,346.0852019282499,345.56785123129407,346.59293259857094,-1.2597257283938
1986-09-01,347.52110373645354,347.52110373645354,347.52110373645354,344.4154258967511,343.9201642417622,344.95632080842125,-3.105677839702438
1986-10-01,347.6915967169146,347.6915967169146,347.6915967169146,344.37562539444974,343.8433333918493,344.86129708114163,-3.3159713224648466
1986-11-01,347.8677727967245,347.8677727967245,347.8677727967245,345.7746725496266,345.2672581775523,346.30450166917996,-2.0931002470979494
1986-12-01,348.03826577718564,348.03826577718564,348.03826577718564,347.0794118884317,346.62564437848926,347.61094620215493,-0.9588538887539202
1987-01-01,348.2144418569955,348.2144418569955,348.2144418569955,348.1749049149784,347.67020433780914,348.6739341514605,-0.03953694201711297
1987-02-01,348.39061793680537,348.39061793680537,348.39061793680537,348.9855343535617,348.5030711786335,349.5017876092061,0.5949164167563299
1987-03-01,348.5497447185691,348.5497447185691,348.5497447185691,349.7587590077702,349.2495661473281,350.2973084080362,1.2090142892011175
1987-04-01,348.725920798379,348.725920798379,348.725920798379,351.2088509993701,350.67515731368195,351.744337715551,2.4829302009910954
1987-05-01,348.89641377884016,348.89641377884016,348.89641377884016,351.8878948457371,351.41031422532166,352.3844764957708,2.991481066896913
1987-06-01,349.07258985864996,349.07258985864996,349.07258985864996,351.4122509062303,350.9139192360162,351.9307383208694,2.339661047580347
1987-07-01,349.24308283911114,349.24308283911114,349.24308283911114,350.0126223543643,349.52783117474723,350.5193386131265,0.7695395152531253
1987-08-01,349.419258918921,349.419258918921,349.419258918921,348.19028448378293,347.69094907510123,348.7008746117363,-1.228974435138061
1987-09-01,349.59543499873087,349.59543499873087,349.59543499873087,346.5028833734793,345.96834444404,346.9726988514136,-3.0925516252515712
1987-10-01,349.76592797919204,349.76592797919204,349.76592797919204,346.39093866811356,345.870735863358,346.89144874916104,-3.3749893110785067
1987-11-01,349.94210405900185,349.94210405900185,349.94210405900185,347.8523634641671,347.3848922600724,348.3872596588593,-2.089740594834734
1987-12-01,350.11259390325944,350.11259390325944,350.11259390325944,349.1639264256482,348.67828398962325,349.6763560547396,-0.9486674776112582
1988-01-01,350.28876674232566,350.28876674232566,350.28876674232566,350.27261694341723,349.75518668557896,350.7991625552219,-0.01614979890842348
1988-02-01,350.46493958139183,350.46493958139183,350.46493958139183,351.0765875888048,350.5463365320772,351.58976255001517,0.6116480074129528
1988-03-01,350.62974643084084,350.62974643084084,350.62974643084084,352.0891145446394,351.53332354305724,352.6123446184476,1.4593681137985717
1988-04-01,350.805919269907,350.805919269907,350.805919269907,353.3104440825024,352.8274768174436,353.8800875073971,2.5045248125953785
1988-05-01,350.97640911416465,350.97640911416465,350.97640911416465,353.8717460196116,353.29702094630784,354.3579770354069,2.895336905446903
1988-06-01,351.1525819532308,351.1525819532308,351.1525819532308,353.38990522697605,352.8876415617415,353.9342216328334,2.237323273745219
1988-07-01,351.3230717974884,351.3230717974884,351.3230717974884,352.11026077711625,351.5848190014224,352.61606823285894,0.7871889796278329
1988-08-01,351.49924463655464,351.49924463655464,351.49924463655464,350.1777160522486,349.6246809082208,350.6798673234288,-1.3215285843060314
1988-09-01,351.6754174756208,351.6754174756208,351.6754174756208,348.5413680890878,347.96103513332235,349.0448634703109,-3.13404938653298
1988-10-01,351.8459073198784,351.8459073198784,351.8459073198784,348.64925118013565,348.1117314700527,349.1767200930187,-3.196656139742719
1988-11-01,352.02208015894456,352.02208015894456,352.02208015894456,349.92580999178017,349.4343586512668,350.4331660517731,-2.0962701671644157
1988-12-01,352.1925700032022,352.1925700032022,352.1925700032022,351.21464632698604,350.63734477749944,351.70486709563653,-0.9779236762161542
1989-01-01,352.3687428422684,352.3687428422684,352.3687428422684,352.28146356091065,351.7735276316797,352.79858418909816,-0.08727928135771669
1989-02-01,352.54491568133454,352.54491568133454,352.54491568133454,353.10191207627065,352.6070101434236,353.6318312147147,0.5569963949361311
1989-03-01,352.70403953597497,352.70403953597497,352.70403953597497,354.0799702198063,353.57377425695745,354.5956569199425,1.375930683831302
1989-04-01,352.8187590438833,352.8187590438833,352.8187590438833,355.3145981306257,354.81161066229447,355.87725309698806,2.4958390867424405
1989-05-01,352.92977792250423,352.92977792250423,352.92977792250423,355.85663726680286,355.33002756446194,356.3409979928784,2.9268593442986095
1989-06-01,353.0444974304126,353.0444974304126,353.0444974304126,355.3165423392303,354.76905034777667,355.8420167548433,2.2720449088177137
1989-07-01,353.15551630903354,353.15551630903354,353.15551630903354,353.93723183969786,353.39289747115726,354.4527068772758,0.781715530664299
1989-08-01,353.2702358169418,353.2702358169418,353.2702358169418,351.97965529020564,351.4591070163211,352.4681852930682,-1.2905805267361579
1989-09-01,353.3849553248502,353.3849553248502,353.3849553248502,350.2654472677616,349.75799479611027,350.77973838949936,-3.1195080570886042
1989-10-01,353.4959742034711,353.4959742034711,353.4959742034711,350.2394674585346,349.7260181090021,350.7361490087475,-3.256506744936555
1989-11-01,353.6106937113794,353.6106937113794,353.6106937113794,351.51541552532433,351.0043348465803,352.0149382626365,-2.0952781860550456
1989-12-01,353.7217125900004,353.7217125900004,353.7217125900004,352.75309454304977,352.2088596215763,353.2817511270516,-0.9686180469505822
1990-01-01,353.8364320979087,353.8364320979087,353.8364320979087,353.7731693159539,353.25841913377405,354.28416818300195,-0.06326278195477422
1990-02-01,353.951151605817,353.951151605817,353.951151605817,354.52784376140914,354.05994476649187,355.046718432816,0.576692155592142
1990-03-01,354.05476922586325,354.05476922586325,354.05476922586325,355.3472192206556,354.84130132748123,355.85657892798037,1.292449994792296
1990-04-01,354.1694887337715,354.1694887337715,354.1694887337715,356.6581247199041,356.13098261415803,357.16885186418136,2.488635986132582
1990-05-01,354.28050761239246,354.28050761239246,354.28050761239246,357.2394298743346,356.74865113288655,357.7372635567558,2.958922261942146
1990-06-01,354.39522712030083,354.39522712030083,354.39522712030083,356.70139652929595,356.19862284453063,357.1862288809669,2.306169408995094
1990-07-01,354.5062459989217,354.5062459989217,354.5062459989217,355.282074242241,354.7734385634663,355.76321849888967,0.7758282433192861
1990-08-01,354.53390195441057,354.53390195441057,354.53390195441057,353.274176226017,352.73283254378634,353.76827862724224,-1.2597257283935552
1990-09-01,354.56155790989936,354.56155790989936,354.56155790989936,351.45588007019705,350.9519711383114,351.96280926467995,-3.1056778397022966
1990-10-01,354.5883217377918,354.5883217377918,354.5883217377918,351.2723504153267,350.76952697657237,351.77278370707756,-3.3159713224650815
1990-11-01,354.61597769328057,354.61597769328057,354.61597769328057,352.52287744618275,352.0286184087401,353.0310636977331,-2.0931002470978037
1990-12-01,354.642741521173,354.642741521173,354.642741521173,353.68388763241916,353.1749765429004,354.1633045349418,-0.9588538887538435
1991-01-01,354.6703974766618,354.6703974766618,354.6703974766618,354.6308605346448,354.13008944069816,355.13679994687067,-0.03953694201696777
1991-02-01,354.6980534321506,354.6980534321506,354.6980534321506,355.29296984890686,354.74897290707395,355.8109105034103,0.5949164167562875
1991-03-01,354.7230330048501,354.7230330048501,354.7230330048501,355.932047294051,355.4267181554449,356.4618505785059,1.20901428920093
1991-04-01,354.7506889603389,354.7506889603389,354.7506889603389,357.23361916133,356.70970869650375,357.75527255694806,2.4829302009910994
1991-05-01,354.7774527882313,354.7774527882313,354.7774527882313,357.7689338551282,357.2369741703926,358.26110657754396,2.9914810668968865
1991-06-01,354.8051087437201,354.8051087437201,354.8051087437201,357.14476979130035,356.6669036023746,357.65043273955695,2.339661047580266
1991-07-01,354.8318725716125,354.8318725716125,354.8318725716125,355.60141208686576,355.06098198252505,356.13909832728655,0.7695395152532462
1991-08-01,354.8595285271013,354.8595285271013,354.8595285271013,353.6305540919633,353.11301544999105,354.15668213619466,-1.2289744351380132
1991-09-01,354.88718448259016,354.88718448259016,354.88718448259016,351.7946328573387,351.2993326792136,352.2904885751454,-3.0925516252514913
1991-10-01,354.9139483104825,354.9139483104825,354.9139483104825,351.53895899940386,351.03511326212606,352.0658155143176,-3.37498931107866
1991-11-01,354.94160426597136,354.94160426597136,354.94160426597136,352.8518636711366,352.34503372792807,353.3854129206733,-2.0897405948347556
1991-12-01,355.08070294480297,355.08070294480297,355.08070294480297,354.1320354671917,353.63253335774124,354.614195660242,-0.9486674776112586
1992-01-01,355.2244382462623,355.2244382462623,355.2244382462623,355.208288447354,354.6807922151768,355.73196495867495,-0.016149798908296376
1992-02-01,355.3681735477216,355.3681735477216,355.3681735477216,355.9798215551346,355.47393036685406,356.51627520824366,0.6116480074130187
1992-03-01,355.5026356039255,355.5026356039255,355.5026356039255,356.96200371772386,356.44561520277523,357.4589112235252,1.4593681137983672
1992-04-01,355.64637090538486,355.64637090538486,355.64637090538486,358.15089571798023,357.6537778977811,358.6779263779318,2.504524812595381
1992-05-01,355.78546958421646,355.78546958421646,355.78546958421646,358.68080648966344,358.1745562161323,359.22563327014416,2.8953369054469857
1992-06-01,355.9292048856758,355.9292048856758,355.9292048856758,358.16652815942115,357.6700220144394,358.6850742221353,2.2373232737453295
1992-07-01,356.0683035645074,356.0683035645074,356.0683035645074,356.8554925441353,356.3384125173983,357.37385317695015,0.7871889796279092
1992-08-01,356.21203886596675,356.21203886596675,356.21203886596675,354.89051028166057,354.39971265809896,355.39764725500737,-1.321528584306155
1992-09-01,356.3557741674261,356.3557741674261,356.3557741674261,353.2217247808931,352.7008463087109,353.7037490305166,-3.1340493865329933
1992-10-01,356.4948728462577,356.4948728462577,356.4948728462577,353.29821670651495,352.7372327600587,353.8582014029717,-3.1966561397427165
1992-11-01,356.638608147717,356.638608147717,356.638608147717,354.5423379805526,354.0528200677065,355.0586844909372,-2.0962701671644193
1992-12-01,356.77770682654864,356.77770682654864,356.77770682654864,355.7997831503324,355.29644091649897,356.30858253002435,-0.9779236762162236
1993-01-01,356.9214421280079,356.9214421280079,356.9214421280079,356.83416284665043,356.32265091074913,357.3221148515574,-0.08727928135752336
1993-02-01,357.06517742946727,357.06517742946727,357.06517742946727,357.6221738244034,357.13129457300954,358.1520156243519,0.5569963949361291
1993-03-01,357.19500286304344,357.19500286304344,357.19500286304344,358.5709335468747,358.0835470250189,359.0972007363973,1.3759306838312546
1993-04-01,357.3387381645028,357.3387381645028,357.3387381645028,359.8345772512451,359.3478037332088,360.3447055359182,2.4958390867422993
1993-05-01,357.4778368433344,357.4778368433344,357.4778368433344,360.4046961876329,359.89085709389775,360.91321906465157,2.926859344298527
1993-06-01,357.62157214479373,357.62157214479373,357.62157214479373,359.89361705361154,359.4261048166936,360.40487478537875,2.27204490881782
1993-07-01,357.76067082362533,357.76067082362533,357.76067082362533,358.54238635428953,358.0410916818333,359.05420803588805,0.7817155306641997
1993-08-01,357.9044061250847,357.9044061250847,357.9044061250847,356.6138255983485,356.10940210786174,357.0705219431028,-1.2905805267361914
1993-09-01,358.048141426544,358.048141426544,358.048141426544,354.9286333694555,354.3964857876859,355.45786104049904,-3.119508057088536
1993-10-01,358.1872401053756,358.1872401053756,358.1872401053756,354.93073336043915,354.38170399618645,355.49833693487653,-3.2565067449364893
1993-11-01,358.33097540683497,358.33097540683497,358.33097540683497,356.2356972207799,355.6887071668669,356.7418250461983,-2.095278186055073
1993-12-01,358.47007408566657,358.47007408566657,358.47007408566657,357.50145603871607,356.9851748165831,358.00026010281016,-0.9686180469505223
1994-01-01,358.6138093871259,358.6138093871259,358.6138093871259,358.5505466051712,358.0433142073878,359.0608396704996,-0.06326278195474416
1994-02-01,358.75754468858526,358.75754468858526,358.75754468858526,359.33423684417744,358.82046237996025,359.86012823683245,0.5766921555921746
1994-03-01,358.88737012216137,358.88737012216137,358.88737012216137,360.179820116954,359.6820731101924,360.68954242337236,1.292449994792627
1994-04-01,359.0311054236207,359.0311054236207,359.0311054236207,361.51974140975324,361.0718090833619,362.0190335565704,2.4886359861325476
1994-05-01,359.1702041024523,359.1702041024523,359.1702041024523,362.1291263643945,361.6022781569914,362.6423924257391,2.9589222619421873
1994-06-01,359.31393940391166,359.31393940391166,359.31393940391166,361.6201088129067,361.1311013599453,362.12946592773517,2.3061694089950353
1994-07-01,359.45303808274326,359.45303808274326,359.45303808274326,360.2288663260626,359.712404054415,360.7919374148535,0.7758282433193098
1994-08-01,359.5967733842026,359.5967733842026,359.5967733842026,358.3370476558088,357.821519945249,358.81084622909134,-1.2597257283937981
1994-09-01,359.74050868566195,359.74050868566195,359.74050868566195,356.63483084595975,356.10617241740516,357.13234580535516,-3.105677839702185
1994-10-01,359.87960736449355,359.87960736449355,359.87960736449355,356.56363604202846,356.040320863918,357.02398117895507,-3.315971322465094
1994-11-01,360.0233426659529,360.0233426659529,360.0233426659529,357.93024241885496,357.4002869856875,358.40932820952764,-2.0931002470979396
1994-12-01,360.1624413447845,360.1624413447845,360.1624413447845,359.2035874560306,358.6859568086598,359.71883442446705,-0.958853888753878
1995-01-01,360.30617664624384,360.30617664624384,360.30617664624384,360.2666397042268,359.7816921404089,360.73287865794657,-0.03953694201704311
1995-02-01,360.4499119477032,360.4499119477032,360.4499119477032,361.0448283644595,360.5226459727419,361.5203544074593,0.5949164167563
1995-03-01,360.57973738127936,360.57973738127936,360.57973738127936,361.78875167048017,361.2351397287499,362.288197136769,1.2090142892007878
1995-04-01,360.72347268273865,360.72347268273865,360.72347268273865,363.20640288372977,362.7028523198554,363.7309059739856,2.482930200991121
1995-05-01,360.8625713615703,360.8625713615703,360.8625713615703,363.85405242846724,363.35749985381506,364.3194500678704,2.991481066896949
1995-06-01,361.0063066630296,361.0063066630296,361.0063066630296,363.3459677106099,362.82853198529574,363.8817816304095,2.3396610475802926
1995-07-01,361.14540534186125,361.14540534186125,361.14540534186125,361.9149448571145,361.41003463284613,362.42577777097165,0.7695395152532372
1995-08-01,361.28914064332054,361.28914064332054,361.28914064332054,360.0601662081825,359.54892991211455,360.57299000490326,-1.2289744351380094
1995-09-01,361.4328759447799,361.4328759447799,361.4328759447799,358.3403243195284,357.8075895468583,358.8633140066765,-3.0925516252514917
1995-10-01,361.5719746236115,361.5719746236115,361.5719746236115,358.19698531253283,357.6763261117374,358.7053677189683,-3.3749893110786657
1995-11-01,361.7157099250708,361.7157099250708,361.7157099250708,359.625969330236,359.1081855479307,360.09764909270854,-2.0897405948348196
1995-12-01,361.8548086039024,361.8548086039024,361.8548086039024,360.9061411262913,360.40925621570034,361.4320280634239,-0.9486674776111533
1996-01-01,361.99854390536177,361.99854390536177,361.99854390536177,361.9823941064536,361.50287854531695,362.5117740304302,-0.016149798908173217
1996-02-01,362.1422792068211,362.1422792068211,362.1422792068211,362.7539272142342,362.2451752731307,363.24808809098806,0.6116480074130557
1996-03-01,362.276741263025,362.276741263025,362.276741263025,363.7361093768235,363.1949626320092,364.2679189026521,1.4593681137985417
1996-04-01,362.4204765644844,362.4204765644844,362.4204765644844,364.9250013770798,364.38609009211433,365.46974100968106,2.504524812595434
1996-05-01,362.5595752433159,362.5595752433159,362.5595752433159,365.4549121487629,364.9673392650428,365.97201331443864,2.89533690544701
1996-06-01,362.7033105447753,362.7033105447753,362.7033105447753,364.9406338185207,364.4203621690266,365.46664544150207,2.237323273745414
1996-07-01,362.84240922360686,362.84240922360686,362.84240922360686,363.62959820323465,363.14830890303267,364.1449850502953,0.7871889796278111
1996-08-01,362.98614452506627,362.98614452506627,362.98614452506627,361.66461594076014,361.18317302410736,362.26000154246026,-1.3215285843061253
1996-09-01,363.12987982652555,363.12987982652555,363.12987982652555,359.99583043999246,359.46543979826475,360.49012677186784,-3.134049386533071
1996-10-01,363.26897850535715,363.26897850535715,363.26897850535715,360.0723223656144,359.5982524977769,360.5954416690411,-3.196656139742715
1996-11-01,363.4127138068165,363.4127138068165,363.4127138068165,361.3164436396521,360.77874543458114,361.7852927092414,-2.0962701671643806
1996-12-01,363.5518124856481,363.5518124856481,363.5518124856481,362.5738888094319,362.1058494737755,363.1045532304968,-0.9779236762162281
1997-01-01,363.69554778710744,363.69554778710744,363.69554778710744,363.60826850574983,363.1177535295216,364.17057391800984,-0.08727928135762919
1997-02-01,363.8392830885668,363.8392830885668,363.8392830885668,364.39627948350295,363.878454766037,364.9081531538728,0.5569963949361433
1997-03-01,363.96910852214296,363.96910852214296,363.96910852214296,365.34503920597433,364.84529667681994,365.8357806035039,1.3759306838313519
1997-04-01,364.11284382360225,364.11284382360225,364.11284382360225,366.60868291034456,366.1057765905425,367.0810092877901,2.4958390867422846
1997-05-01,364.2519425024339,364.2519425024339,364.2519425024339,367.17880184673254,366.646041189543,367.68401632495903,2.926859344298661
1997-06-01,364.3956778038932,364.3956778038932,364.3956778038932,366.667722712711,366.14007878930676,367.17612709454545,2.272044908817794
1997-07-01,364.53477648272485,364.53477648272485,364.53477648272485,365.31649201338917,364.8108147535919,365.8234831044074,0.7817155306643122
1997-08-01,364.67851178418414,364.67851178418414,364.67851178418414,363.38793125744803,362.8698470663123,363.88169121869845,-1.2905805267360861
1997-09-01,364.82224708564354,364.82224708564354,364.82224708564354,361.70273902855496,361.1922459651022,362.24473065518026,-3.1195080570885767
1997-10-01,364.9613457644751,364.9613457644751,364.9613457644751,361.7048390195384,361.1775666554959,362.2512164661492,-3.256506744936686
1997-11-01,365.1050810659345,365.1050810659345,365.1050810659345,363.00980287987943,362.4702827543329,363.50830498900103,-2.095278186055061
1997-12-01,365.2441797447661,365.2441797447661,365.2441797447661,364.2755616978155,363.7780504318774,364.7589124570472,-0.9686180469506197
1998-01-01,365.3879150462254,365.3879150462254,365.3879150462254,365.32465226427064,364.82266539159554,365.82844672965643,-0.06326278195473982
1998-02-01,365.5316503476847,365.5316503476847,365.5316503476847,366.10834250327684,365.6311821454538,366.62521226519624,0.576692155592143
1998-03-01,365.6614757812609,365.6614757812609,365.6614757812609,366.9539257760531,366.4213435491408,367.48302568239416,1.2924499947921833
1998-04-01,365.80521108272023,365.80521108272023,365.80521108272023,368.29384706885287,367.780293401511,368.7922045185374,2.4886359861326297
1998-05-01,365.94430976155184,365.94430976155184,365.94430976155184,368.90323202349396,368.40591925257525,369.38315479893,2.9589222619421314
1998-06-01,366.0880450630112,366.0880450630112,366.0880450630112,368.39421447200635,367.8790587567543,368.8895704628628,2.3061694089951645
1998-07-01,366.2271437418428,366.2271437418428,366.2271437418428,367.00297198516193,366.53465582470346,367.51799229388763,0.7758282433191788
1998-08-01,366.3708790433021,366.3708790433021,366.3708790433021,365.11115331490856,364.6057538382325,365.6645944054794,-1.2597257283935681
1998-09-01,366.5146143447614,366.5146143447614,366.5146143447614,363.4089365050591,362.9184154099735,363.9804128151153,-3.1056778397023286
1998-10-01,366.65371302359307,366.65371302359307,366.65371302359307,363.337741701128,362.8078574462408,363.8214644304891,-3.3159713224651073
1998-11-01,366.79744832505236,366.79744832505236,366.79744832505236,364.7043480779544,364.2261350863831,365.20992918710823,-2.0931002470979334
1998-12-01,366.936547003884,366.936547003884,366.936547003884,365.9776931151302,365.4538781335978,366.46690839085744,-0.9588538887538111
1999-01-01,367.0802823053433,367.0802823053433,367.0802823053433,367.04074536332627,366.55592631260924,367.54006251790514,-0.03953694201703201
1999-02-01,367.2240176068027,367.2240176068027,367.2240176068027,367.818934023559,367.3005229874816,368.38381462697174,0.5949164167562703
1999-03-01,367.3538430403788,367.3538430403788,367.3538430403788,368.56285732957974,368.05722236362845,369.0887073453638,1.2090142892009348
1999-04-01,367.49757834183816,367.49757834183816,367.49757834183816,369.9805085428292,369.4695954520014,370.4650502044425,2.4829302009910363
1999-05-01,367.63667702066977,367.63667702066977,367.63667702066977,370.6281580875666,370.14384712007865,371.1290408040099,2.991481066896835
1999-06-01,367.7804123221291,367.7804123221291,367.7804123221291,370.12007336970936,369.5735542255122,370.61243068147746,2.339661047580276
1999-07-01,367.9195110009607,367.9195110009607,367.9195110009607,368.68905051621385,368.1782150877139,369.1529014956125,0.7695395152531372
1999-08-01,368.06324630242005,368.06324630242005,368.06324630242005,366.83427186728204,366.34440832992334,367.3222390524291,-1.228974435138035
1999-09-01,368.2069816038794,368.2069816038794,368.2069816038794,365.1144299786278,364.6257440530533,365.6288055952699,-3.0925516252515672
1999-10-01,368.346080282711,368.346080282711,368.346080282711,364.97109097163235,364.4931492992368,365.4866796785044,-3.37498931107863
1999-11-01,368.48981558417034,368.48981558417034,368.48981558417034,366.4000749893355,365.9352250906338,366.92101013633317,-2.0897405948348116
1999-12-01,368.62891426300195,368.62891426300195,368.62891426300195,367.68024678539064,367.1783003203549,368.17723467355006,-0.9486674776113342
2000-01-01,368.7726495644613,368.7726495644613,368.7726495644613,368.75649976555303,368.23435373591207,369.2995266234484,-0.01614979890825205
2000-02-01,368.9163848659206,368.9163848659206,368.9163848659206,369.52803287333353,369.01901058281953,370.04363751820216,0.6116480074129588
2000-03-01,369.05084692212455,369.05084692212455,369.05084692212455,370.51021503592307,370.00026877239935,371.03085433034073,1.4593681137985062
2000-04-01,369.19458222358384,369.19458222358384,369.19458222358384,371.6991070361792,371.20825288209716,372.19051394754314,2.5045248125953927
2000-05-01,369.3336809024155,369.3336809024155,369.3336809024155,372.2290178078622,371.75336842761544,372.7477485911657,2.895336905446725
2000-06-01,369.4774162038748,369.4774162038748,369.4774162038748,371.7147394776199,371.2074288490261,372.2385022015752,2.2373232737450923
2000-07-01,369.6165148827064,369.6165148827064,369.6165148827064,370.4037038623342,369.8891463894432,370.92559255918337,0.7871889796278186
2000-08-01,369.7602501841657,369.7602501841657,369.7617531043893,368.4387215998594,367.9130758663553,368.97268837286686,-1.3215285843063365
2000-09-01,369.90398548562507,369.8971563360497,369.91380232326884,366.7699360990918,366.227057301701,367.31714118988214,-3.134049386533238
2000-10-01,370.0430841644567,370.02290878917546,370.066812651865,366.8464280247144,366.3235566725528,367.3304946169204,-3.1966561397422817
2000-11-01,370.186819465916,370.14855767812554,370.2334354046797,368.0905492987516,367.57405849233544,368.65739468834846,-2.0962701671643633
2000-12-01,370.3259181447476,370.2654335233406,370.40071775033414,369.3479944685314,368.78653100338704,369.85430885199725,-0.9779236762162214
2001-01-01,370.46965344620696,370.37591883057786,370.5746642945943,370.382374164849,369.8373366906966,370.93345969654735,-0.0872792813579264
2001-02-01,370.6133887476663,370.4932003851987,370.7455689078162,371.17038514260224,370.60865225839615,371.7239857031719,0.5569963949359146
2001-03-01,370.7432141812425,370.59253070775617,370.90630778654173,372.1191448650744,371.574031788638,372.7200321340783,1.375930683831911
2001-04-01,370.8869494827018,370.70481364615415,371.0810575736969,373.38278856944424,372.81533449659514,373.96451350934166,2.4958390867424276
2001-05-01,371.0260481615334,370.800450934943,371.2576984627039,373.952907505832,373.3460750743773,374.5206577349887,2.9268593442985513
2001-06-01,371.16978346299277,370.90360731416536,371.4463306280982,373.44182837181023,372.81293162692884,374.0898233693163,2.2720449088174433
2001-07-01,371.30888214182437,370.98784299271045,371.62292646357184,372.0905976724888,371.4660831291275,372.68416829086846,0.7817155306644035
2001-08-01,371.4526174432837,371.0709635400373,371.81124450043063,370.1620369165474,369.48267480429837,370.8507763151716,-1.2905805267363366
2001-09-01,371.596352744743,371.2029087927187,372.01262956380776,368.4768446876544,367.79562052986836,369.15859370328434,-3.1195080570885967
2001-10-01,371.7354514235746,371.28433538189046,372.2083987334726,368.47894467863847,367.7963844931701,369.1885486666209,-3.256506744936121
2001-11-01,371.87918672503395,371.37048542566,372.3849642716701,369.78390853897884,369.05635820105334,370.5701654340107,-2.0952781860551024
2001-12-01,372.01828540386555,371.4536112915536,372.5981300400053,371.0496673569149,370.2755614838253,371.8530135897455,-0.968618046950662
2002-01-01,372.1620207053249,371.5474601261862,372.7777104270392,372.09875792336993,371.2773564067708,372.93097179219893,-0.06326278195494323
2002-02-01,372.30575600678424,371.6438327278442,372.97958207921926,372.8824481623763,372.05826227104313,373.73435665499125,0.576692155592057
2002-03-01,372.43558144036035,371.7099303515647,373.1667801833477,373.7280314351533,372.8411645402228,374.6314560389828,1.2924499947929529
2002-04-01,372.57931674181975,371.7622260625139,373.3738320249878,375.06795272795216,374.087772356468,376.0064709817761,2.4886359861324343
2002-05-01,372.7184154206514,371.8579885629221,373.57624430410294,375.67733768259325,374.70485618942587,376.71248827066233,2.958922261941808
2002-06-01,372.8621507221107,371.94481303686587,373.77758850183017,375.16832013110565,374.04461779729985,376.2424090187805,2.3061694089949425
2002-07-01,373.00124940094224,372.0449396347165,373.9723355236923,373.77707764426145,372.7025747981856,374.88821655558013,0.7758282433192368
2002-08-01,373.14498470240164,372.14024330816915,374.19523485743537,371.88525897400797,370.75423848699313,372.9616935171997,-1.2597257283936605
2002-09-01,373.288720003861,372.2191252594388,374.3990116004368,370.1830421641586,368.9694454919594,371.36794872993545,-3.105677839702357
2002-10-01,373.4278186826926,372.2939831170557,374.58435648509476,370.11184736022767,368.83269884904325,371.3512847351993,-3.3159713224649114
2002-11-01,373.57155398415193,372.37995295935656,374.8109487082539,371.4784537370539,370.09337324903544,372.86009303260425,-2.093100247098032
2002-12-01,373.71065266298353,372.44130732953005,375.03488930201104,372.7517987742294,371.3336014639267,374.21558858088144,-0.9588538887540811
2003-01-01,373.8543879644428,372.49741928648984,375.2688556732491,373.81485102242567,372.35696788495176,375.2993892877016,-0.039536942017129435
2003-02-01,373.99812326590217,372.557528224733,375.4890528731567,374.5930396826583,373.002561520036,376.12277579655375,0.594916416756135
2003-03-01,374.12794869947834,372.62430602451883,375.69784703812013,375.3369629886797,373.6535736744195,376.8068823557812,1.2090142892013849
2003-04-01,374.2716840009376,372.68349586453036,375.9192970948574,376.7546142019288,375.11621045872914,378.3988950363947,2.482930200991181
2003-05-01,374.4107826797693,372.7182563841587,376.1219790445875,377.4022637466661,375.80440837445684,379.2050344876449,2.9914810668968004
2003-06-01,374.5545179812287,372.7743663404272,376.35701556525333,376.89417902880865,374.9750183672343,378.71690450946176,2.3396610475799737
2003-07-01,374.69361666006023,372.8316427826087,376.57650927645017,375.4631561753135,373.5484707678007,377.40018890842583,0.769539515253234
2003-08-01,374.8373519615195,372.86810235460143,376.7911362568909,373.60837752638105,371.56076712253525,375.65405476352106,-1.2289744351384935
2003-09-01,374.9810872629789,372.93728695135246,377.0404576666843,371.88853563772733,369.8378862731791,373.864549016456,-3.0925516252515655
2003-10-01,375.1201859418106,373.0048609792259,377.2683537266099,371.7451966307326,369.6154549984898,373.83571429292346,-3.3749893110779463
2003-11-01,375.26392124326986,373.07688365800107,377.5553886146691,373.17418064843525,370.92272884404343,375.4737101084501,-2.0897405948346206
2003-12-01,375.4030199221014,373.13664245416084,377.7858059988981,374.4543524444901,372.19512008872147,376.71214377581555,-0.9486674776113085
2004-01-01,375.5467552235608,373.1972969119218,377.9731974357047,375.5306054246522,373.17147269372583,377.9051414410904,-0.016149798908585516
2004-02-01,375.69049052502015,373.22240390329563,378.1822382901269,376.30213853243316,373.906963599933,378.8366558910304,0.6116480074130366
2004-03-01,375.82495258122407,373.2546175629926,378.39091813046946,377.28432069502253,374.6851679220583,379.81062484928015,1.4593681137984347
2004-04-01,375.96868788268335,373.3693617259693,378.6278324316597,378.47321269527885,375.83962658188625,381.1619828174288,2.504524812595494
2004-05-01,376.1077865615149,373.4342089289012,378.8975724038295,379.0031234669617,376.18355585574284,381.7455378391634,2.8953369054467997
2004-06-01,376.2515218629743,373.45273068797883,379.16201756121853,378.4888451367195,375.734355051815,381.3980519556977,2.237323273745196
2004-07-01,376.39062054180596,373.5137495802576,379.3740453816771,377.1778095214339,374.2792081278988,380.28929808592454,0.7871889796279363
2004-08-01,376.53435584326525,373.5446505175347,379.59185321920717,375.21282725895907,372.2290946106749,378.1218227658785,-1.321528584306194
2004-09-01,376.6780911447246,373.5714546827574,379.84189769625857,373.5440417581916,370.56053031751713,376.7634945065809,-3.1340493865330004
2004-10-01,376.8171898235562,373.7133654518569,380.0662209966542,373.62053368381333,370.4788363603494,376.8519052297542,-3.1966561397428794
2004-11-01,376.96092512501554,373.690602185326,380.28398036567256,374.86465495785114,371.63479652565076,378.1950716937306,-2.0962701671643926
2004-12-01,377.10002380384714,373.7438222158352,380.5121071731935,376.1221001276311,372.63775926621133,379.6435465313788,-0.9779236762160748
2005-01-01,377.2437591053065,373.8355175574408,380.78190081056715,377.156479823949,373.84916086610014,380.63140934031827,-0.08727928135748196
2005-02-01,377.38749440676577,373.88025970257985,381.0071755886123,377.9444908017019,374.4682009108962,381.71287792945355,0.5569963949361044
2005-03-01,377.51731984034194,373.9545072534088,381.2156493973306,378.89325052417297,375.3307497874352,382.52188664298416,1.3759306838310505
2005-04-01,377.66105514180134,374.04492776634356,381.42421055630945,380.15689422854376,376.2527163200273,383.92291704871934,2.495839086742406
2005-05-01,377.8001538206329,374.08560853504184,381.6950330813971,380.72701316493146,377.02246733831976,384.6199755757251,2.926859344298591
2005-06-01,377.9438891220922,374.1446452422693,381.9343310761079,380.21593403090986,376.36677927161463,384.18384119557214,2.272044908817685
2005-07-01,378.08298780092383,374.1759105939041,382.21125712210045,378.8647033315882,374.84342514106265,382.8749135959694,0.7817155306643614
2005-08-01,378.22672310238323,374.2343530190704,382.4678192967322,376.9361425756469,372.88093669705836,381.1090763387923,-1.2905805267363366
2005-09-01,378.3704584038425,374.2546508225097,382.69035978194773,375.25095034675405,371.07049022094424,379.5684187832953,-3.11950805708846
2005-10-01,378.5095570826742,374.3041004124019,382.93845839269073,375.25305033773765,370.84590187653197,379.74756738041856,-3.2565067449365293
2005-11-01,378.65329238413347,374.37126038411844,383.18877193739166,376.5580141980784,372.1573560441374,381.09891243690845,-2.0952781860550638
2005-12-01,378.7923910629651,374.4023838996459,383.41527622453003,377.8237730160145,373.4084624360095,382.47475969441126,-0.9686180469506028
2006-01-01,378.9361263644244,374.3924052477759,383.6727036633549,378.8728635824696,374.33009603930105,383.73720119843574,-0.06326278195478502
2006-02-01,379.07986166588375,374.41985536607217,383.93427581258413,379.65655382147594,374.97141968380697,384.5038057346199,0.5766921555921981
2006-03-01,379.20968709945987,374.44065255263314,384.16812982040324,380.5021370942523,375.6376888253891,385.3909341612696,1.2924499947924435
2006-04-01,379.3534224009192,374.43769829796474,384.4269725324981,381.8420583870517,376.8301390960012,387.1605862095583,2.4886359861324827
2006-05-01,379.4925210797508,374.4489880310638,384.6898389173513,382.451443341693,377.43473758032576,387.5667892885603,2.9589222619422
2006-06-01,379.63625638121016,374.4347260652554,384.96585691454686,381.9424257902052,376.76097884241494,387.2230300324083,2.3061694089950495
2006-07-01,379.77535506004176,374.4999967903454,385.25339963972306,380.5511833033611,375.2628559213629,385.89803949491426,0.7758282433193114
2006-08-01,379.9190903615011,374.4667182079539,385.54519617113715,378.6593646331076,373.21361931093435,384.1712901689367,-1.2597257283934964
2006-09-01,380.0628256629605,374.4378908155829,385.71636561981455,376.9571478232583,371.3576293732889,382.7812360586062,-3.1056778397021714
2006-10-01,380.20192434179205,374.46921077870905,385.96380800723205,376.8859530193271,371.17041094527923,382.73886211036944,-3.3159713224649843
2006-11-01,380.34565964325145,374.51516267925564,386.22299521669265,378.2525593961536,372.35805989142636,384.24718578279175,-2.093100247097875
2006-12-01,380.484758322083,374.52959480528534,386.47722397704837,379.5259044333292,373.63663106285054,385.6029586941704,-0.9588538887538453
2007-01-01,380.6284936235424,374.5763111540581,386.7423941342676,380.5889566815255,374.57536069722283,386.9456192216586,-0.039536942016911755
2007-02-01,380.7722289250017,374.6221354705535,386.9949317052329,381.367145341758,375.06579488541206,387.8156547847902,0.5949164167563084
2007-03-01,380.90205435857786,374.63573933222403,387.22971642888956,382.11106864777884,375.8578322999261,388.4255421387198,1.2090142892009634
2007-04-01,381.04578966003714,374.6498749936978,387.4878940897954,383.5287198610282,377.06969942984415,390.0600053314872,2.482930200991082
2007-05-01,381.1848883388688,374.673298723435,387.743582985549,384.176369405766,377.57101089066026,390.8207064262029,2.9914810668972045
2007-06-01,381.3286236403281,374.6413207473694,388.01173280235497,383.6682846879084,376.94948553651403,390.6234010114705,2.339661047580292
2007-07-01,381.46772231915975,374.599637783087,388.2686172117306,382.237261834413,375.32149870167603,389.2280926591729,0.7695395152532547
2007-08-01,381.61145762061903,374.63481042112943,388.53338069519396,380.38248318548096,373.44468026009025,387.5424934128014,-1.228974435138057
2007-09-01,381.7551929220784,374.63211967936564,388.7952666115976,378.6626412968268,371.50396623464286,385.933289918564,-3.092551625251563
2007-10-01,381.89429160091,374.6943626736684,389.0864398566834,378.5193022898314,371.39216773723933,385.9089165287226,-3.374989311078606
2007-11-01,382.0380269023693,374.7092291700084,389.4622591607147,379.94828630753443,372.5235693483187,387.3301019608138,-2.089740594834882
2007-12-01,382.1771255812009,374.74299004948733,389.7522412384091,381.22845810358973,373.8516475592566,388.7835017198412,-0.9486674776112
2008-01-01,382.32086088266027,374.71357026736746,390.0043457821274,382.30471108375207,374.6913307825535,389.9707960779436,-0.016149798908223982
2008-02-01,382.46459618411967,374.73180979805085,390.252779985167,383.0762441915326,375.2133415324789,390.9737909882992,0.6116480074129277
2008-03-01,382.59905824032353,374.77080777003016,390.52084689689025,384.05842635412216,376.2706074242487,391.8506406288339,1.45936811379863
2008-04-01,382.7427935417828,374.84121078337546,390.80470252052964,385.2473183543781,377.11251054966533,393.39461263363677,2.5045248125952906
2008-05-01,382.8818922206145,374.92048398954086,391.07063444018286,385.77722912606146,377.80900798018206,394.12982811911496,2.89533690544701
2008-06-01,383.02562752207376,374.929648197594,391.31034327910584,385.262950795819,377.11379970826675,393.5748526245783,2.2373232737452105
2008-07-01,383.16472620090536,374.93851678603255,391.53923839128964,383.95191518053326,375.4503215840192,392.40512738038245,0.7871889796279099
2008-08-01,383.3084615023647,374.9705939489159,391.85859257927444,381.9869329180586,373.6262290015312,390.400934366341,-1.3215285843061397
2008-09-01,383.45219680382405,375.00701592623057,392.1493074354296,380.3181474172912,371.84262684270686,389.09500798437176,-3.1340493865328503
2008-10-01,383.59129548265565,375.0642150008209,392.43933127060274,380.39463934291285,371.68604877510506,389.05367400268415,-3.1966561397428155
2008-11-01,383.73503078411505,375.14139938227584,392.71311833497623,381.6387606169506,372.82026905562293,390.5566705760623,-2.0962701671644535
2008-12-01,383.8741294629466,375.1702242726855,392.9758741333568,382.8962057867304,374.27390562487034,392.1091821161402,-0.9779236762162057
2009-01-01,384.0178647644059,375.1484219479089,393.3307981151275,383.93058548304805,374.90133711931117,393.2290762862676,-0.08727928135781762
2009-02-01,384.1616000658653,375.13940579959365,393.6383860603469,384.7185964608014,375.6978733577853,394.1671636582035,0.5569963949360947
2009-03-01,384.29142549944146,375.12065605237206,393.9589824513052,385.6673561832724,376.31248947339634,395.20141371088016,1.375930683830912
2009-04-01,384.4351608009008,375.0462639893877,394.1795136685024,386.9309998876431,377.65845719546115,396.60911887842,2.4958390867423015
2009-05-01,384.5742594797324,375.0417333540307,394.3976934443434,387.5011188240311,377.9317407348256,397.2419548547724,2.9268593442986983
2009-06-01,384.71799478119175,375.07631839927785,394.70195116821264,386.9900396900095,377.190152493832,396.79061265994835,2.27204490881772
2009-07-01,384.85709346002335,375.0142220360057,394.97455434143086,385.63880899068744,375.7662519022978,395.8280929348392,0.7817155306640944
2009-08-01,385.0008287614827,375.0353001695547,395.22105325790966,383.7102482347466,373.69669017638716,393.96546245009546,-1.2905805267361314
2009-09-01,385.144564062942,374.9744031133185,395.46901714002956,382.02505600585357,371.92191191084714,392.46337701903076,-3.119508057088436
2009-10-01,385.28366274177364,374.95111880697397,395.8035981772915,382.027155996837,371.5584367694882,392.5143595895396,-3.2565067449366207
2009-11-01,385.4273980432329,374.9321526535292,396.1640094698368,383.33211985717776,372.9292312529411,393.86231294080005,-2.095278186055147
2009-12-01,385.5664967220645,374.91536262630245,396.5106828027956,384.5978786751139,373.90243121266525,395.4996036964779,-0.9686180469506094
2010-01-01,385.7102320235239,374.89888994309615,396.8502071629313,385.6469692415691,374.87033979688516,396.7588363773481,-0.06326278195479558
2010-02-01,385.8539673249832,374.88241725989,397.1203826445562,386.4306594805754,375.43590751728914,397.450295422717,0.5766921555922012
2010-03-01,385.98379275855945,374.8675387073166,397.35108018713976,387.27624275335205,376.0566569138194,398.5872359698478,1.292449994792615
2010-04-01,386.12752806001873,374.8039020781828,397.60933798948946,388.6161640461511,377.4515746092543,400.03887148554554,2.488635986132374
2010-05-01,386.2666267388504,374.7725261354849,397.8630971337569,389.2255490007925,377.6820413238335,400.708070204787,2.9589222619421016
2010-06-01,386.4103620403097,374.76640102256937,398.09993339491336,388.71653144930485,376.9754839159097,400.2545566465772,2.3061694089951876
2010-07-01,386.54946071914134,374.78652817647793,398.3733545622413,387.3252889624606,375.7992855277704,399.29342075065887,0.7758282433192791
2010-08-01,386.6931960206006,374.78071904544606,398.64434711302846,385.43347029220706,373.4685545579731,397.3700379630495,-1.259725728393567
2010-09-01,386.83693132205997,374.7697653618344,398.99716530972495,383.7312534823577,371.72654540218673,395.73039112482314,-3.105677839702267
2010-10-01,386.97603000089157,374.7538240555058,399.35836678928695,383.66005867842654,371.3983228508569,395.908351740701,-3.3159713224650447
2010-11-01,387.1197653023509,374.7389253105123,399.7335448510445,385.026665055253,372.6919869676485,397.4076618482454,-2.0931002470979605
2010-12-01,387.2588639811825,374.73122061292537,400.0583137828127,386.3000100924285,373.9458905706486,398.814653935966,-0.958853888753984
2011-01-01,387.40259928264186,374.71774002344563,400.30292756404845,387.36306234062494,374.7429376347325,400.20476051157607,-0.03953694201695099
2011-02-01,387.5463345841012,374.68482090507734,400.5475413452841,388.1412510008576,375.5984711945338,400.8664332855919,0.5949164167564012
2011-03-01,387.6761600176774,374.67983583273036,400.7684828251099,388.8851743068785,376.04176557296756,402.0093495183724,1.209014289201134
2011-04-01,387.8198953191367,374.70516966539515,401.0111771003683,390.30282552012795,377.4310284633125,403.42280747406096,2.482930200991209
2011-05-01,387.9589939979683,374.7337726020453,401.2477160271068,390.9504750648652,377.82940572236555,404.34444311183154,2.9914810668968563
2011-06-01,388.10272929942766,374.7585400582156,401.5611574229767,390.44239034700803,377.0607667223766,403.89457222619865,2.339661047580366
2011-07-01,388.24182797825927,374.71666338461216,401.89343716752325,389.0113674935124,375.48004467698917,402.7216605928546,0.7695395152531694
2011-08-01,388.3855632797186,374.67184887184953,402.2380307797706,387.15658884458077,373.6449849713559,401.0453873742085,-1.228974435137862
2011-09-01,388.5292985811779,374.68784049440836,402.58266868742294,385.43674695592625,371.7314594847125,399.24274946964897,-3.092551625251642
2011-10-01,388.66839726000956,374.64267692759483,402.9059991508446,385.2934079489308,371.17537820518413,399.4462071907768,-3.3749893110787865
2011-11-01,388.81213256146884,374.55138823508133,403.1923469877897,386.722391966634,372.5116570728223,401.1993873427413,-2.0897405948348147
2011-12-01,388.95123124030044,374.5144884959166,403.4648648715246,388.0025637626893,373.6624035186342,402.4800133994199,-0.9486674776111401
2012-01-01,389.0949665417598,374.49533266896697,403.7756837574829,389.0788167428515,374.6789787988254,403.77997058124873,-0.01614979890829685
2012-02-01,389.23870184321913,374.51020048773955,404.13943531816886,389.8503498506322,375.13815474377475,404.7754774213441,0.6116480074130863
2012-03-01,389.37316389942305,374.5303613477574,404.43022077325793,390.8325320132214,375.9797115314626,405.7484689404426,1.4593681137983383
2012-04-01,389.51689920088234,374.5006573626504,404.72009656839276,392.0214240134779,376.7945331593996,407.253092736176,2.504524812595572
2012-05-01,389.655997879714,374.4267050744731,404.97572191835576,392.551334785161,377.32200126972316,408.101986596404,2.8953369054469897
2012-06-01,389.7997331811733,374.4097515430169,405.3066049868971,392.0370564549187,376.8276821644006,407.61898189636065,2.2373232737454103
2012-07-01,389.93883186000494,374.38824387860666,405.6224640283503,390.7260208396328,375.30259365467737,406.43946333139934,0.7871889796278277
2012-08-01,390.0825671614642,374.36937486259586,405.93016548912345,388.7610385771581,372.94987511214697,404.73195403005786,-1.3215285843061104
2012-09-01,390.22630246292357,374.3439884179923,406.23909947997777,387.0922530763905,371.2423134331465,403.1825993134532,-3.134049386533114
2012-10-01,390.36540114175517,374.33011248687836,406.5444945742103,387.16874500201226,371.2161280237089,403.28178435807325,-3.1966561397429105
2012-11-01,390.5091364432145,374.25463955847545,406.86006950491725,388.4128662760502,372.4775368806119,404.8002188003298,-2.096270167164316
2012-12-01,390.6482351220461,374.2594310103603,407.16065185623603,389.67031144582995,373.31193905958395,406.11307439222884,-0.9779236762161704
2013-01-01,390.79197042350546,374.2720150919698,407.37478557903603,390.70469114214745,374.3022720977073,407.15092586955694,-0.08727928135800798
2013-02-01,390.93570572496475,374.25752205300313,407.61250438253603,391.4927021199009,374.81626172523937,408.25149137650686,0.556996394936151
2013-03-01,391.065531158541,374.2444315661945,407.88020173226477,392.44146184237206,375.5864524156236,409.3232789471785,1.375930683831083
2013-04-01,391.2092664600003,374.22993852722794,408.1821593473151,393.70510554674286,376.6228071901109,410.9970326122515,2.4958390867425604
2013-05-01,391.3483651388319,374.2159130056473,408.53968970423824,394.2752244831306,377.0851190912135,411.52242934762467,2.9268593442986797
2013-06-01,391.49210044029127,374.1623215158143,408.9382227274814,393.7641453491089,376.61380618382316,411.01486032904694,2.272044908817646
2013-07-01,391.63119911912287,374.0551658202352,409.30941245076195,392.4129146497871,374.85623982509384,410.1545732003251,0.7817155306642721
2013-08-01,391.7749344205822,374.13102786896445,409.5588006412432,390.4843538938459,372.8621100774224,408.06504801493116,-1.290580526736331
2013-09-01,391.9186697220415,374.1442545825729,409.7116079553141,388.79916166495303,370.8132878076155,406.440719890768,-3.1195080570884572
2013-10-01,392.05776840087316,374.1341012370446,409.9836470528539,388.8012616559364,370.58796304845265,407.0031876454883,-3.2565067449367673
2013-11-01,392.20150370233245,374.1752712154812,410.3646173172759,390.1062255162776,371.9656957344558,408.4008248878708,-2.095278186054852
2013-12-01,392.3406023811641,374.2196581650975,410.66659802104465,391.37198433421355,373.1561653773966,409.7280214561932,-0.968618046950569
2014-01-01,392.4843376826234,374.265524679701,410.9817266894964,392.4210749006686,373.80630276965474,410.69705910148826,-0.06326278195478051
2014-02-01,392.62807298408273,374.3113911943045,411.40134251654865,393.2047651396749,374.71942075866275,411.7411487243681,0.5766921555921752
2014-03-01,392.75789841765885,374.3528190139464,411.6965213810225,394.050348412451,375.54693560790054,412.88942628484006,1.2924499947921253
2014-04-01,392.90163371911825,374.33283250323365,411.9626117290993,395.39026970525066,376.7835451662451,414.56333646996563,2.4886359861324125
2014-05-01,393.0407323979499,374.22184558718106,412.3090666805943,395.9996546598921,377.07938913044165,415.257536263569,2.958922261942172
2014-06-01,393.18446769940914,374.10715910726014,412.61402425799594,395.4906371084044,376.52221108398686,414.9770975020498,2.306169408995285
2014-07-01,393.32356637824074,373.99617219120745,412.8114099374094,394.0993946215599,374.6717684526399,413.6793881929379,0.775828243319162
2014-08-01,393.46730167970014,374.0482727883265,413.1835583618759,392.20757595130635,373.18756540745034,412.0489014785738,-1.2597257283937693
2014-09-01,393.6110369811595,374.2684516997147,413.6138271611653,390.5053591414572,371.0587243151959,410.4652078814959,-3.105677839702328
2014-10-01,393.7501356599911,374.2766303392259,414.0300761151269,390.434164337526,370.59366574578854,410.2565690843062,-3.3159713224650673
2014-11-01,393.89387096145043,374.21124164046506,414.3811296216628,391.8007707143525,372.205731225192,412.0332913515244,-2.0931002470979543
2014-12-01,394.03296964028203,374.1591430201565,414.671786617986,393.0741157515281,372.9285360843016,413.58616614216254,-0.9588538887539138
2015-01-01,394.1767049417414,374.0814500994748,414.93962360824685,394.1371679997247,374.1233168128734,414.78757696290455,-0.039536942016704324
2015-02-01,394.32044024320066,374.04214625487026,415.2359160173875,394.91535665995696,374.4855648869962,415.66354524741814,0.5949164167563177
2015-03-01,394.45026567677684,373.95470376492915,415.5718426500935,395.6592799659779,375.2711328547985,416.7307009602861,1.2090142892010312
2015-04-01,394.5940009782362,373.9520523196569,415.92745955746153,397.07693117922713,376.7535162746745,418.4160880106023,2.4829302009909484
2015-05-01,394.7330996570678,374.0462960985911,416.2667271067387,397.7245807239647,376.8137783997316,418.9642732852029,2.991481066896965
2015-06-01,394.8768349585272,374.082079773387,416.6722368238673,397.2164960061075,376.2996313284517,418.949351501329,2.3396610475803126
2015-07-01,395.0159336373587,373.975105798011,416.99547890707316,395.785473152612,374.8153340568938,417.65203070437104,0.7695395152532515
2015-08-01,395.159668938818,373.8861373813082,417.27385180224786,393.93069450367983,372.6933885221315,415.8105981936636,-1.2289744351381657
2015-09-01,395.3034042402774,373.8763596384007,417.54661070295714,392.21085261502594,371.0805250163988,414.4474864097803,-3.0925516252514713
2015-10-01,395.4425029191091,373.9001185560523,417.8837049791977,392.0675136080304,370.7441036945241,414.36483731134535,-3.3749893110786697
2015-11-01,395.5862382205683,373.9476748617033,418.2215845679381,393.49649762573364,371.89431748277286,415.884692764195,-2.0897405948346504
2015-12-01,395.7253368993999,373.98362084225954,418.4125691273499,394.7766694217887,373.05046119949446,417.27045776055127,-0.9486674776111693
2016-01-01,395.8690722008593,374.0093450152855,418.56572242555376,395.8529224019508,373.9258901815956,418.5509167988412,-0.016149798908481335
2016-02-01,396.01280750231865,374.0350691883115,418.7389597912045,396.62445550973166,375.01176496498624,419.40411141696865,0.6116480074130128
2016-03-01,396.14726955852257,374.05913373727117,419.13379327278335,397.6066376723211,375.42212379529343,420.93742985967344,1.4593681137985433
2016-04-01,396.2910048599818,373.91492823036543,419.43950991896565,398.79552967257723,376.28334276738417,421.77078694897074,2.504524812595452
2016-05-01,396.43010353881346,373.7633737192284,419.8090569680368,399.32544044426044,376.8220503897559,422.62829632933443,2.8953369054470075
2016-06-01,396.57383884027286,373.6656647313045,420.2146557923696,398.81116211401803,376.22016651937577,422.32845072234073,2.2373232737451576
2016-07-01,396.71293751910446,373.6017127757191,420.5868578400835,397.50012649873224,374.55071657567095,421.31415638111076,0.7871889796277742
2016-08-01,396.8566728205637,373.57395357798623,420.9381331672578,395.53514423625774,372.2197888297905,419.75528897268765,-1.3215285843059303
2016-09-01,397.0004081220231,373.61732319891905,421.24315290398175,393.86635873549,370.78534322226506,418.3106548507016,-3.1340493865330883
2016-10-01,397.1395068008547,373.58071959142995,421.53833329435986,393.942850661112,370.5756766354826,418.1361081208286,-3.196656139742679
2016-11-01,397.28324210231403,373.5346312982482,421.83301498663184,395.1869719351497,371.4258209775326,419.6508869207567,-2.096270167164345
2016-12-01,397.4223407811456,373.542037387835,422.1094811256776,396.4444171049296,372.3819901154413,421.0210394871578,-0.9779236762159663
2017-01-01,397.566076082605,373.54969034707466,422.39516280269174,397.4787968012472,373.52609089221886,422.3440735129564,-0.08727928135775707
2017-02-01,397.70981138406427,373.4411371332218,422.68600072145796,398.2668077790003,373.938624468029,423.2993789669949,0.5569963949360597
2017-03-01,397.83963681764044,373.4313396249238,423.00070091283055,399.21556750147147,374.6936996315168,424.3335473958083,1.3759306838310434
2017-04-01,397.9833721190998,373.40378627680195,423.38561188398864,400.47921120584203,375.9130082676358,426.0557738940941,2.4958390867422575
2017-05-01,398.1224707979314,373.28367839720676,423.76863539166993,401.0493301422302,376.36876702318216,426.56239352910444,2.9268593442987885
2017-06-01,398.26620609939073,373.1954360245883,424.15070412521027,400.53825100820865,375.60123992479146,426.1584391878032,2.272044908817903
2017-07-01,398.40530477822233,373.21844133899845,424.4568465796921,399.1870203088863,373.89029201436335,425.1565173180513,0.7817155306639665
2017-08-01,398.54904007968173,373.2320212972076,424.7526385239976,397.25845955294557,372.0654700884639,423.4696607841994,-1.2905805267361612
2017-09-01,398.69277538114096,373.17985723195295,425.0643754373449,395.57326732405244,369.79349368235575,421.953636141825,-3.1195080570885345
2017-10-01,398.8318740599726,373.1348285953164,425.35544123394305,395.57536731503563,369.7256951294712,421.9903946498801,-3.2565067449369636
2017-11-01,398.97560936143196,373.0882990041253,425.6562092237611,396.88033117537697,370.9817359885068,423.457237105186,-2.0952781860550242
2017-12-01,399.1147080402636,373.06453264141857,426.05721966307715,398.14608999331296,371.8483628334686,425.2872121744639,-0.968618046950652
2018-01-01,399.25844334172285,373.0620993649957,426.51009691737613,399.1951805597681,373.0213095021444,426.5651211513811,-0.0632627819547353
2018-02-01,399.40217864318225,372.99701441673693,426.8864988699518,399.9788707987743,373.4056444538766,427.49257601032036,0.5766921555920763
2018-03-01,399.5320040767584,372.9285422921035,427.21316421287565,400.8244540715508,374.3068677291847,428.60198368944066,1.2924499947923986
2018-04-01,399.6757393782177,372.8527338684022,427.6215505390577,402.16437536435024,375.11628724213284,430.1089936281482,2.488635986132536
2018-05-01,399.81483805704937,372.83224886826196,428.1422205714176,402.7737603189917,375.90164717990075,430.9804731147733,2.9589222619423756
2018-06-01,399.95857335850866,372.8223591903565,428.4500339413415,402.264742767504,375.1752783237862,430.69457992485445,2.3061694089953537
2018-07-01,400.0976720373403,372.76385674328145,428.64970895375046,400.8735002806595,374.0160965076187,429.44146648237245,0.7758282433192294
2018-08-01,400.2414073387996,372.70340421463715,429.02517921734955,398.98168161040604,371.4783075735577,428.0681744828024,-1.2597257283935828
2018-09-01,400.38514264025895,372.6241735832675,429.39687072236194,397.2794648005566,369.66287457649435,426.1294022620094,-3.1056778397023663
2018-10-01,400.52424131909055,372.5740406763928,429.7565721788255,397.2082699966254,369.2195583302687,426.576264680516,-3.31597132246513
2018-11-01,400.6679766205499,372.5074615970035,430.1282636838377,398.574876373452,370.42460241363733,428.05952564478963,-2.093100247097886
2018-12-01,400.8070752993815,372.44640358077095,430.4844405590473,399.84822141062756,371.6145752495465,429.4490420006202,-0.9588538887539458
2019-01-01,400.9508106008409,372.38658958104264,430.8618419121763,400.91127365882414,372.3790356180931,430.9703610938008,-0.039536942016769556
2019-02-01,401.09454590230024,372.2718529117693,431.2163633647867,401.68946231905664,372.97352008474047,432.21039020976673,0.5949164167564297
2019-03-01,401.22437133587636,372.2601577259352,431.5421531222574,402.43338562507734,373.5447411564488,432.90390211142113,1.2090142892009783
2019-04-01,401.3681066373357,372.2881170544035,431.8349654690428,403.85103683832693,374.7732376898287,434.48041122514826,2.4829302009912477
2019-05-01,401.5072053161673,372.32186898031915,432.10038192234816,404.49868638306424,375.12959646534296,434.8634890819279,2.9914810668969367
2019-06-01,401.65094061762665,372.3539474916025,432.40604802463304,403.9906016652069,374.9125234416974,434.9228448420768,2.339661047580248
2019-07-01,401.79003929645825,372.39199590553363,432.8016563693656,402.5595788117115,373.12293256062003,433.61554712428057,0.769539515253279
2019-08-01,401.9337745979176,372.3842645675696,433.0592951774779,400.7048001627797,370.82565052078013,432.01466882788753,-1.2289744351379044
2019-09-01,402.0775098993769,372.29041811493136,433.3947675962552,398.9849582741253,369.23234009473606,430.13103289513043,-3.0925516252516156
2019-10-01,402.21660857820854,372.21030506946573,433.7149425866367,398.84161926712983,368.4752843478852,430.06273782286513,-3.374989311078728
2019-11-01,402.3603438796678,372.01681662499794,434.0625842218055,400.270603284833,370.01580550806244,431.9146777291926,-2.0897405948348644
2019-12-01,402.4994425584995,371.8431016054531,434.3668958121744,401.55077508088846,370.7812560312661,433.5428689205097,-0.9486674776110299
2020-01-01,402.64317785995877,371.77574126850345,434.6813511222222,402.62702806105034,371.92484053738326,434.9295418241822,-0.01614979890844396
2020-02-01,402.78691316141817,371.75138117431237,434.99580643227006,403.39856116883124,372.3092657844039,435.73780432116,0.6116480074130466
2020-03-01,402.921375217622,371.7373388639763,435.3666430579922,404.38074333142004,373.3124497869955,436.77445035078875,1.4593681137979946
2020-04-01,403.0651105190813,371.7394507895051,435.7762623947861,405.5696353316764,374.12377395395856,438.17896281513595,2.5045248125950974
2020-05-01,403.204209197913,371.74149458840395,436.1096425437635,406.09954610335984,374.8182175269414,439.06029093390015,2.8953369054468423
2020-06-01,403.34794449937226,371.7436065139329,436.325281676841,405.5852677731177,374.12648897739757,438.69591732493956,2.237323273745449
2020-07-01,403.4870431782039,371.749974440088,436.70815807365614,404.27423215783205,372.42063042562967,437.2759958014856,0.7871889796281067
2020-08-01,403.6307784796632,371.8499894770513,436.97934224321324,402.30924989535714,370.6130663541453,435.5116877973622,-1.3215285843060776
2020-09-01,403.77451378112255,371.8416067955903,437.4873558308535,400.6404643945897,368.4837761934776,434.4254852875328,-3.1340493865328845
2020-10-01,403.91361245995415,371.77376771332564,437.82990926482313,400.71695632021135,368.49201608879184,434.3543053624085,-3.196656139742828
2020-11-01,404.05734776141355,371.77608586069255,438.1838811465918,401.9610775942495,369.6293242885984,436.3402609588794,-2.0962701671640263
2020-12-01,404.1964464402451,371.7674401707863,438.74200270563676,403.2185227640288,370.56353320208063,437.4208649770834,-0.9779236762162571
2021-01-01,404.34018174170444,371.7585062912165,439.2063089087856,404.25290246034695,371.4289602541512,439.15808485733766,-0.08727928135751252
2021-02-01,404.48391704316384,371.7520961433125,439.59387900026087,405.0409134381,372.2305869949875,440.0592583324777,0.5569963949361654
2021-03-01,404.61374247673996,371.7011057090555,439.89658856091114,405.98967316057104,372.97023614647566,441.00964545610515,1.3759306838311132
2021-04-01,404.7574777781993,371.6391402370893,440.23066722957793,407.25331686494184,373.9300868672861,442.53922175141713,2.495839086742533
2021-05-01,404.8965764570309,371.58101694791435,440.553731941075,407.82343580132965,374.3681362610814,443.3241440527971,2.9268593442987743
2021-06-01,405.04031175849025,371.52095621576694,440.8875654762886,407.31235666730794,373.5578949952069,443.5953776467408,2.272044908817692
2021-07-01,405.17941043732185,371.46283292659206,441.2147939107613,405.9611259679861,372.0388772429606,442.3859786113962,0.7817155306642802
2021-08-01,405.3231457387812,371.4027721944446,441.6903772223399,404.0325652120453,369.86060790277173,440.64211034332055,-1.2905805267358863
2021-09-01,405.4668810402405,371.3427114622972,442.16596053391845,402.34737298315196,368.23228086734525,438.7386323240511,-3.1195080570885243
2021-10-01,405.60597971907214,371.2845881731223,442.6115604786731,402.34947297413544,367.80569595918655,439.3548285565229,-3.2565067449366882
2021-11-01,405.7497150205314,371.1357652945941,442.95656203724303,403.6544368344763,368.93056819434565,441.1973545190771,-2.0952781860551215
2021-12-01,405.8888136993631,370.7972275472546,443.4560120271035,404.92019565241264,369.85041167965323,442.5218203752333,-0.9686180469504491
2022-01-01,406.03254900082237,370.74349408687766,443.90917521314185,405.9692862188674,370.76061096456925,443.6272969551521,-0.063262781954972
2022-02-01,406.1762843022817,370.70542841063025,444.32483028397394,406.75297645787384,371.2182141480897,444.82497602290147,0.5766921555921459
2022-03-01,406.30610973585794,370.6936223648475,444.8104057566104,407.59855973065027,371.86847775011694,446.0173131356988,1.2924499947923178
2022-04-01,406.44984503731723,370.72758676455726,445.0783292645193,408.9384810234501,373.0676520978183,447.14200164955673,2.4886359861328686
2022-05-01,406.5889437161488,370.75954647871856,445.32566018694945,409.54786597809095,373.8233885811252,448.3052941763166,2.95892226194218
2022-06-01,406.7326790176082,370.7616340061375,445.5729172108645,409.03884842660335,372.98266953358063,447.41104701355323,2.3061694089951676
2022-07-01,406.87177769643984,370.76449599134423,445.801326452414,407.64760593975905,371.59649952888174,446.939972251686,0.7758282433191849
2022-08-01,407.0155129978991,370.7209221994378,446.03734933534844,405.7557872695053,369.6559187780173,444.58633958766,-1.2597257283938614
2022-09-01,407.15924829935847,370.6036611510792,446.4526368229009,404.0535704596561,367.33780987746974,443.14138074658405,-3.1056778397023783
2022-10-01,407.29834697819007,370.44801169347244,446.9846312088477,403.982375655725,367.2643669228396,443.6305531961008,-3.3159713224651113
2022-11-01,407.4420822796494,370.2888356007304,447.2272265121778,405.3489820325515,368.4291048652427,445.2176942530564,-2.093100247097957
2022-12-01,407.581180958481,370.2143959248981,447.47434926375377,406.6223270697271,369.22476691073314,446.61032583898105,-0.9588538887539194
2023-01-01,407.72491625994036,370.1488231402215,447.8561650866511,407.6853793179232,370.3329371342458,447.77398397184555,-0.03953694201715271
2023-02-01,407.86865156139964,370.13787499982476,448.21255146142835,408.46356797815594,370.76949222737943,448.98659907325305,0.5949164167562775
2023-03-01,407.9984769949758,369.9304515470772,448.45550476170047,409.207491284177,371.0153456123835,449.59203540660945,1.2090142892011901
2023-04-01,408.1422122964352,369.7087400641286,448.72454313639787,410.6251424974262,372.49602069925453,451.6592126540934,2.4829302009909893
2023-05-01,408.2813109752668,369.6342104056951,449.0344813327225,411.27279204216376,372.8490974017128,452.38806067731923,2.9914810668969296
2023-06-01,408.42504627672605,369.5768802023202,449.41523437949996,410.7647073243064,372.4120677608016,451.6714701783646,2.3396610475803388
2023-07-01,408.5641449555577,369.52098312954405,449.78370506992974,409.3336844708109,370.4271186166961,450.6905277001208,0.7695395152531819
2023-08-01,408.7078802570171,369.4802884699096,450.1644581167071,407.4789058218789,368.36351521984204,449.0838147515008,-1.2289744351381995
2023-09-01,408.8516155584764,369.40122090429594,450.54521116348457,405.7590639332251,366.595726590152,447.79674481405345,-3.092551625251285
2023-10-01,408.99071423730805,369.41161559114676,450.91368185391434,405.6157249262296,365.99526880328267,447.1518658222707,-3.374989311078497
2023-11-01,409.13444953876734,369.38120467705494,451.2944349006917,407.0447089439327,367.2600866694096,449.08408645542903,-2.089740594834649
2023-12-01,409.273548217599,369.4204386696575,451.6629055911215,408.32488073998775,368.455382237218,450.75458568962233,-0.9486674776112414
2024-01-01,409.4172835190583,369.36658710907136,452.04365863789894,409.40113372015026,369.1523828785156,452.01581382573687,-0.016149798908014323
2024-02-01,409.56101882051763,369.26649750244536,452.416861013791,410.1726668279307,370.1314056221121,453.119495694614,0.611648007413087
2024-03-01,409.6954808767215,369.2229637699758,452.8307815122891,411.15484899052024,370.4593300357248,454.17408353268394,1.4593681137987373
2024-04-01,409.8392161781809,369.10031563789914,453.1541624948873,412.34374099077615,371.5559951989041,455.9902752739704,2.5045248125952706
2024-05-01,409.9783148570125,368.9527135408336,453.54267676023017,412.8736517624593,371.6273120142442,456.29620509088596,2.895336905446823
2024-06-01,410.12205015847184,368.90528286191335,453.9011308714379,412.35937343221724,371.36282268809055,455.77320048061443,2.2373232737454147
2024-07-01,410.26114883730344,368.7698623085109,454.1990853334054,411.0483378169313,369.5192488112608,454.93184337546967,0.7871889796278196
2024-08-01,410.4048841387628,368.5748834892145,454.49100127507694,409.08335555445643,367.53446275584656,453.2197699339793,-1.3215285843063238
2024-09-01,410.54861944022207,368.5291370139262,454.7622596144986,407.41457005368903,365.4370808518472,451.92485535314444,-3.134049386533061
2024-10-01,410.68771811905367,368.5707862376261,454.9609519840096,407.4910619793109,364.92862270843546,451.7703444180876,-3.1966561397427546
2024-11-01,410.831453420513,368.63708672854807,455.335566565908,408.7351832533486,366.6421646198068,453.60799535368074,-2.096270167164419
2024-12-01,410.9705520993446,368.49506606657155,455.64821739075666,409.99262842312856,367.3103338426802,454.3475229768977,-0.9779236762160262
2025-01-01,411.11428740080396,368.4638508893141,455.9503907043373,411.02700811944607,368.47854271342396,456.31416064394125,-0.08727928135792014
2025-02-01,411.25802270226325,368.4565120904806,456.25070749021177,411.8150190971995,369.0188305413716,456.8860747076099,0.5569963949362705
2025-03-01,411.38784813583953,368.4507010440741,456.5219613613243,412.76377881967085,369.6720379083309,457.72051036766516,1.375930683831325
2025-04-01,411.5315834372988,368.4837503198467,456.96645207642086,414.027422524041,371.2429622620928,459.51680643523014,2.495839086742199
2025-05-01,411.67068211613037,368.4326992185183,457.38492479625364,414.59754146042906,371.029312552853,460.5030221903884,2.926859344298714
2025-06-01,411.81441741758977,368.3606010832605,457.71893274533846,414.0864623264076,370.56241899530255,460.4366346457306,2.2720449088178825
2025-07-01,411.95351609642137,368.3206102707557,458.0583133690985,412.7352316270858,368.98572057811924,458.91326279970764,0.7817155306644117
2025-08-01,412.0972513978807,368.294935090347,458.4068141109986,410.80667087114466,366.82171828517875,457.4061478524788,-1.2905805267360497
2025-09-01,412.24098669934006,368.2627462535654,458.874385875321,409.1214786422517,364.9398036929095,455.6420803308765,-3.1195080570883444
2025-10-01,412.38008537817166,368.19417615757396,459.35550515271245,409.12357863323484,364.64674729399877,456.3046404990942,-3.2565067449368352
2025-11-01,412.523820679631,368.07341164672823,459.8015469120788,410.4285424935759,365.43822394838776,457.46505869103464,-2.095278186055125
2025-12-01,412.6629193584626,367.9361878419911,460.02647047330754,411.69430131151205,367.01283101794496,458.7829489201453,-0.9686180469505469
2026-01-01,412.8066546599219,367.7983729953814,460.3278411382881,412.74339187796716,368.0242496271549,460.83288683068554,-0.06326278195472644
2026-02-01,412.95038996138123,367.67603407840613,460.8010401579697,413.52708211697336,368.36308233812736,461.78434806074597,0.5766921555921353
2026-03-01,413.0802153949574,367.6204075492188,461.29134547647766,414.37266538974956,368.93754460251444,462.9984284665664,1.292449994792141
2026-04-01,413.2239506964168,367.56947490160115,461.8341835076828,415.7125866825493,370.24823651755185,464.0668442310006,2.4886359861324934
2026-05-01,413.36304937524835,367.5201852426163,462.2709630713245,416.3219716371907,370.5188308893127,465.1764377642172,2.9589222619423445
2026-06-01,413.50678467670764,367.47072829948326,462.6910859573278,415.8129540857026,369.36738363824577,465.02644256374407,2.3061694089949576
2026-07-01,413.6458833555393,367.45144369743724,463.1365347411782,414.4217115988583,367.7883662590181,463.7837426386628,0.7758282433189675
2026-08-01,413.7896186569987,367.3411104138172,463.5461149184967,412.52989292860514,365.66800742401347,462.2958820554835,-1.2597257283935805
2026-09-01,413.933353958458,367.2887834249977,463.98621013193633,410.8276761187557,364.2270197097494,460.92944862569453,-3.105677839702331
2026-10-01,414.07245263728953,367.27901193431404,464.38710769921545,410.75648131482455,363.7956353255798,460.85414135242604,-3.3159713224649936
2026-11-01,414.21618793874893,367.19667954867214,464.8013685187372,412.1230876916508,365.5364613273472,462.86251716868054,-2.0931002470980884
2026-12-01,414.35528661758053,367.1363267554756,465.2022660860164,413.39643272882665,366.29565601023705,464.2123365135925,-0.9588538887538685
2027-01-01,414.4990219190399,367.122099649932,465.6165269055381,414.4594849770231,366.9136379733698,465.4780431333658,-0.0395369420167489
2027-02-01,414.6427572204992,367.11440176990016,466.0264376044625,415.23767363725545,367.8006893387899,466.6359291486847,0.594916416756258
2027-03-01,414.77258265407534,367.1074488460004,466.39374374608497,415.9815969432763,368.5599853976928,467.4834772491091,1.2090142892009756
2027-04-01,414.9163179555347,367.09975096596855,466.6858912545612,417.3992481565259,369.29601136192355,469.3092697066848,2.4829302009912237
2027-05-01,415.0554166343663,367.11050050315936,466.96006224368966,418.04689770126316,370.28865235298576,470.0405759803535,2.9914810668969016
2027-06-01,415.1991519358257,367.13178993391773,467.3807428905478,417.53881298340593,369.2848880766027,469.5851394476747,2.339661047580227
2027-07-01,415.3382506146572,367.11784412586394,467.73913996690715,416.1077901299105,367.6335472316694,468.98309669509683,0.7695395152532785
2027-08-01,415.48198591611657,366.9529564351606,468.16839062929614,414.25301148097844,365.3309607990379,466.744215374332,-1.2289744351381484
2027-09-01,415.625721217576,366.78806874445735,468.5847543786906,412.53316959232444,363.5119078446845,465.26795125970983,-3.092551625251556
2027-10-01,415.7648198964076,366.6193366645187,468.9312870899495,412.3898305853291,362.9375719049934,465.61554733097427,-3.3749893110784717
2027-11-01,415.9085551978668,366.4320830878352,469.2893708915836,413.81881460303197,364.572440311578,467.53989032488636,-2.089740594834862
2027-12-01,416.04765387669846,366.2508699491093,469.63590360284235,415.09898639908727,365.5162788213037,468.4878703639125,-0.9486674776111933
2028-01-01,416.1913891781578,366.0636163724258,469.9937313636655,416.1752393792494,365.9051339892047,470.0484013929658,-0.01614979890842194
2028-02-01,416.33512447961715,365.9008703146128,470.31438791744745,416.9467724870302,366.72706702022754,470.9668286934903,0.6116480074130458
2028-03-01,416.469586535821,365.9652694995317,470.7014121133198,417.928954649619,367.67441618946737,472.3314665343445,1.4593681137980352
2028-04-01,416.6133218372803,366.03411000754846,471.1151276330455,419.11784664987556,368.59443257893196,473.85607864464856,2.5045248125952586
2028-05-01,416.75242051611195,366.1049931131157,471.51549749084455,419.6477574215587,368.78568112188907,474.440191630939,2.8953369054467473
2028-06-01,416.89615581757135,366.18208918355845,471.92921301057027,419.13347909131664,368.59826810961425,474.0507085875313,2.237323273745296
2028-07-01,417.0352544964029,366.17262316206245,472.4029993943212,417.82244347603057,366.68569475293623,473.3009947224096,0.7871889796276844
2028-08-01,417.1789897978622,366.0456080401742,472.90480041364754,415.85746121355623,364.52957150346805,471.5955551620166,-1.321528584305971
2028-09-01,417.3227250993216,365.92512938653545,473.4127109588097,414.1886757127886,362.8808973094084,470.6070466923056,-3.134049386533006
2028-10-01,417.46182377815325,365.81233218494646,473.71595471456527,414.26516763841033,362.3677877791305,470.84356326368487,-3.1966561397429065
2028-11-01,417.60555907961253,365.6957750766378,474.22165001212863,415.50928891244854,363.8031889399045,472.0415046385098,-2.0962701671640045
2028-12-01,417.7446577584441,365.58297787504875,474.7174661285941,416.7667340822279,364.665896530432,473.67142685054415,-0.9779236762161451
2029-01-01,417.8883930599035,365.4664207667401,475.2298094489419,417.80111377854604,365.0824821248059,475.15022112910617,-0.08727928135745194
2029-02-01,418.0321283613628,365.34986365843145,475.7421527692897,418.58912475629893,365.49609430733915,476.55397673869896,0.5569963949361247
2029-03-01,418.16195379493894,365.10904517936945,476.1993509593149,419.5378844787699,366.43834986165416,477.271534774628,1.375930683830958
2029-04-01,418.3056890963983,365.0396021925175,476.7045585638124,420.80152818314076,367.3654203372102,478.7442881010161,2.495839086742472
2029-05-01,418.4447877752299,364.92470533986614,477.15752489515893,421.3716471195286,367.5921171159832,480.0659138052279,2.926859344298699
2029-06-01,418.5885230766892,364.7750522200418,477.57202404269066,420.86056798550743,366.95182646637267,479.7943581491251,2.2720449088182284
2029-07-01,418.72762175552083,364.63022662021183,477.95840871469505,419.50933728618503,365.3298989512001,478.9468230312934,0.7817155306642161
2029-08-01,418.8713570569802,364.6004351521913,478.38894728762386,417.5807765302438,363.42316665560537,477.09020852483155,-1.2905805267363841
2029-09-01,419.01509235843946,364.43964819813107,478.83282945308156,415.89558430135105,361.42528734195366,476.0719071097425,-3.119508057088397
2029-10-01,419.1541910372711,364.1377276119877,479.3316628209196,415.89768429233436,361.0889660142729,476.09910510825404,-3.2565067449367677
2029-11-01,419.2979263387305,364.21950650809475,479.8471239676856,417.2026481526754,362.08750560418457,477.5916748129735,-2.0952781860550984
2029-12-01,419.43702501756206,364.10796861378446,480.34385536639206,418.4684069706118,363.19849137370466,479.2565603826321,-0.9686180469502568
2030-01-01,419.58076031902135,364.073499490056,480.6702274860929,419.51749753706645,364.1620450463166,480.6599322351052,-0.06326278195488891
2030-02-01,419.72449562048075,364.03592217193864,481.0741468028831,420.30118777607316,364.7534003339118,481.7660497861907,0.576692155592397
2030-03-01,419.8543210540569,364.0276274404051,481.38590845770534,421.14677104884896,365.3975047825304,482.4136325564667,1.2924499947920376
2030-04-01,419.9980563555162,363.97142434521254,481.78928111392116,422.4866923416487,366.32208673989334,484.2431650748802,2.4886359861324836
2030-05-01,420.13715503434787,363.8107845508292,482.2134611854611,423.09607729629016,366.8116131486869,485.4492120626686,2.9589222619422997
2030-06-01,420.28089033580716,363.6447900966332,482.6441661088165,422.58705974480233,366.0020531577799,484.9832775164733,2.306169408995147
2030-07-01,420.4199890146388,363.48415030224993,483.0546426634381,421.195817257958,364.5719608670767,483.9478315957829,0.7758282433191834
2030-08-01,420.5637243160981,363.37528710268555,483.4726670585158,419.3039985877049,362.4550506125853,482.02523862417036,-1.2597257283932288
2030-09-01,420.70745961755745,363.4622402659655,483.89069145359343,417.6017817778551,360.19490673145543,480.58934520165985,-3.1056778397023392
2030-10-01,420.84655829638905,363.50736657734734,484.29401614032486,417.53058697392515,360.20783105496804,480.78609552369005,-3.3159713224638896
2030-11-01,420.9902935978484,363.1341549769254,484.6906549332602,418.8971933507505,361.0212641646374,482.28267744107666,-2.0931002470979
2030-12-01,421.12939227668,362.78469997496677,485.0762829761581,420.1705383879259,362.14296762227445,483.72613647847766,-0.9588538887541184
2031-01-01,421.27312757813934,362.6817855352062,485.44315522536573,421.23359063612247,362.6421725286619,485.5515145785986,-0.03953694201689297
2031-02-01,421.4168628795986,362.6142628456624,485.81002747457353,422.01177929635475,363.3408366827861,486.5807352873875,0.5949164167561054
2031-03-01,421.54668831317485,362.55376520176094,486.13840230100544,422.75570260237686,363.6343152260214,487.30498269681607,1.209014289202
2031-04-01,421.6904236146342,362.42366669904027,486.63282336719135,424.1733538156255,364.87853680108634,488.94830351693173,2.4829302009912695
2031-05-01,421.8295222934658,362.2352597799872,487.12275781019173,424.82100336036234,365.08271234595026,490.14868433087105,2.9914810668965615
2031-06-01,421.97325759492514,362.040572630299,487.6163192045947,424.31291864250494,364.435257374971,490.02163240787087,2.3396610475798028
2031-07-01,422.11235627375675,361.8521657112459,488.03584747315296,422.88189578901,362.7049955682923,488.9641116040714,0.7695395152532604
2031-08-01,422.2560915752161,361.69609353268237,488.46936001732996,421.0271171400775,360.44045408882937,487.6423771348592,-1.22897443513861
2031-09-01,422.3998268766754,361.5043846961965,488.9028725615069,419.3072752514239,358.5624071878162,485.53921661961425,-3.092551625251486
2031-10-01,422.53892555550703,361.3384428914393,489.32240083006513,419.1639362444294,358.0901917398316,485.67090579803016,-3.3749893110776354
2031-11-01,422.6826608569663,361.34463008340174,489.7542568710954,420.59292026213177,359.48392752080787,487.26762077952185,-2.089740594834567
2031-12-01,422.821759535798,361.3967644752292,490.15824232275867,421.8730920581869,360.2983897650263,489.55331878294083,-0.9486674776111023
2032-01-01,422.96549483725727,361.4757874632468,490.5423369372956,422.9493450383486,361.8121490720827,490.08626957195344,-0.016149798908637828
2032-02-01,423.1092301387166,361.5748048279448,490.86324190435465,423.72087814612956,362.0469649611165,491.3942529859249,0.611648007412929
2032-03-01,423.2436921949205,361.6664205957631,491.16344332515183,424.70306030872007,363.0909082803951,492.83356833963813,1.459368113799548
2032-04-01,423.38742749637987,361.697595132514,491.4843482922108,425.8919523089756,363.84186820897145,493.6515938922841,2.50452481259574
2032-05-01,423.5265261752115,361.72776403904703,491.8102666428299,426.4218630806578,364.77577701036216,494.74236596071887,2.8953369054463205
2032-06-01,423.6702614766708,361.699389716543,492.15046394220974,425.90758475041577,363.5952483684506,494.7228089920749,2.237323273744951
2032-07-01,423.8093601555024,361.7218551414152,492.6258811653402,424.5965491351304,362.3545208368786,493.65658773028946,0.7871889796279531
2032-08-01,423.95309545696176,361.6992336681704,493.1132044255565,422.6315668726552,360.44653067798345,491.849762068161,-1.3215285843065707
2032-09-01,424.09683075842105,361.5518306886161,493.41730759157764,420.96278137188784,358.62522918681555,490.3548091791839,-3.134049386533185
2032-10-01,424.23592943725265,361.4577490436428,493.6710316911919,421.03927329751076,358.3843930479708,490.57984212863755,-3.1966561397418864
2032-11-01,424.379664738712,361.38777694099264,493.9332132607934,422.28339457154783,359.205764584813,491.9190990591981,-2.0962701671641497
2032-12-01,424.5187634175436,361.3201353221672,494.2529911335224,423.5408397413272,360.3595412608576,493.5257455537199,-0.9779236762163744
2033-01-01,424.66249871900294,361.25031265802244,494.544347862112,424.57521943764505,360.883134091528,494.81756821148167,-0.08727928135790505
2033-02-01,424.80623402046234,361.1804899938777,494.83570459070154,425.36323041539833,361.46476949774126,495.3246852312376,0.5569963949359715
2033-03-01,424.9360594540385,361.11742436174694,495.0988655068468,426.31199013787045,362.81585175532916,496.5228120304259,1.3759306838319156
2033-04-01,425.0797947554978,361.04881827751075,495.4258268005618,427.57563384224,363.2950645041283,498.21975091391784,2.4958390867421665
2033-05-01,425.21889343432946,360.98443635391095,495.7552733810382,428.14575277862775,363.0960079595728,498.81231913111475,2.926859344298284
2033-06-01,425.36262873578875,360.9452593960873,496.09570151419706,427.6346736446058,363.28391954707246,498.01878537835114,2.272044908817055
2033-07-01,425.50172741462035,360.91860477850906,496.4251480946735,426.2834429452848,361.6799752837819,497.2204696000639,0.7817155306644394
2033-08-01,425.6454627160797,360.76451661776287,496.76557622783236,424.3548821893432,359.7348932633444,495.15898188030684,-1.2905805267365078
2033-09-01,425.78919801753904,360.4965057733394,497.10600436099116,422.6696899604504,357.7030216964589,493.8096922444336,-3.119508057088641
2033-10-01,425.92829669637064,360.2371404400263,497.4354509414675,422.67178995143496,357.4783786654034,494.3088943466706,-3.2565067449356517
2033-11-01,426.07203199783,360.2148774346683,497.7758790746263,423.97675381177476,358.18643405177477,495.4953103824329,-2.0952781860552143
2033-12-01,426.2111306766616,360.3344935917071,498.1053256551027,425.24251262971086,359.94207005249757,496.9698112282651,-0.9686180469507292
2034-01-01,426.35486597812087,360.49746359642467,498.4457537882615,426.29160319616574,360.2705773596857,498.06370962163345,-0.0632627819551335
2034-02-01,426.4986012795802,360.6012343216363,498.78618192142045,427.07529343517206,361.1534751200154,499.08437120981455,0.5766921555918235
2034-03-01,426.62842671315644,360.47778582174203,499.0936653965316,427.92087670794996,361.49967966332395,501.3873489320905,1.2924499947934918
2034-04-01,426.7721620146158,360.34111069685906,499.4332787738603,429.2607980007484,363.16977512424853,502.3618945029999,2.4886359861326186
2034-05-01,426.91126069344733,360.24898714091245,499.7611393458142,429.8701829553895,362.7539057026538,503.4267854764512,2.9589222619421633
2034-06-01,427.05499599490673,360.23903283384277,500.28566299576045,429.3611654039013,362.6621340324368,502.84485369448583,2.306169408994538
2034-07-01,427.19409467373833,360.2293996334528,500.84373520311556,427.96992291705766,361.50538561050035,501.6724418158263,0.7758282433193118
2034-08-01,427.3378299751977,360.02901183450405,501.42040981738245,426.0781042468032,358.762279371858,499.8013324500109,-1.2597257283944756
2034-09-01,427.48156527665697,359.80629943721624,501.9970844316494,424.37588743695454,356.694792011355,498.75743186605587,-3.105677839702447
2034-10-01,427.6206639554886,359.59087762125677,502.5551566390045,424.3046926330241,356.44081896757,499.1898814688342,-3.3159713224645446
2034-11-01,427.7643992569479,359.3696154697375,503.0840758952218,425.6712990098499,357.2360019766014,500.84307088560155,-2.0931002470979836
2034-12-01,427.9034979357795,359.1777920960693,503.58200301899166,426.94464404702563,358.5009336322404,503.02631936548613,-0.9588538887538676
2035-01-01,428.04723323723886,359.030529395301,503.8433500502793,428.0076962952217,358.7206374433467,503.9720531707726,-0.03953694201712557
2035-02-01,428.1909685386982,358.8832666945328,504.2149717038983,428.78588495545426,359.2620105816006,505.1327558385875,0.5949164167560625
2035-03-01,428.3207939722743,358.74173613906646,504.5572829480721,429.5298082614763,359.5930496023658,506.0658618417682,1.2090142892020224
2035-04-01,428.4645292737337,358.46390819110974,504.93627039697867,430.9474594747246,360.8277298612377,507.4386967279851,2.482930200990898
2035-05-01,428.6036279525654,358.19504243502263,505.30303244430775,431.59510901946163,361.1405066341058,507.8775957391918,2.9914810668962803
2035-06-01,428.7473632540246,357.9172144870659,505.69605305687986,431.0870243016043,360.3510028224495,508.0148624039458,2.3396610475796904
2035-07-01,428.8864619328562,357.64834873097874,506.2206406114192,429.6560014481098,358.5788094812473,506.49927156264954,0.7695395152535728
2035-08-01,429.0301972343156,357.3705207830221,506.6771081857067,427.8012227991773,356.40487883952824,505.3047501244644,-1.228974435138316
2035-09-01,429.17393253577495,357.1131110311587,507.00944930748824,426.08138091052336,354.54412748611963,503.93808419079727,-3.0925516252515712
2035-10-01,429.3130312146065,356.8917433254393,507.25140408092983,425.93804190352876,353.89977639962757,504.0255892530563,-3.374989311077767
2035-11-01,429.4567665160659,356.75468162736564,507.54176858222405,427.36702592123123,354.6000540364477,505.5767604327547,-2.0897405948346917
2035-12-01,429.5958651948975,356.624462832235,507.9030338421023,428.6471977172862,355.6272640814007,506.9760187653087,-0.9486674776113121
2036-01-01,429.73960049635684,356.27938769422326,508.1848284438046,429.72345069744824,356.6385423198621,508.019258106415,-0.016149798908615433
2036-02-01,429.88333579781613,355.97354220132286,508.56762715289267,430.494983805229,356.62369403766166,509.5089392143971,0.6116480074128711
2036-03-01,430.01779785402,355.7462965606647,508.852348622652,431.4771659678194,357.30726089517094,510.2597529299508,1.4593681137994428
2036-04-01,430.1615331554794,355.461448319249,509.1463311850918,432.66605796807465,358.23160923880545,511.87773700047836,2.504524812595273
2036-05-01,430.300631834311,355.19137043995505,509.6319604498324,433.19596873975723,358.4899448808902,512.5309088997545,2.8953369054462463
2036-06-01,430.44436713577034,354.9155301129158,510.16339708528045,432.6816904095152,357.35403534086004,512.4434347426654,2.2373232737448654
2036-07-01,430.5834658146019,354.7888080275403,510.6631268714944,431.3706547942297,355.190356563552,511.0651982925022,0.7871889796278603
2036-08-01,430.7272011160613,354.6047684519235,511.0795784439821,429.40567253175476,353.55032783421075,509.63738993433225,-1.3215285843065145
2036-09-01,430.87093641752057,354.4878660499497,511.48983656365095,427.73688703098725,351.7561972299074,508.01773327810315,-3.134049386533301
2036-10-01,431.0100350963522,354.3747346932008,511.8709184850563,427.8133789566099,350.7636537958196,507.9642835799389,-3.1966561397423487
2036-11-01,431.1537703978115,354.25783229122703,512.2644699208115,429.0575002306468,352.08321786959743,510.13928510918583,-2.0962701671647213
2036-12-01,431.29286907664317,354.1447009344782,512.6418708718899,430.3149454004268,353.36551608687455,511.1311505456312,-0.977923676216374
2037-01-01,431.43660437810246,354.0277985325044,512.9672062767464,431.34932509674434,353.8642345285082,512.6633832021727,-0.08727928135810142
2037-02-01,431.5803396795618,353.9207690110076,513.2925416816029,432.13733607449774,354.4954736619427,513.8887594937621,0.556996394935963
2037-03-01,431.7101651131379,353.8324623979348,513.5863930150217,433.0860957969701,354.9056597517575,514.7960385332457,1.3759306838321836
2037-04-01,431.85390041459726,353.7346943620327,514.2008497986162,434.3497395013398,356.60035869068463,516.7970345981227,2.4958390867425093
2037-05-01,431.99299909342886,353.64008013374047,514.6275585178327,434.91985843772716,356.49789789678886,517.7435833809826,2.926859344298319
2037-06-01,432.13673439488826,353.5423120978384,515.0227818834221,434.408779303706,356.0813474074438,517.4848533456344,2.2720449088177737
2037-07-01,432.2758330737198,353.4476978695461,515.4052561081861,433.05754860438446,353.7306726248998,515.5324496378994,0.781715530664642
2037-08-01,432.41956837517915,353.34992983364407,515.8004794737755,431.12898784844253,351.6903892291104,514.670740688763,-1.2905805267366162
2037-09-01,432.56330367663855,353.25216179774196,516.1644243228799,429.44379561954986,350.36773535456905,512.7640031846391,-3.1195080570886895
2037-10-01,432.70240235547016,353.1575475694497,516.4938270067803,429.4458956105344,350.0656019278254,513.432097780895,-3.2565067449357414
2037-11-01,432.8461376569295,353.05977953354767,516.8375577812823,430.75085947087433,350.9891189095297,514.680484242427,-2.0952781860551926
2037-12-01,432.9852363357611,352.7358299297618,517.2510958037727,432.01661828881043,351.01348436474115,516.2520194393428,-0.9686180469506523
2038-01-01,433.12897163722045,352.38372788813984,517.678418427013,433.06570885526554,352.42846695785994,516.8857403286985,-0.06326278195489528
2038-02-01,433.27270693867973,352.28143115488336,518.1057410502532,433.849399094272,352.6113750276319,518.2411321174712,0.5766921555922323
2038-03-01,433.4025323722559,352.1890341054904,518.4917098712444,434.69498236704806,352.9191664893825,519.3822845225109,1.292449994792134
2038-04-01,433.5462676737152,352.086737372234,518.9190324944846,436.034903659848,354.3273065196055,521.7004721029552,2.4886359861327816
2038-05-01,433.68536635254685,351.8998625337362,519.332570516975,436.64428861448914,354.55108696375635,522.0777327245404,2.958922261942283
2038-06-01,433.82910165400614,351.4639647627692,519.7426521062547,436.13527106300114,353.9305575317792,522.1197372149236,2.30616940899498
2038-07-01,433.9682003328378,351.04212821022037,520.2072062338974,434.7440285761569,351.8311917273356,521.0819751585102,0.7758282433191018
2038-08-01,434.1119356342971,350.62613837486424,520.751745640523,432.8522099059035,349.31781611567436,519.8735521766041,-1.2597257283935699
2038-09-01,434.2556709357565,350.49824188254087,521.4475810832698,431.1499930960543,347.1706537213953,518.1526559226642,-3.1056778397022122
2038-10-01,434.39476961458803,350.38602655771604,522.1073280239756,431.0787982921228,347.386807729602,518.725393151592,-3.3159713224652188
2038-11-01,434.53850491604743,350.29056902376334,522.5049792747328,432.44540466894955,348.3412889120001,520.5010198896919,-2.0931002470978566
2038-12-01,434.6776035948791,350.2009706609828,522.8529990921029,433.7187497061253,349.448031391902,521.5809604910264,-0.9588538887537482
2039-01-01,434.8213388963384,350.1083856861097,523.2125531701936,434.7818019543219,350.00801444947365,523.2196318124951,-0.03953694201645564
2039-02-01,434.9650741977977,350.0158007112366,523.5721072482844,435.5599906145542,350.6415846649507,524.4748809658809,0.5949164167564858
2039-03-01,435.09489963137383,349.8284703012724,523.8949630446824,436.30391392057425,350.5183876841784,525.1853629062147,1.2090142892004043
2039-04-01,435.2386349328332,349.6036398617268,524.2514404114344,437.7215651338243,351.5548918650673,526.9033931407785,2.4829302009911127
2039-05-01,435.3777336116648,349.38606201700514,524.5964185082912,438.3692146785618,351.8511571015056,527.6430643257958,2.9914810668970104
2039-06-01,435.5214689131241,349.1612315774595,524.952895875043,437.8611299607045,351.39795432947886,527.412544856812,2.3396610475803676
2039-07-01,435.6605675919557,348.9436537327378,525.2902367899305,436.4301071072088,349.98144830186425,526.1993698101629,0.7695395152530846
2039-08-01,435.80430289341507,348.7188232931922,525.6607435212971,434.57532845827757,347.546704239933,524.4565410711015,-1.228974435137493
2039-09-01,435.94803819487447,348.49399285364655,525.9927717207516,432.85548656962294,345.37474756920375,522.5798096944181,-3.092551625251553
2039-10-01,436.087136873706,348.32322100032485,526.2968905322741,432.7121475626273,345.2285756511903,523.1779492028975,-3.3749893110787195
2039-11-01,436.2308721751653,348.1904329458911,526.6111466375138,434.14113158033035,346.2940966011184,524.7308378822631,-2.089740594834922
2039-12-01,436.36997085399696,348.0619283770841,526.9389435757963,435.4213033763861,346.8107193673081,526.421798202125,-0.94866747761085
2040-01-01,436.51370615545636,347.9055611887174,527.3442023130983,436.49755635654793,347.56197775481417,527.2589624775921,-0.01614979890843361
2040-02-01,436.65744145691565,347.69149720399815,527.7494610504002,437.2690894643286,348.2584607647783,527.8621452408601,0.6116480074129315
2040-03-01,436.7919035131195,347.49129870585136,528.128574062715,438.2512716269174,348.9735856571432,529.741268300157,1.4593681137978975
2040-04-01,436.93563881457885,347.3205813697015,528.5014905905367,439.44016362717423,349.8509535639159,531.1373607842912,2.5045248125953803
