ds,trend,trend_lower,trend_upper,yhat,yhat_lower,yhat_upper,yearly
1958-03-01,314.8577902765058,314.8577902765058,314.8577902765058,316.19884123063747,315.6145836557279,316.7521961173623,1.3410509541316755
1958-04-01,314.9339603147394,314.9339603147394,314.9339603147394,317.51551188838374,316.9953742436653,318.048601567013,2.581551573644312
1958-05-01,315.0076732549655,315.0076732549655,315.0076732549655,318.0830705731311,317.55057653094184,318.6532996314509,3.0753973181656633
1958-07-01,315.1575562334252,315.1575562334252,315.1575562334252,315.8861566791311,315.31056097345686,316.43261979449255,0.7286004457058933
1958-08-01,315.23372627165884,315.23372627165884,315.23372627165884,313.8407465394184,313.29639345261677,314.3914705702978,-1.3929797322404422
1958-09-01,315.3098963098925,315.3098963098925,315.3098963098925,312.11993928433634,311.586055693798,312.6848711957928,-3.189957025556167
1958-11-01,315.4597792883522,315.4597792883522,315.4597792883522,313.3913343304647,312.84612964735385,313.9032644211264,-2.0684449578874657
1958-12-01,315.5334922285783,315.5334922285783,315.5334922285783,314.6401726054682,314.0873719788509,315.1740054491927,-0.8933196231101296
1959-01-01,315.60966226681194,315.60966226681194,315.60966226681194,315.6725974273366,315.13299067301483,316.19663211884927,0.06293516052463502
1959-02-01,315.68583230504555,315.68583230504555,315.68583230504555,316.3706018196927,315.82490146048417,316.88906257980483,0.6847695146471546
1959-03-01,315.75463104925655,315.75463104925655,315.75463104925655,317.0583053398174,316.51219714673294,317.6140005620977,1.3036742905608794
1959-04-01,315.8308010874902,315.8308010874902,315.8308010874902,318.38754619426237,317.8508453306473,318.9180016350362,2.556745106772166
1959-05-01,315.9045140277163,315.9045140277163,315.9045140277163,319.0054229388867,318.4608624231309,319.53772790573737,3.100908911170384
1959-06-01,315.9806840659499,315.9806840659499,315.9806840659499,318.3617969211286,317.79909081272086,318.9010530499961,2.3811128551787086
1959-07-01,316.05439700617603,316.05439700617603,316.05439700617603,316.79790474261483,316.2514139901502,317.3601841116791,0.7435077364388054
1959-08-01,316.13056704440964,316.13056704440964,316.13056704440964,314.75307993081236,314.2043098848433,315.2911018980851,-1.3774871135972984
1959-09-01,316.20673708264326,316.20673708264326,316.20673708264326,313.03103815754895,312.491114538157,313.58069184154704,-3.175698925094323
1959-10-01,316.28045002286933,316.28045002286933,316.28045002286933,312.8901977694291,312.31125322016476,313.4456789133412,-3.3902522534402113
1959-11-01,316.35662006110294,316.35662006110294,316.35662006110294,314.27889521513083,313.7430828105834,314.81536691714854,-2.0777248459721394
1959-12-01,316.4303330013291,316.4303330013291,316.4303330013291,315.5436317417922,315.03417494398195,316.0986856398275,-0.8867012595368868
1960-01-01,316.5065030395627,316.5065030395627,316.5065030395627,316.5844112991919,316.0336882160998,317.121720605012,0.077908259629246
1960-02-01,316.5826730777963,316.5826730777963,316.5826730777963,317.2671148671203,316.7270686288255,317.8040661520862,0.6844417893240227
1960-03-01,316.6539289200149,316.6539289200149,316.6539289200149,318.0693981821019,317.49163167181337,318.62440665386066,1.4154692620870368
1960-04-01,316.73009895824845,316.73009895824845,316.73009895824845,319.3634368397243,318.81160949022853,319.91909512695264,2.6333378814758333
1960-05-01,316.80381189847463,316.80381189847463,316.80381189847463,319.8295473909978,319.28301232886287,320.3918940501328,3.025735492523176
1960-06-01,316.87070333732953,316.87070333732953,316.87070333732953,319.1864488589522,318.67918790939336,319.76460817525594,2.3157455216226537
1960-07-01,316.9354369878343,316.9354369878343,316.9354369878343,317.633179539639,317.0516862115932,318.1918089483795,0.6977425518046931
1960-08-01,317.00232842668925,317.00232842668925,317.00232842668925,315.5778478908672,315.058411886356,316.080482536761,-1.424480535822051
1960-09-01,317.06921986554414,317.06921986554414,317.06921986554414,313.84985102446694,313.3119893861653,314.38162739311406,-3.219368841077179
1960-10-01,317.1339535160489,317.1339535160489,317.1339535160489,313.8551422804133,313.2761430051685,314.38271703848494,-3.278811235635627
1960-11-01,317.2008449549038,317.2008449549038,317.2008449549038,315.1531740073353,314.6112888100701,315.72221384229965,-2.047670947568541
1960-12-01,317.2655786054086,317.2655786054086,317.2655786054086,316.3601359776436,315.8109357589864,316.95294899377836,-0.9054426277650034
1961-01-01,317.3324700442635,317.3324700442635,317.3324700442635,317.3645336372967,316.82268665312273,317.9370366048368,0.03206359303317649
1961-02-01,317.39936148311847,317.39936148311847,317.39936148311847,318.08236197619533,317.5413312422339,318.5965607714438,0.6830004930768544
1961-03-01,317.4597795569229,317.4597795569229,317.4597795569229,318.838109072185,318.31965449639665,319.3880211444421,1.3783295152620836
1961-04-01,317.52667099577786,317.52667099577786,317.52667099577786,320.13376151701993,319.60225576451865,320.6975663864312,2.6070905212420894
1961-05-01,317.59140464628257,317.59140464628257,317.59140464628257,320.6417348707018,320.08902317811186,321.1711251399453,3.0503302244192048
1961-06-01,317.6582960851375,317.6582960851375,317.6582960851375,319.99610829385244,319.4366052923577,320.5410087536859,2.337812208714929
1961-07-01,317.7230297356423,317.7230297356423,317.7230297356423,318.4363739958145,317.8751971909405,318.9941852009162,0.7133442601722012
1961-08-01,317.78992117449724,317.78992117449724,317.78992117449724,316.3812772357267,315.8250510001364,316.9080220154095,-1.4086439387705498
1961-09-01,317.85681261335213,317.85681261335213,317.85681261335213,314.6522999562515,314.0991612804616,315.2011347622915,-3.2045126571006395
1961-10-01,317.9215462638569,317.9215462638569,317.9215462638569,314.60538441061084,314.05155366177155,315.14782609979505,-3.3161618532460557
1961-11-01,317.98843770271185,317.98843770271185,317.98843770271185,315.93001201993263,315.34978624598386,316.4555447858016,-2.0584256827792067
1961-12-01,318.0531713532166,318.0531713532166,318.0531713532166,317.153596028244,316.603644771033,317.7061902146218,-0.8995753249726208
1962-01-01,318.1200627920715,318.1200627920715,318.1200627920715,318.1677056984226,317.6166329944161,318.70600246694846,0.04764290635109841
1962-02-01,318.1869542309264,318.1869542309264,318.1869542309264,318.8712408898571,318.31595720781297,319.3843652520572,0.6842866589307277
1962-03-01,318.2473723047309,318.2473723047309,318.2473723047309,319.5884232588626,319.0343188291336,320.1201427070618,1.3410509541316573
1962-04-01,318.3142637435858,318.3142637435858,318.3142637435858,320.8958153172301,320.3232146277294,321.43298774078875,2.581551573644255
1962-05-01,318.3592189043812,318.3592189043812,318.3592189043812,321.43461622254694,320.85769826153,321.95858665349834,3.0753973181657344
1962-06-01,318.40567257053647,318.40567257053647,318.40567257053647,320.765281191289,320.2031844547787,321.2760909097237,2.3596086207524856
1962-07-01,318.4506277313319,318.4506277313319,318.4506277313319,319.17922817703777,318.68032100906146,319.7311339791568,0.7286004457058735
1962-08-01,318.49708139748714,318.49708139748714,318.49708139748714,317.10410166524673,316.55539917460044,317.677159998565,-1.3929797322403896
1962-09-01,318.54353506364237,318.54353506364237,318.54353506364237,315.3535780380862,314.82602460284903,315.90704723410835,-3.18995702555619
1962-10-01,318.5884902244378,318.5884902244378,318.5884902244378,315.2351692189058,314.67640557371175,315.7821386872409,-3.353321005531993
1962-11-01,318.63494389059304,318.63494389059304,318.63494389059304,316.56649893270554,316.029502917083,317.083938663944,-2.0684449578874737
1962-12-01,318.6798990513885,318.6798990513885,318.6798990513885,317.78657942827834,317.18853002146307,318.36066590453544,-0.8933196231101183
1963-01-01,318.72635271754376,318.72635271754376,318.72635271754376,318.7892878780684,318.24732523775185,319.30257801467286,0.06293516052463226
1963-02-01,318.77280638369893,318.77280638369893,318.77280638369893,319.4575758983461,318.90758888222393,320.0068760057392,0.6847695146471594
1963-03-01,318.81476453377473,318.81476453377473,318.81476453377473,320.1184388243356,319.60641280305765,320.6836610351124,1.3036742905609002
1963-04-01,318.8612181999299,318.8612181999299,318.8612181999299,321.41796330670206,320.89166798471433,321.9499320857076,2.5567451067721536
1963-05-01,318.90617336072535,318.90617336072535,318.90617336072535,322.00708227189574,321.48783035026554,322.5542116104863,3.100908911170404
1963-06-01,318.95262702688063,318.95262702688063,318.95262702688063,321.3337398820593,320.8370681225162,321.9021038687763,2.3811128551786944
1963-07-01,318.997582187676,318.997582187676,318.997582187676,319.7410899241148,319.17674149966524,320.2995431084569,0.7435077364388085
1963-08-01,319.0440358538313,319.0440358538313,319.0440358538313,317.66654874023396,317.14414816515955,318.23608782864926,-1.3774871135973363
1963-09-01,319.09048951998653,319.09048951998653,319.09048951998653,315.9147905948922,315.36587910245,316.460870221641,-3.1756989250942884
1963-10-01,319.1354446807819,319.1354446807819,319.1354446807819,315.7451924273417,315.1991555713843,316.27696133108657,-3.390252253440223
1963-11-01,319.1818983469372,319.1818983469372,319.1818983469372,317.10417350096503,316.578967491135,317.6626095314201,-2.0777248459721545
1963-12-01,319.22685350773264,319.22685350773264,319.22685350773264,318.34015224819575,317.83603945198604,318.8920195941736,-0.8867012595368781
1964-01-01,319.2733071738879,319.2733071738879,319.2733071738879,319.3512154335171,318.81638519397904,319.87245430069436,0.07790825962920495
1964-05-01,319.45462632242936,319.45462632242936,319.45462632242936,322.4803618149525,321.922196646406,323.018349952365,3.0257354925231814
1964-06-01,319.50107998858465,319.50107998858465,319.50107998858465,321.8168255102073,321.26339815795126,322.36871901981993,2.3157455216226523
1964-07-01,319.54603514938003,319.54603514938003,319.54603514938003,320.2437777011847,319.68557026912475,320.81336771958007,0.6977425518046554
1964-08-01,319.6170516116016,319.6170516116016,319.6170516116016,318.19257107577954,317.66086547637235,318.75542814482424,-1.424480535822051
1964-09-01,319.68806807382316,319.68806807382316,319.68806807382316,316.46869923274596,315.9565924698202,316.9883209032514,-3.2193688410771775
1964-10-01,319.7567936824247,319.7567936824247,319.7567936824247,316.4779824467891,315.93107942552376,317.03637821291545,-3.2788112356356156
1964-11-01,319.82781014464626,319.82781014464626,319.82781014464626,317.7801391970777,317.22626297879765,318.34815713884444,-2.047670947568561
1964-12-01,319.8965357532478,319.8965357532478,319.8965357532478,318.9910931254828,318.4155073631112,319.52821815367196,-0.9054426277650046
1965-01-01,319.9675522154693,319.9675522154693,319.9675522154693,319.9996158085024,319.45193639920666,320.5777321000562,0.0320635930331416
1965-02-01,320.0385686776909,320.0385686776909,320.0385686776909,320.72156917076774,320.1881098338969,321.25972590432013,0.6830004930768628
1965-03-01,320.10271257905237,320.10271257905237,320.10271257905237,321.48104209431443,320.9305466423373,322.03213656611655,1.3783295152620576
1965-04-01,320.1737290412739,320.1737290412739,320.1737290412739,322.78081956251594,322.2199242089901,323.33189340466464,2.6070905212420814
1965-05-01,320.2424546498754,320.2424546498754,320.2424546498754,323.2927848742946,322.72583345153765,323.84666112081305,3.050330224419217
1965-06-01,320.313471112097,320.313471112097,320.313471112097,322.65128332081196,322.06785245991085,323.16819663537814,2.337812208714997
1965-07-01,320.3821967206985,320.3821967206985,320.3821967206985,321.0955409808707,320.5697214534573,321.6477881054076,0.7133442601721515
1965-08-01,320.4532131829201,320.4532131829201,320.4532131829201,319.0445692441495,318.4967365608658,319.60529256324253,-1.4086439387705745
1965-09-01,320.5242296451417,320.5242296451417,320.5242296451417,317.319716988041,316.7775753893447,317.831036381327,-3.204512657100655
1965-10-01,320.5929552537432,320.5929552537432,320.5929552537432,317.2767934004971,316.72603188487886,317.81688025370863,-3.316161853246034
1965-11-01,320.66397171596475,320.66397171596475,320.66397171596475,318.60554603318553,318.06142301973074,319.12595289638506,-2.0584256827792005
1965-12-01,320.73269732456623,320.73269732456623,320.73269732456623,319.8331219995936,319.2559022082782,320.3639209706186,-0.8995753249726397
1966-01-01,320.80371378678785,320.80371378678785,320.80371378678785,320.85135669313894,320.3223518763807,321.41907719091387,0.04764290635108316
1966-02-01,320.8747302490094,320.8747302490094,320.8747302490094,321.55901690794013,321.04950433502626,322.0712672948985,0.6842866589307286
1966-03-01,320.9388741503708,320.9388741503708,320.9388741503708,322.27992510450247,321.71314306312485,322.8306027298343,1.341050954131684
1966-04-01,321.0098906125924,321.0098906125924,321.0098906125924,323.5914421862367,323.07016515979444,324.14850190270283,2.581551573644265
1966-05-01,321.07861622119395,321.07861622119395,321.07861622119395,324.15401353935965,323.6058881355844,324.71438521109997,3.0753973181656886
1966-06-01,321.1496326834155,321.1496326834155,321.1496326834155,323.509241304168,323.00044754651634,324.07641269645546,2.3596086207524696
1966-07-01,321.218358292017,321.218358292017,321.218358292017,321.9469587377229,321.4187800972245,322.4767773536054,0.7286004457058947
1966-08-01,321.3058772095374,321.3058772095374,321.3058772095374,319.912897477297,319.3432910689452,320.43792975747147,-1.3929797322403834
1966-09-01,321.3933961270579,321.3933961270579,321.3933961270579,318.2034391015017,317.66146164672114,318.7452698493572,-3.18995702555618
1966-10-01,321.47809185369056,321.47809185369056,321.47809185369056,318.12477084815856,317.58739933501533,318.6288518167293,-3.3533210055320004
1966-11-01,321.56561077121097,321.56561077121097,321.56561077121097,319.4971658133235,318.9657670927162,320.0061544270601,-2.0684449578874777
1966-12-01,321.65030649784364,321.65030649784364,321.65030649784364,320.75698687473357,320.22610371429164,321.28080136377133,-0.8933196231100927
1967-01-01,321.7378254153641,321.7378254153641,321.7378254153641,321.8007605758887,321.28485398420406,322.3869105718042,0.06293516052462496
1967-02-01,321.8253443328845,321.8253443328845,321.8253443328845,322.51011384753167,321.9880214671076,323.0846136007939,0.6847695146471618
1967-03-01,321.90439367774167,321.90439367774167,321.90439367774167,323.20806796830254,322.6859065820012,323.7407054666726,1.3036742905608865
1967-04-01,321.9919125952621,321.9919125952621,321.9919125952621,324.54865770203423,324.01813564085876,325.1004820864357,2.5567451067721603
1967-05-01,322.07660832189475,322.07660832189475,322.07660832189475,325.17751723306515,324.59588210129067,325.71934396177596,3.1009089111704036
1967-06-01,322.1641272394152,322.1641272394152,322.1641272394152,324.54524009459396,323.9882976153678,325.0659248909134,2.3811128551787193
1967-07-01,322.2488229660479,322.2488229660479,322.2488229660479,322.9923307024867,322.45373081947827,323.5441244316675,0.7435077364387901
1967-08-01,322.3363418835683,322.3363418835683,322.3363418835683,320.958854769971,320.4547756599602,321.52889213412277,-1.3774871135973081
1967-09-01,322.4238608010887,322.4238608010887,322.4238608010887,319.2481618759944,318.68708519370983,319.7610274665516,-3.1756989250942893
1967-10-01,322.5085565277214,322.5085565277214,322.5085565277214,319.1183042742812,318.54040853247005,319.64789725577987,-3.390252253440252
1967-11-01,322.5960754452418,322.5960754452418,322.5960754452418,320.51835059926964,319.9468712222257,321.0773150862166,-2.0777248459721505
1967-12-01,322.6807711718745,322.6807711718745,322.6807711718745,321.7940699123376,321.26894658818014,322.35872450622895,-0.8867012595368818
1968-01-01,322.76829008939495,322.76829008939495,322.76829008939495,322.8461983490242,322.3144701353192,323.4217464393935,0.07790825962924468
1968-02-01,322.85580900691536,322.85580900691536,322.85580900691536,323.5402507962394,322.98564436224535,324.07598861176115,0.6844417893240217
1968-03-01,322.9376815426603,322.9376815426603,322.9376815426603,324.3531508047473,323.7669695398213,324.9098651432126,1.4154692620870097
1968-04-01,323.02520046018077,323.02520046018077,323.02520046018077,325.6585383416566,325.1030213030215,326.2391059307687,2.6333378814758195
1968-05-01,323.10989618681344,323.10989618681344,323.10989618681344,326.13563167933665,325.54874651343965,326.71254634408666,3.0257354925231885
1968-06-01,323.1974151043338,323.1974151043338,323.1974151043338,325.51316062595646,324.95589583272744,326.08386784060707,2.3157455216226555
1968-07-01,323.29065274180306,323.29065274180306,323.29065274180306,323.9883952936077,323.4294058282527,324.5372245852424,0.697742551804667
1968-08-01,323.3869983005213,323.3869983005213,323.3869983005213,321.96251776469927,321.4094647984894,322.492110089997,-1.4244805358220356
1968-09-01,323.48334385923954,323.48334385923954,323.48334385923954,320.26397501816234,319.7390897803239,320.8435820891637,-3.2193688410771775
1968-10-01,323.5765814967088,323.5765814967088,323.5765814967088,320.29777026107314,319.7605209868269,320.8251956657787,-3.278811235635637
1968-11-01,323.67292705542707,323.67292705542707,323.67292705542707,321.6252561078585,321.1314087700677,322.1206919715213,-2.0476709475685677
1968-12-01,323.76616469289627,323.76616469289627,323.76616469289627,322.86072206513126,322.356112469447,323.39229174014105,-0.9054426277650043
1969-01-01,323.86251025161454,323.86251025161454,323.86251025161454,323.8945738446477,323.33239609077236,324.4754447815347,0.032063593033161315
1969-02-01,323.95885581033275,323.95885581033275,323.95885581033275,324.6418563034096,324.1098803290137,325.24487991781973,0.683000493076857
1969-03-01,324.04587760530404,324.04587760530404,324.04587760530404,325.4242071205661,324.8784421326992,325.97194444172067,1.3783295152620525
1969-04-01,324.1422231640223,324.1422231640223,324.1422231640223,326.7493136852644,326.18286659080127,327.2688291512705,2.607090521242075
1969-05-01,324.23546080149157,324.23546080149157,324.23546080149157,327.2857910259108,326.7545864718846,327.7789972158625,3.0503302244192225
1969-06-01,324.3318063602098,324.3318063602098,324.3318063602098,326.66961856892476,326.0966150648128,327.21037116234453,2.337812208714985
1969-07-01,324.42504399767904,324.42504399767904,324.42504399767904,325.1383882578512,324.56721625060607,325.6624282257517,0.7133442601721536
1969-08-01,324.52138955639725,324.52138955639725,324.52138955639725,323.1127456176267,322.620730059318,323.68441824755575,-1.4086439387705743
1969-09-01,324.6177351151155,324.6177351151155,324.6177351151155,321.4132224580149,320.85077130612945,321.9249111698245,-3.204512657100641
1969-10-01,324.7109727525848,324.7109727525848,324.7109727525848,321.3948108993388,320.8785884811155,321.96796231837993,-3.3161618532459993
1969-11-01,324.807318311303,324.807318311303,324.807318311303,322.7488926285238,322.21859973712066,323.2192243157377,-2.0584256827791974
1969-12-01,324.90055594877225,324.90055594877225,324.90055594877225,324.0009806237996,323.44782461081445,324.52732416755845,-0.8995753249726325
1970-01-01,324.9969015074905,324.9969015074905,324.9969015074905,325.0445444138416,324.5033384176691,325.55276259238053,0.04764290635106782
1970-02-01,325.09324706620873,325.09324706620873,325.09324706620873,325.77753372513945,325.22947065754363,326.3172565722463,0.6842866589307277
1970-03-01,325.18026886118,325.18026886118,325.18026886118,326.5213198153117,326.01500773018523,327.0364126635172,1.3410509541317017
1970-04-01,325.2766144198983,325.2766144198983,325.2766144198983,327.85816599354257,327.3037730233606,328.3687867061072,2.5815515736442696
1970-05-01,325.3698520573675,325.3698520573675,325.3698520573675,328.4452493755332,327.8970332780112,328.9541134025755,3.0753973181656913
1970-06-01,325.46619761608576,325.46619761608576,325.46619761608576,327.8258062368382,327.2742551081883,328.3828035951991,2.35960862075248
1970-07-01,325.55385654950834,325.55385654950834,325.55385654950834,326.28245699521426,325.7305887437823,326.851224880087,0.728600445705895
1970-08-01,325.6444374473783,325.6444374473783,325.6444374473783,324.2514577151379,323.6940921954235,324.808613005298,-1.3929797322403956
1970-09-01,325.73501834524836,325.73501834524836,325.73501834524836,322.5450613196922,322.04386607360124,323.1091066861238,-3.189957025556181
1970-10-01,325.8226772786709,325.8226772786709,325.8226772786709,322.4693562731389,321.9434930942079,323.05339383942976,-3.3533210055320053
1970-11-01,325.9132581765409,325.9132581765409,325.9132581765409,323.8448132186534,323.29564669232104,324.3952173813977,-2.0684449578874813
1970-12-01,326.0009171099635,326.0009171099635,326.0009171099635,325.1075974868534,324.54735486500715,325.63559107299204,-0.8933196231100944
1971-01-01,326.09149800783354,326.09149800783354,326.09149800783354,326.1544331683582,325.60443474931566,326.6849906067859,0.06293516052463917
1971-02-01,326.18207890570346,326.18207890570346,326.18207890570346,326.8668484203506,326.308860180854,327.4034458098661,0.6847695146471647
1971-03-01,326.2638939102313,326.2638939102313,326.2638939102313,327.56756820079215,327.0071516847862,328.1608656909399,1.3036742905608736
1971-04-01,326.35447480810126,326.35447480810126,326.35447480810126,328.9112199148734,328.3399452489465,329.47753383233317,2.556745106772159
1971-05-01,326.44213374152383,326.44213374152383,326.44213374152383,329.5430426526942,328.9747500452125,330.0987630213205,3.1009089111704116
1971-06-01,326.5327146393938,326.5327146393938,326.5327146393938,328.91382749457256,328.36286494344785,329.48074148035295,2.3811128551787246
1971-07-01,326.6203735728164,326.6203735728164,326.6203735728164,327.3638813092552,326.830166016823,327.88749854892814,0.7435077364387996
1971-08-01,326.71095447068643,326.71095447068643,326.71095447068643,325.3334673570891,324.79180622499837,325.88920267195755,-1.377487113597317
1971-09-01,326.80153536855636,326.80153536855636,326.80153536855636,323.62583644346205,323.10235956179037,324.2333861799849,-3.175698925094286
1971-10-01,326.889194301979,326.889194301979,326.889194301979,323.4989420485387,322.95531235290264,324.03905619085197,-3.3902522534402553
1971-11-01,326.979775199849,326.979775199849,326.979775199849,324.9020503538768,324.34209723883237,325.42108852704104,-2.077724845972151
1971-12-01,327.0674341332716,327.0674341332716,327.0674341332716,326.1807328737347,325.6209968878181,326.72623601943945,-0.8867012595368825
1972-01-01,327.15801503114153,327.15801503114153,327.15801503114153,327.23592329077076,326.6997308338806,327.78919548301104,0.07790825962923298
1972-02-01,327.24859592901157,327.24859592901157,327.24859592901157,327.9330377183356,327.39917928217164,328.46724493292527,0.6844417893240219
1972-03-01,327.33333289798674,327.33333289798674,327.33333289798674,328.74880216007375,328.24329248058797,329.32027872544967,1.4154692620869997
1972-04-01,327.4239137958567,327.4239137958567,327.4239137958567,330.05725167733254,329.570651081538,330.5979775699837,2.6333378814758026
1972-05-01,327.5115727292793,327.5115727292793,327.5115727292793,330.5373082218025,329.9452865641003,331.12101221325906,3.0257354925231907
1972-06-01,327.63226287091663,327.63226287091663,327.63226287091663,329.9480083925393,329.3991324190131,330.4457439476109,2.3157455216226652
1972-07-01,327.74905978217856,327.74905978217856,327.74905978217856,328.44680233398327,327.90791505132887,329.0322066030032,0.6977425518046808
1972-08-01,327.86974992381596,327.86974992381596,327.86974992381596,326.4452693879939,325.87169176229065,327.01176894001884,-1.4244805358220423
1972-09-01,327.99044006545324,327.99044006545324,327.99044006545324,324.77107122437604,324.25455927773316,325.3070537368943,-3.2193688410771815
1972-10-01,328.1072369767152,328.1072369767152,328.1072369767152,324.82842574107957,324.262662337007,325.3374465464788,-3.278811235635642
1972-11-01,328.22792711835257,328.22792711835257,328.22792711835257,326.180256170784,325.6532174761092,326.7453491660471,-2.047670947568564
1972-12-01,328.3447240296145,328.3447240296145,328.3447240296145,327.4392814018495,326.8987912993936,328.01170595565304,-0.9054426277650045
1973-01-01,328.46541417125184,328.46541417125184,328.46541417125184,328.497477764285,327.9917461560264,329.01107763059844,0.03206359303317597
1973-02-01,328.5861043128892,328.5861043128892,328.5861043128892,329.26910480596604,328.7241508363148,329.8560855528147,0.6830004930768571
1973-03-01,328.69511476340034,328.69511476340034,328.69511476340034,330.0734442786624,329.5299665395721,330.6334023212998,1.3783295152620412
1973-04-01,328.8158049050377,328.8158049050377,328.8158049050377,331.42289542627975,330.86787286483843,331.9300923850901,2.607090521242063
1973-05-01,328.9326018162996,328.9326018162996,328.9326018162996,331.9829320407188,331.45474320645286,332.53029134248317,3.0503302244192327
1973-06-01,329.053291957937,329.053291957937,329.053291957937,331.391104166652,330.83646440417556,331.9677903013796,2.3378122087149915
1973-07-01,329.17008886919893,329.17008886919893,329.17008886919893,329.8834331293711,329.39909650935607,330.4123229102091,0.7133442601721527
1973-08-01,329.2907790108363,329.2907790108363,329.2907790108363,327.8821350720657,327.3323559524875,328.3951430023001,-1.408643938770572
1973-09-01,329.41146915247367,329.41146915247367,329.41146915247367,326.20695649537305,325.6303561651663,326.7416778649752,-3.2045126571006435
1973-10-01,329.5282660637356,329.5282660637356,329.5282660637356,326.2121042104896,325.6633451278829,326.7428789318379,-3.316161853245988
1973-11-01,329.64895620537294,329.64895620537294,329.64895620537294,327.5905305225937,327.0765946822036,328.1894692015828,-2.058425682779189
1973-12-01,329.76575311663487,329.76575311663487,329.76575311663487,328.8661777916622,328.342765452986,329.3905038400154,-0.8995753249726411
1974-01-01,329.8864432582722,329.8864432582722,329.8864432582722,329.93408616462324,329.3742146087833,330.45974254533724,0.0476429063510525
1974-02-01,330.00713339990955,330.00713339990955,330.00713339990955,330.69142005884027,330.1421853568034,331.2402614012172,0.6842866589307329
1974-03-01,330.1161438504207,330.1161438504207,330.1161438504207,331.45719480455244,330.9303244131211,332.0262628282891,1.341050954131734
1974-04-01,330.23683399205805,330.23683399205805,330.23683399205805,332.81838556570233,332.29128975789604,333.3570993413143,2.581551573644282
1974-05-01,330.35363090332004,330.35363090332004,330.35363090332004,333.42902822148574,332.8870516121434,334.0149909129892,3.075397318165699
1974-06-01,330.42381166787936,330.42381166787936,330.42381166787936,332.7834202886319,332.2292568455992,333.33035273488537,2.359608620752499
1974-07-01,330.4917285368078,330.4917285368078,330.4917285368078,331.2203289825137,330.68918055113795,331.7554330611637,0.728600445705919
1974-08-01,330.56190930136717,330.56190930136717,330.56190930136717,329.16892956912676,328.6377177919368,329.7520984067354,-1.3929797322403776
1974-09-01,330.6320900659265,330.6320900659265,330.6320900659265,327.4421330403703,326.90460671264896,327.9662859260426,-3.1899570255561933
1974-10-01,330.70000693485485,330.70000693485485,330.70000693485485,327.34668592932286,326.78552461686695,327.89225704048886,-3.353321005532012
1974-11-01,330.77018769941424,330.77018769941424,330.77018769941424,328.70174274152674,328.1607868554126,329.23781581029164,-2.068444957887488
1974-12-01,330.83810456834266,330.83810456834266,330.83810456834266,329.9447849452326,329.36438735484137,330.4677982741435,-0.8933196231100947
1975-01-01,330.908285332902,330.908285332902,330.908285332902,330.97122049342664,330.4703763302997,331.53468474350285,0.06293516052465863
1975-02-01,330.97846609746136,330.97846609746136,330.97846609746136,331.6632356121085,331.14606135034336,332.19782916664997,0.684769514647165
1975-03-01,331.04185517512786,331.04185517512786,331.04185517512786,332.34552946568874,331.835614474362,332.87812744451537,1.3036742905608663
1975-04-01,331.1120359396872,331.1120359396872,331.1120359396872,333.66878104645934,333.1096583069711,334.2177046676151,2.5567451067721603
1975-05-01,331.1799528086156,331.1799528086156,331.1799528086156,334.280861719786,333.76311978500917,334.81112303664963,3.1009089111704147
1975-06-01,331.25013357317494,331.25013357317494,331.25013357317494,333.6312464283536,333.0755915948207,334.2155348373302,2.3811128551787104
1975-07-01,331.31805044210336,331.31805044210336,331.31805044210336,332.06155817854216,331.48195043751434,332.59920575494243,0.7435077364387978
1975-08-01,331.38823120666274,331.38823120666274,331.38823120666274,330.0107440930654,329.43498996249843,330.55484406876553,-1.3774871135973177
1975-09-01,331.45841197122206,331.45841197122206,331.45841197122206,328.2827130461278,327.73709905198996,328.8073411990495,-3.175698925094273
1975-10-01,331.5263288401505,331.5263288401505,331.5263288401505,328.1360765867102,327.5670891965698,328.6754496226843,-3.390252253440267
1975-11-01,331.59650960470987,331.59650960470987,331.59650960470987,329.5187847587377,328.965571095546,330.06677635431095,-2.0777248459721522
1975-12-01,331.66442647363823,331.66442647363823,331.66442647363823,330.77772521410134,330.21517640144356,331.32278284952304,-0.8867012595369023
1976-01-01,331.73460723819755,331.73460723819755,331.73460723819755,331.8125154978268,331.28092193203247,332.33158233674544,0.07790825962923217
1976-02-01,331.80478800275694,331.80478800275694,331.80478800275694,332.48922979208095,332.0059963064693,333.04992424438547,0.6844417893240218
1976-03-01,331.8704409760544,331.8704409760544,331.8704409760544,333.2859102381414,332.7349019175652,333.8285247781617,1.415469262086991
1976-04-01,331.9406217406137,331.9406217406137,331.9406217406137,334.57395962208955,334.04550397081454,335.09016239032405,2.633337881475804
1976-05-01,332.00853860954214,332.00853860954214,332.00853860954214,335.03427410206535,334.4641275076035,335.5893647789594,3.025735492523204
1976-06-01,332.14570829833593,332.14570829833593,332.14570829833593,334.4614538199586,333.93242174654716,335.0134244965849,2.3157455216226603
1976-07-01,332.278453158459,332.278453158459,332.278453158459,332.97619571026365,332.40641132908974,333.5165947399035,0.6977425518046713
1976-08-01,332.41562284725273,332.41562284725273,332.41562284725273,330.9911423114307,330.4535980452028,331.55644710429334,-1.4244805358220396
1976-09-01,332.5527925360466,332.5527925360466,332.5527925360466,329.3334236949694,328.7923776465895,329.89024254260886,-3.219368841077178
1976-10-01,332.6855373961696,332.6855373961696,332.6855373961696,329.40672616053394,328.87641507461285,329.9530559140888,-3.278811235635636
1976-11-01,332.8227070849634,332.8227070849634,332.8227070849634,330.7750361373948,330.2593567080344,331.3326243240736,-2.047670947568563
1976-12-01,332.95545194508645,332.95545194508645,332.95545194508645,332.05000931732144,331.5238791422836,332.59783922616725,-0.9054426277649963
1977-01-01,333.0926216338802,333.0926216338802,333.0926216338802,333.12468522691336,332.57149143232135,333.6530904568571,0.032063593033168254
1977-02-01,333.22979132267403,333.22979132267403,333.22979132267403,333.9127918157509,333.3516906785079,334.4466564937766,0.683000493076867
1977-03-01,333.3536865254555,333.3536865254555,333.3536865254555,334.7320160407175,334.19167696502655,335.26912649267746,1.3783295152620236
1977-04-01,333.49085621424933,333.49085621424933,333.49085621424933,336.0979467354914,335.54045032067194,336.6927171460367,2.6070905212420623
1977-05-01,333.62360107437235,333.62360107437235,333.62360107437235,336.67393129879156,336.1445698904165,337.24875733030945,3.0503302244192305
1977-06-01,333.76077076316614,333.76077076316614,333.76077076316614,336.0985829718811,335.5658030426228,336.6788001113548,2.337812208715001
1977-07-01,333.89351562328915,333.89351562328915,333.89351562328915,334.6068598834613,334.0437289966368,335.1526920602209,0.7133442601721374
1977-08-01,334.03068531208294,334.03068531208294,334.03068531208294,332.62204137331236,332.09468076933365,333.13011454059534,-1.4086439387705754
1977-09-01,334.1678550008767,334.1678550008767,334.1678550008767,330.96334234377605,330.413134635998,331.48324100063434,-3.2045126571006652
1977-10-01,334.3005998609998,334.3005998609998,334.3005998609998,330.98443800775385,330.4338359744052,331.52201014695584,-3.31616185324593
1977-11-01,334.4377695497936,334.4377695497936,334.4377695497936,332.3793438670144,331.81636115494683,332.9047553119434,-2.058425682779185
1977-12-01,334.57051440991665,334.57051440991665,334.57051440991665,333.670939084944,333.106457161056,334.20715925210914,-0.8995753249726408
1978-01-01,334.7076840987104,334.7076840987104,334.7076840987104,334.7553270050614,334.20792958507684,335.2905574670852,0.047642906351037184
1978-02-01,334.84485378750423,334.84485378750423,334.84485378750423,335.52914044643495,334.97873049637127,336.08301681688687,0.6842866589307319
1978-03-01,334.9687489902857,334.9687489902857,334.9687489902857,336.3097999444175,335.73472168469937,336.8543610486661,1.3410509541317688
1978-04-01,335.10591867907954,335.10591867907954,335.10591867907954,337.68747025272387,337.1578057592978,338.2163809880583,2.58155157364432
1978-05-01,335.23614509862927,335.23614509862927,335.23614509862927,338.3115424167949,337.7901855128683,338.86182060672144,3.0753973181656593
1978-06-01,335.37071239883056,335.37071239883056,335.37071239883056,337.730321019583,337.1459305004638,338.25778345428455,2.3596086207524296
1978-07-01,335.5009388183803,335.5009388183803,335.5009388183803,336.22953926408616,335.6897226181169,336.7631514122915,0.7286004457058846
1978-08-01,335.63550611858165,335.63550611858165,335.63550611858165,334.24252638634124,333.6913675173517,334.7939187386256,-1.3929797322404112
1978-09-01,335.770073418783,335.770073418783,335.770073418783,332.58011639322683,332.0657317841418,333.12776206452247,-3.189957025556178
1978-10-01,335.9002998383327,335.9002998383327,335.9002998383327,332.54697883280073,332.0125798550457,333.117636236938,-3.3533210055319866
1978-11-01,336.0348671385341,336.0348671385341,336.0348671385341,333.9664221806466,333.4477460059865,334.4884945835317,-2.068444957887474
1978-12-01,336.1650935580838,336.1650935580838,336.1650935580838,335.27177393497374,334.7420988894894,335.8224184834106,-0.8933196231100805
1979-01-01,336.2996608582851,336.2996608582851,336.2996608582851,336.3625960188097,335.8269410122644,336.8641782052498,0.06293516052462458
1979-02-01,336.4342281584865,336.4342281584865,336.4342281584865,337.11899767313366,336.55252906810307,337.66790264631913,0.6847695146471634
1979-03-01,336.5557728167329,336.5557728167329,336.5557728167329,337.85944710729376,337.37174113631147,338.3907766323325,1.303674290560862
1979-04-01,336.6903401169343,336.6903401169343,336.6903401169343,339.24708522370645,338.70635308785995,339.7618836051726,2.556745106772159
1979-05-01,336.82056653648397,336.82056653648397,336.82056653648397,339.92147544765436,339.4097507278911,340.44176979354097,3.100908911170412
1979-06-01,336.9551338366853,336.9551338366853,336.9551338366853,339.336246691864,338.8030053054778,339.8928339103148,2.3811128551787073
1979-07-01,337.085360256235,337.085360256235,337.085360256235,337.8288679926738,337.2703471788841,338.3428525378226,0.7435077364387941
1979-08-01,337.2199275564364,337.2199275564364,337.2199275564364,335.8424404428391,335.2473085112341,336.3882609047505,-1.3774871135972728
1979-09-01,337.35449485663776,337.35449485663776,337.35449485663776,334.1787959315435,333.6254509188416,334.7041412780351,-3.175698925094279
1979-10-01,337.48472127618743,337.48472127618743,337.48472127618743,334.09446902274715,333.53747208378365,334.59724810794944,-3.3902522534403
1979-11-01,337.61928857638884,337.61928857638884,337.61928857638884,335.54156373041667,334.9967076910235,336.0803365426845,-2.0777248459721465
1979-12-01,337.7495149959385,337.7495149959385,337.7495149959385,336.8628137364016,336.30862595505494,337.3839637599176,-0.8867012595368986
1980-01-01,337.88408229613987,337.88408229613987,337.88408229613987,337.96199055576915,337.4116211293903,338.4949310946466,0.07790825962927131
1980-02-01,338.0186495963412,338.0186495963412,338.0186495963412,338.70309138566523,338.14585411300646,339.28276616711537,0.6844417893240183
1980-03-01,338.14453513523927,338.14453513523927,338.14453513523927,339.5600043973262,338.9742710153062,340.1174464417775,1.4154692620869556
1980-04-01,338.2791024354406,338.2791024354406,338.2791024354406,340.9124403169164,340.368734144001,341.47990643192975,2.6333378814757915
1980-05-01,338.3890262919469,338.3890262919469,338.3890262919469,341.4147617844701,340.91109134869924,341.9752399143777,3.0257354925231983
1980-06-01,338.5026142770033,338.5026142770033,338.5026142770033,340.81835979862603,340.2632306458845,341.38411331040146,2.315745521622694
1980-07-01,338.6125381335096,338.6125381335096,338.6125381335096,339.31028068531424,338.7709785814352,339.8886333406114,0.6977425518046346
1980-08-01,338.7261261185661,338.7261261185661,338.7261261185661,337.30164558274413,336.80163644680584,337.84786844270315,-1.4244805358220054
1980-09-01,338.83971410362255,338.83971410362255,338.83971410362255,335.62034526254536,335.06373489989636,336.18732774120906,-3.219368841077185
1980-10-01,338.9496379601288,338.9496379601288,338.9496379601288,335.67082672449317,335.0527616568411,336.1961166429245,-3.2788112356356485
1980-11-01,339.0632259451853,339.0632259451853,339.0632259451853,337.01555499761673,336.48448212581627,337.5988257493778,-2.047670947568571
1980-12-01,339.1731498016916,339.1731498016916,339.1731498016916,338.2677071739266,337.7176163432463,338.8169471306163,-0.9054426277649694
1981-01-01,339.286737786748,339.286737786748,339.286737786748,339.3188013797812,338.7537332812002,339.8744671674026,0.03206359303316583
1981-02-01,339.4003257718045,339.4003257718045,339.4003257718045,340.08332626488135,339.59110601884083,340.63654166947407,0.6830004930768699
1981-03-01,339.50292137121033,339.50292137121033,339.50292137121033,340.88125088647234,340.3381311120621,341.46193993867644,1.3783295152620367
1981-04-01,339.61650935626676,339.61650935626676,339.61650935626676,342.2235998775088,341.6058069525859,342.76256605654635,2.6070905212420374
1981-05-01,339.72643321277303,339.72643321277303,339.72643321277303,342.7767634371923,342.2388302910353,343.28828101126226,3.0503302244192643
1981-06-01,339.84002119782957,339.84002119782957,339.84002119782957,342.17783340654455,341.66336964141067,342.69081942388516,2.337812208714971
1981-07-01,339.9499450543358,339.9499450543358,339.9499450543358,340.66328931450795,340.10998621461744,341.1961240277869,0.7133442601721827
1981-08-01,340.06353303939227,340.06353303939227,340.06353303939227,338.6548891006217,338.093880617643,339.22442134719165,-1.4086439387705638
1981-09-01,340.17712102444875,340.17712102444875,340.17712102444875,336.97260836734813,336.40823250726606,337.5003730083824,-3.204512657100615
1981-10-01,340.287044880955,340.287044880955,340.287044880955,336.970883027709,336.39619395647253,337.5333589088792,-3.3161618532460144
1981-11-01,340.40063286601145,340.40063286601145,340.40063286601145,338.34220718323223,337.8092569092175,338.91400265186655,-2.0584256827792027
1981-12-01,340.5105567225177,340.5105567225177,340.5105567225177,339.6109813975451,339.0665119079648,340.15223056310646,-0.8995753249726293
1982-01-01,340.6241447075742,340.6241447075742,340.6241447075742,340.6717876139253,340.129860559063,341.24193034550416,0.047642906351070775
1982-02-01,340.7377326926307,340.7377326926307,340.7377326926307,341.4220193515614,340.8451980183943,341.9077487592237,0.6842866589307283
1982-03-01,340.8403282920365,340.8403282920365,340.8403282920365,342.18137924616815,341.6312200958823,342.7032112879194,1.3410509541316706
1982-04-01,340.953916277093,340.953916277093,340.953916277093,343.5354678507373,343.02302974690934,344.1344687348042,2.581551573644277
1982-05-01,341.0803252394278,341.0803252394278,341.0803252394278,344.15572255759355,343.5718839954369,344.6922359713723,3.0753973181657415
1982-06-01,341.21094783384046,341.21094783384046,341.21094783384046,343.570556454593,343.0442362076211,344.1175163016873,2.3596086207524904
1982-07-01,341.3373567961753,341.3373567961753,341.3373567961753,342.0659572418812,341.5148720690353,342.67228339550064,0.7286004457059267
1982-08-01,341.46797939058797,341.46797939058797,341.46797939058797,340.0749996583476,339.55853808803005,340.6547041205544,-1.3929797322403341
1982-09-01,341.5986019850006,341.5986019850006,341.5986019850006,338.4086449594444,337.8608688518092,338.9407403604833,-3.189957025556166
1982-10-01,341.7250109473354,341.7250109473354,341.7250109473354,338.37168994180337,337.83587075842206,338.8850583038136,-3.353321005532072
1982-11-01,341.8556335417481,341.8556335417481,341.8556335417481,339.7871885838606,339.2565489148185,340.2867090041083,-2.0684449578874937
1982-12-01,341.98204250408287,341.98204250408287,341.98204250408287,341.0887228809728,340.5619506785671,341.59877462865546,-0.8933196231100995
1983-01-01,342.11266509849554,342.11266509849554,342.11266509849554,342.17560025902026,341.6402313605771,342.7098747713715,0.06293516052471868
1983-02-01,342.2432876929082,342.2432876929082,342.2432876929082,342.9280572075554,342.41892373412674,343.4885224517694,0.6847695146471755
1983-03-01,342.3612693910874,342.3612693910874,342.3612693910874,343.6649436816482,343.0824550150371,344.2145619732669,1.303674290560839
1983-04-01,342.49189198550005,342.49189198550005,342.49189198550005,345.04863709227214,344.5087725032043,345.60145715983015,2.556745106772122
1983-05-01,342.6183009478348,342.6183009478348,342.6183009478348,345.7192098590053,345.16568422766176,346.2357305912625,3.100908911170435
1983-06-01,342.7489235422475,342.7489235422475,342.7489235422475,345.13003639742624,344.5985795718501,345.70235985941036,2.3811128551787317
1983-07-01,342.87533250458233,342.87533250458233,342.87533250458233,343.61884024102113,343.09337492308185,344.153823375918,0.7435077364387991
1983-08-01,343.005955098995,343.005955098995,343.005955098995,341.6284679853977,341.1067879891438,342.17130258220243,-1.377487113597274
1983-09-01,343.1365776934076,343.1365776934076,343.1365776934076,339.96087876831336,339.42005425731986,340.51779675928185,-3.175698925094238
1983-10-01,343.26298665574245,343.26298665574245,343.26298665574245,339.87273440230217,339.33707800751813,340.41786262997425,-3.3902522534402966
1983-11-01,343.39360925015507,343.39360925015507,343.39360925015507,341.3158844041829,340.7587577210701,341.82954594069975,-2.0777248459721633
1983-12-01,343.5200182124899,343.5200182124899,343.5200182124899,342.633316952953,342.0854850991435,343.1853004571923,-0.886701259536887
1984-01-01,343.6506408069026,343.6506408069026,343.6506408069026,343.7285490665318,343.19955185084336,344.2324298323226,0.07790825962924279
1984-02-01,343.78126340131524,343.78126340131524,343.78126340131524,344.46570519063926,343.92356280267046,344.97288303090164,0.684441789324013
1984-03-01,343.90345873157224,343.90345873157224,343.90345873157224,345.3189279936592,344.78054784076494,345.8847352634824,1.4154692620869642
1984-04-01,344.0223948983933,344.0223948983933,344.0223948983933,346.65573277986914,346.11536206525733,347.2133926773311,2.633337881475843
1984-05-01,344.1374944146718,344.1374944146718,344.1374944146718,347.163229907195,346.5659190491859,347.72370289463777,3.0257354925231925
1984-06-01,344.2564305814928,344.2564305814928,344.2564305814928,346.5721761031155,345.99706708088087,347.1332314368903,2.3157455216227296
1984-07-01,344.37153009777126,344.37153009777126,344.37153009777126,345.0692726495759,344.50213626929866,345.64414855141706,0.6977425518046589
1984-08-01,344.4904662645923,344.4904662645923,344.4904662645923,343.06598572877033,342.49311361773675,343.6263306110815,-1.4244805358219856
1984-09-01,344.6094024314134,344.6094024314134,344.6094024314134,341.39003359033626,340.83838055777346,341.9382304651863,-3.2193688410771544
1984-10-01,344.72450194769186,344.72450194769186,344.72450194769186,341.4456907120562,340.9031045713596,342.0160410410008,-3.2788112356356836
1984-11-01,344.8434381145129,344.8434381145129,344.8434381145129,342.7957671669443,342.25594910472915,343.33242276273575,-2.047670947568596
1984-12-01,344.95853763079134,344.95853763079134,344.95853763079134,344.0530950030263,343.504696818349,344.5944027540242,-0.9054426277650375
1985-01-01,345.0774737976124,345.0774737976124,345.0774737976124,345.10953739064564,344.57103174455153,345.6370941278213,0.032063593033218554
1985-02-01,345.1964099644335,345.1964099644335,345.1964099644335,345.87941045751035,345.33043565382593,346.4261831230741,0.6830004930768651
1985-03-01,345.30383617962667,345.30383617962667,345.30383617962667,346.6821656948887,346.1228568753998,347.25102265451335,1.3783295152620123
1985-04-01,345.42277234644774,345.42277234644774,345.42277234644774,348.0298628676899,347.46667494119475,348.58361040775367,2.6070905212422106
1985-05-01,345.5378718627262,345.5378718627262,345.5378718627262,348.58820208714536,347.99477113056327,349.13116723105446,3.0503302244191612
1985-06-01,345.6568080295473,345.6568080295473,345.6568080295473,347.9946202382622,347.4536901856479,348.5453639516171,2.337812208714947
1985-07-01,345.77190754582574,345.77190754582574,345.77190754582574,346.48525180599785,345.93133857356725,347.0124867023547,0.7133442601720912
1985-08-01,345.89084371264676,345.89084371264676,345.89084371264676,344.4821997738762,343.9153310392195,345.03238674611435,-1.4086439387705978
1985-09-01,346.0097798794678,346.0097798794678,346.0097798794678,342.80526722236715,342.2828149099818,343.36063217928614,-3.2045126571006755
1985-10-01,346.1248793957463,346.1248793957463,346.1248793957463,342.80871754250035,342.2785361857709,343.37802589930686,-3.3161618532459336
1985-11-01,346.24381556256736,346.24381556256736,346.24381556256736,344.1853898797882,343.65826050718067,344.7406862978872,-2.0584256827791827
1985-12-01,346.3589150788458,346.3589150788458,346.3589150788458,345.4593397538732,344.90491008463476,346.0329273763348,-0.8995753249726084
1986-01-01,346.47785124566684,346.47785124566684,346.47785124566684,346.52549415201787,346.0118860794272,347.0859660436124,0.0476429063510065
1986-02-01,346.5967874124879,346.5967874124879,346.5967874124879,347.28107407141863,346.70380334570706,347.79864369816556,0.6842866589307335
1986-03-01,346.70421362768116,346.70421362768116,346.70421362768116,348.045264581813,347.4746620286181,348.59691213532966,1.341050954131844
1986-04-01,346.87279519010616,346.87279519010616,346.87279519010616,349.45434676375055,348.8994171028378,350.0007976190282,2.5815515736443726
1986-05-01,347.0359386376142,347.0359386376142,347.0359386376142,350.1113359557798,349.586045474259,350.6760192306531,3.0753973181655985
1986-06-01,347.20452020003916,347.20452020003916,347.20452020003916,349.56412882079155,349.00686044112774,350.072988689916,2.359608620752374
1986-07-01,347.3676636475472,347.3676636475472,347.3676636475472,348.096264093253,347.54370894352684,348.6559958357586,0.728600445705821
1986-08-01,347.53624520997226,347.53624520997226,347.53624520997226,346.1432654777318,345.5791629650471,346.66454071295203,-1.3929797322404798
1986-09-01,347.70482677239727,347.70482677239727,347.70482677239727,344.51486974684104,343.9679489707845,345.03620885840706,-3.18995702555625
1986-10-01,347.86797021990526,347.86797021990526,347.86797021990526,344.5146492143734,344.00889382216013,345.1058138463566,-3.3533210055318934
1986-11-01,348.03655178233026,348.03655178233026,348.03655178233026,345.9681068244428,345.450147173443,346.53456795865094,-2.0684449578874604
1986-12-01,348.1996952298383,348.1996952298383,348.1996952298383,347.30637560672824,346.74747521284104,347.803302827548,-0.893319623110096
1987-01-01,348.3682767922633,348.3682767922633,348.3682767922633,348.43121195278786,347.87206492240546,348.99751513568555,0.06293516052456677
1987-02-01,348.5368583546883,348.5368583546883,348.5368583546883,349.22162786933546,348.6431637483163,349.76300491023443,0.6847695146471641
1987-03-01,348.68912557236246,348.68912557236246,348.68912557236246,349.99279986292333,349.4533911278784,350.5425687837526,1.3036742905608956
1987-04-01,348.85770713478746,348.85770713478746,348.85770713478746,351.4144522415596,350.87148714352816,351.96748652854336,2.5567451067721407
1987-05-01,349.0208505822955,349.0208505822955,349.0208505822955,352.12175949346596,351.59169636325777,352.7001642962578,3.1009089111704418
1987-06-01,349.1894321447205,349.1894321447205,349.1894321447205,351.5705449998993,350.9880090626115,352.1249423953439,2.381112855178814
1987-07-01,349.35257559222856,349.35257559222856,349.35257559222856,350.0960833286673,349.5770009930555,350.61040658434115,0.7435077364387396
1987-08-01,349.52115715465357,349.52115715465357,349.52115715465357,348.1436700410563,347.6084618369308,348.7196091422951,-1.3774871135972668
1987-09-01,349.6897387170785,349.6897387170785,349.6897387170785,346.5140397919842,345.94346246393314,347.02037230641935,-3.1756989250943066
1987-10-01,349.85288216458656,349.85288216458656,349.85288216458656,346.4626299111462,345.88596260916256,347.0199450775157,-3.3902522534403468
1987-11-01,350.02146372701156,350.02146372701156,350.02146372701156,347.9437388810394,347.4212475602851,348.4942713585209,-2.0777248459721527
1987-12-01,350.18460717451967,350.18460717451967,350.18460717451967,349.2979059149828,348.80009232227474,349.8233679721127,-0.8867012595368979
1988-01-01,350.3531887369446,350.3531887369446,350.3531887369446,350.43109699657384,349.879045807811,351.00989994162245,0.0779082596292043
1988-02-01,350.5217702993696,350.5217702993696,350.5217702993696,351.20621208869363,350.6386949630765,351.77573118874847,0.6844417893240173
1988-03-01,350.6794756319607,350.6794756319607,350.6794756319607,352.09494489404767,351.54206636276245,352.6447562706422,1.415469262086981
1988-04-01,350.8253642321942,350.8253642321942,350.8253642321942,353.45870211367,352.89764387644635,353.950010598643,2.6333378814757524
1988-05-01,350.9665467485492,350.9665467485492,350.9665467485492,353.9922822410724,353.44970250866515,354.5180996878213,3.0257354925231965
1988-06-01,351.11243534878275,351.11243534878275,351.11243534878275,353.42818087040536,352.86476198537105,353.9726795670992,2.3157455216226253
1988-07-01,351.25361786513776,351.25361786513776,351.25361786513776,351.9513604169424,351.40351764857417,352.46599561391776,0.6977425518046654
1988-08-01,351.39950646537125,351.39950646537125,351.39950646537125,349.97502592954925,349.42688297881585,350.4956060663861,-1.424480535821996
1988-09-01,351.54539506560474,351.54539506560474,351.54539506560474,348.32602622452754,347.7333379984046,348.8576889627196,-3.219368841077178
1988-10-01,351.68657758195974,351.68657758195974,351.68657758195974,348.4077663463241,347.8788426738751,348.9544046086403,-3.278811235635664
1988-11-01,351.8324661821933,351.8324661821933,351.8324661821933,349.7847952346247,349.2071575924324,350.3374944142342,-2.0476709475685917
1988-12-01,351.9736486985483,351.9736486985483,351.9736486985483,351.0682060707833,350.53380532008003,351.6009319215843,-0.9054426277650228
1989-01-01,352.1195372987818,352.1195372987818,352.1195372987818,352.15160089181495,351.6339240537012,352.6760905651448,0.032063593033149006
1989-02-01,352.26542589901527,352.26542589901527,352.26542589901527,352.94842639209213,352.4124513742267,353.49783168102346,0.6830004930768834
1989-03-01,352.3971962476133,352.3971962476133,352.3971962476133,353.7755257628753,353.2199468402123,354.3134371850047,1.3783295152620072
1989-04-01,352.5430848478468,352.5430848478468,352.5430848478468,355.1501753690889,354.564311819085,355.7021533259983,2.6070905212421285
1989-05-01,352.6842673642018,352.6842673642018,352.6842673642018,355.73459758862106,355.2115546641467,356.269938764105,3.0503302244192487
1989-06-01,352.83015596443533,352.83015596443533,352.83015596443533,355.1679681731503,354.61810932683613,355.7068108224328,2.3378122087149844
1989-07-01,352.97133848079034,352.97133848079034,352.97133848079034,353.68468274096256,353.1041476492468,354.2091253178433,0.713344260172211
1989-08-01,353.1172270810238,353.1172270810238,353.1172270810238,351.70858314225336,351.1933923426835,352.21501460339044,-1.4086439387704826
1989-09-01,353.2631156812573,353.2631156812573,353.2631156812573,350.05860302415664,349.51415344879246,350.61234884462914,-3.2045126571006564
1989-10-01,353.4042981976123,353.4042981976123,353.4042981976123,350.0881363443663,349.53278869365516,350.5990189745174,-3.316161853246023
1989-11-01,353.55018679784587,353.55018679784587,353.55018679784587,351.49176111506665,350.9542934184406,351.9880034647387,-2.058425682779233
1989-12-01,353.69136931420087,353.69136931420087,353.69136931420087,352.79179398922827,352.24476756423695,353.32856774296755,-0.8995753249726282
1990-01-01,353.83725791443436,353.83725791443436,353.83725791443436,353.8849008207854,353.31088879757135,354.44159787924576,0.04764290635104431
1990-02-01,353.9831465146679,353.9831465146679,353.9831465146679,354.6674331735986,354.1025319387286,355.2187360695613,0.6842866589307344
1990-03-01,354.06084092619403,354.06084092619403,354.06084092619403,355.40189188032565,354.8794867003818,355.9589251324112,1.3410509541316091
1990-04-01,354.1468597389552,354.1468597389552,354.1468597389552,356.72841131259946,356.1944052246741,357.28513601224023,2.581551573644279
1990-05-01,354.23010375130474,354.23010375130474,354.23010375130474,357.30550106947044,356.7599443711517,357.8599895223252,3.0753973181657113
1990-06-01,354.31612256406584,354.31612256406584,354.31612256406584,356.67573118481835,356.1411767083324,357.2390941579616,2.3596086207524873
1990-07-01,354.39936657641533,354.39936657641533,354.39936657641533,355.12796702212125,354.6168711491717,355.7026626365884,0.7286004457059357
1990-08-01,354.48538538917643,354.48538538917643,354.48538538917643,353.09240565693614,352.54195548563786,353.6249174220019,-1.3929797322403064
1990-09-01,354.5714042019376,354.5714042019376,354.5714042019376,351.38144717638147,350.84042429238013,351.95970873021685,-3.18995702555611
1990-10-01,354.6546482142871,354.6546482142871,354.6546482142871,351.301327208755,350.7243950675674,351.79709672105685,-3.35332100553205
1990-11-01,354.74066702704823,354.74066702704823,354.74066702704823,352.67222206916074,352.0721876290225,353.2354483438863,-2.068444957887466
1990-12-01,354.8239110393977,354.8239110393977,354.8239110393977,353.9305914162876,353.3896841242309,354.51017167648155,-0.8933196231100529
1991-01-01,354.9099298521588,354.9099298521588,354.9099298521588,354.9728650126835,354.4266056875672,355.51552870880835,0.0629351605246808
1991-02-01,354.99594866492,354.99594866492,354.99594866492,355.6807181795671,355.1661923890651,356.2621054679082,0.6847695146471643
1991-03-01,355.07364307644616,355.07364307644616,355.07364307644616,356.377317367007,355.82812720658575,356.9025055638286,1.3036742905607923
1991-04-01,355.1596618892073,355.1596618892073,355.1596618892073,357.71640699597936,357.1681126994919,358.2734614163235,2.556745106772038
1991-05-01,355.24290590155675,355.24290590155675,355.24290590155675,358.34381481272715,357.7784389475909,358.89079474495986,3.1009089111704156
1991-06-01,355.3289247143179,355.3289247143179,355.3289247143179,357.71003756949665,357.146899174653,358.2289750212064,2.381112855178738
1991-07-01,355.4121687266674,355.4121687266674,355.4121687266674,356.15567646310626,355.6051619549742,356.7118936753334,0.7435077364388339
1991-08-01,355.49818753942856,355.49818753942856,355.49818753942856,354.1207004258313,353.58475333635107,354.6507997100431,-1.3774871135972804
1991-09-01,355.5842063521897,355.5842063521897,355.5842063521897,352.40850742709546,351.87392020714555,352.9443169504985,-3.17569892509425
1991-10-01,355.66745036453915,355.66745036453915,355.66745036453915,352.27719811109876,351.740092553445,352.84233887043507,-3.3902522534404054
1991-11-01,355.75346917730025,355.75346917730025,355.75346917730025,353.6757443313281,353.1645829967579,354.21361673452424,-2.077724845972159
1991-12-01,355.8367131896498,355.8367131896498,355.8367131896498,354.9500119301129,354.41097345485696,355.4779671075416,-0.8867012595369056
1992-01-01,355.92273200241095,355.92273200241095,355.92273200241095,356.00064026204024,355.4496421977455,356.5302644118934,0.07790825962930208
1992-02-01,356.00875081517205,356.00875081517205,356.00875081517205,356.69319260449606,356.1809756937978,357.2203021046742,0.684441789324034
1992-03-01,356.0891087544251,356.0891087544251,356.0891087544251,357.504578016512,356.94307313203905,358.0375473102732,1.4154692620868836
1992-04-01,356.1750086205232,356.1750086205232,356.1750086205232,358.808346501999,358.2120062218461,359.37166768561434,2.6333378814757498
1992-05-01,356.2581375231988,356.2581375231988,356.2581375231988,359.28387301572207,358.7481326364949,359.8345256116868,3.025735492523241
1992-06-01,356.34403738929683,356.34403738929683,356.34403738929683,358.65978291091955,358.0477971248819,359.1964928587187,2.3157455216227385
1992-07-01,356.4271662919724,356.4271662919724,356.4271662919724,357.1249088437771,356.55293565903605,357.6732313666553,0.6977425518047069
1992-08-01,356.5130661580705,356.5130661580705,356.5130661580705,355.08858562224844,354.5275825510934,355.61731190821575,-1.4244805358220631
1992-09-01,356.5989660241686,356.5989660241686,356.5989660241686,353.3795971830914,352.80576204762644,353.88429654331134,-3.219368841077212
1992-10-01,356.6820949268442,356.6820949268442,356.6820949268442,353.4032836912085,352.87022657282165,353.91691978037966,-3.2788112356356454
1992-11-01,356.7679947929422,356.7679947929422,356.7679947929422,354.7203238453736,354.1911014501756,355.24015788264387,-2.0476709475685637
1992-12-01,356.8511236956178,356.8511236956178,356.8511236956178,355.9456810678528,355.43283061775435,356.5028493848659,-0.9054426277650368
1993-01-01,356.9370235617159,356.9370235617159,356.9370235617159,356.96908715474916,356.38518402650027,357.5044840234201,0.03206359303328218
1993-02-01,357.022923427814,357.022923427814,357.022923427814,357.7059239208909,357.17375303558026,358.2282885027009,0.6830004930768843
1993-03-01,357.10051040364453,357.10051040364453,357.10051040364453,358.47883991890654,357.9425492031033,359.03304114387294,1.3783295152619977
1993-04-01,357.1864102697426,357.1864102697426,357.1864102697426,359.79350079098464,359.26278435067076,360.38518481973824,2.607090521242009
1993-05-01,357.26953917241815,357.26953917241815,357.26953917241815,360.31986939683736,359.79394028572824,360.8564633020994,3.050330224419218
1993-06-01,357.35543903851624,357.35543903851624,357.35543903851624,359.6932512472313,359.1867344726559,360.24100001497305,2.337812208715051
1993-07-01,357.4385679411918,357.4385679411918,357.4385679411918,358.1519122013639,357.61542313501644,358.66863217147215,0.7133442601721331
1993-08-01,357.5244678072899,357.5244678072899,357.5244678072899,356.11582386851944,355.59607015985966,356.60263116408333,-1.40864393877048
1993-09-01,357.610367673388,357.610367673388,357.610367673388,354.4058550162873,353.86501891819665,354.9584833836432,-3.204512657100654
1993-10-01,357.6934965760636,357.6934965760636,357.6934965760636,354.37733472281764,353.81915345147263,354.91453837797474,-3.316161853245956
1993-11-01,357.7793964421616,357.7793964421616,357.7793964421616,355.7209707593824,355.15984823760283,356.290361164019,-2.058425682779196
1993-12-01,357.8625253448372,357.8625253448372,357.8625253448372,356.96295001986465,356.46094159399985,357.5251023207571,-0.8995753249725646
1994-01-01,357.9484252109353,357.9484252109353,357.9484252109353,357.99606811728637,357.4489674607522,358.55255276624524,0.04764290635107364
1994-02-01,358.0343250770334,358.0343250770334,358.0343250770334,358.7186117359641,358.20291549781166,359.22017514993263,0.6842866589307265
1994-03-01,358.1820391287936,358.1820391287936,358.1820391287936,359.52309008292536,359.0196881921771,360.09892800841925,1.3410509541317863
1994-04-01,358.34557968609954,358.34557968609954,358.34557968609954,360.9271312597438,360.33852853063246,361.45980597131154,2.5815515736442642
1994-05-01,358.50384474155686,358.50384474155686,358.50384474155686,361.5792420597226,361.04450681158147,362.0938514386077,3.0753973181657486
1994-06-01,358.6673852988628,358.6673852988628,358.6673852988628,361.0269939196153,360.42489367231195,361.5899746956322,2.359608620752479
1994-07-01,358.8256503543202,358.8256503543202,358.8256503543202,359.5542508000262,359.01417407180634,360.0881176872837,0.7286004457059527
1994-08-01,358.9891909116261,358.9891909116261,358.9891909116261,357.59621117938565,357.02979569012996,358.14808602761065,-1.3929797322404809
1994-09-01,359.1527314689321,359.1527314689321,359.1527314689321,355.962774443376,355.38739782392025,356.47567799608163,-3.189957025556043
1994-10-01,359.31099652438945,359.31099652438945,359.31099652438945,355.9576755188574,355.4137128268222,356.52370701961553,-3.353321005532035
1994-11-01,359.4745370816954,359.4745370816954,359.4745370816954,357.4060921238079,356.8541202598087,357.96354194029084,-2.068444957887501
1994-12-01,359.6328021371528,359.6328021371528,359.6328021371528,358.7394825140427,358.1794109497625,359.28448060935733,-0.8933196231100681
1995-01-01,359.7963426944587,359.7963426944587,359.7963426944587,359.85927785498336,359.3156883560403,360.3827313407145,0.06293516052465324
1995-02-01,359.9598832517646,359.9598832517646,359.9598832517646,360.64465276641175,360.08892215084995,361.19604495020934,0.6847695146471665
1995-03-01,360.10759730352487,360.10759730352487,360.10759730352487,361.4112715940856,360.86658021831795,361.94120946172836,1.303674290560732
1995-04-01,360.27113786083083,360.27113786083083,360.27113786083083,362.827882967603,362.29619096332044,363.3876915485152,2.556745106772159
1995-05-01,360.42940291628815,360.42940291628815,360.42940291628815,363.5303118274586,362.969118041192,364.0806843820748,3.1009089111704373
1995-06-01,360.59294347359406,360.59294347359406,360.59294347359406,362.9740563287728,362.4422904310708,363.5103769461134,2.3811128551787437
1995-07-01,360.75120852905144,360.75120852905144,360.75120852905144,361.4947162654903,360.946641252482,362.07241231641325,0.7435077364388616
1995-08-01,360.9147490863574,360.9147490863574,360.9147490863574,359.5372619727601,359.03196961551214,360.0677107924238,-1.3774871135972648
1995-09-01,361.07828964366337,361.07828964366337,361.07828964366337,357.9025907185691,357.3845272651801,358.47499493794896,-3.1756989250942502
1995-10-01,361.2365546991207,361.2365546991207,361.2365546991207,357.8463024456803,357.3024566408204,358.3602556130525,-3.390252253440391
1995-11-01,361.40009525642665,361.40009525642665,361.40009525642665,359.3223704104545,358.7727431981258,359.82452255426557,-2.0777248459721527
1995-12-01,361.558360311884,361.558360311884,361.558360311884,360.67165905234714,360.0940868090159,361.19996656843085,-0.8867012595368593
1996-01-01,361.72190086918994,361.72190086918994,361.72190086918994,361.79980912881933,361.26151191063514,362.31863846481576,0.07790825962938894
1996-02-01,361.87713017762087,361.87713017762087,361.87713017762087,362.5615719669449,362.0398152790218,363.11926017805587,0.6844417893240298
1996-03-01,362.0223446919595,362.0223446919595,362.0223446919595,363.4378139540465,362.91186881650816,363.9805513229876,1.41546926208694
1996-04-01,362.1775740003904,362.1775740003904,362.1775740003904,364.81091188186616,364.2791719774604,365.3100013596011,2.6333378814757546
1996-05-01,362.3277959117751,362.3277959117751,362.3277959117751,365.3535314042984,364.7670788416904,365.91066655642874,3.025735492523254
1996-06-01,362.48302522020606,362.48302522020606,362.48302522020606,364.7987707418288,364.28001719658397,365.33642617041767,2.315745521622696
1996-07-01,362.6332471315908,362.6332471315908,362.6332471315908,363.33098968339544,362.8163732528815,363.867756891425,0.6977425518046297
1996-08-01,362.7884764400217,362.7884764400217,362.7884764400217,361.36399590419967,360.85605726181035,361.8798573314267,-1.4244805358220667
1996-09-01,362.94370574845266,362.94370574845266,362.94370574845266,359.72433690737546,359.12512997679886,360.2479059944639,-3.2193688410771806
1996-10-01,363.09392765983745,363.09392765983745,363.09392765983745,359.8151164242018,359.24634520917516,360.364392302911,-3.278811235635651
1996-11-01,363.2491569682684,363.2491569682684,363.2491569682684,361.2014860206998,360.6384701835229,361.7424114597289,-2.047670947568582
1996-12-01,363.39937887965317,363.39937887965317,363.39937887965317,362.4939362518881,361.98076441402657,363.0608672108639,-0.9054426277650617
1997-01-01,363.55460818808405,363.55460818808405,363.55460818808405,363.5866717811172,363.05261532006875,364.1403880985389,0.03206359303318886
1997-02-01,363.709837496515,363.709837496515,363.709837496515,364.39283798959184,363.8745199588088,364.93760120456284,0.6830004930768757
1997-03-01,363.8500446138074,363.8500446138074,363.8500446138074,365.2283741290695,364.70052072724104,365.7693056602444,1.3783295152620434
1997-04-01,364.00527392223836,364.00527392223836,364.00527392223836,366.6123644434804,366.08013903644013,367.1402515207665,2.607090521242017
1997-05-01,364.1554958336231,364.1554958336231,364.1554958336231,367.20582605804236,366.62336857217866,367.6900614833613,3.0503302244192945
1997-06-01,364.3107251420541,364.3107251420541,364.3107251420541,366.6485373507692,366.09689547384085,367.1555507385535,2.337812208715074
1997-07-01,364.4609470534388,364.4609470534388,364.4609470534388,365.17429131361104,364.62490399400764,365.70432361977555,0.7133442601722384
1997-08-01,364.61617636186975,364.61617636186975,364.61617636186975,363.2075324230993,362.67213036704436,363.7366189773445,-1.4086439387704466
1997-09-01,364.7714056703006,364.7714056703006,364.7714056703006,361.5668930132,361.00316673059723,362.16054041639666,-3.2045126571006217
1997-10-01,364.9216275816854,364.9216275816854,364.9216275816854,361.60546572843936,361.08352360783715,362.1347601246297,-3.316161853246072
1997-11-01,365.07685689011635,365.07685689011635,365.07685689011635,363.01843120733713,362.4672223405334,363.5364216283826,-2.0584256827792147
1997-12-01,365.2270788015011,365.2270788015011,365.2270788015011,364.3275034765284,363.7448364778545,364.86681329502073,-0.8995753249726423
1998-01-01,365.382308109932,365.382308109932,365.382308109932,365.4299510162831,364.8930900445731,365.9393886292656,0.0476429063510666
1998-02-01,365.53753566044446,365.53753566044446,365.53753566044446,366.2218223193752,365.6449989628878,366.7540668031596,0.6842866589307113
1998-03-01,365.67774118993947,365.67774118993947,365.67774118993947,367.018792144071,366.45914680486175,367.55879131230415,1.341050954131543
1998-04-01,365.83296874045186,365.83296874045186,365.83296874045186,368.41452031409614,367.86861808190395,368.9679234557602,2.5815515736442767
1998-05-01,365.98318895062516,365.98318895062516,365.98318895062516,369.0585862687908,368.5005483748644,369.644291066931,3.0753973181656664
1998-06-01,366.1384165011375,366.1384165011375,366.1384165011375,368.49802512189007,367.922872695846,369.065046441743,2.3596086207525464
1998-07-01,366.2886367113108,366.2886367113108,366.2886367113108,367.01723715701667,366.5171239689385,367.6059902013928,0.7286004457058379
1998-08-01,366.4438642618232,366.4438642618232,366.4438642618232,365.0508845295829,364.5105646686986,365.59517798803137,-1.392979732240311
1998-09-01,366.5990918123356,366.5990918123356,366.5990918123356,363.4091347867794,362.8702290370397,363.9594268659166,-3.1899570255561818
1998-10-01,366.74931202250883,366.74931202250883,366.74931202250883,363.3959910169767,362.84131334779204,363.9243307585504,-3.3533210055321185
1998-11-01,366.90453957302117,366.90453957302117,366.90453957302117,364.83609461513373,364.2835260186359,365.3615257726356,-2.068444957887445
1998-12-01,367.05475978319447,367.05475978319447,367.05475978319447,366.16144016008445,365.58988096499786,366.682149355091,-0.8933196231100168
1999-01-01,367.2099873337069,367.2099873337069,367.2099873337069,367.2729224942316,366.68320099422687,367.8301046793178,0.06293516052464661
1999-02-01,367.36521488421926,367.36521488421926,367.36521488421926,368.0499843988664,367.4959626431509,368.57570260741534,0.6847695146471471
1999-03-01,367.5054204137143,367.5054204137143,367.5054204137143,368.80909470427514,368.2579336748892,369.3738716633311,1.3036742905608256
1999-04-01,367.6606479642267,367.6606479642267,367.6606479642267,370.21739307099875,369.6673726651565,370.7866996737418,2.556745106772069
1999-05-01,367.81086817439996,367.81086817439996,367.81086817439996,370.9117770855704,370.33178870637437,371.4535217597087,3.10090891117043
1999-06-01,367.96609572491235,367.96609572491235,367.96609572491235,370.34720858009115,369.8200902684183,370.9094216705055,2.3811128551788063
1999-07-01,368.1163159350856,368.1163159350856,368.1163159350856,368.85982367152434,368.262547356403,369.393064546211,0.7435077364387542
1999-08-01,368.271543485598,368.271543485598,368.271543485598,366.8940563720007,366.37247200957245,367.4961625399692,-1.3774871135972677
1999-09-01,368.4267710361104,368.4267710361104,368.4267710361104,365.2510721110161,364.73981408045125,365.8283601940455,-3.175698925094291
1999-10-01,368.5769912462836,368.5769912462836,368.5769912462836,365.18673899284323,364.6316321920312,365.70455680992563,-3.3902522534403716
1999-11-01,368.7322187967961,368.7322187967961,368.7322187967961,366.65449395082385,366.11316658971947,367.19110040266287,-2.0777248459722037
1999-12-01,368.8824390069693,368.8824390069693,368.8824390069693,367.99573774743243,367.442051819277,368.53433552348434,-0.8867012595368782
2000-01-01,369.00878580091114,369.00878580091114,369.00878580091114,369.0866940605405,368.57959781862195,369.64148882306756,0.07790825962932998
2000-02-01,369.13513259485296,369.13513259485296,369.13513259485296,369.819574384177,369.28708107659065,370.3834461363341,0.6844417893240287
2000-03-01,369.25332798273405,369.25332798273405,369.25332798273405,370.66879724482095,370.08839639262095,371.18089177916437,1.4154692620869251
2000-04-01,369.37967477667587,369.37967477667587,369.37967477667587,372.0130126581516,371.4894260875034,372.5517770702862,2.6333378814757022
2000-05-01,369.5019458675873,369.5019458675873,369.5019458675873,372.52768136011036,371.9634260668735,373.1048466488471,3.025735492523067
2000-06-01,369.62829266152914,369.62829266152914,369.62829266152914,371.94403818315175,371.41707613395124,372.4624105642601,2.315745521622581
2000-07-01,369.7505637524406,369.7505637524406,369.7505637524406,370.4483063042451,369.88114987728756,371.023931639089,0.697742551804487
2000-08-01,369.8769105463824,369.8769105463824,369.8769105463824,368.45243001056025,367.9121721463142,368.9768428206296,-1.4244805358221455
2000-09-01,370.0032573403243,370.0032573403243,370.0032573403243,366.7838884992469,366.22463347024063,367.30345093417344,-3.219368841077349
2000-10-01,370.12552843123575,370.12552843123575,370.12552843123575,366.8467171956003,366.2734236480364,367.362790514078,-3.2788112356354238
2000-11-01,370.25187522517757,370.25187522517757,370.25187522517757,368.2042042776091,367.6638073692903,368.74081319354684,-2.047670947568489
2000-12-01,370.374146316089,370.374146316089,370.374146316089,369.468703688324,368.8900088022314,370.0109406941131,-0.9054426277650007
2001-01-01,370.50049311003085,370.50049311003085,370.50049311003085,370.5325567030639,369.9969465211004,371.0749556237057,0.032063593033030746
2001-02-01,370.62683990397267,370.62683990397267,370.62683990397267,371.3098403970495,370.81872496479764,371.8543000666235,0.6830004930768554
2001-03-01,370.7409595888234,370.7409595888234,370.7409595888234,372.1192891040856,371.5943697687825,372.642618777829,1.378329515262265
2001-04-01,370.8673063827652,370.8673063827652,370.8673063827652,373.47439690400745,372.9306520692937,374.03412481959543,2.6070905212422426
2001-05-01,370.98957747367666,370.98957747367666,370.98957747367666,374.0399076980958,373.50018030746406,374.58322399407785,3.0503302244191817
2001-06-01,371.1159242676185,371.1159242676185,371.1159242676185,373.45373647633335,372.8925767868463,373.9924787324454,2.337812208714858
2001-07-01,371.23819535852994,371.23819535852994,371.23819535852994,371.9515396187021,371.4036102952968,372.4967162003629,0.7133442601721629
2001-08-01,371.36454215247176,371.36454215247176,371.36454215247176,369.9558982137012,369.4088085149575,370.4881447340793,-1.408643938770572
2001-09-01,371.4908889464136,371.4908889464136,371.4908889464136,368.28637628931295,367.7306093633379,368.84178738573246,-3.204512657100642
2001-10-01,371.61316003732503,371.61316003732503,371.61316003732503,368.29699818407926,367.75967773456915,368.8372511388475,-3.3161618532457493
2001-11-01,371.73950683126685,371.73950683126685,371.73950683126685,369.6810811484877,369.12265178106605,370.22623835053287,-2.05842568277917
2001-12-01,371.8617779221783,371.8617779221783,371.8617779221783,370.9622025972056,370.4178874688802,371.4942732207122,-0.8995753249727111
2002-01-01,372.054790382251,372.054790382251,372.054790382251,372.10243328860196,371.55558929533464,372.6264703711139,0.0476429063509452
2002-02-01,372.24780284232367,372.24780284232367,372.24780284232367,372.9320895012544,372.41280672048555,373.45427896620157,0.6842866589307322
2002-03-01,372.422136677228,372.422136677228,372.422136677228,373.7631876313599,373.22534147472555,374.35245954386147,1.3410509541319038
2002-04-01,372.6151491373007,372.6151491373007,372.6151491373007,375.196700710945,374.63726618100424,375.7466589203549,2.5815515736442607
2002-05-01,372.80193538898396,372.80193538898396,372.80193538898396,375.87733270714944,375.33966350997844,376.37866282280424,3.0753973181654835
2002-06-01,372.99494784905664,372.99494784905664,372.99494784905664,375.35455646980904,374.78929812775687,375.8875806092896,2.3596086207524127
2002-07-01,373.18173410073985,373.18173410073985,373.18173410073985,373.9103345464456,373.34995396548527,374.4636296085591,0.7286004457057793
2002-08-01,373.3747465608126,373.3747465608126,373.3747465608126,371.9817668285722,371.4753114442535,372.5106900863013,-1.392979732240412
2002-09-01,373.56775902088526,373.56775902088526,373.56775902088526,370.37780199532904,369.8590515631754,370.9474271014636,-3.189957025556235
2002-10-01,373.75454527256846,373.75454527256846,373.75454527256846,370.4012242670365,369.8791651068446,370.9511419800785,-3.3533210055319245
2002-11-01,373.94755773264114,373.94755773264114,373.94755773264114,371.8791127747537,371.32774566457124,372.4550847056807,-2.0684449578874506
2002-12-01,374.1343439843244,374.1343439843244,374.1343439843244,373.2410243612142,372.6966917361695,373.73518413220467,-0.893319623110172
2003-01-01,374.3273564443971,374.3273564443971,374.3273564443971,374.3902916049217,373.84562029835973,374.92549877400785,0.06293516052458045
2003-02-01,374.5203689044697,374.5203689044697,374.5203689044697,375.20513841911685,374.6321790493249,375.7415530178839,0.6847695146471683
2003-03-01,374.6947027393741,374.6947027393741,374.6947027393741,375.9983770299351,375.4616502572963,376.51222622486165,1.3036742905610077
2003-04-01,374.8877151994468,374.8877151994468,374.8877151994468,377.4444603062192,376.8778284872377,377.9498098213966,2.5567451067723694
2003-05-01,375.07450145113,375.07450145113,375.07450145113,378.1754103623003,377.63196422039533,378.7245844179145,3.1009089111702797
2003-06-01,375.2675139112027,375.2675139112027,375.2675139112027,377.6486267663812,377.10301064031785,378.1915404105021,2.381112855178493
2003-07-01,375.454300162886,375.454300162886,375.454300162886,376.1978078993247,375.67776654901377,376.7261019088641,0.7435077364386833
2003-08-01,375.6473126229586,375.6473126229586,375.6473126229586,374.2698255093611,373.7002125080695,374.7865484890853,-1.3774871135975344
2003-09-01,375.8403250830313,375.8403250830313,375.8403250830313,372.66462615793694,372.1160141834297,373.2216846183138,-3.1756989250943435
2003-10-01,376.02711133471456,376.02711133471456,376.02711133471456,372.63685908127457,372.1279397749655,373.17352238439696,-3.390252253439996
2003-11-01,376.22012379478724,376.22012379478724,376.22012379478724,374.1423989488152,373.61148267139725,374.6833099469714,-2.0777248459720843
2003-12-01,376.40691004647044,376.40691004647044,376.40691004647044,375.52020878693355,374.9687946934452,376.08682044165715,-0.8867012595369179
2004-01-01,376.5940302598319,376.5940302598319,376.5940302598319,376.67193851946104,376.1519398974598,377.2308369528513,0.07790825962908964
2004-02-01,376.78115047319324,376.78115047319324,376.78115047319324,377.46559226251725,376.94509101194626,378.01854423015806,0.684441789324025
2004-03-01,376.9561984147249,376.9561984147249,376.9561984147249,378.3716676768118,377.84324867575276,378.8956767582648,1.4154692620868874
2004-04-01,377.14331862808626,377.14331862808626,377.14331862808626,379.7766565095621,379.24814655076847,380.3542159463168,2.6333378814758426
2004-05-01,377.3244027055328,377.3244027055328,377.3244027055328,380.350138198056,379.78891642356166,380.902504696594,3.0257354925232254
2004-06-01,377.51152291889423,377.51152291889423,377.51152291889423,379.82726844051683,379.29075499435356,380.4038497064957,2.315745521622621
2004-07-01,377.6926069963407,377.6926069963407,377.6926069963407,378.3903495481454,377.8727303801578,378.9391062890503,0.6977425518047281
2004-08-01,377.8797272097021,377.8797272097021,377.8797272097021,376.45524667388,375.8913855131731,377.0005242215068,-1.4244805358220427
2004-09-01,378.06684742306345,378.06684742306345,378.06684742306345,374.8474785819863,374.33813049717605,375.4492379872721,-3.2193688410771566
2004-10-01,378.24793150051,378.24793150051,378.24793150051,374.9691202648742,374.42056845475554,375.48954468821256,-3.27881123563577
2004-11-01,378.43505171387136,378.43505171387136,378.43505171387136,376.3873807663027,375.8225000578818,376.91698257381427,-2.0476709475686077
2004-12-01,378.6161357913179,378.6161357913179,378.6161357913179,377.7106931635529,377.1188529099976,378.25052228992433,-0.9054426277649994
2005-01-01,378.80325600467927,378.80325600467927,378.80325600467927,378.83531959771256,378.33244777386557,379.381318510667,0.03206359303328346
2005-02-01,378.9903762180407,378.9903762180407,378.9903762180407,379.6733767111175,379.1336059307605,380.2348670045467,0.6830004930768317
2005-03-01,379.1593880236574,379.1593880236574,379.1593880236574,380.53771753891925,379.9597784539963,381.108280988762,1.3783295152618658
2005-04-01,379.3465082370188,379.3465082370188,379.3465082370188,381.95359875826085,381.3946662101928,382.47542038130666,2.6070905212420747
2005-05-01,379.5275923144653,379.5275923144653,379.5275923144653,382.57792253888454,382.0077023633863,383.1500959923114,3.05033022441922
2005-06-01,379.7147125278267,379.7147125278267,379.7147125278267,382.0525247365417,381.49762385007983,382.5713003826366,2.337812208715017
2005-07-01,379.89579660527323,379.89579660527323,379.89579660527323,380.60914086544545,380.09491874877153,381.16125512075007,0.7133442601722138
2005-08-01,380.0829168186346,380.0829168186346,380.0829168186346,378.67427287986396,378.15909402550636,379.2039572534685,-1.4086439387706373
2005-09-01,380.270037031996,380.270037031996,380.270037031996,377.0655243748954,376.52167079549065,377.5896782251458,-3.2045126571006173
2005-10-01,380.4511211094425,380.4511211094425,380.4511211094425,377.13495925619657,376.5954689371985,377.67512589023204,-3.3161618532459594
2005-11-01,380.6382413228039,380.6382413228039,380.6382413228039,378.5798156400246,378.00961712968495,379.12456813862457,-2.0584256827792498
2005-12-01,380.75789042455324,380.75789042455324,380.75789042455324,379.85831509958064,379.31163764055634,380.4133403356793,-0.8995753249726208
2006-01-01,380.88152782969416,380.88152782969416,380.88152782969416,380.92917073604525,380.34686058049067,381.4772996461235,0.047642906351071816
2006-02-01,381.0051652348351,381.0051652348351,381.0051652348351,381.6894518937658,381.14028055739374,382.22466873614775,0.684286658930735
2006-03-01,381.11683772980115,381.11683772980115,381.11683772980115,382.4578886839329,381.9106189004565,383.0034691881671,1.3410509541317168
2006-04-01,381.2404751349421,381.2404751349421,381.2404751349421,383.8220267085863,383.2709199106511,384.34687188497895,2.5815515736441967
2006-05-01,381.3601242366914,381.3601242366914,381.3601242366914,384.4355215548571,383.92071887249256,384.9442290507667,3.07539731816572
2006-06-01,381.4837616418323,381.4837616418323,381.4837616418323,383.8433702625848,383.2947835342311,384.4095564619991,2.3596086207525295
2006-07-01,381.6034107435816,381.6034107435816,381.6034107435816,382.3320111892876,381.786104884909,382.90330836257294,0.7286004457059827
2006-08-01,381.7270481487226,381.7270481487226,381.7270481487226,380.3340684164823,379.78169621517765,380.86916944924826,-1.3929797322402961
2006-09-01,381.8506855538635,381.8506855538635,381.8506855538635,378.66072852830746,378.09531668666506,379.2572349342703,-3.189957025556067
2006-10-01,381.97033465561276,381.97033465561276,381.97033465561276,378.61701365008076,378.07805451777193,379.1763448842024,-3.3533210055319893
2006-11-01,382.09397206075374,382.09397206075374,382.09397206075374,380.0255271028663,379.47555847215966,380.5796963343677,-2.068444957887437
2006-12-01,382.21362116250305,382.21362116250305,382.21362116250305,381.320301539393,380.7709830382942,381.89456015077496,-0.8933196231100657
2007-01-01,382.33725856764397,382.33725856764397,382.33725856764397,382.4001937281687,381.8064503645071,382.9326345733485,0.06293516052469243
2007-02-01,382.46089597278495,382.46089597278495,382.46089597278495,383.1456654874321,382.60468774407803,383.67897665505376,0.6847695146471642
2007-03-01,382.5725684677509,382.5725684677509,382.5725684677509,383.8762427583117,383.314614567969,384.48085530012935,1.303674290560821
2007-04-01,382.6962058728919,382.6962058728919,382.6962058728919,385.2529509796639,384.6706988758211,385.81122355039327,2.556745106772067
2007-05-01,382.8158549746412,382.8158549746412,382.8158549746412,385.9167638858117,385.3685766196096,386.4622083904145,3.100908911170526
2007-06-01,382.9394923797821,382.9394923797821,382.9394923797821,385.32060523496085,384.7741219411641,385.8646134925402,2.3811128551787424
2007-07-01,383.0591414815314,383.0591414815314,383.0591414815314,383.80264921797027,383.2371758715832,384.3347141537685,0.743507736438866
2007-08-01,383.1827788866724,383.1827788866724,383.1827788866724,381.8052917730751,381.2525474263097,382.33366642619603,-1.3774871135972557
2007-09-01,383.3064162918133,383.3064162918133,383.3064162918133,380.13071736671895,379.614144202194,380.7204977581502,-3.175698925094342
2007-10-01,383.4260653935626,383.4260653935626,383.4260653935626,380.03581314012223,379.4886380811824,380.5881317900775,-3.3902522534403765
2007-11-01,383.5497027987036,383.5497027987036,383.5497027987036,381.4719779527314,380.9117521116225,382.02374767753025,-2.07772484597224
2007-12-01,383.74368231001546,383.74368231001546,383.74368231001546,382.8569810504786,382.307796295289,383.3791316968988,-0.8867012595368414
2008-01-01,383.9441278050378,383.9441278050378,383.9441278050378,384.02203606466713,383.47528810870904,384.5537897929352,0.07790825962934561
2008-02-01,384.1445733000601,384.1445733000601,384.1445733000601,384.82901508938414,384.2466140219688,385.3446616250796,0.6844417893240441
2008-03-01,384.3320868276616,384.3320868276616,384.3320868276616,385.7475560897486,385.1996165887963,386.29648729291614,1.4154692620870108
2008-04-01,384.5325323226839,384.5325323226839,384.5325323226839,387.1658702041596,386.61877542386975,387.6906419966489,2.6333378814757054
2008-05-01,384.7265118339958,384.7265118339958,384.7265118339958,387.7522473265191,387.2132808996053,388.3044484392124,3.0257354925233346
2008-06-01,384.92695732901814,384.92695732901814,384.92695732901814,387.2427028506408,386.68625659693396,387.81251867991506,2.3157455216226834
2008-07-01,385.12093684033005,385.12093684033005,385.12093684033005,385.8186793921348,385.30574259590225,386.3618942418873,0.6977425518047724
2008-08-01,385.3213823353524,385.3213823353524,385.3213823353524,383.8969017995303,383.3839688152514,384.39399697250246,-1.424480535822033
2008-09-01,385.52182783037466,385.52182783037466,385.52182783037466,382.30245898929763,381.751859976968,382.87500887183467,-3.2193688410770522
2008-10-01,385.71580734168657,385.71580734168657,385.71580734168657,382.4369961060508,381.90357627542744,382.9548544890202,-3.2788112356357595
2008-11-01,385.91625283670885,385.91625283670885,385.91625283670885,383.8685818891403,383.2679562260441,384.40991766595954,-2.0476709475686
2008-12-01,386.1102323480208,386.1102323480208,386.1102323480208,385.2047897202558,384.6371909680773,385.7379023135971,-0.9054426277650334
2009-01-01,386.3106778430431,386.3106778430431,386.3106778430431,386.34274143607615,385.7855301510634,386.86539585950135,0.03206359303304402
2009-02-01,386.5111233380654,386.5111233380654,386.5111233380654,387.19412383114224,386.6694421668582,387.7089333840446,0.6830004930768684
2009-03-01,386.6921708819565,386.6921708819565,386.6921708819565,388.07050039721827,387.541714750457,388.6494504907564,1.378329515261807
2009-04-01,386.8926163769789,386.8926163769789,386.8926163769789,389.49970689822084,388.9481077048987,390.05835423877176,2.607090521241967
2009-05-01,387.08659588829073,387.08659588829073,387.08659588829073,390.13692611271006,389.5752146644844,390.69249443219485,3.050330224419304
2009-06-01,387.28704138331307,387.28704138331307,387.28704138331307,389.62485359202805,389.0434677347345,390.184216550059,2.337812208714995
2009-07-01,387.481020894625,387.481020894625,387.481020894625,388.1943651547971,387.69848463402474,388.7386760595453,0.713344260172127
2009-08-01,387.68146638964726,387.68146638964726,387.68146638964726,386.2728224508768,385.69812705884794,386.80364739571195,-1.408643938770455
2009-09-01,387.8819118846696,387.8819118846696,387.8819118846696,384.6773992275691,384.1062966184818,385.2371652554083,-3.2045126571005302
2009-10-01,388.0758913959815,388.0758913959815,388.0758913959815,384.75972954273544,384.2082285843447,385.28281921035847,-3.3161618532460584
2009-11-01,388.27633689100384,388.27633689100384,388.27633689100384,386.2179112082246,385.6806610570306,386.79974672328626,-2.05842568277923
2009-12-01,388.47031640231575,388.47031640231575,388.47031640231575,387.5707410773431,386.9925623525922,388.1426838839583,-0.8995753249726471
2010-01-01,388.6707618973381,388.6707618973381,388.6707618973381,388.7184048036891,388.16682468212923,389.2452787588186,0.0476429063510208
2010-02-01,388.87120739236036,388.87120739236036,388.87120739236036,389.5554940512911,389.0295443777098,390.101446355852,0.6842866589307406
2010-03-01,389.0522549362515,389.0522549362515,389.0522549362515,390.39330589038326,389.86546041234266,390.94970266371615,1.3410509541317726
2010-04-01,389.25270043127375,389.25270043127375,389.25270043127375,391.8342520049179,391.2873604337435,392.40040732587556,2.5815515736441554
2010-05-01,389.44667994258566,389.44667994258566,389.44667994258566,392.5220772607514,391.97601770587863,393.012146148464,3.075397318165749
2010-06-01,389.64712543760794,389.64712543760794,389.64712543760794,392.0067340583605,391.4754702103157,392.5763278339939,2.3596086207525895
2010-07-01,389.8411049489199,389.8411049489199,389.8411049489199,390.5697053946258,389.9991039117831,391.14441435143385,0.7286004457059188
2010-08-01,390.0415504439422,390.0415504439422,390.0415504439422,388.6485707117019,388.12915560343026,389.18890394355736,-1.3929797322402997
2010-09-01,390.2419959389645,390.2419959389645,390.2419959389645,387.05203891340835,386.50058678242084,387.60776446166153,-3.1899570255561436
2010-10-01,390.43597545027643,390.43597545027643,390.43597545027643,387.0826544447444,386.5213948459187,387.6439730983929,-3.353321005532078
2010-11-01,390.63642094529877,390.63642094529877,390.63642094529877,388.5679759874113,387.99320490774954,389.1052173218833,-2.068444957887496
2010-12-01,390.8304004566107,390.8304004566107,390.8304004566107,389.93708083350054,389.37855224062264,390.50031920158375,-0.8933196231101039
2011-01-01,391.03084595163295,391.03084595163295,391.03084595163295,391.09378111215767,390.52308663649035,391.64026367088525,0.06293516052472636
2011-02-01,391.23129144665523,391.23129144665523,391.23129144665523,391.9160609613024,391.36354162873295,392.4584311542398,0.6847695146471611
2011-03-01,391.4123389905464,391.4123389905464,391.4123389905464,392.7160132811073,392.1789967497229,393.23953313069006,1.3036742905608771
2011-04-01,391.6127844855687,391.6127844855687,391.6127844855687,394.1695295923408,393.61016803775374,394.73250628876934,2.556745106772109
2011-05-01,391.8067639968806,391.8067639968806,391.8067639968806,394.90767290805104,394.30388375294456,395.44376448969206,3.1009089111704227
2011-06-01,392.0072094919029,392.0072094919029,392.0072094919029,394.3883223470817,393.82072063843555,394.9377094927967,2.3811128551787735
2011-07-01,392.20118900321484,392.20118900321484,392.20118900321484,392.94469673965364,392.4031661542627,393.51153900614503,0.7435077364388187
2011-08-01,392.4016344982372,392.4016344982372,392.4016344982372,391.02414738463995,390.4711771092902,391.54695375236406,-1.3774871135972229
2011-09-01,392.60207999325945,392.60207999325945,392.60207999325945,389.42638106816514,388.88609750661453,390.00347189056583,-3.1756989250943066
2011-10-01,392.79605950457136,392.79605950457136,392.79605950457136,389.4058072511309,388.8724771019551,389.8984728601229,-3.3902522534404604
2011-11-01,392.99650499959364,392.99650499959364,392.99650499959364,390.9187801536214,390.3758580070309,391.4770117313876,-2.077724845972241
2011-12-01,393.1904845109056,393.1904845109056,393.1904845109056,392.3037832513688,391.7880272345327,392.8502498491371,-0.8867012595368008
2012-01-01,393.3909300059279,393.3909300059279,393.3909300059279,393.4688382655572,392.91630964358154,394.00172906310104,0.07790825962931527
2012-02-01,393.59137550095016,393.59137550095016,393.59137550095016,394.27581729027423,393.7447282576038,394.82092004390506,0.6844417893240569
2012-03-01,393.7788890285517,393.7788890285517,393.7788890285517,395.19435829063855,394.65374641486983,395.7205271252982,1.4154692620868694
2012-04-01,393.97933452357404,393.97933452357404,393.97933452357404,396.61267240504986,396.11495037843446,397.17044278397157,2.6333378814758412
2012-05-01,394.17331403488595,394.17331403488595,394.17331403488595,397.1990495274093,396.62188849288856,397.7551405302741,3.0257354925233293
2012-06-01,394.3737595299082,394.3737595299082,394.3737595299082,396.689505051531,396.14616557203186,397.24373788749983,2.315745521622753
2012-07-01,394.56773904122014,394.56773904122014,394.56773904122014,395.2654815930248,394.7497522519961,395.8260724590498,0.6977425518046285
2012-08-01,394.7681845362424,394.7681845362424,394.7681845362424,393.34370400042036,392.7942938104698,393.9098983164666,-1.42448053582203
2012-09-01,394.96863003126475,394.96863003126475,394.96863003126475,391.74926119018755,391.21911870429403,392.3109779218174,-3.2193688410772
2012-10-01,395.16260954257666,395.16260954257666,395.16260954257666,391.8837983069409,391.37636146088636,392.40883908351265,-3.2788112356357795
2012-11-01,395.363055037599,395.363055037599,395.363055037599,393.3153840900304,392.7653831531342,393.8475047579541,-2.047670947568591
2012-12-01,395.5570345489109,395.5570345489109,395.5570345489109,394.65159192114584,394.07818034766177,395.21280985900904,-0.9054426277650485
2013-01-01,395.75748004393324,395.75748004393324,395.75748004393324,395.7895436369662,395.2335226579705,396.32445332198023,0.03206359303293737
2013-02-01,395.9579255389555,395.9579255389555,395.9579255389555,396.6409260320324,396.1008545390495,397.1490708146771,0.6830004930768439
2013-03-01,396.13897308284663,396.13897308284663,396.13897308284663,397.51730259810853,396.96257152274467,398.04882630076145,1.3783295152618895
2013-04-01,396.3394185778689,396.3394185778689,396.3394185778689,398.94650909911104,398.4141131928611,399.479440181258,2.6070905212421076
2013-05-01,396.5333980891809,396.5333980891809,396.5333980891809,399.58372831360015,399.0253161966675,400.12970101687046,3.0503302244192967
2013-06-01,396.73384358420316,396.73384358420316,396.73384358420316,399.0716557929181,398.5042083251591,399.6669429437421,2.337812208714923
2013-07-01,396.9278230955151,396.9278230955151,396.9278230955151,397.6411673556874,397.0654287825803,398.14808462339374,0.7133442601722704
2013-08-01,397.1282685905374,397.1282685905374,397.1282685905374,395.7196246517668,395.16060805646543,396.3095857436662,-1.4086439387706073
2013-09-01,397.3287140855597,397.3287140855597,397.3287140855597,394.12420142845906,393.5797757685511,394.68711271908745,-3.20451265710061
2013-10-01,397.52269359687165,397.52269359687165,397.52269359687165,394.20653174362553,393.6721933523611,394.7468800263276,-3.316161853246108
2013-11-01,397.7231390918939,397.7231390918939,397.7231390918939,395.6647134091147,395.09475318413604,396.13738931965884,-2.0584256827792076
2013-12-01,397.91711860320584,397.91711860320584,397.91711860320584,397.0175432782332,396.4234551551609,397.5520746298177,-0.8995753249726599
2014-01-01,398.1175640982281,398.1175640982281,398.1175640982281,398.16520700457914,397.6083701062231,398.7598770929801,0.047642906351036886
2014-02-01,398.31800959325045,398.31800959325045,398.31800959325045,399.00229625218117,398.44124938322926,399.5502893479984,0.6842866589307233
2014-03-01,398.49905713714156,398.49905713714156,398.49905713714156,399.84010809127307,399.277130786688,400.393976147803,1.3410509541315254
2014-04-01,398.6995026321639,398.6995026321639,398.6995026321639,401.28105420580806,400.8039726068485,401.7880278868422,2.581551573644166
2014-05-01,398.8934821434758,398.8934821434758,398.8934821434758,401.9688794616415,401.4251829788245,402.46457194791725,3.075397318165709
2014-06-01,399.09392763849814,399.09392763849814,399.09392763849814,401.45353625925065,400.897804771626,401.981888203063,2.3596086207525104
2014-07-01,399.28790714981005,399.28790714981005,399.28790714981005,400.016507595516,399.4669051739242,400.5559077254133,0.7286004457059138
2014-08-01,399.48835264483233,399.48835264483233,399.48835264483233,398.09537291259187,397.5359696262664,398.62703942026,-1.392979732240453
2014-09-01,399.6887981398546,399.6887981398546,399.6887981398546,396.49884111429844,395.93631903570963,397.0419564988029,-3.1899570255561454
2014-10-01,399.8827776511665,399.8827776511665,399.8827776511665,396.5294566456345,396.01442866320616,397.06655508855636,-3.353321005532017
2014-11-01,400.08322314618886,400.08322314618886,400.08322314618886,398.0147781883014,397.4810382589315,398.54581379852027,-2.068444957887439
2014-12-01,400.27720265750077,400.27720265750077,400.27720265750077,399.3838830343907,398.82834631842894,399.93340198793953,-0.8933196231100955
2015-01-01,400.4776481525231,400.4776481525231,400.4776481525231,400.540583313048,399.98367516132026,401.08726968458416,0.06293516052489145
2015-02-01,400.6780936475454,400.6780936475454,400.6780936475454,401.3628631621926,400.8259233090826,401.8777201216345,0.684769514647183
2015-03-01,400.8591411914365,400.8591411914365,400.8591411914365,402.16281548199737,401.59403038341344,402.7273665894064,1.3036742905608547
2015-04-01,401.05958668645883,401.05958668645883,401.05958668645883,403.61633179323076,403.0778178017026,404.14282695034717,2.5567451067719458
2015-05-01,401.25356619777074,401.25356619777074,401.25356619777074,404.3544751089412,403.83142001473436,404.8745445158915,3.100908911170455
2015-06-01,401.454011692793,401.454011692793,401.454011692793,403.8351245479718,403.31662332624705,404.3802672434181,2.3811128551788205
2015-07-01,401.6479912041049,401.6479912041049,401.6479912041049,402.39149894054384,401.8525407134959,402.96007565898606,0.7435077364389172
2015-08-01,401.84843669912726,401.84843669912726,401.84843669912726,400.4709495855299,399.95476136473604,401.00948814137786,-1.377487113597323
2015-09-01,402.04888219414954,402.04888219414954,402.04888219414954,398.8731832690553,398.35356344384695,399.41352270510356,-3.175698925094242
2015-10-01,402.24286170546145,402.24286170546145,402.24286170546145,398.8526094520211,398.2991309697041,399.402813566003,-3.390252253440364
2015-11-01,402.4433072004838,402.4433072004838,402.4433072004838,400.3655823545116,399.87312432538255,400.90892361024237,-2.077724845972171
2015-12-01,402.6372867117957,402.6372867117957,402.6372867117957,401.75058545225886,401.2109027988717,402.31463692695155,-0.8867012595368463
2016-01-01,402.83773220681803,402.83773220681803,402.83773220681803,402.91564046644726,402.39750681119835,403.48515623029465,0.07790825962921005
2016-02-01,403.0381777018403,403.0381777018403,403.0381777018403,403.7226194911644,403.2007279305055,404.22665723415344,0.6844417893240584
2016-03-01,403.22569122944185,403.22569122944185,403.22569122944185,404.6411604915288,404.092401148011,405.16688822571217,1.4154692620869793
2016-04-01,403.42613672446413,403.42613672446413,403.42613672446413,406.05947460593984,405.4735001215969,406.5969620300498,2.63333788147573
2016-05-01,403.62011623577604,403.62011623577604,403.62011623577604,406.6458517282993,406.10400084435963,407.1930798629634,3.0257354925232884
2016-06-01,403.8205617307984,403.8205617307984,403.8205617307984,406.13630725242103,405.6153287353694,406.68731806817016,2.3157455216226874
2016-07-01,404.0145412421103,404.0145412421103,404.0145412421103,404.71228379391493,404.14041745075787,405.2380302879144,0.6977425518046372
2016-08-01,404.2149867371326,404.2149867371326,404.2149867371326,402.79050620131073,402.20893046982457,403.347021390064,-1.4244805358219128
2016-09-01,404.4154322321549,404.4154322321549,404.4154322321549,401.19606339107764,400.68506815392465,401.7403079043455,-3.219368841077228
2016-10-01,404.6094117434668,404.6094117434668,404.6094117434668,401.33060050783115,400.76197895474905,401.8666248075254,-3.2788112356356676
2016-11-01,404.8098572384891,404.8098572384891,404.8098572384891,402.76218629092045,402.2259331629948,403.30874582920063,-2.0476709475686303
2016-12-01,405.003836749801,405.003836749801,405.003836749801,404.0983941220361,403.560803953521,404.64248275172304,-0.9054426277649018
2017-01-01,405.20428224482333,405.20428224482333,405.20428224482333,405.23634583785645,404.7317925979579,405.79536678539233,0.032063593033102106
2017-02-01,405.4047277398456,405.4047277398456,405.4047277398456,406.0877282329225,405.5182621917396,406.6324142849452,0.683000493076873
2017-03-01,405.5857752837367,405.5857752837367,405.5857752837367,406.9641047989986,406.4317312937764,407.48763046392946,1.378329515261881
2017-04-01,405.78622077875906,405.78622077875906,405.78622077875906,408.39331130000096,407.826571997783,408.9280691121246,2.607090521241909
2017-05-01,405.98020029007097,405.98020029007097,405.98020029007097,409.0305305144903,408.49672651030846,409.5852856007133,3.05033022441933
2017-06-01,406.1806457850933,406.1806457850933,406.1806457850933,408.51845799380845,407.9555187749653,409.0621261315937,2.337812208715142
2017-07-01,406.3746252964052,406.3746252964052,406.3746252964052,407.0879695565772,406.5126974023489,407.5792177752943,0.7133442601719868
2017-08-01,406.5750707914275,406.5750707914275,406.5750707914275,405.1664268526571,404.6030350743467,405.71267627801365,-1.4086439387704377
2017-09-01,406.77551628644983,406.77551628644983,406.77551628644983,403.57100362934926,403.0054140532849,404.14326317697066,-3.204512657100576
2017-10-01,406.9694957977617,406.9694957977617,406.9694957977617,403.65333394451545,403.11337404281727,404.1674968099875,-3.316161853246231
2017-11-01,407.1699412927841,407.1699412927841,407.1699412927841,405.1115156100049,404.5810682212013,405.6622004083455,-2.0584256827791783
2017-12-01,407.3639208040959,407.3639208040959,407.3639208040959,406.4643454791232,405.9239216435534,407.0271608145544,-0.8995753249727221
2018-01-01,407.5643662991183,407.5643662991183,407.5643662991183,407.6120092054694,407.04365129209214,408.16605109315503,0.04764290635107953
2018-02-01,407.7648117941406,407.7648117941406,407.7648117941406,408.4490984530713,407.91080154280917,409.01487269858734,0.6842866589307153
2018-03-01,407.9458593380317,407.9458593380317,407.9458593380317,409.2869102921634,408.7545427971857,409.8220817097327,1.3410509541316955
2018-04-01,408.146304833054,408.146304833054,408.146304833054,410.7278564066982,410.1645157950227,411.2950781762528,2.581551573644193
2018-05-01,408.3402843443659,408.3402843443659,408.3402843443659,411.4156816625317,410.82499090984794,411.95061289097833,3.075397318165793
2018-06-01,408.5407298393882,408.5407298393882,408.5407298393882,410.90033846014074,410.3579749997758,411.46089953787924,2.3596086207525886
2018-07-01,408.73470935070014,408.73470935070014,408.73470935070014,409.4633097964062,408.91398989993917,410.0031885729478,0.7286004457060166
2018-08-01,408.9351548457224,408.9351548457224,408.9351548457224,407.5421751134821,406.9938992968463,408.10861453865755,-1.392979732240322
2018-09-01,409.13560034074476,409.13560034074476,409.13560034074476,405.9456433151886,405.3884404975481,406.49640726179314,-3.1899570255561867
2018-10-01,409.32957985205667,409.32957985205667,409.32957985205667,405.9762588465246,405.43554284042386,406.55597394231165,-3.3533210055320675
2018-11-01,409.530025347079,409.530025347079,409.530025347079,407.46158038919157,406.9328685117705,408.02213947755973,-2.0684449578874395
2018-12-01,409.7240048583909,409.7240048583909,409.7240048583909,408.8306852352808,408.2731044614345,409.394382213644,-0.893319623110142
2019-01-01,409.9244503534132,409.9244503534132,409.9244503534132,409.98738551393797,409.4480650221929,410.5636358536407,0.06293516052476616
2019-02-01,410.12489584843553,410.12489584843553,410.12489584843553,410.80966536308273,410.28607896499864,411.3744898354605,0.684769514647179
2019-03-01,410.30594339232664,410.30594339232664,410.30594339232664,411.60961768288746,411.0570145175154,412.148256800063,1.3036742905608003
2019-04-01,410.5063888873489,410.5063888873489,410.5063888873489,413.0631339941211,412.47923419115915,413.5988867614065,2.5567451067721354
2019-05-01,410.7003683986608,410.7003683986608,410.7003683986608,413.80127730983133,413.2159773096944,414.3171591888275,3.100908911170495
2019-06-01,410.90081389368316,410.90081389368316,410.90081389368316,413.28192674886185,412.7407919829601,413.80074539169647,2.3811128551787117
2019-07-01,411.0947934049951,411.0947934049951,411.0947934049951,411.83830114143393,411.32175164769717,412.3951754529164,0.7435077364388677
2019-08-01,411.2952389000174,411.2952389000174,411.2952389000174,409.91775178642024,409.3711688109599,410.4855843514589,-1.3774871135971662
2019-09-01,411.4956843950397,411.4956843950397,411.4956843950397,408.3199854699455,407.7401141997481,408.8791316145901,-3.1756989250942236
2019-10-01,411.6896639063516,411.6896639063516,411.6896639063516,408.29941165291115,407.72829559682447,408.8488448292801,-3.3902522534404538
2019-11-01,411.8901094013739,411.8901094013739,411.8901094013739,409.81238455540165,409.2694639749687,410.3680838396589,-2.0777248459722104
2019-12-01,412.08408891268584,412.08408891268584,412.08408891268584,411.19738765314906,410.6266590978077,411.7468814434574,-0.8867012595367627
2020-01-01,412.2845344077081,412.2845344077081,412.2845344077081,412.3624426673374,411.7828150630998,412.8688940491077,0.07790825962926166
2020-02-01,412.48497990273046,412.48497990273046,412.48497990273046,413.16942169205447,412.59188811187107,413.7186718919638,0.6844417893240173
2020-03-01,412.67249343033194,412.67249343033194,412.67249343033194,414.0879626924186,413.52440214151414,414.6442851548264,1.415469262086691
2020-04-01,412.8729389253543,412.8729389253543,412.8729389253543,415.50627680682993,414.94441372921113,416.0436649337348,2.6333378814756396
2020-04-30,413.06045245295576,413.06045245295576,413.06045245295576,416.18728857114417,415.6451444990206,416.7628193937702,3.126836118188433
2020-05-31,413.2608979479781,413.2608979479781,413.2608979479781,415.6632012649711,415.1491319922555,416.1711892111216,2.4023033169930557
2020-06-30,413.45487745929,413.45487745929,413.45487745929,414.21294086888696,413.66515708107994,414.7692027374594,0.7580634095969643
2020-07-31,413.65532295431234,413.65532295431234,413.65532295431234,412.2931581671183,411.7889552758973,412.8553048684882,-1.3621647871940294
2020-08-31,413.8557684493346,413.8557684493346,413.8557684493346,410.69403384827814,410.17960843781896,411.2308596491525,-3.161734601056486
2020-09-30,414.0497479606465,414.0497479606465,414.0497479606465,410.622828501734,410.0681594563314,411.18474375617,-3.426919458912554
2020-10-31,414.25019345566886,414.2469771364265,414.25243305500925,412.1639306601022,411.60925019295667,412.7112341047575,-2.08626279556664
2020-11-30,414.4441729669807,414.4225411618516,414.4543689367841,413.5644262812477,412.9504421425394,414.0923158784525,-0.8797466857330446
2020-12-31,414.64461846200305,414.6106947163209,414.66670108045133,414.73714915628494,414.13840396343454,415.3342782352223,0.09253069428186622
2021-01-31,414.8450639570254,414.78931713962487,414.88811177697767,415.52836172887845,414.94517929520003,416.0910728948794,0.6832977718530512
2021-02-28,415.0261115009165,414.9405112926318,415.08272930380866,416.2549021147311,415.67028022997107,416.81632356452565,1.2287906138146245
2021-03-31,415.2265569959388,415.1193532524495,415.2941885478088,417.73597585477177,417.15315641465037,418.27790400697666,2.5094188588329636
2021-04-30,415.4205365072507,415.30516584544233,415.5111683308142,418.5736855809902,418.01685041948303,419.162809261567,3.1531490737394607
2021-05-31,415.62098200227297,415.4855491419114,415.735327721858,418.04414076365674,417.4377035064865,418.5930936690577,2.4231587613837977
2021-06-30,415.81496151358493,415.6469355988707,415.95897771084884,416.58722691531193,416.012942607571,417.136309737071,0.7722654017269913
2021-07-31,416.0154070086072,415.82579409415087,416.18098344619534,414.66839604081565,414.0139577300815,415.2738823779465,-1.3470109677915385
2021-08-31,416.2158525036296,415.9962644058274,416.405213276198,413.06779291782783,412.40899324519904,413.6554007993987,-3.148059585801766
2021-09-30,416.40983201494146,416.15557879456077,416.6342511398379,412.94654517696307,412.27663208855245,413.59979937396434,-3.463286837978397
2021-10-31,416.61027750996374,416.33272515782744,416.86836541504954,414.5162198721616,413.8127738138018,415.12665199917757,-2.094057637802124
2021-11-30,416.8042570212757,416.4943716113573,417.0888507495197,415.9317740040769,415.2862721984535,416.59231009496443,-0.8724830171987975
2021-12-31,417.0047025162979,416.6647377514148,417.3271244230126,417.11147411355734,416.42394104238474,417.76503692238083,0.10677159725942606
2022-01-31,417.2051480113203,416.8264114652236,417.55938745299414,417.88648132882383,417.08530731059705,418.58186727301944,0.6813333175035177
2022-02-28,417.38619555521143,416.9816436039873,417.75866694128456,418.5775614813095,417.8143948433545,419.28299188488444,1.191365926098066
2022-03-31,417.5866410502337,417.15979678283634,417.98075667207996,420.0735811267971,419.2984633154348,420.8156100392649,2.4869400765633953
2022-04-30,417.7806205615457,417.3258275752018,418.2165348291573,420.9604375379199,420.1215331937606,421.6999261809487,3.179816976374264
2022-05-31,417.98106605656795,417.49444112632534,418.458173554833,420.4247243925395,419.63823772779807,421.16145848555453,2.4436583359715436
2022-06-30,418.1750455678798,417.62821099479095,418.67833190878144,418.96115788539925,418.11045174285647,419.69816207871446,0.7861123175194477
2022-07-31,418.3754910629022,417.7764637039835,418.9050993869326,417.04346767775775,416.24147271503614,417.80179828216717,-1.3320233851444256
2022-08-31,418.57593655792454,417.9434522766933,419.16115446413306,415.4412678377045,414.51586788711467,416.20629948608905,-3.134668720220028
2022-09-30,418.7699160692364,418.0774097844313,419.3763974366651,415.27059705615306,414.4154487973019,416.0958133337806,-3.4993190130833334
2022-10-31,418.97036156425867,418.2446038474902,419.61172240825505,416.8692519731562,415.9380383130224,417.7236354470937,-2.101109591102451
2022-11-30,419.16434107557063,418.4074090329976,419.86607147145827,418.29940309341737,417.3402005740907,419.26382077469333,-0.8649379821532478
2022-12-31,419.3647865705929,418.5358954053687,420.085283201626,419.48538736848246,418.56499345512816,420.3878439714216,0.12060079788957323
2023-01-31,419.5652320656152,418.6992401710707,420.3077214104408,420.24377791732064,419.2020598893696,421.21352004115727,0.6785458517054479
2023-02-28,419.7462796095063,418.8371822874609,420.5389702541477,420.9002872568233,419.82677852523966,421.873628270043,1.154007647316985
2023-03-31,419.9467251045287,418.97855375653126,420.7729644240902,422.4120008104488,421.3133417656797,423.3971667038732,2.465275705920074
2023-04-30,420.1407046158406,419.10805947985324,420.99727122780604,423.347512750563,422.2708188184923,424.396692092947,3.206808134722398
2023-05-31,420.3411501108629,419.26959770539526,421.25812310894344,422.8049317334491,421.57257217203596,423.8494310366885,2.463781622586234
2023-06-30,420.53512962217474,419.40383865524524,421.47788726983487,421.33473305948485,420.0803975802495,422.474198901571,0.7996034373100974
2023-07-31,420.735575117197,419.56096133105825,421.73125347389004,419.41837582745643,418.0775070500123,420.5562367399034,-1.3171992897405738
2023-08-31,420.9360206122194,419.7143497391718,421.9804971607563,417.81446443583957,416.36234608693354,419.00313212046973,-3.1215561763798574
2023-09-30,421.13000012353126,419.86588873112873,422.21212526892106,417.5950190589706,416.27160169716643,418.7989196771516,-3.534981064560644
2023-10-31,421.33044561855365,420.03964495256946,422.46059361199997,419.22302535513575,417.81119971706016,420.4490208016014,-2.1074202634179096
2023-11-30,421.5244251298655,420.174706390748,422.70541727746536,420.66728526073723,419.1942644918807,421.9691599490882,-0.8571398691282932
2023-12-31,421.7248706248879,420.3092877966158,422.94168537637626,421.8588595000121,420.30237467890873,423.1718951260161,0.13398887512423074
2024-01-31,421.9253161199102,420.450541554422,423.18185408925814,422.60025049093815,421.0630767946236,424.0046663890765,0.6749343710279588
2024-02-29,422.11282964751166,420.5791653636727,423.4303692881271,423.37907011986084,421.75347661827925,424.84679057303356,1.2662404723491836
2024-03-31,422.31327514253394,420.7209787204207,423.6995403844763,424.8459689329087,423.15288389752317,426.29441215739854,2.532693790374743
2024-04-30,422.5072546538459,420.8629974910026,423.9438252402957,425.6340907720345,424.0090443880832,427.1389862336611,3.1268361181885784
2024-05-31,422.7077001488682,421.00857464664375,424.1982892387213,425.1100034658615,423.31018148132307,426.61641173794266,2.4023033169933234
2024-06-30,422.90167966018015,421.122291400734,424.44862702330107,423.65974306977745,421.9125683356407,425.2560321361441,0.7580634095972781
2024-07-31,423.10212515520243,421.25590409688886,424.7003046565187,421.7399603680086,419.76681136071426,423.5317862668035,-1.3621647871938272
2024-08-31,423.3025706502247,421.39926515447166,424.94963421089864,420.1408360491682,418.14399250715013,421.76957830146245,-3.161734601056524
2024-09-30,423.4965501615367,421.5460768818412,425.19691795402605,420.06963070262435,417.94103747302046,421.8134756908063,-3.4269194589123257
2024-10-31,423.696995656559,421.6806889148544,425.44791263437963,421.61073286099247,419.42712706032245,423.46257054701084,-2.0862627955665642
2024-11-30,423.89097516787086,421.80425408023757,425.69085151095,423.01122848213794,420.7406150562821,424.88538542785614,-0.8797466857329448
2024-12-31,424.09142066289314,421.928514824768,425.9445173251401,424.18395135717503,422.03086421602717,426.11904037826736,0.09253069428189849
2025-01-31,424.2918661579154,422.0249780479949,426.2010562123234,424.9751639297684,422.7000731162447,426.8901083813227,0.6832977718530218
2025-02-28,424.47291370180665,422.13548606399115,426.4381979943391,425.7017043156211,423.4480477977319,427.719231407761,1.228790613814452
2025-03-31,424.6733591968289,422.2365512757756,426.7036451143044,427.18277805566186,424.8371348758854,429.30845270995746,2.509418858832919
2025-04-30,424.8673387081408,422.35612319129626,426.9368926209821,428.02048778188026,425.5416179638015,430.1073217582769,3.153149073739479
2025-05-31,425.06778420316317,422.4962666674643,427.18302147234135,427.49094296454706,424.98729493962514,429.68159765651995,2.4231587613839154
2025-06-30,425.2617637144751,422.63622215906935,427.4294557607302,426.0340291162019,423.4774869216848,428.2515687562477,0.7722654017268095
2025-07-31,425.46220920949736,422.79427996236103,427.697793074197,424.1151982417059,421.4826415808501,426.3977406331308,-1.347010967791427
2025-08-31,425.66265470451964,422.924355467737,427.9984445487316,422.51459511871775,419.8835531902228,424.8827591953953,-3.148059585801908
2025-09-30,425.8566342158315,423.0535003263331,428.2386745788838,422.3933473778529,419.5774200302439,424.83403360709804,-3.463286837978617
2025-10-31,426.0570797108539,423.1787910692258,428.5344488985881,423.96302207305166,421.0038757909016,426.4853803479402,-2.094057637802236
2025-11-30,426.25105922216585,423.30555815328955,428.79241801742296,425.37857620496703,422.4368082020271,427.9597478403445,-0.8724830171988209
2025-12-31,426.45150471718813,423.4565328189285,429.05715892042207,426.55827631444737,423.6253291515332,429.1246542917267,0.10677159725922361
2026-01-31,426.6519502122104,423.6011109278504,429.3189507295189,427.333283529714,424.19800997457736,430.0216682503598,0.6813333175035551
2026-02-28,426.8329977561015,423.70277829700444,429.5373310950224,428.0243636821998,424.7221354854037,430.75833393607667,1.1913659260982778
2026-03-31,427.03344325112386,423.8111180012485,429.78612349046614,429.52038332768706,426.29928434299137,432.25538670985026,2.486940076563228
2026-04-30,427.22742276243576,423.9265871916147,430.04848194196387,430.40723973880984,427.0952612872122,433.25732380626033,3.1798169763740662
2026-05-31,427.4278682574581,424.0302157682263,430.325576495507,429.87152659342985,426.4279850646019,432.7444027450818,2.4436583359717248
2026-06-30,427.62184776876995,424.1323245296574,430.5958186400176,428.40796008628917,424.901797727064,431.50952005221694,0.786112317519186
2026-07-31,427.82229326379235,424.23991998551907,430.8602523932615,426.490269878648,422.8291310702865,429.490089115067,-1.3320233851443595
2026-08-31,428.0227387588146,424.3499271205679,431.1234625106858,424.8880700385945,421.1093421899996,427.97175316324734,-3.1346687202201236
2026-09-30,428.2167182701265,424.4632246228442,431.37131055302837,424.7173992570431,420.9115444393132,427.7644331126342,-3.4993190130833614
2026-10-31,428.41716376514887,424.5726492840734,431.6239260459031,426.31605417404637,422.4743205032428,429.55422585166394,-2.1011095911025133
2026-11-30,428.6111432764608,424.6967449975698,431.8913726201093,427.74620529430763,423.7826030716475,431.03847410460867,-0.8649379821531635
2026-12-31,428.81158877148306,424.7860123776897,432.1303997243265,428.93218956937255,424.8577860243788,432.3269650970317,0.12060079788946924
2027-01-31,429.01203426650534,424.9124939711804,432.42738928334705,429.69058011821085,425.51344428424966,433.08022239775704,0.678545851705486
2027-02-28,429.19308181039645,425.04972499577485,432.62631834834974,430.3470894577134,426.17593518470295,433.79771041010366,1.1540076473169867
2027-03-31,429.39352730541873,425.16873284027963,432.92223055322285,431.85880301133875,427.4896663658894,435.41800147780833,2.4652757059199963
2027-04-30,429.5875068167307,425.2401841847557,433.18495684939217,432.79431495145303,428.61017713871297,436.33421107564004,3.2068081347223423
2027-05-31,429.787952311753,425.3140675846881,433.4488286982394,432.25173393433926,427.6037613531466,435.8959967051977,2.463781622586282
2027-06-30,429.98193182306494,425.37718614075123,433.6884594934812,430.78153526037505,426.39953276194467,434.5098152330101,0.7996034373101333
2027-07-31,430.1823773180872,425.4632806152553,433.9402443041356,428.8651780283465,424.2271889405178,432.6214939099739,-1.317199289740717
2027-08-31,430.38282281310956,425.5482835390437,434.1890846716057,427.26126663672983,422.6197374634577,431.1700826152624,-3.1215561763797233
2027-09-30,430.57680232442146,425.6852419682753,434.465243115066,427.04182125986085,422.02211428758716,430.9289879594283,-3.534981064560631
2027-10-31,430.77724781944374,425.7569826619802,434.7235195087853,428.66982755602595,423.6036236577467,432.61427692156917,-2.1074202634178025
2027-11-30,430.97122733075565,425.86635502914925,434.95477819742075,430.1140874616272,425.0081374784992,434.23137119284905,-0.8571398691284479
2027-12-31,431.17167282577793,425.9839115936254,435.2225513416258,431.3056617009021,425.9128144894287,435.48656652779067,0.1339888751241541
2028-01-31,431.3721183208003,426.10144457039485,435.511728328436,432.0470526918283,426.7250345380207,436.0989542285178,0.6749343710279689
2028-02-29,431.55963184840175,426.2329117436758,435.7822011211662,432.8258723207512,427.4538406370999,437.0206619581156,1.266240472349453
2028-03-31,431.76007734342414,426.3722900943463,436.0605869783844,434.292771133799,428.8376730615594,438.66137292778507,2.5326937903748576
2028-04-30,431.954056854736,426.5071723691887,436.30782960347034,435.0808929729247,429.5684683381204,439.47070502323083,3.1268361181886974
2028-05-31,432.15450234975833,426.6468332200794,436.5980829221173,434.5568056667517,429.01920927662854,438.96640428168433,2.402303316993369
2028-06-30,432.34848186107024,426.7726356432844,436.8762681456549,433.1065452706675,427.3107392047621,437.613492019677,0.7580634095972314
2028-07-31,432.5489273560926,426.85175199478357,437.1836405782946,431.1867625688986,425.4396540486154,435.66288718429115,-1.3621647871939957
2028-08-31,432.74937285111486,426.92770021448223,437.4323084356209,429.5876382500584,423.755195520109,434.1347083392436,-3.1617346010564615
2028-09-30,432.9433523624268,427.0616777073798,437.69731658978645,429.51643290351427,423.7452948289081,434.1808003728007,-3.426919458912529
2028-10-31,433.1437978574491,427.2109661288382,437.95724758589887,431.0575350618824,425.0423129134925,435.9465818385064,-2.0862627955666984
2028-11-30,433.33777736876095,427.3354049122631,438.20557577810865,432.4580306830279,426.40499186286945,437.34128923132675,-0.8797466857330598
2028-12-31,433.53822286378335,427.44709013313536,438.47572379710357,433.63075355806524,427.50163435468244,438.56545238187954,0.09253069428191078
2029-01-31,433.7386683588056,427.5169372054428,438.7501037759928,434.42196613065863,428.18432196014766,439.56674482338707,0.6832977718530321
2029-02-28,433.91971590269674,427.6432794887996,438.98512908312296,435.1485065165112,428.7337821244074,440.2117205103508,1.2287906138144498
2029-03-31,434.120161397719,427.7159002694933,439.25574865923403,436.6295802565517,430.2768262218266,441.82762045729066,2.509418858832727
2029-04-30,434.3141409090309,427.8493598379451,439.5321978221059,437.46728998277047,430.8391885094025,442.811271567059,3.1531490737395553
2029-05-31,434.5145864040532,427.9501870993572,439.80497720967406,436.93774516543704,430.2378271653634,442.2838800705484,2.423158761383817
2029-06-30,434.70856591536517,428.0493151285059,440.0576010358145,435.4808313170921,428.846662086567,440.9531212934122,0.772265401726934
2029-07-31,434.90901141038745,428.15894847511555,440.3417366497275,433.5620004425962,426.71779377464827,439.0428040770216,-1.347010967791258
2029-08-31,435.10945690540973,428.2982383857768,440.61451603729563,431.96139731960807,424.96957833317623,437.5876592982516,-3.148059585801663
2029-09-30,435.3034364167217,428.40690552999445,440.8985570625646,431.8401495787433,424.9369593363101,437.4293653561158,-3.4632868379783615
2029-10-31,435.50388191174403,428.51604196192307,441.1512754773491,433.40982427394187,426.33422635020753,439.12810323218196,-2.0940576378021394
2029-11-30,435.69786142305594,428.64000082395773,441.446323124837,434.8253784058569,427.6005202033824,440.5598599901107,-0.872483017199042
2029-12-31,435.8983069180782,428.7564253908105,441.7385645390972,436.0050785153375,428.64180712619975,441.7434064107358,0.1067715972593119
2030-01-31,436.09875241310056,428.87015528034004,442.01415339018325,436.7800857306041,429.49017880295816,442.6962013011956,0.681333317503571
2030-02-28,436.27979995699167,428.9646928620291,442.26834003149884,437.4711658830897,430.1417069356486,443.5301140349464,1.1913659260980665
2030-03-31,436.48024545201395,429.06995004314035,442.54563313851764,438.9671855285773,431.5767562877461,445.1109324519501,2.486940076563379
2030-04-30,436.6742249633259,429.17294553761155,442.810605877849,439.85404193970015,432.18424554290465,446.17601476554756,3.179816976374244
2030-05-31,436.8746704583482,429.27924156664557,443.1070710915108,439.3183287943198,431.5982017372886,445.64698131065967,2.443658335971613
2030-06-30,437.06864996966016,429.3815904041593,443.3780989359889,437.85476228717954,430.1791131240121,444.3472536514991,0.7861123175193862
2030-07-31,437.26909546468244,429.44761603964287,443.64258196607204,435.937072079538,427.9472253067727,442.27044690101627,-1.3320233851444274
2030-08-31,437.4695409597047,429.42026565518023,443.92131873530127,434.33487223948447,426.32301485321244,440.7423226468469,-3.1346687202202674
2030-09-30,437.6635204710166,429.53878093867536,444.1993006209441,434.1642014579337,425.9806385191503,440.66410390444383,-3.499319013082927
2030-10-31,437.8639659660389,429.6243949780431,444.469749086945,435.76285637493646,427.41747690596844,442.4002240066548,-2.1011095911024174
2030-11-30,438.05794547735087,429.70491482791033,444.7448930236515,437.19300749519783,428.84444246898,443.8086290012925,-0.8649379821530548
2030-12-31,438.25839097237315,429.75669686044074,445.0177763359064,438.3789917702626,429.7706774781039,445.3511144518807,0.12060079788945727
2031-01-31,438.45883646739543,429.8035535178318,445.3003529423719,439.137382319101,430.52845857505974,445.9255135225254,0.6785458517055589
2031-02-28,438.63988401128665,429.84838826705516,445.5469160415912,439.7938916586041,430.9119418343281,446.7873017794481,1.1540076473174001
2031-03-31,438.84032950630893,429.97548983905403,445.83539676296783,441.3056052122293,432.6741276986596,448.26844450273575,2.4652757059203774
2031-04-30,439.0343090176208,430.04516887290185,446.1041387895859,442.2411171523426,433.26524061777155,449.38540054969735,3.206808134721851
2031-05-31,439.2347545126431,430.1408739928327,446.38183888375795,441.6985361352291,432.9128140196131,448.8079077934279,2.463781622585976
2031-06-30,439.42873402395503,430.2415245830876,446.6502100073163,440.2283374612648,431.12691464766067,447.6676486958207,0.7996034373097874
2031-07-31,439.62917951897737,430.31721479385413,446.9249525796898,438.31198022923684,428.9054400626044,445.6434758573979,-1.3171992897405331
2031-08-31,439.82962501399965,430.4010653012938,447.19829098869536,436.70806883761975,427.31556695060493,444.13346073281525,-3.121556176379902
2031-09-30,440.0236045253115,430.4668960321079,447.4777720653273,436.4886234607515,427.22019459428645,444.0667945335759,-3.534981064559999
2031-10-31,440.2240500203339,430.56422504612266,447.7882345737578,438.11662975691615,428.4975349516975,445.7738028753193,-2.1074202634177497
2031-11-30,440.41802953164586,430.63355080646875,448.0974896906518,439.5608896625173,429.9856065156809,447.3308046385576,-0.857139869128565
2031-12-31,440.61847502666814,430.6524755811537,448.4151768980671,440.75246390179194,431.1102742499374,448.73761737488167,0.13398887512377985
2032-01-31,440.8189205216904,430.7452561434275,448.7034094283967,441.49385489271845,431.4955396421803,449.55759837642137,0.6749343710280455
2032-02-29,441.0064340492919,430.8515343537113,448.9369589684392,442.2726745216415,432.2006096092469,450.4956109977619,1.2662404723495986
2032-03-31,441.2068795443142,430.96514209573894,449.1997226293877,443.73957333468934,433.7215977426396,452.11970979788043,2.5326937903751596
2032-04-30,441.40085905562614,431.07508507189465,449.49647034940295,444.52769517381444,434.31909104269295,452.9410128858936,3.1268361181882827
2032-05-31,441.6013045506484,431.17451187041104,449.80310966008534,444.00360786764134,433.7174021603411,452.2895746930995,2.402303316992895
2032-06-30,441.7952840619604,431.263274707518,450.09034890668875,442.55334747155734,431.80305980507245,450.99954191523625,0.7580634095969354
2032-07-31,441.99572955698267,431.3844248772456,450.3880605966978,440.6335647697886,430.0678418755322,449.22089769009824,-1.3621647871940485
2032-08-31,442.19617505200506,431.48300001067634,450.66750819000623,439.0344404509484,428.3601532686079,447.67595814664577,-3.1617346010566507
2032-09-30,442.3901545633169,431.605352481571,450.9379413448208,438.96323510440493,428.12623496228997,447.6868097035812,-3.426919458911964
2032-10-31,442.5906000583392,431.637167160976,451.2173889381292,440.50433726277265,429.87720582795157,449.4647242308461,-2.0862627955665145
2032-11-30,442.7845795696511,431.7062965305298,451.46302052525095,441.9048328839179,431.0139063656086,450.76883627360115,-0.8797466857332249
2032-12-31,442.9850250646734,431.8065056472596,451.7511641140012,443.0775557589551,431.8071763891017,452.0000713222375,0.09253069428172075
2033-01-31,443.1854705596958,431.9076528344607,452.04671727956054,443.8687683315488,432.3726609406748,452.71453687982887,0.6832977718530314
2033-02-28,443.36651810358677,431.978847616916,452.3021916651864,444.59530871740196,433.3225275545864,453.6940713009248,1.2287906138151703
2033-03-31,443.56696359860916,432.08608931488203,452.59806948162253,446.07638245744255,434.7319925293631,455.34579618104243,2.5094188588333703
2033-04-30,443.76094310992113,432.1888004208451,452.8698776097522,446.9140921836602,435.21711135687065,456.2354284529973,3.1531490737391072
2033-05-31,443.9613886049434,432.2886688542813,453.1583737455151,446.3845473663271,434.7152454331678,455.9518950419323,2.4231587613837373
2033-06-30,444.15536811625526,432.3920271320063,453.4352823285998,444.92763351798186,432.99525529930503,454.60488483445283,0.7722654017265846
2033-07-31,444.3558136112776,432.5375045861823,453.7314864411027,443.0088026434857,431.11174918286696,452.8064629021694,-1.3470109677918836
2033-08-31,444.5562591062999,432.6500031404453,454.0293444971251,441.4081995204978,429.3305080781146,451.0601070265389,-3.1480595858020455
2033-09-30,444.75023861761184,432.7050604226642,454.3223185831348,441.28695177963385,429.32155456579306,451.01196740002337,-3.4632868379779946
2033-10-31,444.9506841126341,432.79028036897,454.61974751934514,442.856626474832,430.63087752622073,452.8212759126539,-2.094057637802088
2033-11-30,445.144663623946,432.8896561419956,454.91498254890547,444.27218060674704,431.8568606236744,454.25183753121985,-0.8724830171989268
2033-12-31,445.34510911896837,432.9556199250014,455.21818506036624,445.4518807162274,433.21342040038456,455.5549411236245,0.10677159725900282
2034-01-31,445.5455546139907,433.02867247044674,455.5093669779123,446.2268879314943,433.65630531351997,456.25159195094034,0.6813333175035663
2034-02-28,445.72660215788176,433.1371905384418,455.7942132051069,446.91796808398044,434.35109750301314,457.18242763977776,1.1913659260986755
2034-03-31,445.9270476529041,433.27463781802487,456.0699078912008,448.4139877294676,435.99310532744505,458.6641615431858,2.486940076563474
2034-04-30,446.121027164216,433.39578816554155,456.3267643000979,449.30084414058996,436.55066042819004,459.68277352081503,3.1798169763739677
2034-05-31,446.32147265923834,433.46667556250924,456.60347065096516,448.76513099520963,435.69924886315215,459.0368989367802,2.443658335971291
2034-06-30,446.5154521705502,433.557471593696,456.84799751632943,447.3015644880695,434.2940561424372,457.95466309646685,0.7861123175193248
2034-07-31,446.71589766557247,433.6552369444872,457.1367834700798,445.3838742804281,432.23623587740184,455.8374855050175,-1.3320233851444205
2034-08-31,446.91634316059475,433.7219671319335,457.42992740154233,443.7816744403747,430.63802996321397,454.4416614750896,-3.1346687202200587
2034-09-30,447.11032267190683,433.79694838477064,457.75008178188546,443.61100365882413,430.4083953605296,454.0614840915421,-3.4993190130827125
2034-10-31,447.3107681669291,433.8910323174594,457.9992912276096,445.20965857582667,431.7532053330184,455.94893583742163,-2.10110959110242
2034-11-30,447.50474767824096,433.90457956350855,458.2772710950581,446.6398096960876,432.9121699770785,457.5323920781325,-0.8649379821534027
2034-12-31,447.70519317326324,433.8801067838182,458.5399927927069,447.82579397115256,434.1390263284415,458.48621894908234,0.1206007978893377
2035-01-31,447.9056386682856,434.02390343251517,458.80819577886206,448.5841845199911,434.52397205435,459.61634032211305,0.6785458517055319
2035-02-28,448.0866862121767,434.19655331545704,459.0418286524968,449.24069385949423,435.20997385316883,460.3596945731434,1.1540076473175251
2035-03-31,448.28713170719897,434.2879913912472,459.3818845817855,450.75240741311933,436.7255497936661,461.79918108872,2.465275705920387
2035-04-30,448.48111121851093,434.3333195427962,459.75176530835665,451.68791935323276,437.5885250760839,463.02875925599693,3.206808134721813
2035-05-31,448.6815567135332,434.42775086328726,460.0102506132845,451.14533833611927,436.6546026078546,462.55432851427423,2.4637816225860547
2035-06-30,448.8755362248452,434.60674721325034,460.27681720274734,449.675139662155,434.67393898009,461.3047164233825,0.7996034373098101
2035-07-31,449.07598171986746,434.7512390107323,460.5683041710957,447.758782430127,433.14841330246304,459.3176165729676,-1.3171992897404698
2035-08-31,449.27642721488974,434.77091233973624,460.90032858129496,446.1548710385098,431.5666835697314,458.0079185226962,-3.1215561763799564
2035-09-30,449.4704067262017,434.72191915907985,461.2474068239755,445.9354256616417,431.18714226270373,457.6201397571767,-3.5349810645599806
2035-10-31,449.67085222122404,434.6712928724015,461.5447828481569,447.5634319578063,432.38077990623066,459.3852677710639,-2.107420263417763
2035-11-30,449.8648317325359,434.674865058175,461.8253677228813,449.0076918634077,433.8212064142716,460.9221484866759,-0.8571398691282122
2035-12-31,450.06527722755817,434.76055301527333,462.123635195514,450.1992661026821,434.857400767495,462.1591242334544,0.13398887512392937
2036-01-31,450.26572272258045,434.8896836364441,462.4233335079348,450.9406570936084,435.6218046627989,463.1913868623264,0.6749343710280001
2036-02-29,450.453236250182,435.0104832497974,462.69969073375313,451.7194767225315,436.07346216172124,464.02010144036973,1.2662404723495118
2036-03-31,450.6536817452044,435.13961387096816,462.98997414280325,453.18637553557954,437.44478395969367,465.4156458536514,2.5326937903751583
2036-04-30,450.84766125651623,435.2447660655431,463.2737585830347,453.9744973747046,438.3559733104981,466.2579518361773,3.1268361181883266
2036-05-31,451.04810675153857,435.29887719495014,463.57696900240995,453.4504100685318,437.65503282792827,465.978899098968,2.4023033169932626
2036-06-30,451.2420862628505,435.35124280405375,463.8657209053389,452.0001496724475,435.8760462882174,464.89355831594787,0.7580634095969886
2036-07-31,451.4425317578728,435.4053539334609,464.15982550627564,450.0803669706787,433.79928354707624,462.7129326131399,-1.362164787194127
2036-08-31,451.6429772528951,435.43296109411466,464.5170297948789,448.48124265183844,431.84614984147566,461.38604893163995,-3.1617346010566747
2036-09-30,451.83695676420695,435.4132979653253,464.76849445815554,448.41003730529496,432.2752566156197,461.4099663591056,-3.426919458911959
2036-10-31,452.03740225922934,435.5041133543013,465.03114453507357,449.95113946366286,433.37758396932935,463.206173021416,-2.086262795566494
2036-11-30,452.2313817705413,435.49494251020405,465.3086592522847,451.35163508480815,434.51947151208407,464.4662435067658,-0.8797466857331596
2036-12-31,452.4318272655636,435.471220559863,465.61860353192793,452.52435795984536,435.31449010089096,465.9251898258772,0.09253069428177678
2037-01-31,452.63227276058586,435.44981558639654,465.9379003144311,453.31557053243887,436.05897274279715,466.76365459048344,0.6832977718529978
2037-02-28,452.813320304477,435.4377616849598,466.1900232763516,454.04211091829205,436.7063891816067,467.45248829704053,1.2287906138150835
2037-03-31,453.01376579949925,435.42641149325163,466.45954168224927,455.5231846583325,437.9584662461577,469.2231378150969,2.509418858833294
2037-04-30,453.20774531081116,435.4146692470381,466.74608000969505,456.36089438455036,438.50875574544784,470.1824926274221,3.1531490737391827
2037-05-31,453.40819080583344,435.3983810631816,467.04236848425217,455.831349567217,437.7446260652908,469.44589773333615,2.4231587613835313
2037-06-30,453.6021703171454,435.46726491915865,467.3342167458071,454.37443571887195,436.3146661508529,468.3398220309439,0.7722654017265173
2037-07-31,453.8026158121677,435.53844490366833,467.6750419700254,452.4556048443763,434.4660968284669,466.4174271029995,-1.34701096779139
2037-08-31,454.0030613071901,435.5801107329386,468.0210506753833,450.85500172138796,432.4941662239816,464.8751556574807,-3.1480595858021156
2037-09-30,454.19704081850193,435.62669837859374,468.29336777653134,450.7337539805239,431.9804713643243,464.9724680810539,-3.4632868379780266
2037-10-31,454.39748631352427,435.6863979111329,468.6058969581084,452.3034286757222,433.63294589102895,466.7921162499205,-2.094057637802056
2037-11-30,454.5914658248362,435.7026346766033,468.9245197971986,453.71898280763736,434.9235260898247,467.97697622257834,-0.8724830171988195
2037-12-31,454.7919113198585,435.7344657609769,469.24476328808663,454.89868291711736,435.9898655121569,469.2151975558571,0.10677159725884743
2038-01-31,454.9923568148808,435.76629684535055,469.5704048611084,455.67369013238437,436.57058894724986,470.5131130605882,0.6813333175035498
2038-02-28,455.1734043587719,435.7950475022041,469.8757747320083,456.36477028486996,436.77742566044566,471.1866482839138,1.1913659260980498
2038-03-31,455.3738498537942,435.82687858657766,470.2096319148624,457.8607899303573,438.3067799849087,473.0326894295877,2.4869400765631444
2038-04-30,455.56782936510615,435.85768286177796,470.522963526693,458.74764634148045,439.20155899934554,473.6177970746428,3.179816976374289
2038-05-31,455.76827486012843,435.8895139461516,470.8413459284077,458.2119331961002,438.4944621663481,473.21507259796743,2.443658335971761
2038-06-30,455.9622543714404,435.9203182213519,471.1273638079132,456.7483666889596,436.58998443391476,471.8651421997685,0.7861123175192218
2038-07-31,456.1626998664627,435.95214930572547,471.3727471119029,454.8306764813185,434.561322173831,470.23264111757703,-1.332023385144178
2038-08-31,456.36314536148495,435.98824928392537,471.6181304158926,453.22847664126476,432.56612810549177,468.7192961104802,-3.1346687202201995
2038-09-30,456.55712487279686,436.0294509715562,471.85482511396856,453.0578058597135,432.47023019041217,468.71125626497434,-3.499319013083352
2038-10-31,456.75757036781914,436.07356418001893,472.0908529850889,454.65646077671664,433.93604795690516,470.3809979540481,-2.1011095911025146
2038-11-30,456.9515498791311,436.1162543817571,472.319267053915,456.08661189697807,435.27173973804634,471.88399792450707,-0.8649379821530132
2038-12-31,457.1519953741534,436.1497855519509,472.5977708541426,457.2725961720429,436.2989280781299,472.737424295434,0.12060079788951081
2039-01-31,457.3524408691758,436.1487482721132,472.9403255271959,458.03098672088134,436.65738957730474,474.0718687976637,0.6785458517055414
2039-02-28,457.5334884130668,436.15410532446697,473.25661608048136,458.68749606038375,437.3754219254531,474.54006626108196,1.1540076473169882
2039-03-31,457.73393390808917,436.16003634671563,473.5721424561396,460.19920961400936,438.63009554333485,476.3749939057248,2.465275705920205
2039-04-30,457.927913419401,436.2133532643115,473.93608686149344,461.1347215541232,439.8378041911799,477.31692097892494,3.206808134722173
2039-05-31,458.12835891442336,436.35346076975645,474.3230835588398,460.5921405370098,439.08189582860217,477.0422714968177,2.4637816225864446
2039-06-30,458.32233842573527,436.48342790896714,474.6975964917555,459.12194186304544,437.28621681524163,475.5725172652781,0.7996034373101772
2039-07-31,458.5227839207576,436.51269270017326,475.0554000017637,457.20558463101713,435.33137766392406,473.71251718784356,-1.3171992897404918
2039-08-31,458.7232294157799,436.4538125507662,475.3318576141979,455.6016732394,433.2383081130668,472.4695290529701,-3.1215561763798867
2039-09-30,458.91720892709185,436.4626545386989,475.6845636871971,455.3822278625312,432.7514162458156,472.14545626739107,-3.5349810645606587
2039-10-31,459.11765442211413,436.5054065989418,476.04902662929624,457.0102341586963,434.4961160550214,474.003151452374,-2.107420263417861
2039-11-30,459.311633933426,436.48019893180697,476.39935114409496,458.4544940642976,435.6333546447161,475.4539304654485,-0.8571398691284124
2039-12-31,459.5120794284484,436.47033990181313,476.7587995530579,459.6460683035725,436.63180881629415,476.8537675810936,0.13398887512415858
2040-01-31,459.71252492347065,436.54225761330656,477.1182479620206,460.3874592944987,437.1758165490753,477.608898275585,0.6749343710280287
2040-02-29,459.90003845107213,436.53530754107754,477.4474454914956,461.1662789234214,437.72076097338004,478.61631713342496,1.2662404723492564
2040-03-31,460.1004839460944,436.59605518767046,477.7707393273469,462.6331777364693,439.1987836476239,480.2446726983855,2.5326937903748714
