,station,to_station,#_of_rooms,floor_plan,area,tx.yr.,age,bldg.struct.,LUZ,renovation,price
2942,夙川,2.0,3.0,２ＬＤＫ,55.0,2022.0,24.0,ＲＣ,２中住専,未改装,4200.0
2943,夙川,3.0,5.0,４ＬＤＫ,85.0,2021.0,23.0,ＲＣ,２中住専,未改装,5800.0
2944,夙川,3.0,5.0,４ＬＤＫ,90.0,2020.0,22.0,ＲＣ,２中住専,未改装,6000.0
2945,夙川,3.0,4.0,３ＬＤＫ,70.0,2020.0,22.0,ＲＣ,２中住専,改装済み,5400.0
2948,西宮(ＪＲ),11.0,4.0,３ＬＤＫ,65.0,2023.0,7.0,ＲＣ,１種住居,未改装,4700.0
2949,西宮(ＪＲ),13.0,4.0,３ＬＤＫ,75.0,2022.0,35.0,ＲＣ,１種住居,改装済み,2600.0
2950,西宮(ＪＲ),10.0,5.0,４ＬＤＫ,75.0,2021.0,5.0,ＲＣ,１種住居,未改装,4500.0
2951,西宮北口,13.0,4.0,３ＬＤＫ,80.0,2022.0,35.0,ＲＣ,１種住居,改装済み,2900.0
2952,西宮北口,13.0,4.0,３ＬＤＫ,75.0,2022.0,35.0,ＲＣ,１種住居,改装済み,2700.0
2953,西宮北口,14.0,4.0,３ＬＤＫ,65.0,2021.0,36.0,ＲＣ,１種住居,改装済み,3000.0
2954,西宮北口,14.0,3.0,２ＬＤＫ,55.0,2020.0,4.0,ＲＣ,１種住居,未改装,3200.0
2956,甲子園,8.0,4.0,３ＬＤＫ,75.0,2023.0,32.0,ＲＣ,１中住専,改装済み,3100.0
2958,甲子園,5.0,4.0,３ＬＤＫ,80.0,2022.0,34.0,ＲＣ,１中住専,未改装,2700.0
2959,甲子園,7.0,4.0,３ＬＤＫ,75.0,2022.0,51.0,ＲＣ,１中住専,改装済み,2300.0
2961,甲子園,6.0,4.0,３ＬＤＫ,70.0,2020.0,32.0,ＲＣ,１中住専,改装済み,2600.0
2962,甲子園,6.0,4.0,３ＬＤＫ,80.0,2020.0,32.0,ＲＣ,１中住専,改装済み,3200.0
2963,鳴尾・武庫川女子大前,4.0,3.0,２ＤＫ,60.0,2020.0,23.0,ＲＣ,１種住居,改装済み,3200.0
2964,鳴尾・武庫川女子大前,4.0,3.0,２ＬＤＫ,60.0,2020.0,23.0,ＲＣ,１種住居,改装済み,2000.0
2965,西宮北口,6.0,5.0,４ＬＤＫ,80.0,2024.0,12.0,ＲＣ,近隣商業,改装済み,7800.0
2967,西宮北口,7.0,2.0,１ＬＤＫ,65.0,2024.0,12.0,ＲＣ,近隣商業,未改装,5300.0
2969,西宮北口,7.0,4.0,３ＬＤＫ,65.0,2020.0,8.0,ＲＣ,近隣商業,未改装,4700.0
2970,西宮北口,8.0,4.0,３ＬＤＫ,80.0,2020.0,8.0,ＲＣ,２種住居,未改装,5500.0
2971,西宮北口,6.0,3.0,２ＬＤＫ,65.0,2020.0,8.0,ＲＣ,近隣商業,未改装,4800.0
2974,門戸厄神,13.0,4.0,３ＬＤＫ,65.0,2021.0,20.0,ＲＣ,１中住専,未改装,2500.0
2975,香櫨園,6.0,2.0,１Ｋ,20.0,2023.0,34.0,ＲＣ,１種住居,未改装,250.0
2976,香櫨園,6.0,2.0,１Ｋ,15.0,2022.0,34.0,ＲＣ,１種住居,未改装,570.0
2980,香櫨園,6.0,2.0,１Ｋ,15.0,2020.0,31.0,ＲＣ,１種住居,改装済み,530.0
2981,西宮(ＪＲ),4.0,4.0,３ＬＤＫ,60.0,2025.0,49.0,ＳＲＣ,近隣商業,改装済み,2600.0
2982,西宮(ＪＲ),4.0,4.0,３ＬＤＫ,60.0,2024.0,48.0,ＳＲＣ,近隣商業,未改装,1600.0
2984,西宮(ＪＲ),3.0,4.0,３ＬＤＫ,100.0,2023.0,30.0,ＳＲＣ,近隣商業,未改装,4700.0
2985,西宮(ＪＲ),4.0,3.0,２ＤＫ,55.0,2023.0,47.0,ＳＲＣ,近隣商業,未改装,2100.0
2986,西宮(ＪＲ),4.0,2.0,１Ｋ,20.0,2023.0,39.0,ＲＣ,近隣商業,未改装,430.0
2987,西宮(ＪＲ),2.0,4.0,３ＬＤＫ,75.0,2022.0,29.0,ＳＲＣ,近隣商業,改装済み,4400.0
2988,西宮(ＪＲ),1.0,2.0,１ＬＤＫ,50.0,2022.0,27.0,ＳＲＣ,近隣商業,未改装,2600.0
2989,西宮(ＪＲ),3.0,3.0,２ＤＫ,35.0,2022.0,38.0,ＲＣ,近隣商業,改装済み,1300.0
2990,西宮(ＪＲ),3.0,4.0,２ＬＤＫ＋Ｓ,85.0,2022.0,29.0,ＳＲＣ,近隣商業,改装済み,4400.0
2991,西宮(ＪＲ),3.0,4.0,３ＬＤＫ,90.0,2022.0,29.0,ＳＲＣ,近隣商業,未改装,4300.0
2992,西宮(ＪＲ),4.0,4.0,３ＬＤＫ,90.0,2021.0,28.0,ＳＲＣ,近隣商業,未改装,3800.0
2993,西宮(ＪＲ),3.0,3.0,２ＬＤＫ,60.0,2021.0,28.0,ＳＲＣ,近隣商業,改装済み,3400.0
2994,西宮(ＪＲ),4.0,2.0,１ＬＤＫ,50.0,2021.0,45.0,ＳＲＣ,近隣商業,改装済み,2200.0
2995,西宮(ＪＲ),1.0,3.0,２ＬＤＫ,75.0,2021.0,28.0,ＳＲＣ,近隣商業,未改装,3600.0
2998,西宮(ＪＲ),2.0,4.0,３ＬＤＫ,90.0,2020.0,27.0,ＳＲＣ,近隣商業,改装済み,4900.0
2999,武庫川,4.0,3.0,２ＬＤＫ,65.0,2023.0,39.0,ＲＣ,１種住居,改装済み,2600.0
3003,香櫨園,15.0,4.0,３ＬＤＫ,60.0,2024.0,46.0,ＳＲＣ,準工業,未改装,1400.0
3005,香櫨園,15.0,4.0,３ＬＤＫ,60.0,2024.0,46.0,ＳＲＣ,準工業,改装済み,1600.0
3006,香櫨園,15.0,4.0,３ＬＤＫ,65.0,2024.0,22.0,ＲＣ,準工業,改装済み,3800.0
3009,香櫨園,15.0,4.0,３ＬＤＫ,60.0,2023.0,45.0,ＳＲＣ,準工業,未改装,1600.0
3012,香櫨園,15.0,4.0,３ＤＫ,60.0,2021.0,43.0,ＳＲＣ,準工業,未改装,1000.0
3013,香櫨園,15.0,4.0,３ＬＤＫ,60.0,2021.0,43.0,ＳＲＣ,準工業,改装済み,1600.0
3015,香櫨園,15.0,4.0,３ＤＫ,60.0,2021.0,43.0,ＳＲＣ,準工業,未改装,1000.0
3016,香櫨園,15.0,3.0,２ＬＤＫ,60.0,2021.0,43.0,ＳＲＣ,準工業,改装済み,1600.0
3017,香櫨園,14.0,3.0,２ＬＤＫ,60.0,2021.0,49.0,ＲＣ,１種住居,改装済み,1600.0
3018,香櫨園,16.0,4.0,３ＬＤＫ,85.0,2021.0,16.0,ＲＣ,準工業,未改装,3700.0
3022,香櫨園,16.0,4.0,３ＬＤＫ,60.0,2020.0,42.0,ＳＲＣ,準工業,改装済み,1700.0
3023,香櫨園,13.0,4.0,３ＬＤＫ,130.0,2020.0,28.0,ＲＣ,１種住居,改装済み,3100.0
3025,香櫨園,14.0,3.0,２ＬＤＫ,60.0,2020.0,48.0,ＲＣ,１種住居,改装済み,1800.0
3026,香櫨園,16.0,4.0,３ＬＤＫ,60.0,2020.0,48.0,ＲＣ,１種住居,改装済み,1000.0
3027,香櫨園,15.0,3.0,２ＬＤＫ,60.0,2020.0,42.0,ＳＲＣ,準工業,改装済み,1800.0
3028,西宮(阪神),18.0,4.0,３ＬＤＫ,90.0,2024.0,22.0,ＲＣ,準工業,改装済み,3900.0
3029,西宮(阪神),15.0,3.0,２ＬＤＫ,60.0,2022.0,44.0,ＳＲＣ,準工業,未改装,1000.0
3030,甲陽園,20.0,3.0,２ＬＤＫ,65.0,2025.0,26.0,ＲＣ,１中住専,未改装,2300.0
3031,甲陽園,21.0,4.0,３ＬＤＫ,70.0,2025.0,30.0,ＲＣ,１中住専,改装済み,3000.0
3032,甲陽園,24.0,4.0,３ＬＤＫ,65.0,2025.0,45.0,ＲＣ,１中住専,未改装,1100.0
3033,甲陽園,24.0,4.0,２ＬＤＫ＋Ｓ,70.0,2024.0,44.0,ＲＣ,１中住専,未改装,1200.0
3034,甲陽園,24.0,4.0,３ＬＤＫ,65.0,2023.0,43.0,ＲＣ,１中住専,未改装,1200.0
3035,甲陽園,20.0,5.0,４ＬＤＫ,85.0,2023.0,12.0,ＲＣ,１中住専,未改装,3200.0
3036,甲陽園,20.0,4.0,３ＬＤＫ,75.0,2023.0,12.0,ＲＣ,１中住専,未改装,2700.0
3037,甲陽園,20.0,3.0,２ＬＤＫ,70.0,2023.0,24.0,ＲＣ,１中住専,未改装,1700.0
3038,甲陽園,20.0,4.0,３ＬＤＫ,65.0,2023.0,37.0,ＲＣ,１中住専,未改装,1100.0
3039,甲陽園,20.0,4.0,３ＬＤＫ,70.0,2022.0,23.0,ＲＣ,１中住専,改装済み,2500.0
3040,甲陽園,24.0,4.0,３ＬＤＫ,85.0,2022.0,42.0,ＲＣ,１中住専,未改装,3300.0
3042,甲陽園,23.0,4.0,３ＬＤＫ,85.0,2021.0,18.0,ＲＣ,１中住専,未改装,3500.0
3044,甲陽園,23.0,4.0,３ＬＤＫ,70.0,2021.0,10.0,ＲＣ,１中住専,未改装,2800.0
3047,甲陽園,24.0,3.0,２ＬＤＫ,65.0,2020.0,40.0,ＲＣ,１中住専,未改装,1200.0
3048,甲陽園,24.0,4.0,３ＬＤＫ,65.0,2020.0,40.0,ＲＣ,１中住専,改装済み,1700.0
3050,甲陽園,24.0,4.0,３ＬＤＫ,70.0,2020.0,40.0,ＲＣ,１中住専,改装済み,2100.0
3051,甲陽園,20.0,4.0,３ＬＤＫ,75.0,2020.0,9.0,ＲＣ,１中住専,未改装,2800.0
3052,甲陽園,24.0,3.0,２ＬＤＫ,65.0,2020.0,40.0,ＲＣ,１中住専,未改装,1100.0
3053,甲東園,19.0,4.0,３ＬＤＫ,70.0,2024.0,26.0,ＲＣ,１中住専,未改装,3000.0
3054,甲東園,19.0,4.0,３ＬＤＫ,65.0,2023.0,46.0,ＲＣ,１中住専,未改装,600.0
3055,甲東園,19.0,4.0,３ＬＤＫ,70.0,2023.0,8.0,ＲＣ,１中住専,未改装,3200.0
3057,甲東園,19.0,4.0,３ＬＤＫ,70.0,2022.0,24.0,ＲＣ,１中住専,改装済み,2700.0
3058,仁川,23.0,4.0,３ＬＤＫ,70.0,2022.0,7.0,ＲＣ,１中住専,未改装,2700.0
3060,仁川,23.0,3.0,２ＬＤＫ,80.0,2020.0,19.0,ＲＣ,１中住専,未改装,2400.0
3061,久寿川,5.0,5.0,４ＬＤＫ,80.0,2022.0,37.0,ＳＲＣ、ＲＣ,近隣商業,改装済み,2600.0
3063,久寿川,13.0,4.0,３ＬＤＫ,60.0,2025.0,28.0,ＳＲＣ,１種住居,改装済み,3100.0
3064,久寿川,12.0,4.0,３ＬＤＫ,60.0,2024.0,28.0,ＳＲＣ,１種住居,未改装,2700.0
3069,久寿川,13.0,4.0,３ＬＤＫ,60.0,2023.0,25.0,ＳＲＣ,１種住居,未改装,2200.0
3070,久寿川,13.0,4.0,３ＬＤＫ,60.0,2023.0,25.0,ＳＲＣ,１種住居,改装済み,3000.0
3073,久寿川,10.0,4.0,３ＬＤＫ,65.0,2022.0,26.0,ＲＣ,１種住居,改装済み,3000.0
3074,久寿川,12.0,5.0,４ＬＤＫ,75.0,2021.0,25.0,ＳＲＣ,１種住居,未改装,2900.0
3075,久寿川,13.0,4.0,３ＬＤＫ,60.0,2021.0,23.0,ＳＲＣ,１種住居,改装済み,2900.0
3076,久寿川,12.0,4.0,３ＬＤＫ,65.0,2021.0,25.0,ＳＲＣ,１種住居,未改装,2100.0
3077,久寿川,11.0,4.0,３ＬＤＫ,60.0,2021.0,25.0,ＲＣ,１種住居,未改装,1900.0
3078,久寿川,13.0,4.0,３ＬＤＫ,60.0,2020.0,23.0,ＳＲＣ,１種住居,未改装,2000.0
3079,久寿川,13.0,4.0,３ＬＤＫ,60.0,2020.0,22.0,ＳＲＣ,１種住居,未改装,1700.0
3080,久寿川,12.0,5.0,４ＬＤＫ,85.0,2020.0,22.0,ＳＲＣ,１種住居,未改装,2700.0
3081,甲子園,20.0,5.0,４ＬＤＫ,80.0,2024.0,12.0,ＲＣ,準工業,未改装,3000.0
3082,甲子園,20.0,4.0,３ＬＤＫ,70.0,2022.0,10.0,ＲＣ,準工業,未改装,2800.0
3086,久寿川,18.0,4.0,３ＬＤＫ,75.0,2024.0,41.0,ＲＣ,１種住居,未改装,1200.0
3087,久寿川,18.0,4.0,３ＬＤＫ,70.0,2022.0,39.0,ＲＣ,１種住居,未改装,900.0
3088,久寿川,18.0,4.0,３ＬＤＫ,70.0,2021.0,38.0,ＲＣ,１種住居,未改装,1200.0
3089,久寿川,18.0,4.0,３ＬＤＫ,70.0,2020.0,37.0,ＲＣ,１種住居,未改装,1200.0
3090,久寿川,20.0,5.0,４ＬＤＫ,90.0,2020.0,37.0,ＲＣ,１種住居,未改装,1300.0
3091,甲子園,21.0,4.0,３ＬＤＫ,70.0,2024.0,41.0,ＲＣ,１種住居,未改装,1200.0
3092,甲子園,23.0,5.0,４ＬＤＫ,90.0,2023.0,40.0,ＲＣ,１種住居,未改装,1800.0
3093,甲子園,21.0,3.0,２ＬＤＫ,80.0,2021.0,38.0,ＲＣ,１種住居,改装済み,1600.0
3094,甲子園,23.0,4.0,３ＬＤＫ,70.0,2021.0,38.0,ＲＣ,１種住居,改装済み,1400.0
3095,久寿川,1.0,2.0,１Ｋ,15.0,2022.0,33.0,ＲＣ,近隣商業,未改装,360.0
3096,久寿川,3.0,1.0,１Ｒ,15.0,2022.0,33.0,ＲＣ,近隣商業,改装済み,360.0
3097,久寿川,2.0,2.0,１Ｋ,15.0,2020.0,31.0,ＲＣ,近隣商業,未改装,350.0
3101,甲東園,15.0,5.0,４ＬＤＫ,100.0,2023.0,34.0,ＲＣ,１中住専,改装済み,3900.0
3102,門戸厄神,24.0,4.0,３ＬＤＫ,65.0,2022.0,24.0,ＲＣ,１中住専,改装済み,1500.0
3103,甲陽園,16.0,4.0,３ＬＤＫ,65.0,2023.0,25.0,ＲＣ,１中住専,改装済み,1200.0
3104,門戸厄神,24.0,4.0,３ＬＤＫ,60.0,2023.0,25.0,ＲＣ,１中住専,改装済み,1700.0
3105,甲東園,28.0,3.0,２ＬＤＫ,65.0,2024.0,26.0,ＲＣ,１中住専,未改装,1900.0
3106,甲陽園,24.0,5.0,４ＬＤＫ,85.0,2023.0,26.0,ＲＣ,１中住専,未改装,2500.0
3107,甲陽園,24.0,4.0,３ＬＤＫ,70.0,2023.0,26.0,ＲＣ,１中住専,未改装,2000.0
3108,甲陽園,24.0,4.0,３ＬＤＫ,65.0,2022.0,25.0,ＲＣ,１中住専,未改装,1800.0
3109,甲陽園,25.0,4.0,３ＬＤＫ,65.0,2021.0,24.0,ＲＣ,１中住専,未改装,1600.0
3110,甲陽園,24.0,4.0,３ＬＤＫ,65.0,2021.0,24.0,ＲＣ,１中住専,未改装,1600.0
3111,甲陽園,24.0,4.0,３ＬＤＫ,70.0,2021.0,24.0,ＲＣ,１中住専,未改装,1700.0
3115,甲陽園,23.0,4.0,３ＬＤＫ,80.0,2025.0,31.0,ＲＣ,１中住専,未改装,1700.0
3117,甲陽園,23.0,4.0,３ＬＤＫ,90.0,2023.0,29.0,ＲＣ,１中住専,改装済み,2200.0
3118,甲陽園,16.0,3.0,２ＬＤＫ,85.0,2020.0,26.0,ＲＣ,１中住専,改装済み,1800.0
3119,甲陽園,15.0,5.0,３ＬＤＫ＋Ｓ,80.0,2020.0,26.0,ＲＣ,１中住専,改装済み,2000.0
3120,甲陽園,16.0,4.0,３ＬＤＫ,65.0,2025.0,47.0,ＲＣ,１中住専,未改装,360.0
3121,甲陽園,16.0,4.0,３ＬＤＫ,65.0,2025.0,47.0,ＲＣ,１中住専,未改装,500.0
3122,甲陽園,16.0,4.0,３ＬＤＫ,60.0,2024.0,46.0,ＳＲＣ,１中住専,未改装,700.0
3123,甲陽園,16.0,3.0,２ＬＤＫ,60.0,2024.0,46.0,ＳＲＣ,１中住専,未改装,990.0
3124,甲陽園,16.0,3.0,２ＬＤＫ,65.0,2024.0,46.0,ＲＣ,１中住専,改装済み,1300.0
3125,甲陽園,15.0,5.0,４ＬＤＫ,100.0,2023.0,38.0,ＲＣ,１中住専,改装済み,2500.0
3126,甲陽園,16.0,4.0,３ＬＤＫ,60.0,2023.0,45.0,ＳＲＣ,１中住専,未改装,850.0
3127,甲陽園,16.0,4.0,３ＬＤＫ,60.0,2023.0,45.0,ＲＣ,１中住専,改装済み,1300.0
3129,甲陽園,15.0,3.0,２ＬＤＫ,65.0,2022.0,44.0,ＲＣ,１中住専,未改装,770.0
3130,甲陽園,16.0,4.0,３ＬＤＫ,60.0,2022.0,44.0,ＳＲＣ,１中住専,未改装,500.0
3132,甲陽園,15.0,4.0,３ＬＤＫ,65.0,2021.0,43.0,ＲＣ,１中住専,改装済み,1300.0
3135,洲先,4.0,3.0,２ＬＤＫ,70.0,2024.0,7.0,ＲＣ,１種住居,未改装,3300.0
3136,洲先,4.0,4.0,３ＬＤＫ,65.0,2023.0,6.0,ＲＣ,１種住居,改装済み,3100.0
3137,洲先,5.0,4.0,３ＬＤＫ,75.0,2020.0,15.0,ＲＣ,１種住居,改装済み,2600.0
3138,武庫川団地前,3.0,5.0,４ＬＤＫ,80.0,2022.0,41.0,ＳＲＣ,準工業,未改装,1800.0
3139,武庫川団地前,2.0,4.0,３ＬＤＫ,80.0,2020.0,39.0,ＳＲＣ,準工業,改装済み,1900.0
3140,洲先,9.0,4.0,３ＬＤＫ,75.0,2025.0,39.0,ＲＣ,１種住居,未改装,1300.0
3143,洲先,9.0,4.0,３ＬＤＫ,85.0,2024.0,43.0,ＲＣ,１種住居,改装済み,2100.0
3144,洲先,8.0,4.0,３ＬＤＫ,85.0,2023.0,42.0,ＲＣ,１種住居,未改装,1400.0
3146,洲先,11.0,4.0,３ＬＤＫ,90.0,2020.0,34.0,ＲＣ,１種住居,改装済み,2000.0
3151,鳴尾・武庫川女子大前,14.0,3.0,２ＬＤＫ,65.0,2022.0,21.0,ＲＣ,１種住居,改装済み,2700.0
3152,鳴尾・武庫川女子大前,14.0,4.0,３ＬＤＫ,70.0,2020.0,19.0,ＲＣ,１種住居,改装済み,2800.0
3153,武庫川団地前,3.0,4.0,３ＬＤＫ,70.0,2025.0,50.0,ＲＣ,１種住居,改装済み,1200.0
3155,武庫川団地前,3.0,4.0,３ＬＤＫ,70.0,2023.0,48.0,ＲＣ,１種住居,未改装,490.0
3158,西宮(阪神),6.0,4.0,３ＬＤＫ,65.0,2021.0,20.0,ＲＣ,近隣商業,未改装,2600.0
3159,甲子園,23.0,4.0,３ＬＤＫ,70.0,2024.0,3.0,ＲＣ,１中住専,未改装,4000.0
3160,甲子園,26.0,4.0,３ＬＤＫ,70.0,2024.0,5.0,ＲＣ,１中住専,改装済み,3400.0
3161,甲子園,26.0,4.0,３ＬＤＫ,70.0,2023.0,4.0,ＲＣ,１中住専,未改装,3300.0
3162,甲子園,26.0,3.0,２ＬＤＫ,70.0,2023.0,4.0,ＲＣ,１中住専,未改装,3100.0
3163,甲子園,21.0,4.0,２ＬＤＫ＋Ｓ,70.0,2023.0,2.0,ＲＣ,１中住専,未改装,3500.0
3164,甲子園,21.0,4.0,３ＬＤＫ,70.0,2023.0,2.0,ＲＣ,１中住専,未改装,3400.0
3165,甲子園,21.0,3.0,２ＬＤＫ,70.0,2023.0,2.0,ＲＣ,１中住専,未改装,3700.0
3166,甲子園,26.0,4.0,３ＬＤＫ,70.0,2023.0,4.0,ＲＣ,１中住専,未改装,3400.0
3167,甲子園,24.0,4.0,３ＬＤＫ,80.0,2022.0,5.0,ＲＣ,１中住専,未改装,3900.0
3168,甲子園,23.0,4.0,３ＬＤＫ,70.0,2022.0,5.0,ＲＣ,１中住専,改装済み,3200.0
3172,甲子園,23.0,4.0,３ＬＤＫ,75.0,2021.0,4.0,ＲＣ,１中住専,未改装,3400.0
3179,苦楽園口,29.0,3.0,２ＬＤＫ,55.0,2025.0,50.0,鉄骨造,１低住専,改装済み,1400.0
3180,苦楽園口,16.0,4.0,３ＬＤＫ,70.0,2025.0,15.0,ＲＣ,１中住専,改装済み,3900.0
3181,苦楽園口,16.0,3.0,２ＬＤＫ,65.0,2025.0,15.0,ＲＣ,１中住専,未改装,3000.0
3182,苦楽園口,29.0,4.0,３ＬＤＫ,60.0,2024.0,49.0,鉄骨造,１低住専,未改装,400.0
3184,苦楽園口,18.0,4.0,３ＬＤＫ,80.0,2024.0,50.0,ＲＣ,１中住専,改装済み,1900.0
3185,苦楽園口,29.0,4.0,３ＬＤＫ,60.0,2023.0,48.0,鉄骨造,１低住専,改装済み,1000.0
3186,苦楽園口,16.0,4.0,３ＬＤＫ,90.0,2023.0,13.0,ＲＣ,１中住専,未改装,4800.0
3187,苦楽園口,18.0,5.0,４ＬＤＫ,85.0,2023.0,26.0,ＲＣ,１中住専,改装済み,3600.0
3192,苦楽園口,18.0,3.0,２ＬＤＫ,80.0,2022.0,48.0,ＲＣ,１中住専,未改装,1200.0
3193,苦楽園口,18.0,3.0,２ＬＤＫ,70.0,2021.0,24.0,ＲＣ,１中住専,未改装,2500.0
3194,苦楽園口,18.0,5.0,４ＬＤＫ,95.0,2021.0,27.0,ＲＣ,１中住専,改装済み,3300.0
3197,苦楽園口,29.0,3.0,２ＬＤＫ,60.0,2021.0,46.0,鉄骨造,１低住専,改装済み,730.0
3198,苦楽園口,16.0,3.0,２ＬＤＫ,85.0,2020.0,10.0,ＲＣ,１中住専,未改装,3700.0
3199,苦楽園口,18.0,4.0,３ＬＤＫ,60.0,2020.0,45.0,鉄骨造,１低住専,未改装,830.0
3201,苦楽園口,18.0,4.0,３ＬＤＫ,70.0,2020.0,45.0,鉄骨造,１低住専,未改装,9000.0
3202,苦楽園口,18.0,4.0,３ＬＤＫ,70.0,2020.0,10.0,ＲＣ,１中住専,未改装,3100.0
3205,夙川,21.0,4.0,３ＬＤＫ,85.0,2021.0,16.0,ＲＣ,１中住専,改装済み,3500.0
3206,夙川,16.0,3.0,２ＬＤＫ,80.0,2020.0,7.0,ＲＣ,１中住専,未改装,4800.0
3207,夙川,4.0,4.0,３ＬＤＫ,60.0,2024.0,24.0,ＲＣ,１中住専,未改装,5500.0
3208,夙川,4.0,4.0,３ＬＤＫ,70.0,2024.0,24.0,ＲＣ,１中住専,改装済み,6000.0
3213,夙川,13.0,4.0,３ＬＤＫ,80.0,2024.0,12.0,ＲＣ,１中住専,未改装,6000.0
3216,夙川,13.0,5.0,４ＬＤＫ,105.0,2023.0,11.0,ＲＣ,１中住専,未改装,6400.0
3217,夙川,14.0,5.0,４ＬＤＫ,90.0,2023.0,49.0,ＲＣ,１中住専,改装済み,2600.0
3218,夙川,11.0,4.0,３ＬＤＫ,70.0,2023.0,10.0,ＲＣ,１中住専,未改装,4600.0
3219,夙川,13.0,4.0,３ＬＤＫ,75.0,2022.0,10.0,ＲＣ,１中住専,未改装,4400.0
3220,夙川,16.0,5.0,４ＬＤＫ,95.0,2022.0,48.0,ＲＣ,１中住専,未改装,2200.0
3221,夙川,14.0,4.0,３ＬＤＫ,85.0,2022.0,48.0,ＲＣ,１中住専,未改装,2200.0
3222,夙川,13.0,4.0,３ＬＤＫ,90.0,2022.0,12.0,ＲＣ,１中住専,未改装,5800.0
3223,夙川,13.0,5.0,４ＬＤＫ,105.0,2022.0,10.0,ＲＣ,１中住専,未改装,5600.0
3224,夙川,13.0,4.0,３ＬＤＫ,85.0,2021.0,9.0,ＲＣ,１中住専,未改装,5300.0
3225,夙川,13.0,4.0,３ＬＤＫ,75.0,2021.0,9.0,ＲＣ,１中住専,未改装,4400.0
3227,夙川,13.0,4.0,３ＬＤＫ,75.0,2021.0,11.0,ＲＣ,１中住専,未改装,4000.0
3229,夙川,13.0,4.0,３ＬＤＫ,85.0,2020.0,10.0,ＲＣ,１中住専,改装済み,5700.0
3230,西宮北口,9.0,4.0,３ＬＤＫ,80.0,2025.0,14.0,ＲＣ,１中住専,未改装,6300.0
3231,西宮北口,9.0,4.0,３ＬＤＫ,75.0,2024.0,13.0,ＲＣ,１中住専,未改装,4500.0
3234,西宮北口,11.0,4.0,３ＬＤＫ,75.0,2021.0,24.0,ＲＣ,準住居,改装済み,3500.0
3235,西宮北口,12.0,5.0,４ＬＤＫ,80.0,2020.0,22.0,ＲＣ,１中住専,改装済み,3800.0
3236,香櫨園,14.0,5.0,４ＬＤＫ,75.0,2024.0,40.0,ＲＣ,１種住居,改装済み,3000.0
3237,香櫨園,15.0,2.0,１ＬＤＫ,50.0,2023.0,39.0,ＲＣ,１種住居,未改装,1700.0
3238,香櫨園,13.0,5.0,４ＬＤＫ,90.0,2022.0,11.0,ＲＣ,１種住居,未改装,4300.0
3240,香櫨園,11.0,4.0,３ＬＤＫ,70.0,2022.0,16.0,ＲＣ,１種住居,未改装,3400.0
3241,香櫨園,12.0,4.0,３ＬＤＫ,80.0,2021.0,10.0,ＲＣ,１種住居,未改装,3600.0
3242,香櫨園,12.0,4.0,３ＬＤＫ,70.0,2021.0,15.0,ＲＣ,１種住居,未改装,3100.0
3243,香櫨園,13.0,4.0,３ＬＤＫ,70.0,2021.0,10.0,ＲＣ,１種住居,未改装,3400.0
3245,香櫨園,13.0,4.0,３ＬＤＫ,70.0,2021.0,10.0,ＲＣ,１種住居,未改装,3500.0
3246,香櫨園,14.0,2.0,１ＬＤＫ,75.0,2021.0,37.0,ＲＣ,１種住居,改装済み,3100.0
3247,香櫨園,13.0,4.0,３ＬＤＫ,75.0,2021.0,15.0,ＲＣ,１種住居,改装済み,3200.0
3248,香櫨園,11.0,4.0,３ＬＤＫ,80.0,2021.0,15.0,ＲＣ,１種住居,未改装,3300.0
3249,香櫨園,15.0,4.0,３ＬＤＫ,75.0,2020.0,20.0,ＲＣ,１種住居,改装済み,2500.0
3250,香櫨園,13.0,4.0,３ＬＤＫ,80.0,2020.0,9.0,ＲＣ,１種住居,未改装,3500.0
3251,香櫨園,13.0,4.0,３ＬＤＫ,70.0,2020.0,9.0,ＲＣ,１種住居,未改装,3300.0
3252,西宮北口,13.0,4.0,３ＬＤＫ,85.0,2023.0,26.0,ＲＣ,１中住専,未改装,4200.0
3253,西宮北口,13.0,4.0,３ＬＤＫ,75.0,2023.0,26.0,ＲＣ,１中住専,未改装,3300.0
3255,西宮北口,16.0,4.0,３ＬＤＫ,75.0,2020.0,25.0,ＲＣ,１中住専,改装済み,3900.0
3256,西宮北口,13.0,4.0,３ＬＤＫ,65.0,2024.0,26.0,ＲＣ,１種住居,改装済み,3000.0
3258,西宮北口,9.0,4.0,３ＬＤＫ,70.0,2021.0,24.0,ＲＣ,１種住居,改装済み,4300.0
3260,苦楽園口,14.0,2.0,１ＬＤＫ,45.0,2025.0,3.0,ＲＣ,１種住居,改装済み,3100.0
3261,苦楽園口,14.0,3.0,２ＬＤＫ,80.0,2025.0,3.0,ＲＣ,１種住居,未改装,8600.0
3262,苦楽園口,14.0,3.0,２ＬＤＫ,55.0,2025.0,3.0,ＲＣ,１種住居,未改装,5400.0
3264,苦楽園口,14.0,3.0,２ＬＤＫ,55.0,2024.0,2.0,ＲＣ,１種住居,改装済み,4500.0
3266,苦楽園口,14.0,3.0,２ＬＤＫ,65.0,2023.0,1.0,ＲＣ,１種住居,未改装,6000.0
3269,苦楽園口,12.0,4.0,３ＬＤＫ,70.0,2023.0,26.0,ＲＣ,１中住専,改装済み,3200.0
3271,苦楽園口,12.0,4.0,３ＬＤＫ,70.0,2022.0,25.0,ＲＣ,１中住専,改装済み,3200.0
3273,苦楽園口,12.0,4.0,３ＬＤＫ,70.0,2021.0,24.0,ＲＣ,１中住専,未改装,2800.0
3274,苦楽園口,14.0,4.0,３ＬＤＫ,70.0,2020.0,22.0,ＳＲＣ,１種住居,未改装,2100.0
3276,甲陽園,15.0,4.0,３ＬＤＫ,75.0,2024.0,29.0,ＲＣ,１種住居,改装済み,2900.0
3278,鳴尾・武庫川女子大前,8.0,4.0,３ＬＤＫ,75.0,2022.0,20.0,ＲＣ,１中住専,改装済み,4800.0
3279,鳴尾・武庫川女子大前,8.0,5.0,４ＬＤＫ,95.0,2021.0,19.0,ＲＣ,１中住専,未改装,4500.0
3280,鳴尾・武庫川女子大前,8.0,4.0,３ＬＤＫ,75.0,2020.0,23.0,ＲＣ,１中住専,改装済み,3200.0
3282,さくら夙川,4.0,4.0,３ＬＤＫ,70.0,2024.0,45.0,ＳＲＣ,近隣商業,改装済み,3000.0
3283,さくら夙川,4.0,3.0,２ＬＤＫ,60.0,2024.0,45.0,ＳＲＣ,近隣商業,改装済み,2900.0
3286,さくら夙川,4.0,4.0,３ＬＤＫ,60.0,2022.0,43.0,ＳＲＣ,近隣商業,改装済み,2900.0
3287,さくら夙川,4.0,3.0,２ＬＤＫ,50.0,2021.0,23.0,ＲＣ,近隣商業,改装済み,2800.0
3290,さくら夙川,2.0,4.0,２ＬＤＫ＋Ｓ,35.0,2021.0,24.0,ＲＣ,近隣商業,改装済み,4100.0
3291,さくら夙川,4.0,3.0,２ＬＤＫ,75.0,2021.0,22.0,ＲＣ,１種住居,未改装,4200.0
3292,さくら夙川,4.0,3.0,２ＬＤＫ,60.0,2021.0,42.0,ＳＲＣ,近隣商業,改装済み,2300.0
3293,さくら夙川,3.0,5.0,４ＬＤＫ,90.0,2020.0,41.0,ＳＲＣ,近隣商業,改装済み,3200.0
3294,東鳴尾,7.0,2.0,１ＬＤＫ,40.0,2025.0,28.0,ＲＣ,近隣商業,未改装,1200.0
3296,東鳴尾,8.0,4.0,３ＬＤＫ,70.0,2024.0,23.0,ＳＲＣ,近隣商業,改装済み,3900.0
3297,東鳴尾,6.0,4.0,３ＬＤＫ,70.0,2024.0,8.0,ＳＲＣ,近隣商業,未改装,3600.0
3298,東鳴尾,7.0,3.0,２ＬＤＫ,60.0,2023.0,26.0,ＲＣ,近隣商業,未改装,2500.0
3299,東鳴尾,6.0,4.0,３ＬＤＫ,65.0,2022.0,6.0,ＲＣ,近隣商業,未改装,3300.0
3300,東鳴尾,6.0,4.0,３ＬＤＫ,65.0,2022.0,6.0,ＳＲＣ,近隣商業,未改装,3000.0
3302,東鳴尾,6.0,4.0,３ＬＤＫ,65.0,2021.0,5.0,ＲＣ,近隣商業,未改装,3500.0
3303,東鳴尾,5.0,4.0,３ＬＤＫ,75.0,2021.0,30.0,ＳＲＣ,１種住居,未改装,2200.0
3307,夙川,5.0,4.0,３ＬＤＫ,80.0,2024.0,26.0,ＲＣ,１中住専,改装済み,5700.0
3310,夙川,6.0,3.0,２ＬＤＫ,65.0,2024.0,25.0,ＲＣ,１中住専,改装済み,4000.0
3311,夙川,6.0,4.0,３ＬＤＫ,65.0,2023.0,24.0,ＲＣ,１中住専,未改装,3100.0
3312,夙川,5.0,4.0,３ＬＤＫ,90.0,2022.0,24.0,ＲＣ,１中住専,改装済み,5800.0
3314,夙川,6.0,1.0,１Ｒ,25.0,2022.0,38.0,ＲＣ,１中住専,未改装,650.0
3315,夙川,6.0,2.0,１ＬＤＫ,55.0,2021.0,22.0,ＲＣ,１中住専,未改装,3500.0
3318,夙川,5.0,4.0,３ＬＤＫ,80.0,2020.0,22.0,ＲＣ,１中住専,未改装,4900.0
3319,甲東園,7.0,4.0,３ＬＤＫ,85.0,2025.0,5.0,ＲＣ,１中住専,未改装,6700.0
3321,甲東園,13.0,4.0,３ＬＤＫ,70.0,2022.0,44.0,ＳＲＣ,１種住居,未改装,1500.0
3322,甲東園,13.0,4.0,３ＬＤＫ,65.0,2022.0,1.0,ＲＣ,１中住専,改装済み,4500.0
3323,甲東園,13.0,4.0,３ＬＤＫ,65.0,2021.0,0.0,ＲＣ,１中住専,未改装,4900.0
3324,甲東園,13.0,5.0,４ＬＤＫ,80.0,2021.0,0.0,ＲＣ,１低住専,未改装,5300.0
3325,門戸厄神,11.0,4.0,３ＬＤＫ,65.0,2022.0,26.0,ＲＣ,１中住専,改装済み,3300.0
3326,苦楽園口,13.0,4.0,３ＬＤＫ,85.0,2024.0,50.0,ＲＣ,１中住専,未改装,950.0
3329,苦楽園口,15.0,4.0,３ＬＤＫ,90.0,2022.0,26.0,ＲＣ,１中住専,改装済み,3400.0
3331,夙川,23.0,4.0,３ＬＤＫ,65.0,2024.0,20.0,ＲＣ,１中住専,改装済み,3700.0
3332,夙川,21.0,4.0,３ＬＤＫ,60.0,2023.0,20.0,ＲＣ,１中住専,未改装,2700.0
3333,夙川,23.0,4.0,３ＬＤＫ,60.0,2023.0,19.0,ＲＣ,１中住専,未改装,2800.0
3334,夙川,20.0,5.0,４ＬＤＫ,85.0,2023.0,37.0,ＲＣ,１中住専,改装済み,3400.0
3337,夙川,18.0,4.0,３ＬＤＫ,85.0,2021.0,18.0,ＲＣ,１中住専,未改装,3700.0
3338,夙川,18.0,5.0,４ＬＤＫ,90.0,2021.0,18.0,ＲＣ,１中住専,未改装,2900.0
3339,西宮北口,30.0,3.0,２ＬＤＫ,85.0,2021.0,49.0,ＲＣ,１中住専,改装済み,2500.0
3340,今津(阪神),14.0,5.0,４ＬＤＫ,70.0,2021.0,12.0,ＲＣ,準工業,未改装,3600.0
3341,久寿川,11.0,3.0,２ＬＤＫ,80.0,2022.0,13.0,ＲＣ,準工業,未改装,4000.0
3342,久寿川,11.0,5.0,４ＬＤＫ,85.0,2022.0,3.0,ＲＣ,準工業,未改装,5200.0
3343,久寿川,11.0,5.0,４ＬＤＫ,85.0,2022.0,3.0,ＲＣ,準工業,未改装,4700.0
3345,久寿川,11.0,4.0,３ＬＤＫ,80.0,2021.0,2.0,ＲＣ,準工業,未改装,4300.0
3346,久寿川,11.0,4.0,３ＬＤＫ,70.0,2020.0,11.0,ＲＣ,準工業,未改装,3400.0
3347,甲子園,11.0,4.0,３ＬＤＫ,65.0,2025.0,25.0,ＲＣ,１中住専,改装済み,3400.0
3348,甲子園,11.0,3.0,２ＬＤＫ,55.0,2025.0,25.0,ＲＣ,１中住専,未改装,2500.0
3349,甲子園,9.0,4.0,３ＬＤＫ,75.0,2024.0,14.0,ＲＣ,１中住専,未改装,5400.0
3350,甲子園,11.0,4.0,３ＬＤＫ,95.0,2024.0,14.0,ＲＣ,１中住専,未改装,6500.0
3351,甲子園,10.0,4.0,３ＬＤＫ,70.0,2024.0,14.0,ＲＣ,１中住専,改装済み,4700.0
3352,甲子園,18.0,4.0,３ＬＤＫ,70.0,2024.0,38.0,ＳＲＣ,準工業,未改装,1900.0
3354,甲子園,11.0,4.0,３ＬＤＫ,70.0,2023.0,13.0,ＲＣ,１中住専,未改装,4800.0
3355,甲子園,18.0,4.0,３ＬＤＫ,70.0,2023.0,37.0,ＲＣ,１種住居,未改装,2300.0
3356,甲子園,15.0,4.0,３ＬＤＫ,65.0,2023.0,26.0,ＲＣ,１種住居,改装済み,3500.0
3357,甲子園,10.0,4.0,３ＬＤＫ,80.0,2022.0,12.0,ＲＣ,１中住専,未改装,3800.0
3358,甲子園,13.0,2.0,１Ｋ,20.0,2021.0,26.0,ＲＣ,１中住専,改装済み,500.0
3359,甲子園,12.0,2.0,１Ｋ,20.0,2021.0,26.0,ＲＣ,１中住専,未改装,540.0
3360,甲子園,13.0,2.0,１Ｋ,20.0,2021.0,26.0,ＲＣ,１中住専,未改装,450.0
3361,甲子園,18.0,4.0,３ＬＤＫ,70.0,2020.0,34.0,ＳＲＣ,準工業,未改装,2100.0
3362,甲子園,13.0,2.0,１Ｋ,20.0,2020.0,25.0,ＲＣ,１中住専,未改装,510.0
3363,甲子園口,15.0,4.0,３ＬＤＫ,70.0,2025.0,26.0,ＲＣ,１中住専,未改装,2900.0
3364,甲子園口,12.0,4.0,３ＬＤＫ,60.0,2024.0,19.0,ＲＣ,近隣商業,改装済み,3300.0
3365,甲子園口,15.0,4.0,３ＬＤＫ,75.0,2024.0,25.0,ＲＣ,１中住専,未改装,3200.0
3366,甲子園口,11.0,3.0,２ＬＤＫ,45.0,2024.0,52.0,鉄骨造,２中住専,未改装,480.0
3367,甲子園口,13.0,3.0,２ＤＫ,25.0,2024.0,36.0,ＲＣ,１中住専,改装済み,770.0
3368,甲子園口,14.0,4.0,３ＬＤＫ,65.0,2024.0,26.0,ＲＣ,２中住専,改装済み,3700.0
3369,甲子園口,14.0,3.0,２ＬＤＫ,65.0,2024.0,23.0,ＳＲＣ,近隣商業,改装済み,3400.0
3370,甲子園口,20.0,4.0,３ＬＤＫ,50.0,2023.0,26.0,ＳＲＣ,近隣商業,未改装,1400.0
3371,甲子園口,12.0,3.0,２ＬＤＫ,55.0,2023.0,51.0,鉄骨造,２中住専,改装済み,1600.0
3372,甲子園口,15.0,4.0,３ＬＤＫ,70.0,2023.0,22.0,ＳＲＣ,近隣商業,改装済み,3700.0
3374,甲子園口,13.0,3.0,２ＬＤＫ,45.0,2023.0,51.0,鉄骨造,２中住専,改装済み,1500.0
3375,甲子園口,13.0,3.0,２ＬＤＫ,45.0,2023.0,51.0,鉄骨造,２中住専,未改装,1100.0
3376,甲子園口,10.0,4.0,３ＬＤＫ,70.0,2023.0,14.0,ＲＣ,近隣商業,未改装,4100.0
3379,甲子園口,13.0,3.0,２ＬＤＫ,45.0,2022.0,50.0,鉄骨造,２中住専,未改装,620.0
3380,甲子園口,15.0,3.0,２ＬＤＫ,60.0,2021.0,22.0,ＲＣ,１中住専,未改装,2900.0
3382,甲子園口,13.0,4.0,３ＬＤＫ,55.0,2021.0,49.0,鉄骨造,２中住専,改装済み,1600.0
3383,阪神国道,12.0,4.0,３ＬＤＫ,65.0,2024.0,22.0,ＲＣ,準工業,未改装,3300.0
3384,阪神国道,12.0,4.0,３ＬＤＫ,80.0,2023.0,21.0,ＲＣ,準工業,改装済み,4000.0
3386,阪神国道,11.0,4.0,３ＬＤＫ,60.0,2022.0,20.0,ＲＣ,準工業,未改装,3100.0
3387,阪神国道,13.0,4.0,３ＬＤＫ,75.0,2022.0,3.0,ＲＣ,準工業,未改装,4700.0
3389,苦楽園口,9.0,3.0,２ＬＤＫ,70.0,2024.0,23.0,ＲＣ,１中住専,改装済み,4500.0
3390,甲東園,10.0,4.0,３ＬＤＫ,70.0,2025.0,25.0,ＲＣ,１低住専,改装済み,4300.0
3391,甲東園,4.0,4.0,３ＬＤＫ,70.0,2025.0,24.0,ＳＲＣ,１低住専,未改装,4000.0
3395,甲東園,4.0,4.0,３ＬＤＫ,80.0,2023.0,22.0,ＲＣ,１中住専,未改装,4500.0
3396,甲東園,8.0,4.0,３ＬＤＫ,80.0,2023.0,23.0,ＲＣ,１低住専,未改装,3800.0
3397,甲東園,11.0,4.0,３ＬＤＫ,70.0,2022.0,22.0,ＲＣ,２低住専,未改装,3900.0
3398,甲東園,4.0,3.0,２ＬＤＫ,70.0,2021.0,20.0,ＲＣ,１中住専,改装済み,4200.0
3399,甲東園,11.0,5.0,４ＬＤＫ,90.0,2021.0,21.0,ＲＣ,２低住専,未改装,3300.0
3400,甲東園,14.0,4.0,３ＬＤＫ,70.0,2021.0,15.0,ＲＣ,１低住専,未改装,4300.0
3401,甲東園,11.0,3.0,２ＬＤＫ,65.0,2021.0,21.0,ＲＣ,１低住専,改装済み,3300.0
3404,甲東園,8.0,4.0,３ＬＤＫ,65.0,2020.0,20.0,ＲＣ,１低住専,未改装,3200.0
3406,仁川,8.0,4.0,３ＬＤＫ,70.0,2021.0,21.0,ＲＣ,１低住専,未改装,2900.0
3407,門戸厄神,13.0,4.0,３ＬＤＫ,70.0,2022.0,22.0,ＲＣ,２種住居,改装済み,3800.0
3410,苦楽園口,9.0,4.0,３ＬＤＫ,75.0,2021.0,5.0,ＲＣ,１中住専,未改装,4600.0
3411,苦楽園口,8.0,4.0,３ＬＤＫ,85.0,2021.0,8.0,ＲＣ,１中住専,未改装,5500.0
3412,苦楽園口,8.0,4.0,３ＬＤＫ,70.0,2021.0,8.0,ＲＣ,１中住専,未改装,4200.0
3414,甲陽園,11.0,5.0,４ＬＤＫ,85.0,2025.0,12.0,ＲＣ,１中住専,未改装,6000.0
3415,甲陽園,11.0,4.0,３ＬＤＫ,85.0,2024.0,11.0,ＲＣ,１中住専,改装済み,7000.0
3416,甲陽園,9.0,4.0,３ＬＤＫ,70.0,2024.0,2.0,ＲＣ,１中住専,未改装,5000.0
3418,甲陽園,9.0,4.0,３ＬＤＫ,75.0,2024.0,2.0,ＲＣ,１中住専,未改装,5500.0
3419,甲陽園,11.0,4.0,３ＬＤＫ,70.0,2023.0,10.0,ＲＣ,１中住専,改装済み,5100.0
3420,甲陽園,11.0,4.0,３ＬＤＫ,70.0,2023.0,10.0,ＲＣ,１中住専,未改装,5000.0
3422,甲陽園,4.0,4.0,３ＬＤＫ,85.0,2022.0,16.0,ＲＣ,１低住専,未改装,4500.0
3423,甲陽園,4.0,2.0,１ＬＤＫ,40.0,2022.0,24.0,ＲＣ,１中住専,未改装,1800.0
3424,甲陽園,4.0,4.0,３ＬＤＫ,85.0,2021.0,23.0,ＲＣ,１中住専,未改装,3000.0
3427,香櫨園,10.0,3.0,２ＬＤＫ,65.0,2023.0,17.0,ＲＣ,１中住専,未改装,2900.0
3428,香櫨園,8.0,5.0,４ＬＤＫ,80.0,2023.0,25.0,ＲＣ,１中住専,未改装,4200.0
3429,香櫨園,9.0,4.0,３ＬＤＫ,65.0,2023.0,23.0,ＲＣ,１中住専,未改装,3400.0
3430,香櫨園,9.0,5.0,４ＬＤＫ,90.0,2022.0,38.0,ＲＣ,２低住専,改装済み,3200.0
3432,香櫨園,7.0,4.0,３ＬＤＫ,70.0,2021.0,23.0,ＲＣ,１中住専,未改装,2600.0
3435,香櫨園,13.0,5.0,４ＬＤＫ,85.0,2025.0,41.0,ＲＣ,１中住専,改装済み,3400.0
3437,香櫨園,12.0,5.0,４ＬＤＫ,75.0,2024.0,18.0,ＲＣ,１中住専,未改装,2800.0
3438,香櫨園,13.0,4.0,３ＬＤＫ,90.0,2024.0,40.0,ＲＣ,１中住専,未改装,2200.0
3439,香櫨園,13.0,5.0,４ＬＤＫ,85.0,2023.0,39.0,ＲＣ,１中住専,未改装,1800.0
3441,香櫨園,13.0,5.0,４ＬＤＫ,100.0,2022.0,38.0,ＲＣ,１中住専,改装済み,3100.0
3442,香櫨園,13.0,5.0,４ＬＤＫ,100.0,2021.0,37.0,ＲＣ,１中住専,未改装,2000.0
3443,香櫨園,10.0,4.0,３ＬＤＫ,80.0,2020.0,4.0,ＲＣ,１中住専,未改装,4200.0
3444,香櫨園,9.0,4.0,３ＬＤＫ,75.0,2020.0,17.0,ＲＣ,１中住専,改装済み,3400.0
3445,香櫨園,13.0,4.0,３ＬＤＫ,70.0,2020.0,14.0,ＲＣ,１中住専,改装済み,3700.0
3447,香櫨園,6.0,3.0,２ＬＤＫ,50.0,2022.0,24.0,ＲＣ,１中住専,未改装,2500.0
3448,香櫨園,5.0,4.0,３ＬＤＫ,85.0,2022.0,38.0,ＲＣ,１中住専,改装済み,3500.0
3449,香櫨園,6.0,3.0,２ＬＤＫ,50.0,2022.0,24.0,ＲＣ,１中住専,未改装,1900.0
3451,香櫨園,3.0,4.0,３ＬＤＫ,70.0,2020.0,20.0,ＲＣ,１中住専,改装済み,3400.0
3453,香櫨園,5.0,4.0,３ＬＤＫ,55.0,2025.0,27.0,ＲＣ,１中住専,未改装,2400.0
3454,香櫨園,2.0,4.0,３ＬＤＫ,60.0,2024.0,26.0,ＳＲＣ,１中住専,未改装,2600.0
3455,香櫨園,5.0,3.0,２ＤＫ,45.0,2024.0,26.0,ＲＣ,１中住専,未改装,2000.0
3456,香櫨園,2.0,4.0,３ＬＤＫ,75.0,2024.0,26.0,ＳＲＣ,１中住専,未改装,3700.0
3458,香櫨園,2.0,4.0,３ＬＤＫ,60.0,2021.0,23.0,ＳＲＣ,１中住専,未改装,3100.0
3459,香櫨園,2.0,5.0,４ＬＤＫ,95.0,2021.0,23.0,ＳＲＣ,１中住専,改装済み,4400.0
3461,香櫨園,2.0,4.0,３ＬＤＫ,80.0,2020.0,22.0,ＳＲＣ,１中住専,未改装,3800.0
3463,甲子園口,15.0,4.0,３ＬＤＫ,75.0,2024.0,13.0,ＲＣ,１中住専,未改装,5100.0
3464,甲子園口,16.0,4.0,３ＬＤＫ,55.0,2023.0,39.0,ＲＣ,１中住専,改装済み,1600.0
3465,甲子園口,15.0,4.0,３ＬＤＫ,70.0,2023.0,12.0,ＲＣ,１中住専,改装済み,4700.0
3466,西宮北口,14.0,4.0,３ＬＤＫ,80.0,2023.0,10.0,ＲＣ,１中住専,未改装,5100.0
3467,西宮北口,13.0,4.0,３ＬＤＫ,70.0,2020.0,9.0,ＲＣ,１中住専,改装済み,4800.0
3468,苦楽園口,8.0,3.0,２ＬＤＫ,70.0,2023.0,23.0,ＲＣ,１中住専,改装済み,3900.0
3469,甲陽園,10.0,4.0,３ＬＤＫ,60.0,2024.0,20.0,ＲＣ,１種住居,未改装,2800.0
3472,甲陽園,7.0,4.0,３ＬＤＫ,70.0,2023.0,23.0,ＲＣ,１種住居,未改装,3200.0
3473,苦楽園口,5.0,4.0,３ＬＤＫ,100.0,2023.0,22.0,ＲＣ,１低住専,未改装,6300.0
3475,苦楽園口,5.0,4.0,３ＬＤＫ,80.0,2021.0,20.0,ＲＣ,１低住専,改装済み,6600.0
3476,苦楽園口,5.0,4.0,３ＬＤＫ,80.0,2021.0,20.0,ＲＣ,１低住専,未改装,6400.0
3477,西宮北口,1.0,5.0,４ＬＤＫ,85.0,2025.0,24.0,ＳＲＣ,商業,未改装,3500.0
3482,西宮北口,3.0,2.0,１ＬＤＫ,55.0,2021.0,21.0,ＳＲＣ,商業,未改装,4900.0
3483,西宮北口,4.0,4.0,３ＬＤＫ,80.0,2022.0,23.0,ＲＣ,１中住専,未改装,4500.0
3484,西宮北口,6.0,2.0,１ＤＫ,35.0,2020.0,22.0,ＳＲＣ,１中住専,改装済み,1700.0
3485,苦楽園口,4.0,4.0,３ＬＤＫ,85.0,2022.0,6.0,ＲＣ,１中住専,未改装,8200.0
3486,苦楽園口,4.0,4.0,３ＬＤＫ,85.0,2022.0,6.0,ＲＣ,１中住専,未改装,6000.0
3487,苦楽園口,4.0,3.0,２ＬＤＫ,80.0,2022.0,6.0,ＲＣ,１中住専,未改装,5800.0
3488,苦楽園口,6.0,4.0,３ＬＤＫ,90.0,2022.0,37.0,ＲＣ,１中住専,未改装,1800.0
3491,夙川,7.0,3.0,２ＬＤＫ,75.0,2024.0,17.0,ＲＣ,１中住専,改装済み,5300.0
3492,夙川,7.0,4.0,３ＬＤＫ,135.0,2024.0,17.0,ＲＣ,１中住専,未改装,10000.0
3493,西宮(阪神),13.0,4.0,３ＬＤＫ,80.0,2024.0,50.0,ＳＲＣ,準工業,改装済み,2800.0
3494,西宮(阪神),16.0,4.0,３ＬＤＫ,75.0,2023.0,27.0,ＲＣ,準工業,改装済み,2000.0
3495,西宮(阪神),13.0,4.0,３ＬＤＫ,70.0,2023.0,49.0,ＳＲＣ,準工業,改装済み,2300.0
3496,西宮(阪神),11.0,3.0,２ＬＤＫ,65.0,2022.0,48.0,ＳＲＣ,準工業,未改装,1300.0
3497,西宮(阪神),15.0,3.0,２ＬＤＫ,80.0,2022.0,48.0,ＳＲＣ,準工業,改装済み,1900.0
3498,西宮(阪神),13.0,4.0,３ＬＤＫ,65.0,2022.0,48.0,ＳＲＣ,準工業,未改装,1200.0
3499,西宮(阪神),13.0,4.0,３ＬＤＫ,80.0,2022.0,48.0,ＳＲＣ,準工業,改装済み,2700.0
3500,西宮(阪神),13.0,4.0,３ＬＤＫ,75.0,2022.0,48.0,ＳＲＣ,準工業,未改装,1800.0
3501,西宮(阪神),13.0,3.0,２ＬＤＫ,55.0,2021.0,47.0,ＳＲＣ,準工業,未改装,1200.0
3503,西宮(阪神),12.0,4.0,３ＬＤＫ,70.0,2021.0,47.0,ＳＲＣ,準工業,改装済み,1900.0
3505,西宮(阪神),12.0,4.0,３ＬＤＫ,65.0,2020.0,46.0,ＳＲＣ,準工業,改装済み,1800.0
3506,西宮(阪神),12.0,4.0,３ＬＤＫ,65.0,2020.0,46.0,ＳＲＣ,準工業,改装済み,1800.0
3507,西宮(阪神),15.0,5.0,４ＬＤＫ,70.0,2020.0,46.0,ＳＲＣ,準工業,未改装,900.0
3508,西宮(阪神),13.0,4.0,３ＬＤＫ,70.0,2020.0,46.0,ＳＲＣ,準工業,改装済み,1500.0
3509,甲子園口,9.0,3.0,２ＬＤＫ,55.0,2025.0,52.0,ＲＣ,１中住専,改装済み,2000.0
3510,甲子園口,10.0,3.0,２ＬＤＫ,60.0,2025.0,48.0,ＲＣ,１中住専,改装済み,2200.0
3511,甲子園口,7.0,5.0,４ＬＤＫ,80.0,2024.0,17.0,ＲＣ,１中住専,未改装,5700.0
3512,甲子園口,7.0,4.0,３ＬＤＫ,65.0,2024.0,10.0,ＲＣ,１中住専,未改装,5400.0
3513,甲子園口,12.0,3.0,２ＬＤＫ,55.0,2024.0,47.0,ＲＣ,１中住専,未改装,1800.0
3514,甲子園口,9.0,3.0,２ＤＫ,55.0,2023.0,50.0,ＲＣ,１中住専,改装済み,2200.0
3515,甲子園口,7.0,3.0,２ＬＤＫ,70.0,2023.0,17.0,ＲＣ,１中住専,改装済み,5100.0
3516,甲子園口,7.0,4.0,３ＬＤＫ,75.0,2022.0,15.0,ＲＣ,１中住専,未改装,5000.0
3517,甲子園口,6.0,5.0,４ＬＤＫ,105.0,2022.0,21.0,ＲＣ,１中住専,未改装,5400.0
3518,甲子園口,9.0,4.0,３ＬＤＫ,70.0,2021.0,48.0,ＲＣ,１中住専,改装済み,2500.0
3519,甲子園口,7.0,4.0,３ＬＤＫ,70.0,2021.0,14.0,ＲＣ,１中住専,未改装,4300.0
3520,甲子園口,7.0,4.0,３ＬＤＫ,70.0,2021.0,14.0,ＲＣ,１中住専,未改装,3900.0
3521,甲子園口,7.0,5.0,４ＬＤＫ,90.0,2021.0,14.0,ＲＣ,１中住専,未改装,5700.0
3522,甲子園口,10.0,3.0,２ＬＤＫ,60.0,2021.0,44.0,ＲＣ,１中住専,未改装,550.0
3523,甲子園口,7.0,5.0,４ＬＤＫ,90.0,2021.0,15.0,ＲＣ,１中住専,改装済み,5900.0
3524,甲子園口,6.0,4.0,３ＬＤＫ,65.0,2020.0,6.0,ＲＣ,１中住専,未改装,4800.0
3525,甲子園口,7.0,4.0,３ＬＤＫ,70.0,2020.0,14.0,ＲＣ,１中住専,未改装,4300.0
3526,甲子園口,6.0,3.0,２ＬＤＫ,70.0,2020.0,6.0,ＲＣ,１中住専,未改装,4300.0
3527,甲子園口,7.0,4.0,３ＬＤＫ,90.0,2020.0,14.0,ＲＣ,１中住専,未改装,4100.0
3528,甲子園口,9.0,4.0,３ＬＤＫ,55.0,2020.0,47.0,ＳＲＣ,１中住専,改装済み,2000.0
3529,甲子園口,8.0,4.0,３ＬＤＫ,70.0,2020.0,14.0,ＲＣ,１中住専,未改装,4600.0
3530,苦楽園口,15.0,4.0,３ＬＤＫ,80.0,2025.0,51.0,ＲＣ,１低住専,未改装,600.0
3531,苦楽園口,15.0,4.0,３ＬＤＫ,75.0,2023.0,49.0,ＲＣ,１低住専,改装済み,2400.0
3532,苦楽園口,16.0,3.0,２ＬＤＫ,80.0,2023.0,15.0,ＲＣ,１低住専,未改装,6000.0
3533,苦楽園口,15.0,4.0,３ＬＤＫ,90.0,2023.0,49.0,ＲＣ,１低住専,改装済み,2500.0
3534,苦楽園口,15.0,5.0,４ＬＤＫ,75.0,2022.0,48.0,ＲＣ,１低住専,未改装,1500.0
3535,苦楽園口,16.0,4.0,３ＬＤＫ,80.0,2022.0,14.0,ＲＣ,１低住専,未改装,4800.0
3539,苦楽園口,16.0,5.0,４ＬＤＫ,130.0,2020.0,12.0,ＲＣ,１低住専,未改装,6600.0
3540,苦楽園口,14.0,4.0,３ＬＤＫ,90.0,2020.0,12.0,ＲＣ,１低住専,改装済み,4900.0
3542,苦楽園口,16.0,3.0,２ＬＤＫ,90.0,2024.0,16.0,ＲＣ,１低住専,未改装,4400.0
3544,苦楽園口,8.0,4.0,３ＬＤＫ,75.0,2023.0,24.0,ＲＣ,１中住専,未改装,4600.0
3545,苦楽園口,6.0,3.0,２ＬＤＫ,55.0,2021.0,22.0,ＲＣ,１中住専,改装済み,3500.0
3547,苦楽園口,6.0,4.0,３ＬＤＫ,60.0,2021.0,22.0,ＲＣ,１中住専,未改装,3100.0
3548,苦楽園口,8.0,4.0,３ＬＤＫ,80.0,2021.0,25.0,ＲＣ,１中住専,改装済み,4700.0
3550,夙川,8.0,4.0,３ＬＤＫ,80.0,2024.0,25.0,ＲＣ,１中住専,未改装,5000.0
3551,夙川,8.0,4.0,３ＬＤＫ,80.0,2022.0,23.0,ＲＣ,１中住専,未改装,5700.0
3552,夙川,8.0,4.0,３ＬＤＫ,70.0,2020.0,21.0,ＲＣ,１中住専,改装済み,4300.0
3554,甲子園口,14.0,5.0,４ＬＤＫ,90.0,2024.0,27.0,ＲＣ,１中住専,未改装,2100.0
3555,甲子園口,10.0,4.0,３ＬＤＫ,80.0,2023.0,23.0,ＲＣ,１中住専,未改装,4100.0
3558,甲子園口,12.0,5.0,４ＬＤＫ,95.0,2022.0,22.0,ＲＣ,１中住専,改装済み,4500.0
3560,甲子園口,13.0,4.0,３ＬＤＫ,75.0,2021.0,21.0,ＲＣ,１中住専,未改装,4500.0
3561,甲子園,9.0,4.0,３ＬＤＫ,70.0,2022.0,53.0,ＲＣ,２中住専,改装済み,2100.0
3562,甲子園,9.0,4.0,３ＬＤＫ,70.0,2021.0,52.0,ＲＣ,２中住専,未改装,2100.0
3565,甲子園,16.0,4.0,３ＬＤＫ,75.0,2024.0,24.0,ＲＣ,１中住専,改装済み,4000.0
3566,甲子園,9.0,4.0,３ＬＤＫ,65.0,2021.0,24.0,ＲＣ,１中住専,未改装,3100.0
3567,甲子園,14.0,4.0,３ＬＤＫ,70.0,2020.0,20.0,ＲＣ,１中住専,未改装,3500.0
3568,甲子園,9.0,4.0,３ＬＤＫ,75.0,2024.0,27.0,ＲＣ,１中住専,改装済み,4200.0
3569,甲子園,9.0,4.0,３ＬＤＫ,80.0,2024.0,23.0,ＲＣ,１中住専,未改装,4000.0
3570,甲子園,9.0,5.0,４ＬＤＫ,90.0,2023.0,26.0,ＲＣ,１中住専,改装済み,4500.0
3572,甲子園,9.0,5.0,４ＬＤＫ,90.0,2021.0,24.0,ＲＣ,１中住専,改装済み,4000.0
3573,甲子園,6.0,4.0,３ＬＤＫ,75.0,2020.0,15.0,ＲＣ,１中住専,未改装,4000.0
3575,甲子園,6.0,4.0,３ＬＤＫ,100.0,2025.0,39.0,ＲＣ,２種住居,未改装,4400.0
3580,甲子園,5.0,2.0,１ＬＤＫ,40.0,2023.0,54.0,ＲＣ,近隣商業,未改装,900.0
3581,甲子園,6.0,4.0,３ＬＤＫ,100.0,2023.0,37.0,ＲＣ,２種住居,改装済み,3800.0
3582,甲子園,6.0,4.0,３ＬＤＫ,85.0,2023.0,37.0,ＲＣ,２種住居,改装済み,4200.0
3583,甲子園,6.0,4.0,３ＬＤＫ,90.0,2022.0,36.0,ＲＣ,２種住居,改装済み,4300.0
3585,甲子園,5.0,3.0,２ＬＤＫ,55.0,2022.0,53.0,ＲＣ,近隣商業,改装済み,2000.0
3586,甲子園,6.0,5.0,４ＬＤＫ,115.0,2021.0,35.0,ＲＣ,２種住居,未改装,3100.0
3587,甲子園,5.0,3.0,２ＬＤＫ,65.0,2021.0,52.0,ＲＣ,近隣商業,改装済み,2300.0
3588,甲子園,5.0,4.0,３ＬＤＫ,75.0,2021.0,52.0,ＲＣ,近隣商業,改装済み,1800.0
3589,甲子園,5.0,3.0,２ＬＤＫ,55.0,2020.0,51.0,ＲＣ,近隣商業,未改装,1200.0
3590,甲子園,5.0,2.0,１Ｋ,20.0,2020.0,51.0,ＲＣ,近隣商業,改装済み,650.0
3591,甲子園,5.0,2.0,１Ｋ,20.0,2020.0,51.0,ＲＣ,近隣商業,改装済み,600.0
3592,甲子園,15.0,5.0,４ＬＤＫ,75.0,2024.0,18.0,ＲＣ,２種住居,未改装,3600.0
3593,甲子園,15.0,4.0,３ＬＤＫ,65.0,2024.0,18.0,ＲＣ,２種住居,未改装,2500.0
3594,甲子園,18.0,3.0,２ＬＤＫ,65.0,2024.0,47.0,ＲＣ,２種住居,未改装,1800.0
3597,甲子園,15.0,4.0,３ＬＤＫ,70.0,2023.0,17.0,ＲＣ,２種住居,改装済み,3700.0
3598,甲子園,15.0,3.0,２ＬＤＫ,65.0,2023.0,17.0,ＲＣ,２種住居,改装済み,4000.0
3601,甲子園,15.0,4.0,３ＬＤＫ,70.0,2022.0,16.0,ＲＣ,２種住居,改装済み,4000.0
3602,甲子園,10.0,2.0,１ＬＤＫ,55.0,2022.0,22.0,ＲＣ,２中住専,改装済み,2400.0
3603,甲子園,15.0,4.0,３ＬＤＫ,70.0,2022.0,16.0,ＲＣ,２種住居,未改装,3400.0
3606,甲子園,14.0,4.0,３ＬＤＫ,70.0,2021.0,15.0,ＲＣ,２種住居,未改装,3100.0
3607,甲子園,15.0,4.0,３ＬＤＫ,65.0,2021.0,15.0,ＲＣ,２種住居,未改装,3100.0
3608,甲子園,7.0,4.0,３ＬＤＫ,70.0,2020.0,21.0,ＲＣ,１種住居,改装済み,3500.0
3610,甲子園,3.0,4.0,３ＬＤＫ,125.0,2021.0,30.0,ＲＣ,２中住専,未改装,5000.0
3611,甲子園,3.0,4.0,３ＬＤＫ,80.0,2020.0,16.0,ＲＣ,２中住専,未改装,4700.0
3612,甲子園口,9.0,4.0,３ＬＤＫ,70.0,2025.0,53.0,ＲＣ,１中住専,改装済み,2600.0
3614,甲子園口,8.0,5.0,４ＬＤＫ,80.0,2025.0,19.0,ＲＣ,１中住専,未改装,4500.0
3615,甲子園口,12.0,4.0,３ＬＤＫ,70.0,2024.0,12.0,ＲＣ,近隣商業,改装済み,4400.0
3616,甲子園口,6.0,3.0,２ＬＤＫ,65.0,2024.0,28.0,ＲＣ,近隣商業,未改装,2700.0
3617,甲子園口,2.0,4.0,３ＬＤＫ,125.0,2024.0,33.0,ＲＣ,近隣商業,未改装,4000.0
3618,甲子園口,5.0,4.0,３ＬＤＫ,65.0,2024.0,26.0,ＲＣ,近隣商業,改装済み,3900.0
3619,甲子園口,6.0,4.0,３ＬＤＫ,75.0,2024.0,12.0,ＲＣ,近隣商業,未改装,5000.0
3622,甲子園口,9.0,3.0,２ＬＤＫ,65.0,2024.0,52.0,ＲＣ,１中住専,改装済み,1700.0
3623,甲子園口,6.0,3.0,２ＬＤＫ,75.0,2024.0,28.0,ＲＣ,近隣商業,改装済み,3600.0
3624,甲子園口,13.0,3.0,２ＬＤＫ,50.0,2024.0,12.0,ＲＣ,近隣商業,未改装,2500.0
3625,甲子園口,9.0,4.0,３ＬＤＫ,70.0,2023.0,51.0,ＲＣ,１中住専,改装済み,1700.0
3626,甲子園口,2.0,4.0,３ＬＤＫ,55.0,2023.0,23.0,ＲＣ,近隣商業,改装済み,3100.0
3627,甲子園口,9.0,4.0,３ＬＤＫ,65.0,2023.0,51.0,ＲＣ,１中住専,未改装,1300.0
3629,甲子園口,6.0,4.0,３ＬＤＫ,65.0,2023.0,7.0,ＲＣ,近隣商業,未改装,4000.0
3630,甲子園口,3.0,4.0,３ＬＤＫ,65.0,2023.0,25.0,ＲＣ,近隣商業,未改装,3900.0
3631,甲子園口,8.0,4.0,３ＬＤＫ,60.0,2023.0,25.0,ＲＣ,近隣商業,未改装,1900.0
3632,甲子園口,2.0,3.0,２ＬＤＫ,60.0,2023.0,23.0,ＲＣ,近隣商業,未改装,3000.0
3634,甲子園口,6.0,3.0,２ＬＤＫ,55.0,2023.0,27.0,ＲＣ,近隣商業,未改装,2600.0
3635,甲子園口,11.0,4.0,３ＬＤＫ,70.0,2023.0,11.0,ＲＣ,近隣商業,未改装,3300.0
3636,甲子園口,7.0,3.0,２ＬＤＫ,55.0,2023.0,25.0,ＲＣ,１中住専,未改装,2800.0
3637,甲子園口,8.0,4.0,３ＬＤＫ,90.0,2023.0,22.0,ＲＣ,１中住専,改装済み,5000.0
3638,甲子園口,4.0,4.0,３ＬＤＫ,60.0,2022.0,25.0,ＲＣ,近隣商業,改装済み,3400.0
3639,甲子園口,12.0,4.0,３ＬＤＫ,90.0,2022.0,3.0,ＲＣ,１種住居,未改装,5400.0
3640,甲子園口,2.0,5.0,４ＬＤＫ,105.0,2022.0,32.0,ＲＣ,近隣商業,改装済み,4600.0
3641,甲子園口,8.0,4.0,３ＬＤＫ,70.0,2022.0,25.0,ＲＣ,１中住専,改装済み,4100.0
3642,甲子園口,4.0,4.0,３ＬＤＫ,60.0,2022.0,25.0,ＲＣ,近隣商業,未改装,2600.0
3645,甲子園口,2.0,4.0,３ＬＤＫ,65.0,2021.0,10.0,ＲＣ,近隣商業,未改装,3900.0
3647,甲子園口,11.0,4.0,３ＬＤＫ,70.0,2021.0,15.0,ＲＣ,近隣商業,未改装,3000.0
3649,甲子園口,3.0,4.0,３ＬＤＫ,75.0,2021.0,23.0,ＲＣ,近隣商業,未改装,4300.0
3650,甲子園口,15.0,4.0,３ＬＤＫ,65.0,2021.0,21.0,ＲＣ,近隣商業,未改装,1800.0
3651,甲子園口,5.0,5.0,４ＬＤＫ,90.0,2021.0,11.0,ＲＣ,１中住専,未改装,5200.0
3653,甲子園口,8.0,4.0,３ＬＤＫ,60.0,2020.0,22.0,ＲＣ,近隣商業,未改装,2300.0
3654,甲子園口,13.0,4.0,３ＬＤＫ,90.0,2020.0,1.0,ＲＣ,１種住居,未改装,6700.0
3655,甲子園口,3.0,4.0,３ＬＤＫ,65.0,2020.0,22.0,ＲＣ,近隣商業,未改装,3600.0
3657,甲子園口,4.0,4.0,３ＬＤＫ,65.0,2020.0,22.0,ＲＣ,近隣商業,改装済み,3500.0
3659,甲子園口,5.0,4.0,３ＬＤＫ,70.0,2020.0,22.0,ＲＣ,近隣商業,改装済み,4000.0
3660,甲子園口,13.0,5.0,４ＬＤＫ,75.0,2020.0,21.0,ＲＣ,１種住居,未改装,3600.0
3661,甲子園口,3.0,4.0,３ＬＤＫ,70.0,2020.0,25.0,ＲＣ,１中住専,未改装,1800.0
3662,甲子園口,4.0,2.0,１ＬＤＫ,65.0,2020.0,22.0,ＲＣ,１中住専,改装済み,3100.0
3663,甲子園口,4.0,4.0,３ＬＤＫ,75.0,2020.0,10.0,ＲＣ,１中住専,改装済み,4200.0
3665,甲子園口,1.0,3.0,２ＬＤＫ,50.0,2025.0,27.0,ＳＲＣ,近隣商業,未改装,3400.0
3666,甲子園口,3.0,4.0,３ＬＤＫ,85.0,2024.0,17.0,ＲＣ,１中住専,未改装,5800.0
3667,甲子園口,5.0,4.0,３ＬＤＫ,75.0,2024.0,12.0,ＲＣ,１中住専,未改装,5500.0
3668,甲子園口,2.0,3.0,２ＬＤＫ,60.0,2024.0,28.0,ＲＣ,近隣商業,改装済み,3200.0
3669,甲子園口,3.0,1.0,１Ｒ,20.0,2024.0,40.0,ＲＣ,１中住専,改装済み,400.0
3670,甲子園口,5.0,3.0,２ＬＤＫ,65.0,2023.0,11.0,ＲＣ,１中住専,未改装,4400.0
3671,甲子園口,5.0,4.0,３ＬＤＫ,80.0,2023.0,11.0,ＲＣ,１中住専,未改装,6100.0
3672,甲子園口,6.0,3.0,２ＬＤＫ,65.0,2023.0,45.0,ＲＣ,１中住専,改装済み,1900.0
3673,甲子園口,1.0,4.0,３ＬＤＫ,65.0,2023.0,25.0,ＳＲＣ,近隣商業,改装済み,4900.0
3674,甲子園口,3.0,4.0,３ＬＤＫ,75.0,2023.0,16.0,ＲＣ,１中住専,未改装,4600.0
3675,甲子園口,2.0,4.0,３ＬＤＫ,85.0,2023.0,27.0,ＲＣ,近隣商業,未改装,3700.0
3677,甲子園口,5.0,3.0,２ＬＤＫ,70.0,2022.0,52.0,ＳＲＣ,１中住専,改装済み,2600.0
3678,甲子園口,5.0,4.0,３ＬＤＫ,75.0,2022.0,10.0,ＲＣ,１中住専,未改装,5200.0
3679,甲子園口,3.0,4.0,３ＬＤＫ,80.0,2022.0,22.0,ＲＣ,１中住専,改装済み,4900.0
3680,甲子園口,5.0,3.0,２ＬＤＫ,55.0,2022.0,52.0,ＳＲＣ,１中住専,改装済み,1800.0
3681,甲子園口,5.0,4.0,３ＬＤＫ,75.0,2022.0,10.0,ＲＣ,１中住専,未改装,4200.0
3682,甲子園口,5.0,4.0,３ＬＤＫ,70.0,2022.0,52.0,ＳＲＣ,１中住専,未改装,700.0
3683,甲子園口,3.0,4.0,３ＬＤＫ,85.0,2021.0,14.0,ＲＣ,１中住専,未改装,4000.0
3685,甲子園口,1.0,3.0,２ＬＤＫ,65.0,2021.0,22.0,ＳＲＣ,近隣商業,改装済み,3500.0
3686,甲子園口,4.0,4.0,３ＬＤＫ,65.0,2021.0,23.0,ＳＲＣ,１中住専,未改装,3000.0
3691,甲子園口,5.0,4.0,３ＬＤＫ,75.0,2020.0,8.0,ＲＣ,１中住専,未改装,4600.0
3692,甲子園口,5.0,4.0,３ＬＤＫ,75.0,2020.0,8.0,ＲＣ,１中住専,未改装,4900.0
3693,甲子園口,2.0,4.0,３ＬＤＫ,85.0,2020.0,24.0,ＲＣ,近隣商業,未改装,4000.0
3694,甲子園口,3.0,3.0,２ＬＤＫ,85.0,2020.0,13.0,ＲＣ,１中住専,未改装,5200.0
3696,甲子園口,5.0,4.0,３ＬＤＫ,80.0,2020.0,8.0,ＲＣ,１中住専,未改装,5300.0
3699,甲子園,9.0,5.0,４ＬＤＫ,75.0,2024.0,22.0,ＲＣ,１種住居,改装済み,3500.0
3701,甲子園,8.0,4.0,３ＬＤＫ,60.0,2023.0,27.0,ＲＣ,２種住居,未改装,2300.0
3704,甲子園,9.0,4.0,３ＬＤＫ,60.0,2022.0,26.0,ＲＣ,１種住居,改装済み,2400.0
3706,甲子園,7.0,4.0,３ＬＤＫ,75.0,2021.0,21.0,ＳＲＣ,２種住居,改装済み,3700.0
3709,甲子園,4.0,4.0,３ＬＤＫ,60.0,2020.0,14.0,ＲＣ,近隣商業,未改装,3600.0
3711,甲子園,8.0,4.0,３ＬＤＫ,65.0,2020.0,22.0,ＳＲＣ,近隣商業,未改装,2000.0
3712,甲子園,4.0,5.0,４ＬＤＫ,85.0,2020.0,14.0,ＲＣ,近隣商業,改装済み,5400.0
3713,甲子園,9.0,4.0,３ＬＤＫ,70.0,2025.0,12.0,ＲＣ,１中住専,未改装,4400.0
3714,甲子園,9.0,4.0,３ＬＤＫ,75.0,2023.0,10.0,ＲＣ,１中住専,未改装,4800.0
3715,甲子園,9.0,3.0,２ＬＤＫ,65.0,2023.0,10.0,ＲＣ,１中住専,未改装,4600.0
3716,甲子園,11.0,4.0,３ＬＤＫ,70.0,2021.0,8.0,ＲＣ,１中住専,未改装,4400.0
3718,甲子園,9.0,3.0,２ＬＤＫ,70.0,2020.0,7.0,ＲＣ,１中住専,未改装,4500.0
3720,甲子園,7.0,4.0,３ＬＤＫ,65.0,2025.0,28.0,ＲＣ,１種住居,改装済み,2800.0
3722,甲子園,9.0,4.0,３ＬＤＫ,65.0,2024.0,51.0,ＲＣ,２種住居,改装済み,1600.0
3723,甲子園,10.0,3.0,２ＬＤＫ,50.0,2024.0,51.0,ＲＣ,近隣商業,改装済み,1500.0
3724,甲子園,9.0,4.0,３ＬＤＫ,70.0,2024.0,11.0,ＲＣ,２種住居,未改装,4000.0
3725,甲子園,9.0,5.0,４ＬＤＫ,95.0,2023.0,50.0,ＲＣ,２種住居,未改装,2600.0
3728,甲子園,10.0,4.0,３ＬＤＫ,75.0,2023.0,22.0,ＲＣ,２中住専,改装済み,3600.0
3729,甲子園,9.0,4.0,３ＬＤＫ,85.0,2022.0,19.0,ＲＣ,２中住専,未改装,4000.0
3730,甲子園,8.0,4.0,３ＬＤＫ,70.0,2022.0,9.0,ＲＣ,近隣商業,未改装,3500.0
3732,甲子園,9.0,3.0,２ＬＤＫ,60.0,2022.0,49.0,ＲＣ,２種住居,未改装,1700.0
3733,甲子園,9.0,4.0,３ＬＤＫ,75.0,2022.0,19.0,ＲＣ,２中住専,未改装,3200.0
3735,甲子園,10.0,4.0,３ＬＤＫ,80.0,2021.0,20.0,ＲＣ,２中住専,未改装,3800.0
3736,甲子園,9.0,4.0,３ＬＤＫ,65.0,2021.0,48.0,ＲＣ,２種住居,未改装,1200.0
3737,甲子園,9.0,3.0,２ＬＤＫ,80.0,2021.0,20.0,ＲＣ,１中住専,改装済み,4200.0
3743,甲子園,11.0,5.0,４ＬＤＫ,90.0,2023.0,24.0,ＲＣ,１中住専,未改装,4200.0
3744,甲子園,11.0,5.0,４ＬＤＫ,130.0,2023.0,24.0,ＲＣ,１中住専,未改装,4900.0
3746,甲子園,7.0,4.0,３ＬＤＫ,85.0,2024.0,5.0,ＲＣ,１中住専,未改装,6500.0
3748,甲子園,8.0,4.0,３ＬＤＫ,70.0,2020.0,1.0,ＲＣ,１中住専,未改装,4700.0
3749,甲子園,8.0,4.0,３ＬＤＫ,110.0,2020.0,1.0,ＲＣ,１中住専,改装済み,7500.0
3750,甲東園,1.0,4.0,３ＬＤＫ,70.0,2025.0,26.0,ＳＲＣ,近隣商業,改装済み,5300.0
3751,甲東園,2.0,3.0,２ＬＤＫ,75.0,2024.0,18.0,ＲＣ,近隣商業,未改装,4200.0
3753,甲東園,1.0,4.0,３ＬＤＫ,65.0,2024.0,24.0,ＲＣ,１中住専,未改装,2800.0
3754,甲東園,1.0,4.0,３ＬＤＫ,65.0,2023.0,23.0,ＲＣ,１中住専,改装済み,3800.0
3756,甲東園,3.0,3.0,２ＬＤＫ,55.0,2023.0,25.0,ＲＣ,近隣商業,改装済み,2700.0
3757,甲東園,2.0,4.0,３ＬＤＫ,75.0,2022.0,16.0,ＲＣ,近隣商業,未改装,4400.0
3760,甲東園,2.0,4.0,３ＬＤＫ,80.0,2022.0,16.0,ＲＣ,近隣商業,未改装,4600.0
3761,甲東園,1.0,4.0,３ＬＤＫ,80.0,2021.0,22.0,ＳＲＣ,近隣商業,改装済み,6000.0
3762,甲東園,3.0,3.0,２ＬＤＫ,70.0,2021.0,48.0,ＳＲＣ,近隣商業,改装済み,2900.0
3763,甲東園,3.0,4.0,３ＬＤＫ,70.0,2021.0,45.0,ＳＲＣ,近隣商業,改装済み,2400.0
3765,甲東園,1.0,5.0,４ＬＤＫ,80.0,2020.0,21.0,ＳＲＣ,近隣商業,未改装,4200.0
3766,西宮北口,4.0,4.0,３ＬＤＫ,90.0,2022.0,19.0,ＲＣ,近隣商業,改装済み,9300.0
3769,西宮北口,1.0,4.0,３ＬＤＫ,75.0,2020.0,23.0,ＲＣ,商業,改装済み,5800.0
3772,さくら夙川,14.0,4.0,３ＬＤＫ,75.0,2025.0,11.0,ＲＣ,近隣商業,未改装,5100.0
3773,さくら夙川,14.0,5.0,４ＬＤＫ,85.0,2024.0,10.0,ＲＣ,商業,未改装,6000.0
3775,さくら夙川,9.0,4.0,３ＬＤＫ,70.0,2023.0,17.0,ＲＣ,１中住専,未改装,4200.0
3776,さくら夙川,14.0,4.0,３ＬＤＫ,70.0,2021.0,7.0,ＲＣ,商業,未改装,4200.0
3778,さくら夙川,9.0,4.0,３ＬＤＫ,70.0,2020.0,14.0,ＲＣ,１中住専,未改装,4100.0
3780,甲陽園,3.0,5.0,４ＬＤＫ,85.0,2024.0,24.0,ＲＣ,２低住専,改装済み,5100.0
3781,甲陽園,10.0,4.0,３ＬＤＫ,70.0,2023.0,24.0,ＲＣ,１低住専,改装済み,2800.0
3782,甲陽園,10.0,4.0,３ＬＤＫ,75.0,2023.0,24.0,ＲＣ,１低住専,未改装,2000.0
3783,甲陽園,3.0,4.0,３ＬＤＫ,70.0,2022.0,22.0,ＲＣ,２低住専,未改装,3800.0
3784,甲陽園,4.0,3.0,２ＬＤＫ,70.0,2021.0,21.0,ＲＣ,２低住専,未改装,4100.0
3785,甲陽園,3.0,4.0,３ＬＤＫ,75.0,2020.0,20.0,ＲＣ,２低住専,未改装,3600.0
3786,甲陽園,3.0,5.0,４ＬＤＫ,90.0,2020.0,20.0,ＲＣ,２低住専,改装済み,5000.0
3788,甲陽園,18.0,4.0,３ＬＤＫ,120.0,2025.0,34.0,ＲＣ,１中住専,未改装,2300.0
3789,甲陽園,13.0,4.0,３ＬＤＫ,125.0,2024.0,11.0,ＲＣ,１中住専,改装済み,4900.0
3791,甲陽園,15.0,3.0,２ＬＤＫ,70.0,2024.0,26.0,ＲＣ,１中住専,未改装,2400.0
3793,甲陽園,13.0,4.0,３ＬＤＫ,80.0,2023.0,10.0,ＲＣ,１中住専,未改装,2600.0
3794,甲陽園,13.0,4.0,３ＬＤＫ,125.0,2023.0,10.0,ＲＣ,１中住専,未改装,5600.0
3795,甲陽園,15.0,4.0,３ＬＤＫ,75.0,2023.0,10.0,ＲＣ,１中住専,未改装,3100.0
3797,甲陽園,13.0,4.0,３ＬＤＫ,75.0,2023.0,10.0,ＲＣ,１中住専,改装済み,2600.0
3798,甲陽園,15.0,4.0,３ＬＤＫ,75.0,2022.0,9.0,ＲＣ,１中住専,改装済み,2700.0
3799,甲陽園,15.0,5.0,４ＬＤＫ,100.0,2022.0,24.0,ＲＣ,１中住専,未改装,2800.0
3800,甲陽園,13.0,4.0,３ＬＤＫ,105.0,2022.0,9.0,ＲＣ,１中住専,未改装,4100.0
3802,甲陽園,15.0,4.0,３ＬＤＫ,95.0,2021.0,8.0,ＲＣ,１中住専,未改装,3000.0
3805,甲陽園,15.0,4.0,３ＬＤＫ,75.0,2021.0,8.0,ＲＣ,１中住専,改装済み,2900.0
3806,甲陽園,14.0,4.0,３ＬＤＫ,80.0,2021.0,8.0,ＲＣ,１中住専,改装済み,3100.0
3809,甲陽園,14.0,4.0,３ＬＤＫ,80.0,2020.0,7.0,ＲＣ,１中住専,改装済み,2700.0
3810,甲陽園,14.0,4.0,３ＬＤＫ,85.0,2020.0,7.0,ＲＣ,１中住専,未改装,3400.0
3811,甲陽園,12.0,5.0,４ＬＤＫ,80.0,2020.0,15.0,ＲＣ,１低住専,未改装,2900.0
3812,甲陽園,4.0,3.0,２ＬＤＫ,65.0,2025.0,26.0,ＲＣ,近隣商業,未改装,3400.0
3813,甲陽園,4.0,5.0,４ＬＤＫ,90.0,2025.0,26.0,ＲＣ,近隣商業,改装済み,6200.0
3816,甲陽園,6.0,4.0,３ＬＤＫ,70.0,2023.0,17.0,ＲＣ,１中住専,改装済み,4000.0
3817,甲陽園,4.0,5.0,４ＬＤＫ,85.0,2023.0,24.0,ＲＣ,近隣商業,改装済み,4300.0
3818,甲陽園,6.0,4.0,３ＬＤＫ,70.0,2022.0,16.0,ＲＣ,１中住専,未改装,3200.0
3819,甲陽園,6.0,4.0,２ＬＤＫ＋Ｓ,60.0,2021.0,9.0,ＲＣ,１中住専,未改装,3200.0
3820,甲陽園,1.0,3.0,２ＬＤＫ,45.0,2025.0,54.0,ＲＣ,近隣商業,未改装,1600.0
3821,甲陽園,1.0,3.0,２ＤＫ,60.0,2024.0,53.0,ＲＣ,近隣商業,改装済み,2400.0
3822,甲陽園,3.0,4.0,３ＬＤＫ,75.0,2024.0,47.0,ＳＲＣ,近隣商業,未改装,1900.0
3823,甲陽園,8.0,4.0,３ＬＤＫ,70.0,2024.0,24.0,ＲＣ,１中住専,未改装,3200.0
3824,甲陽園,1.0,3.0,２ＬＤＫ,50.0,2024.0,53.0,ＲＣ,近隣商業,未改装,800.0
3825,甲陽園,3.0,5.0,４ＬＤＫ,155.0,2024.0,47.0,ＳＲＣ,近隣商業,改装済み,5400.0
3827,甲陽園,4.0,3.0,２ＬＤＫ,65.0,2024.0,36.0,ＲＣ,近隣商業,未改装,2300.0
3829,甲陽園,1.0,3.0,２ＬＤＫ,70.0,2023.0,52.0,ＲＣ,近隣商業,改装済み,2400.0
3830,甲陽園,3.0,4.0,３ＬＤＫ,65.0,2023.0,46.0,ＳＲＣ,近隣商業,未改装,1300.0
3832,甲陽園,1.0,4.0,３ＤＫ,55.0,2023.0,52.0,ＲＣ,近隣商業,未改装,1000.0
3833,甲陽園,3.0,4.0,２ＬＤＫ＋Ｓ,75.0,2023.0,46.0,ＳＲＣ,近隣商業,改装済み,2400.0
3834,甲陽園,3.0,4.0,３ＬＤＫ,75.0,2023.0,46.0,ＳＲＣ,近隣商業,改装済み,2400.0
3835,甲陽園,1.0,5.0,４ＬＤＫ,75.0,2023.0,52.0,ＲＣ,近隣商業,未改装,2000.0
3836,甲陽園,8.0,4.0,３ＬＤＫ,70.0,2023.0,23.0,ＲＣ,１中住専,改装済み,3900.0
3837,甲陽園,1.0,3.0,２ＬＤＫ,70.0,2023.0,52.0,ＲＣ,近隣商業,未改装,800.0
3838,甲陽園,1.0,3.0,２ＤＫ,50.0,2022.0,51.0,ＲＣ,近隣商業,未改装,960.0
3841,甲陽園,3.0,4.0,３ＬＤＫ,65.0,2022.0,45.0,ＳＲＣ,近隣商業,改装済み,1300.0
3842,甲陽園,3.0,2.0,１ＬＤＫ,75.0,2021.0,44.0,ＳＲＣ,近隣商業,未改装,2100.0
3843,甲陽園,3.0,4.0,３ＬＤＫ,75.0,2021.0,44.0,ＳＲＣ,近隣商業,未改装,1400.0
3846,甲陽園,1.0,4.0,３ＬＤＫ,60.0,2020.0,49.0,ＲＣ,近隣商業,未改装,1600.0
3847,甲陽園,3.0,5.0,４ＬＤＫ,105.0,2020.0,43.0,ＳＲＣ,近隣商業,改装済み,3200.0
3848,甲陽園,4.0,3.0,２ＬＤＫ,60.0,2025.0,25.0,ＲＣ,１中住専,未改装,3000.0
3849,甲陽園,4.0,4.0,３ＬＤＫ,90.0,2024.0,24.0,ＲＣ,１中住専,改装済み,6000.0
3851,甲陽園,1.0,4.0,３ＬＤＫ,80.0,2022.0,7.0,ＲＣ,１中住専,未改装,5600.0
3854,甲陽園,9.0,4.0,３ＬＤＫ,85.0,2024.0,15.0,ＲＣ,１中住専,未改装,3500.0
3855,甲陽園,9.0,4.0,３ＬＤＫ,75.0,2024.0,28.0,ＲＣ,１中住専,改装済み,3500.0
3856,甲陽園,11.0,5.0,４ＬＤＫ,110.0,2024.0,34.0,ＲＣ,１中住専,未改装,2500.0
3857,甲陽園,9.0,4.0,３ＬＤＫ,70.0,2024.0,28.0,ＲＣ,１中住専,改装済み,2400.0
3859,甲陽園,9.0,5.0,４ＬＤＫ,85.0,2023.0,14.0,ＲＣ,１中住専,未改装,3400.0
3861,甲陽園,9.0,4.0,３ＬＤＫ,70.0,2022.0,13.0,ＲＣ,１中住専,未改装,3200.0
3863,甲陽園,11.0,5.0,４ＬＤＫ,110.0,2021.0,31.0,ＲＣ,１中住専,未改装,1500.0
3864,西宮(阪神),10.0,4.0,３ＬＤＫ,70.0,2024.0,18.0,ＲＣ,近隣商業,未改装,3300.0
3865,西宮(阪神),11.0,5.0,４ＬＤＫ,85.0,2021.0,15.0,ＲＣ,近隣商業,未改装,4200.0
3866,甲子園口,14.0,5.0,４ＬＤＫ,85.0,2025.0,21.0,ＲＣ,２中住専,改装済み,5200.0
3867,甲子園口,15.0,4.0,３ＬＤＫ,75.0,2024.0,20.0,ＲＣ,１種住居,未改装,3900.0
3868,甲子園口,14.0,4.0,３ＬＤＫ,85.0,2024.0,20.0,ＲＣ,２中住専,未改装,3500.0
3869,甲子園口,13.0,4.0,３ＬＤＫ,65.0,2022.0,15.0,ＲＣ,１種住居,未改装,2900.0
3871,甲子園口,10.0,4.0,３ＬＤＫ,65.0,2021.0,22.0,ＲＣ,２種住居,未改装,2700.0
3873,甲子園口,13.0,5.0,４ＬＤＫ,95.0,2020.0,16.0,ＲＣ,１種住居,未改装,4700.0
3874,甲子園口,10.0,4.0,３ＬＤＫ,65.0,2020.0,21.0,ＲＣ,２種住居,未改装,2300.0
3876,甲子園口,13.0,5.0,４ＬＤＫ,80.0,2020.0,16.0,ＲＣ,１種住居,未改装,3600.0
3877,甲子園口,13.0,4.0,３ＬＤＫ,75.0,2020.0,16.0,ＲＣ,１種住居,未改装,3300.0
3880,夙川,2.0,4.0,３ＬＤＫ,70.0,2024.0,24.0,ＲＣ,１中住専,未改装,6300.0
3881,夙川,2.0,4.0,３ＬＤＫ,70.0,2022.0,22.0,ＲＣ,１中住専,改装済み,5600.0
3886,武庫川,13.0,4.0,３ＬＤＫ,65.0,2024.0,20.0,ＲＣ,２中住専,改装済み,3900.0
3888,武庫川,14.0,4.0,３ＬＤＫ,70.0,2023.0,19.0,ＲＣ,２中住専,改装済み,4000.0
3889,武庫川,14.0,5.0,４ＬＤＫ,80.0,2023.0,19.0,ＲＣ,２中住専,改装済み,4000.0
3890,武庫川,11.0,4.0,３ＬＤＫ,75.0,2022.0,7.0,ＲＣ,２中住専,未改装,4000.0
3892,武庫川,14.0,4.0,３ＬＤＫ,70.0,2020.0,16.0,ＲＣ,２中住専,未改装,3200.0
3893,鳴尾・武庫川女子大前,8.0,3.0,２ＬＤＫ,55.0,2021.0,49.0,ＳＲＣ,１種住居,未改装,910.0
3895,鳴尾・武庫川女子大前,9.0,3.0,２ＬＤＫ,60.0,2020.0,48.0,ＳＲＣ,１種住居,改装済み,1800.0
3896,鳴尾・武庫川女子大前,8.0,3.0,２ＬＤＫ,55.0,2020.0,48.0,ＳＲＣ,１種住居,未改装,730.0
3897,武庫川,8.0,3.0,２ＬＤＫ,55.0,2024.0,52.0,ＳＲＣ,１種住居,改装済み,1600.0
3898,武庫川,8.0,3.0,２ＬＤＫ,55.0,2024.0,37.0,ＳＲＣ,１種住居,未改装,1800.0
3899,武庫川,7.0,3.0,２ＬＤＫ,55.0,2023.0,33.0,ＲＣ,１種住居,改装済み,2300.0
3900,武庫川,8.0,3.0,２ＬＤＫ,70.0,2022.0,50.0,ＳＲＣ,１種住居,未改装,1600.0
3901,武庫川,8.0,4.0,３ＬＤＫ,80.0,2022.0,31.0,ＲＣ,１種住居,改装済み,2800.0
3902,武庫川,9.0,3.0,２ＬＤＫ,55.0,2022.0,50.0,ＳＲＣ,１種住居,未改装,900.0
3903,武庫川,10.0,3.0,２ＤＫ,55.0,2021.0,49.0,ＳＲＣ,１種住居,未改装,85.0
3904,武庫川,7.0,4.0,２ＬＤＫ＋Ｓ,55.0,2021.0,31.0,ＲＣ,１種住居,改装済み,2400.0
3906,武庫川,4.0,4.0,３ＬＤＫ,85.0,2025.0,4.0,ＲＣ,１種住居,未改装,6500.0
3907,武庫川,4.0,4.0,３ＬＤＫ,65.0,2023.0,2.0,ＲＣ,１種住居,未改装,3800.0
3908,武庫川,5.0,4.0,３ＬＤＫ,65.0,2021.0,0.0,ＲＣ,１種住居,未改装,4300.0
3910,夙川,18.0,4.0,３ＬＤＫ,75.0,2020.0,23.0,ＳＲＣ,１中住専,未改装,2500.0
3911,苦楽園口,11.0,5.0,４ＬＤＫ,85.0,2025.0,27.0,ＲＣ,１低住専,未改装,4200.0
3912,苦楽園口,11.0,4.0,３ＬＤＫ,75.0,2023.0,25.0,ＲＣ,１低住専,改装済み,4100.0
3913,苦楽園口,9.0,4.0,３ＬＤＫ,80.0,2023.0,9.0,ＲＣ,１低住専,未改装,6200.0
3914,苦楽園口,9.0,4.0,３ＬＤＫ,85.0,2023.0,9.0,ＲＣ,１低住専,未改装,5400.0
3915,苦楽園口,10.0,3.0,２ＬＤＫ,100.0,2023.0,19.0,ＲＣ,１低住専,未改装,7300.0
3916,苦楽園口,11.0,4.0,３ＬＤＫ,75.0,2022.0,24.0,ＲＣ,１低住専,未改装,3200.0
3921,鳴尾・武庫川女子大前,6.0,4.0,３ＬＤＫ,65.0,2021.0,23.0,ＲＣ,１種住居,未改装,2600.0
3922,さくら夙川,4.0,3.0,２ＬＤＫ,60.0,2023.0,23.0,ＲＣ,近隣商業,未改装,2800.0
3923,西宮(阪神),6.0,2.0,１Ｋ,20.0,2025.0,18.0,ＲＣ,近隣商業,未改装,1400.0
3924,西宮(阪神),4.0,3.0,２ＬＤＫ,55.0,2024.0,26.0,ＳＲＣ,近隣商業,改装済み,3500.0
3925,西宮(阪神),4.0,4.0,３ＬＤＫ,65.0,2024.0,26.0,ＳＲＣ,近隣商業,改装済み,3900.0
3926,西宮(阪神),4.0,4.0,３ＬＤＫ,65.0,2023.0,25.0,ＳＲＣ,近隣商業,改装済み,3700.0
3928,西宮(阪神),6.0,4.0,３ＬＤＫ,70.0,2023.0,25.0,ＲＣ,近隣商業,改装済み,4300.0
3929,西宮(阪神),6.0,4.0,３ＬＤＫ,70.0,2023.0,25.0,ＲＣ,近隣商業,未改装,2100.0
3930,西宮(阪神),4.0,4.0,３ＬＤＫ,65.0,2023.0,25.0,ＳＲＣ,近隣商業,未改装,3500.0
3931,西宮(阪神),6.0,2.0,１Ｋ,20.0,2023.0,16.0,ＲＣ,近隣商業,未改装,1600.0
3932,西宮(阪神),4.0,4.0,３ＬＤＫ,65.0,2023.0,25.0,ＳＲＣ,近隣商業,未改装,2700.0
3935,西宮(阪神),4.0,4.0,３ＬＤＫ,80.0,2021.0,23.0,ＳＲＣ,近隣商業,未改装,3900.0
3936,生瀬,11.0,5.0,４ＬＤＫ,110.0,2023.0,31.0,ＲＣ,１中住専,改装済み,1700.0
3937,生瀬,14.0,4.0,３ＬＤＫ,80.0,2022.0,30.0,ＲＣ,１中住専,未改装,980.0
3938,生瀬,18.0,4.0,３ＬＤＫ,75.0,2022.0,30.0,ＲＣ,１中住専,改装済み,980.0
3939,生瀬,14.0,4.0,３ＬＤＫ,80.0,2021.0,29.0,ＲＣ,１中住専,未改装,500.0
3940,生瀬,11.0,3.0,２ＬＤＫ,75.0,2021.0,29.0,ＲＣ,１中住専,未改装,850.0
3941,西宮名塩,8.0,4.0,３ＬＤＫ,65.0,2025.0,26.0,ＲＣ,１中住専,未改装,1600.0
3942,西宮名塩,8.0,4.0,３ＬＤＫ,75.0,2022.0,23.0,ＲＣ,１中住専,未改装,1600.0
3943,西宮名塩,8.0,4.0,３ＬＤＫ,75.0,2021.0,22.0,ＲＣ,１中住専,未改装,1300.0
3944,西宮名塩,8.0,4.0,３ＬＤＫ,65.0,2020.0,21.0,ＲＣ,１中住専,改装済み,1300.0
3945,苦楽園口,9.0,4.0,３ＬＤＫ,70.0,2024.0,27.0,ＲＣ,１中住専,改装済み,4300.0
3946,苦楽園口,9.0,3.0,２ＬＤＫ,50.0,2020.0,23.0,ＲＣ,１中住専,改装済み,2000.0
3947,甲陽園,9.0,4.0,３ＬＤＫ,75.0,2024.0,23.0,ＲＣ,１中住専,改装済み,3800.0
3948,甲陽園,9.0,4.0,３ＬＤＫ,75.0,2023.0,22.0,ＲＣ,１中住専,未改装,3200.0
3949,甲陽園,10.0,4.0,３ＬＤＫ,75.0,2023.0,26.0,ＲＣ,１中住専,未改装,2300.0
3950,甲陽園,11.0,4.0,３ＬＤＫ,85.0,2020.0,16.0,ＲＣ,１中住専,未改装,3700.0
3951,夙川,9.0,4.0,３ＬＤＫ,80.0,2022.0,26.0,ＲＣ,１中住専,改装済み,5700.0
3952,夙川,9.0,3.0,２ＬＤＫ,80.0,2021.0,25.0,ＲＣ,１中住専,未改装,4200.0
3953,門戸厄神,4.0,3.0,２ＬＤＫ,60.0,2023.0,2.0,ＲＣ,準住居,未改装,4600.0
3954,門戸厄神,4.0,4.0,３ＬＤＫ,70.0,2020.0,6.0,ＲＣ,１中住専,未改装,4300.0
3956,香櫨園,12.0,4.0,３ＬＤＫ,75.0,2024.0,17.0,ＲＣ,１中住専,改装済み,3500.0
3957,香櫨園,14.0,3.0,２ＬＤＫ,55.0,2024.0,31.0,ＲＣ,１中住専,改装済み,1700.0
3958,香櫨園,9.0,4.0,３ＬＤＫ,75.0,2023.0,26.0,ＲＣ,１中住専,改装済み,4200.0
3959,香櫨園,13.0,4.0,３ＬＤＫ,70.0,2023.0,16.0,ＲＣ,１中住専,未改装,2800.0
3960,香櫨園,15.0,4.0,３ＬＤＫ,65.0,2023.0,16.0,ＲＣ,１中住専,改装済み,3500.0
3962,香櫨園,9.0,4.0,３ＬＤＫ,80.0,2022.0,25.0,ＲＣ,１中住専,未改装,3400.0
3963,香櫨園,14.0,5.0,４ＬＤＫ,80.0,2022.0,15.0,ＲＣ,１中住専,未改装,4200.0
3965,香櫨園,11.0,4.0,３ＬＤＫ,75.0,2022.0,15.0,ＲＣ,１中住専,未改装,3900.0
3969,香櫨園,9.0,5.0,４ＬＤＫ,90.0,2021.0,12.0,ＲＣ,１中住専,未改装,4000.0
3972,香櫨園,9.0,4.0,３ＬＤＫ,75.0,2021.0,24.0,ＲＣ,１中住専,未改装,3000.0
3973,香櫨園,14.0,5.0,４ＬＤＫ,95.0,2020.0,13.0,ＲＣ,１中住専,未改装,4800.0
3974,香櫨園,14.0,4.0,３ＬＤＫ,70.0,2020.0,13.0,ＲＣ,１中住専,未改装,3000.0
3975,西宮(ＪＲ),9.0,3.0,２ＬＤＫ,55.0,2024.0,26.0,ＲＣ,近隣商業,改装済み,3000.0
3977,西宮(阪神),10.0,3.0,２ＬＤＫ,65.0,2023.0,25.0,ＲＣ,近隣商業,改装済み,3200.0
3978,西宮(阪神),10.0,4.0,３ＬＤＫ,70.0,2022.0,24.0,ＲＣ,近隣商業,改装済み,3600.0
3979,西宮(阪神),11.0,4.0,３ＬＤＫ,60.0,2022.0,24.0,ＲＣ,近隣商業,未改装,2800.0
3981,西宮(阪神),10.0,4.0,３ＬＤＫ,70.0,2020.0,22.0,ＲＣ,近隣商業,改装済み,3400.0
3982,甲東園,4.0,3.0,２ＬＤＫ,60.0,2025.0,28.0,ＲＣ,１中住専,改装済み,3400.0
3984,苦楽園口,13.0,4.0,３ＬＤＫ,70.0,2024.0,22.0,ＲＣ,１低住専,未改装,3100.0
3985,苦楽園口,14.0,5.0,４ＬＤＫ,90.0,2023.0,18.0,ＲＣ,１低住専,未改装,5100.0
3986,苦楽園口,13.0,4.0,３ＬＤＫ,70.0,2022.0,20.0,ＲＣ,１低住専,未改装,3300.0
3988,苦楽園口,14.0,4.0,３ＬＤＫ,115.0,2022.0,17.0,ＲＣ,１低住専,未改装,5800.0
3990,苦楽園口,14.0,4.0,３ＬＤＫ,70.0,2021.0,19.0,ＲＣ,１低住専,未改装,3500.0
3991,苦楽園口,14.0,5.0,４ＬＤＫ,90.0,2021.0,16.0,ＲＣ,１低住専,未改装,4600.0
3992,苦楽園口,14.0,4.0,３ＬＤＫ,80.0,2021.0,16.0,ＲＣ,１低住専,未改装,3900.0
3993,苦楽園口,10.0,4.0,３ＬＤＫ,85.0,2021.0,15.0,ＲＣ,１低住専,未改装,4100.0
3994,苦楽園口,13.0,3.0,２ＬＤＫ,75.0,2020.0,18.0,ＲＣ,１低住専,未改装,3500.0
3995,西宮(ＪＲ),9.0,4.0,３ＬＤＫ,70.0,2022.0,8.0,ＲＣ,準工業,未改装,4900.0
3996,西宮(ＪＲ),9.0,4.0,３ＬＤＫ,65.0,2022.0,8.0,ＲＣ,準工業,未改装,4700.0
3997,西宮(ＪＲ),11.0,4.0,３ＬＤＫ,70.0,2021.0,6.0,ＲＣ,工業,未改装,4600.0
3998,西宮北口,9.0,4.0,３ＬＤＫ,70.0,2025.0,11.0,ＲＣ,準工業,未改装,7600.0
3999,西宮北口,9.0,5.0,４ＬＤＫ,80.0,2024.0,10.0,ＲＣ,準工業,未改装,6500.0
4000,西宮北口,9.0,4.0,３ＬＤＫ,70.0,2024.0,10.0,ＲＣ,準工業,未改装,5000.0
4001,西宮北口,9.0,4.0,３ＬＤＫ,70.0,2023.0,9.0,ＲＣ,準工業,未改装,5500.0
4002,西宮北口,10.0,4.0,３ＬＤＫ,70.0,2023.0,9.0,ＲＣ,準工業,未改装,5500.0
4003,西宮北口,10.0,4.0,３ＬＤＫ,85.0,2023.0,9.0,ＲＣ,準工業,未改装,6500.0
4004,西宮北口,9.0,4.0,３ＬＤＫ,75.0,2022.0,8.0,ＲＣ,準工業,未改装,5700.0
4005,西宮北口,9.0,5.0,４ＬＤＫ,80.0,2022.0,8.0,ＲＣ,準工業,未改装,5800.0
4007,西宮北口,9.0,4.0,３ＬＤＫ,75.0,2021.0,7.0,ＲＣ,準工業,未改装,5400.0
4010,西宮北口,9.0,5.0,４ＬＤＫ,85.0,2021.0,7.0,ＲＣ,準工業,未改装,6200.0
4012,西宮北口,9.0,5.0,３ＬＤＫ＋Ｓ,80.0,2020.0,5.0,ＲＣ,工業,未改装,4700.0
4013,西宮北口,9.0,4.0,３ＬＤＫ,65.0,2020.0,6.0,ＲＣ,準工業,未改装,4700.0
4015,阪神国道,7.0,4.0,３ＬＤＫ,70.0,2022.0,8.0,ＲＣ,準工業,未改装,5000.0
4016,阪神国道,4.0,4.0,３ＬＤＫ,70.0,2021.0,7.0,ＲＣ,準工業,未改装,4200.0
4018,甲陽園,11.0,4.0,３ＬＤＫ,65.0,2024.0,23.0,ＲＣ,１低住専,未改装,2400.0
4020,甲陽園,9.0,5.0,４ＬＤＫ,80.0,2023.0,36.0,ＲＣ,１低住専,未改装,2200.0
4021,甲陽園,12.0,3.0,２ＬＤＫ,70.0,2023.0,24.0,ＲＣ,１低住専,改装済み,3100.0
4023,甲陽園,10.0,4.0,３ＬＤＫ,90.0,2021.0,34.0,ＲＣ,１低住専,改装済み,1700.0
4024,甲陽園,10.0,5.0,４ＬＤＫ,80.0,2020.0,33.0,ＲＣ,１低住専,改装済み,1800.0
4025,夙川,9.0,2.0,１Ｋ,20.0,2024.0,40.0,ＲＣ,１種住居,未改装,920.0
4026,夙川,9.0,2.0,１Ｋ,15.0,2020.0,36.0,ＲＣ,１種住居,未改装,290.0
4027,西宮(阪神),11.0,5.0,４ＬＤＫ,75.0,2022.0,24.0,ＲＣ,近隣商業,未改装,3400.0
4028,西宮(阪神),9.0,4.0,３ＬＤＫ,70.0,2020.0,22.0,ＲＣ,近隣商業,改装済み,3500.0
4029,苦楽園口,18.0,4.0,３ＬＤＫ,80.0,2020.0,17.0,ＲＣ,１低住専,改装済み,2800.0
4033,苦楽園口,16.0,4.0,３ＬＤＫ,80.0,2024.0,19.0,ＲＣ,１中住専,改装済み,3400.0
4034,苦楽園口,14.0,4.0,３ＬＤＫ,70.0,2024.0,28.0,ＲＣ,１中住専,改装済み,2700.0
4035,苦楽園口,16.0,4.0,３ＬＤＫ,80.0,2024.0,19.0,ＲＣ,１中住専,未改装,3100.0
4037,苦楽園口,16.0,5.0,４ＬＤＫ,75.0,2023.0,22.0,ＲＣ,１中住専,未改装,2600.0
4038,苦楽園口,15.0,4.0,３ＬＤＫ,65.0,2022.0,45.0,ＲＣ,１中住専,未改装,1300.0
4040,苦楽園口,15.0,3.0,２ＬＤＫ,75.0,2021.0,44.0,ＲＣ,１中住専,未改装,1000.0
4041,苦楽園口,14.0,4.0,３ＬＤＫ,70.0,2020.0,24.0,ＲＣ,１中住専,改装済み,2400.0
4042,苦楽園口,14.0,3.0,２ＬＤＫ,60.0,2020.0,24.0,ＲＣ,１中住専,未改装,1700.0
4044,西宮北口,25.0,4.0,３ＬＤＫ,65.0,2023.0,46.0,ＳＲＣ,１中住専,改装済み,1700.0
4046,西宮北口,11.0,4.0,２ＬＤＫ＋Ｓ,60.0,2024.0,51.0,ＲＣ,１中住専,改装済み,2100.0
4048,西宮北口,10.0,4.0,３ＬＤＫ,70.0,2024.0,24.0,ＲＣ,１中住専,未改装,5800.0
4049,西宮北口,12.0,4.0,３ＬＤＫ,80.0,2023.0,23.0,ＲＣ,１中住専,未改装,6600.0
4050,西宮北口,13.0,3.0,２ＬＤＫ,60.0,2023.0,50.0,ＲＣ,１中住専,改装済み,2600.0
4051,西宮北口,11.0,5.0,４ＬＤＫ,80.0,2023.0,23.0,ＲＣ,１中住専,未改装,6000.0
4053,西宮北口,13.0,4.0,３Ｋ,60.0,2022.0,49.0,ＲＣ,１中住専,改装済み,2600.0
4056,西宮北口,11.0,4.0,３ＬＤＫ,60.0,2021.0,48.0,ＲＣ,１中住専,未改装,1400.0
4057,西宮北口,11.0,3.0,２ＬＤＫ,75.0,2020.0,44.0,ＲＣ,１中住専,改装済み,2900.0
4059,甲陽園,23.0,2.0,１ＬＤＫ,50.0,2023.0,34.0,ＲＣ,１中住専,未改装,1500.0
4061,甲陽園,23.0,4.0,３ＬＤＫ,80.0,2022.0,33.0,ＲＣ,１中住専,改装済み,3000.0
4062,甲陽園,23.0,4.0,３ＬＤＫ,80.0,2022.0,33.0,ＲＣ,１中住専,未改装,1700.0
4063,甲陽園,21.0,5.0,４ＬＤＫ,90.0,2022.0,33.0,ＲＣ,１中住専,改装済み,3000.0
4064,甲陽園,23.0,4.0,３ＬＤＫ,75.0,2021.0,32.0,ＲＣ,１中住専,改装済み,2900.0
4065,甲陽園,23.0,4.0,３ＬＤＫ,75.0,2020.0,31.0,ＲＣ,１中住専,未改装,2500.0
4066,門戸厄神,29.0,4.0,３ＬＤＫ,65.0,2024.0,28.0,ＲＣ,１中住専,改装済み,2400.0
4069,門戸厄神,29.0,5.0,４ＬＤＫ,95.0,2023.0,27.0,ＲＣ,１中住専,未改装,2900.0
4070,門戸厄神,21.0,4.0,３ＬＤＫ,95.0,2022.0,22.0,ＲＣ,１低住専,未改装,3200.0
4071,門戸厄神,26.0,4.0,３ＬＤＫ,80.0,2022.0,37.0,ＲＣ,１中住専,改装済み,2700.0
4072,門戸厄神,26.0,5.0,４ＬＤＫ,115.0,2022.0,37.0,ＲＣ,１中住専,未改装,1900.0
4073,門戸厄神,28.0,3.0,２ＬＤＫ,50.0,2020.0,31.0,ＲＣ,１中住専,未改装,1400.0
4074,武庫川団地前,9.0,4.0,３ＬＤＫ,70.0,2025.0,42.0,ＳＲＣ,１中住専,未改装,1200.0
4075,武庫川団地前,9.0,4.0,３ＬＤＫ,70.0,2025.0,42.0,ＳＲＣ,１中住専,改装済み,1800.0
4076,武庫川団地前,10.0,5.0,４ＬＤＫ,95.0,2025.0,40.0,ＳＲＣ,１中住専,未改装,950.0
4078,武庫川団地前,5.0,4.0,３ＬＤＫ,80.0,2025.0,33.0,ＲＣ,１中住専,改装済み,2000.0
4079,武庫川団地前,6.0,5.0,４ＬＤＫ,90.0,2024.0,35.0,ＳＲＣ,１中住専,未改装,1700.0
4080,武庫川団地前,10.0,5.0,４ＬＤＫ,95.0,2024.0,39.0,ＳＲＣ,１中住専,未改装,1400.0
4081,武庫川団地前,3.0,5.0,４ＬＤＫ,95.0,2024.0,32.0,ＲＣ,１中住専,改装済み,2700.0
4082,武庫川団地前,5.0,4.0,３ＬＤＫ,80.0,2024.0,32.0,ＲＣ,１中住専,未改装,1900.0
4083,武庫川団地前,11.0,5.0,４ＬＤＫ,95.0,2024.0,39.0,ＳＲＣ,１中住専,未改装,1700.0
4084,武庫川団地前,10.0,5.0,４ＬＤＫ,65.0,2024.0,39.0,ＳＲＣ,１中住専,改装済み,1500.0
4086,武庫川団地前,8.0,4.0,３ＬＤＫ,85.0,2024.0,22.0,ＲＣ,１中住専,改装済み,3000.0
4087,武庫川団地前,9.0,5.0,４ＬＤＫ,95.0,2024.0,41.0,ＳＲＣ,１中住専,改装済み,1500.0
4088,武庫川団地前,8.0,5.0,４ＬＤＫ,95.0,2024.0,24.0,ＲＣ,１中住専,未改装,2300.0
4089,武庫川団地前,6.0,4.0,３ＬＤＫ,75.0,2023.0,32.0,ＲＣ,１中住専,改装済み,2200.0
4090,武庫川団地前,9.0,4.0,３ＬＤＫ,70.0,2023.0,40.0,ＳＲＣ,１中住専,未改装,1100.0
4092,武庫川団地前,11.0,5.0,４ＬＤＫ,95.0,2023.0,38.0,ＳＲＣ,１中住専,未改装,1300.0
4094,武庫川団地前,5.0,4.0,３ＬＤＫ,85.0,2023.0,32.0,ＲＣ,１中住専,改装済み,2300.0
4095,武庫川団地前,7.0,4.0,３ＬＤＫ,75.0,2023.0,32.0,ＲＣ,１中住専,未改装,1700.0
4097,武庫川団地前,13.0,4.0,３ＬＤＫ,70.0,2023.0,33.0,ＳＲＣ,１中住専,未改装,1300.0
4098,武庫川団地前,13.0,4.0,３ＬＤＫ,70.0,2023.0,33.0,ＳＲＣ,１中住専,未改装,910.0
4099,武庫川団地前,10.0,5.0,４ＬＤＫ,95.0,2022.0,37.0,ＳＲＣ,１中住専,改装済み,1900.0
4101,武庫川団地前,8.0,4.0,３ＬＤＫ,85.0,2022.0,20.0,ＲＣ,１中住専,未改装,2600.0
4102,武庫川団地前,14.0,6.0,５ＬＤＫ,125.0,2022.0,37.0,ＳＲＣ,１中住専,未改装,2200.0
4103,武庫川団地前,6.0,4.0,３ＬＤＫ,75.0,2022.0,31.0,ＲＣ,１中住専,改装済み,2200.0
4106,武庫川団地前,6.0,5.0,４ＬＤＫ,85.0,2021.0,17.0,ＲＣ,１中住専,未改装,2900.0
4108,武庫川団地前,6.0,5.0,４ＬＤＫ,90.0,2021.0,32.0,ＳＲＣ,１中住専,未改装,2100.0
4109,武庫川団地前,5.0,4.0,３ＬＤＫ,70.0,2021.0,32.0,ＳＲＣ,１中住専,未改装,1900.0
4112,武庫川団地前,15.0,4.0,３ＬＤＫ,70.0,2020.0,37.0,ＳＲＣ,１中住専,未改装,1200.0
4113,武庫川団地前,11.0,4.0,３ＬＤＫ,70.0,2020.0,30.0,ＳＲＣ,１中住専,未改装,1300.0
4115,夙川,12.0,4.0,３ＬＤＫ,75.0,2024.0,37.0,ＲＣ,１中住専,改装済み,2000.0
4116,夙川,14.0,4.0,３ＬＤＫ,70.0,2023.0,10.0,ＲＣ,１低住専,未改装,5500.0
4117,夙川,14.0,4.0,３ＬＤＫ,70.0,2022.0,9.0,ＲＣ,１低住専,未改装,5700.0
4118,夙川,13.0,4.0,３ＬＤＫ,75.0,2022.0,54.0,ＲＣ,１中住専,未改装,2000.0
4119,夙川,13.0,4.0,３ＬＤＫ,95.0,2022.0,54.0,ＲＣ,１中住専,未改装,1800.0
4120,夙川,12.0,4.0,３ＬＤＫ,60.0,2022.0,35.0,ＲＣ,１中住専,未改装,1500.0
4121,夙川,12.0,3.0,２ＬＤＫ,70.0,2021.0,34.0,ＲＣ,１中住専,未改装,930.0
4123,夙川,13.0,4.0,３ＬＤＫ,75.0,2020.0,7.0,ＲＣ,１低住専,未改装,5300.0
4124,西宮北口,11.0,3.0,２ＬＤＫ,65.0,2024.0,25.0,ＲＣ,準工業,未改装,2700.0
4125,西宮北口,11.0,4.0,３ＬＤＫ,70.0,2023.0,26.0,ＲＣ,準工業,未改装,3300.0
4126,西宮北口,10.0,4.0,３ＬＤＫ,70.0,2022.0,25.0,ＲＣ,準工業,未改装,3000.0
4127,西宮北口,11.0,3.0,２ＬＤＫ,55.0,2022.0,47.0,ＳＲＣ,準工業,未改装,1800.0
4131,西宮北口,11.0,4.0,３ＬＤＫ,60.0,2021.0,46.0,ＳＲＣ,準工業,未改装,1200.0
4133,西宮北口,15.0,3.0,２ＬＤＫ,60.0,2020.0,45.0,ＳＲＣ,準工業,改装済み,2200.0
4136,西宮北口,10.0,3.0,２ＬＤＫ,65.0,2020.0,45.0,ＳＲＣ,準工業,改装済み,1800.0
4138,西宮北口,3.0,4.0,３ＬＤＫ,70.0,2024.0,11.0,ＲＣ,近隣商業,未改装,7600.0
4139,西宮北口,3.0,4.0,３ＬＤＫ,75.0,2024.0,16.0,ＲＣ,商業,未改装,8400.0
4140,西宮北口,3.0,3.0,２ＬＤＫ,60.0,2023.0,15.0,ＲＣ,商業,未改装,6600.0
4143,西宮北口,4.0,3.0,１ＬＤＫ＋Ｓ,60.0,2022.0,14.0,ＲＣ,商業,未改装,6900.0
4144,西宮北口,4.0,3.0,２ＬＤＫ,60.0,2022.0,9.0,ＲＣ,近隣商業,未改装,3900.0
4146,西宮北口,3.0,4.0,３ＬＤＫ,70.0,2022.0,14.0,ＲＣ,商業,未改装,7600.0
4150,西宮北口,10.0,5.0,４ＬＤＫ,80.0,2025.0,26.0,ＳＲＣ,１種住居,未改装,3800.0
4151,西宮北口,9.0,4.0,３ＬＤＫ,75.0,2023.0,18.0,ＲＣ,１種住居,未改装,4000.0
4152,西宮北口,9.0,3.0,２ＬＤＫ,60.0,2022.0,4.0,ＲＣ,２中住専,未改装,5200.0
4153,西宮北口,9.0,4.0,３ＬＤＫ,80.0,2022.0,17.0,ＲＣ,１種住居,未改装,5000.0
4154,西宮北口,11.0,4.0,３ＬＤＫ,65.0,2022.0,17.0,ＲＣ,１種住居,未改装,4000.0
4157,仁川,15.0,4.0,３ＬＤＫ,75.0,2025.0,6.0,ＲＣ,１種住居,改装済み,3800.0
4158,仁川,15.0,4.0,３ＬＤＫ,65.0,2023.0,4.0,ＲＣ,１種住居,未改装,3400.0
4160,仁川,19.0,4.0,３ＬＤＫ,100.0,2021.0,35.0,ＲＣ,１種住居,改装済み,2400.0
4161,仁川,19.0,4.0,２ＬＤＫ＋Ｓ,60.0,2020.0,21.0,ＲＣ,準工業,改装済み,2100.0
4163,仁川,20.0,4.0,３ＬＤＫ,75.0,2020.0,34.0,ＲＣ,１種住居,改装済み,1700.0
4164,香櫨園,12.0,4.0,３ＬＤＫ,65.0,2025.0,28.0,ＲＣ,１種住居,未改装,2600.0
4165,香櫨園,10.0,4.0,３ＬＤＫ,70.0,2023.0,22.0,ＲＣ,１種住居,未改装,3500.0
4168,香櫨園,9.0,4.0,３ＬＤＫ,75.0,2020.0,22.0,ＲＣ,１種住居,改装済み,3500.0
4169,香櫨園,12.0,4.0,３ＬＤＫ,60.0,2020.0,23.0,ＲＣ,２中住専,改装済み,3100.0
4171,西宮(阪神),2.0,3.0,２ＬＤＫ,80.0,2025.0,22.0,ＳＲＣ,商業,未改装,5700.0
4172,西宮(阪神),2.0,4.0,３ＬＤＫ,80.0,2025.0,22.0,ＳＲＣ,商業,未改装,5600.0
4173,西宮(阪神),2.0,5.0,４ＬＤＫ,85.0,2024.0,21.0,ＳＲＣ,商業,未改装,6000.0
4174,西宮(阪神),2.0,4.0,３ＬＤＫ,80.0,2023.0,20.0,ＳＲＣ,商業,未改装,6000.0
4175,西宮(阪神),2.0,4.0,３ＬＤＫ,70.0,2023.0,20.0,ＳＲＣ,商業,改装済み,5400.0
4176,西宮(阪神),3.0,2.0,１ＬＤＫ,55.0,2020.0,14.0,ＲＣ,商業,未改装,3900.0
4177,西宮(阪神),3.0,4.0,３ＬＤＫ,65.0,2020.0,14.0,ＲＣ,商業,未改装,4500.0
4180,甲東園,7.0,4.0,３ＬＤＫ,95.0,2024.0,21.0,ＲＣ,１中住専,未改装,3600.0
4181,甲東園,8.0,5.0,４ＬＤＫ,95.0,2023.0,20.0,ＲＣ,１中住専,未改装,4400.0
4183,甲東園,7.0,4.0,３ＬＤＫ,70.0,2020.0,17.0,ＲＣ,１中住専,改装済み,3400.0
4184,甲東園,16.0,4.0,３ＬＤＫ,75.0,2020.0,41.0,ＲＣ,１中住専,改装済み,1400.0
4185,甲東園,16.0,4.0,３ＬＤＫ,65.0,2020.0,41.0,ＲＣ,１中住専,改装済み,1400.0
4189,仁川,10.0,4.0,３ＬＤＫ,65.0,2024.0,21.0,ＲＣ,１中住専,改装済み,4000.0
4190,仁川,9.0,4.0,３ＬＤＫ,70.0,2024.0,18.0,ＲＣ,１中住専,改装済み,4400.0
4192,仁川,9.0,4.0,３ＬＤＫ,75.0,2024.0,18.0,ＲＣ,１中住専,未改装,4300.0
4193,仁川,20.0,3.0,２ＬＤＫ,65.0,2024.0,45.0,ＲＣ,１中住専,改装済み,1200.0
4195,仁川,8.0,5.0,４ＬＤＫ,90.0,2024.0,14.0,ＲＣ,１中住専,未改装,6000.0
4196,仁川,12.0,4.0,３ＬＤＫ,65.0,2023.0,20.0,ＲＣ,１中住専,未改装,3300.0
4197,仁川,18.0,5.0,４ＬＤＫ,75.0,2023.0,37.0,ＲＣ,１中住専,改装済み,2300.0
4198,仁川,8.0,4.0,３ＬＤＫ,80.0,2022.0,12.0,ＲＣ,２中住専,未改装,4800.0
4199,仁川,10.0,4.0,３ＬＤＫ,75.0,2022.0,16.0,ＲＣ,１中住専,改装済み,4800.0
4200,仁川,11.0,4.0,３ＬＤＫ,65.0,2022.0,19.0,ＲＣ,１中住専,未改装,3100.0
4201,仁川,9.0,4.0,３ＬＤＫ,70.0,2022.0,19.0,ＲＣ,１中住専,未改装,3200.0
4202,仁川,9.0,3.0,２ＬＤＫ,75.0,2022.0,16.0,ＲＣ,２中住専,未改装,3600.0
4203,仁川,11.0,4.0,３ＬＤＫ,70.0,2021.0,18.0,ＲＣ,１中住専,未改装,3400.0
4204,仁川,18.0,4.0,３ＬＤＫ,65.0,2021.0,42.0,ＲＣ,１中住専,未改装,1000.0
4205,仁川,10.0,4.0,３ＬＤＫ,60.0,2021.0,18.0,ＲＣ,１中住専,改装済み,3400.0
4206,仁川,11.0,4.0,３ＬＤＫ,70.0,2021.0,18.0,ＲＣ,１中住専,未改装,3300.0
4207,仁川,18.0,4.0,３ＬＤＫ,70.0,2020.0,34.0,ＲＣ,１中住専,未改装,1500.0
4209,仁川,9.0,4.0,３ＬＤＫ,70.0,2020.0,14.0,ＲＣ,２中住専,未改装,3200.0
4212,仁川,7.0,5.0,４ＬＤＫ,85.0,2020.0,12.0,ＲＣ,２中住専,未改装,3800.0
4213,さくら夙川,4.0,2.0,１ＬＤＫ,85.0,2023.0,36.0,ＲＣ,１中住専,未改装,2500.0
4214,さくら夙川,3.0,4.0,３ＬＤＫ,75.0,2022.0,24.0,ＲＣ,１中住専,未改装,4300.0
4216,さくら夙川,4.0,4.0,３ＬＤＫ,80.0,2021.0,34.0,ＲＣ,１中住専,未改装,3500.0
4220,今津(阪神),9.0,4.0,３ＬＤＫ,65.0,2023.0,22.0,ＲＣ,１種住居,未改装,3300.0
4221,西宮(ＪＲ),8.0,4.0,３ＬＤＫ,75.0,2022.0,26.0,ＲＣ,近隣商業,未改装,3500.0
4222,阪神国道,4.0,3.0,２ＬＤＫ,55.0,2024.0,9.0,ＲＣ,１種住居,未改装,3300.0
4223,阪神国道,3.0,3.0,２ＬＤＫ,55.0,2024.0,10.0,ＲＣ,１種住居,未改装,3300.0
4224,阪神国道,3.0,4.0,３ＬＤＫ,65.0,2024.0,10.0,ＲＣ,１種住居,未改装,3500.0
4225,阪神国道,4.0,3.0,２ＬＤＫ,55.0,2023.0,8.0,ＲＣ,１種住居,未改装,3300.0
4226,阪神国道,2.0,4.0,３ＬＤＫ,65.0,2023.0,27.0,ＲＣ,近隣商業,未改装,340.0
4227,阪神国道,4.0,4.0,３ＬＤＫ,65.0,2020.0,5.0,ＲＣ,１種住居,未改装,3700.0
4228,今津(阪神),12.0,4.0,３ＬＤＫ,65.0,2024.0,23.0,ＲＣ,工業,未改装,1300.0
4229,今津(阪神),12.0,4.0,３ＬＤＫ,65.0,2023.0,22.0,ＲＣ,工業,改装済み,3700.0
4230,今津(阪神),12.0,4.0,３ＬＤＫ,65.0,2022.0,21.0,ＲＣ,工業,未改装,2700.0
4231,今津(阪神),13.0,3.0,２ＬＤＫ,65.0,2020.0,12.0,ＲＣ,工業,未改装,3300.0
4232,阪神国道,6.0,4.0,３ＬＤＫ,65.0,2024.0,26.0,ＲＣ,準工業,改装済み,3700.0
4233,阪神国道,6.0,4.0,３ＬＤＫ,70.0,2023.0,25.0,ＲＣ,準工業,未改装,3000.0
4234,阪神国道,6.0,4.0,３ＬＤＫ,70.0,2022.0,24.0,ＲＣ,準工業,未改装,3300.0
4235,阪神国道,4.0,3.0,２ＬＤＫ,65.0,2022.0,14.0,ＲＣ,工業,未改装,3500.0
4236,阪神国道,5.0,4.0,３ＬＤＫ,70.0,2020.0,22.0,ＲＣ,準工業,改装済み,3200.0
4237,西宮(ＪＲ),8.0,4.0,３ＬＤＫ,65.0,2025.0,24.0,ＲＣ,準工業,未改装,3400.0
4238,西宮(ＪＲ),8.0,4.0,３ＬＤＫ,65.0,2025.0,24.0,ＲＣ,準工業,改装済み,3700.0
4239,西宮(ＪＲ),8.0,3.0,２ＬＤＫ,60.0,2024.0,23.0,ＲＣ,準工業,未改装,3200.0
4240,西宮(ＪＲ),7.0,4.0,３ＬＤＫ,65.0,2024.0,25.0,ＲＣ,近隣商業,未改装,3600.0
4241,西宮(ＪＲ),7.0,4.0,３ＤＫ,65.0,2024.0,25.0,ＲＣ,近隣商業,未改装,3400.0
4243,西宮(ＪＲ),7.0,3.0,２ＬＤＫ,65.0,2023.0,24.0,ＲＣ,近隣商業,未改装,3600.0
4245,西宮(ＪＲ),8.0,4.0,３ＬＤＫ,50.0,2022.0,21.0,ＲＣ,準工業,未改装,3200.0
4246,西宮(ＪＲ),8.0,4.0,３ＬＤＫ,70.0,2022.0,27.0,ＲＣ,２種住居,改装済み,3900.0
4247,西宮(ＪＲ),7.0,3.0,２ＬＤＫ,70.0,2022.0,23.0,ＲＣ,近隣商業,未改装,3600.0
4248,西宮(ＪＲ),7.0,3.0,２ＬＤＫ,60.0,2022.0,23.0,ＲＣ,近隣商業,未改装,3200.0
4249,西宮(ＪＲ),7.0,4.0,３ＬＤＫ,65.0,2022.0,23.0,ＲＣ,近隣商業,未改装,3300.0
4250,西宮(ＪＲ),7.0,4.0,３ＬＤＫ,75.0,2022.0,23.0,ＲＣ,近隣商業,未改装,3900.0
4251,西宮(ＪＲ),7.0,5.0,４ＬＤＫ,70.0,2022.0,23.0,ＲＣ,近隣商業,改装済み,1700.0
4253,西宮(ＪＲ),7.0,3.0,２ＬＤＫ,60.0,2022.0,23.0,ＲＣ,近隣商業,改装済み,3800.0
4254,西宮(ＪＲ),7.0,4.0,３ＬＤＫ,70.0,2022.0,14.0,ＲＣ,近隣商業,改装済み,3900.0
4255,西宮(ＪＲ),6.0,3.0,２ＬＤＫ,70.0,2021.0,22.0,ＲＣ,近隣商業,未改装,3500.0
4256,西宮(ＪＲ),5.0,4.0,３ＬＤＫ,70.0,2021.0,25.0,ＳＲＣ,近隣商業,改装済み,3600.0
4258,西宮(ＪＲ),8.0,3.0,２ＬＤＫ,60.0,2020.0,19.0,ＲＣ,準工業,改装済み,3300.0
4260,西宮(ＪＲ),7.0,4.0,３ＬＤＫ,75.0,2020.0,21.0,ＲＣ,近隣商業,未改装,4100.0
4262,阪神国道,2.0,3.0,２ＬＤＫ,70.0,2023.0,15.0,ＲＣ,近隣商業,未改装,4300.0
4263,阪神国道,2.0,4.0,３ＬＤＫ,70.0,2023.0,15.0,ＲＣ,近隣商業,改装済み,4300.0
4264,今津(阪神),2.0,4.0,３ＬＤＫ,60.0,2025.0,21.0,ＲＣ,商業,改装済み,4000.0
4265,今津(阪神),2.0,3.0,２ＬＤＫ,55.0,2025.0,20.0,ＲＣ,近隣商業,未改装,3400.0
4266,今津(阪神),2.0,4.0,３ＬＤＫ,65.0,2024.0,20.0,ＲＣ,商業,改装済み,3800.0
4267,今津(阪神),2.0,3.0,２ＬＤＫ,60.0,2023.0,19.0,ＲＣ,商業,未改装,3400.0
4268,今津(阪神),2.0,3.0,２ＬＤＫ,55.0,2023.0,26.0,ＲＣ,近隣商業,改装済み,3100.0
4269,今津(阪神),2.0,2.0,１ＬＤＫ,50.0,2023.0,26.0,ＲＣ,近隣商業,未改装,2200.0
4270,今津(阪神),2.0,4.0,３ＬＤＫ,50.0,2023.0,18.0,ＲＣ,近隣商業,未改装,1800.0
4271,今津(阪神),3.0,4.0,３ＬＤＫ,65.0,2023.0,9.0,ＲＣ,近隣商業,未改装,3700.0
4272,今津(阪神),2.0,4.0,３ＬＤＫ,60.0,2022.0,25.0,ＲＣ,近隣商業,未改装,2600.0
4276,今津(阪神),2.0,3.0,２ＬＤＫ,65.0,2020.0,16.0,ＲＣ,商業,未改装,1100.0
4277,今津(阪神),1.0,3.0,２ＬＤＫ,70.0,2024.0,24.0,ＳＲＣ,商業,未改装,3200.0
4278,今津(阪神),2.0,2.0,１Ｋ,15.0,2024.0,39.0,鉄骨造,商業,未改装,350.0
4279,今津(阪神),1.0,4.0,３ＬＤＫ,60.0,2024.0,24.0,ＳＲＣ,商業,未改装,2000.0
4280,今津(阪神),2.0,2.0,１Ｋ,15.0,2023.0,38.0,鉄骨造,商業,未改装,380.0
4281,今津(阪神),2.0,2.0,１ＤＫ,15.0,2022.0,37.0,鉄骨造,商業,未改装,300.0
4284,今津(阪神),2.0,2.0,１ＤＫ,25.0,2020.0,31.0,ＲＣ,商業,未改装,550.0
4285,今津(阪神),1.0,4.0,３ＬＤＫ,70.0,2020.0,20.0,ＳＲＣ,商業,改装済み,3300.0
4286,久寿川,1.0,4.0,３ＬＤＫ,60.0,2024.0,24.0,ＳＲＣ,商業,未改装,3100.0
4287,今津(阪神),6.0,4.0,３ＬＤＫ,55.0,2022.0,26.0,ＳＲＣ,１種住居,改装済み,2900.0
4289,今津(阪神),6.0,4.0,３ＬＤＫ,60.0,2021.0,25.0,ＳＲＣ,１種住居,改装済み,3000.0
4290,今津(阪神),6.0,4.0,３ＬＤＫ,55.0,2021.0,25.0,ＳＲＣ,１種住居,改装済み,2000.0
4291,今津(阪神),9.0,4.0,３ＬＤＫ,75.0,2025.0,36.0,ＳＲＣ,近隣商業,未改装,2400.0
4292,西宮(ＪＲ),6.0,4.0,３ＬＤＫ,75.0,2021.0,32.0,ＳＲＣ,１種住居,未改装,2400.0
4294,甲子園口,8.0,4.0,３ＬＤＫ,70.0,2021.0,12.0,ＲＣ,１中住専,改装済み,4400.0
4295,甲子園口,8.0,4.0,３ＬＤＫ,100.0,2021.0,34.0,ＲＣ,１中住専,改装済み,4000.0
4296,甲子園口,8.0,4.0,３ＬＤＫ,70.0,2021.0,12.0,ＲＣ,１中住専,未改装,4500.0
4297,甲子園口,8.0,4.0,３ＬＤＫ,80.0,2021.0,12.0,ＲＣ,１中住専,未改装,4400.0
4298,甲子園口,7.0,5.0,４ＬＤＫ,100.0,2021.0,34.0,ＲＣ,１中住専,未改装,3000.0
4299,甲子園口,8.0,5.0,４ＬＤＫ,90.0,2021.0,20.0,ＲＣ,１中住専,改装済み,4700.0
4300,甲子園口,8.0,5.0,４ＬＤＫ,85.0,2020.0,33.0,ＲＣ,１中住専,未改装,2500.0
4302,西宮(阪神),7.0,4.0,３ＬＤＫ,65.0,2023.0,30.0,ＲＣ,近隣商業,改装済み,3600.0
4303,西宮(阪神),7.0,4.0,３ＬＤＫ,65.0,2023.0,30.0,ＲＣ,近隣商業,改装済み,3900.0
4304,西宮(阪神),7.0,5.0,４ＬＤＫ,95.0,2023.0,30.0,ＲＣ,近隣商業,未改装,4600.0
4306,西宮(阪神),7.0,4.0,３ＬＤＫ,65.0,2022.0,29.0,ＲＣ,近隣商業,未改装,2900.0
4309,甲子園口,8.0,4.0,３ＬＤＫ,65.0,2023.0,51.0,ＲＣ,１中住専,改装済み,2400.0
4310,甲子園口,8.0,4.0,３ＬＤＫ,65.0,2023.0,51.0,ＲＣ,１中住専,改装済み,2300.0
4311,甲子園口,8.0,3.0,２ＬＤＫ,65.0,2023.0,51.0,ＲＣ,１中住専,改装済み,2400.0
4313,甲子園口,8.0,3.0,２ＬＤＫ,65.0,2022.0,50.0,ＳＲＣ,１中住専,改装済み,2400.0
4315,甲子園口,8.0,4.0,３ＬＤＫ,80.0,2020.0,48.0,ＲＣ,１中住専,改装済み,2500.0
4316,甲子園口,8.0,4.0,３ＬＤＫ,80.0,2020.0,48.0,ＲＣ,１中住専,改装済み,2800.0
4317,西宮(阪神),3.0,5.0,４ＬＤＫ,80.0,2025.0,19.0,ＲＣ,商業,未改装,4600.0
4318,西宮(阪神),3.0,3.0,２ＬＤＫ,55.0,2024.0,24.0,ＳＲＣ,商業,改装済み,3100.0
4320,西宮(阪神),3.0,4.0,３ＬＤＫ,65.0,2024.0,18.0,ＲＣ,商業,未改装,3400.0
4322,西宮(阪神),3.0,4.0,３ＬＤＫ,60.0,2023.0,17.0,ＲＣ,商業,未改装,3700.0
4323,西宮(阪神),3.0,5.0,４ＬＤＫ,80.0,2022.0,16.0,ＲＣ,商業,未改装,5000.0
4324,西宮(阪神),4.0,3.0,２ＬＤＫ,55.0,2021.0,15.0,ＲＣ,商業,改装済み,3400.0
4325,夙川,9.0,3.0,２ＬＤＫ,40.0,2021.0,24.0,ＲＣ,１低住専,未改装,1600.0
4327,甲子園口,10.0,5.0,４ＬＤＫ,80.0,2023.0,19.0,ＲＣ,１種住居,未改装,4100.0
4331,甲子園口,11.0,5.0,４ＬＤＫ,90.0,2020.0,34.0,ＲＣ,１種住居,未改装,2800.0
4332,西宮(ＪＲ),11.0,4.0,３ＬＤＫ,70.0,2020.0,22.0,ＲＣ,１種住居,改装済み,3600.0
4333,西宮北口,11.0,4.0,３ＬＤＫ,75.0,2022.0,4.0,ＲＣ,１中住専,未改装,5400.0
4334,西宮北口,11.0,5.0,４ＬＤＫ,85.0,2022.0,4.0,ＲＣ,１中住専,改装済み,5800.0
4337,香櫨園,5.0,3.0,２ＬＤＫ,70.0,2021.0,19.0,ＲＣ,１中住専,未改装,3400.0
4338,西宮(ＪＲ),14.0,5.0,４ＬＤＫ,15.0,2024.0,38.0,ＲＣ,近隣商業,未改装,410.0
4339,西宮(ＪＲ),10.0,4.0,３ＬＤＫ,60.0,2024.0,20.0,ＲＣ,１種住居,改装済み,3500.0
4340,西宮(ＪＲ),10.0,4.0,３ＬＤＫ,70.0,2024.0,20.0,ＲＣ,１種住居,改装済み,3500.0
4341,西宮(ＪＲ),10.0,4.0,３ＬＤＫ,75.0,2023.0,19.0,ＲＣ,１種住居,未改装,4000.0
4342,西宮(ＪＲ),10.0,4.0,３ＬＤＫ,70.0,2023.0,19.0,ＲＣ,１種住居,未改装,3900.0
4344,西宮(ＪＲ),10.0,3.0,２ＬＤＫ,70.0,2022.0,18.0,ＲＣ,１種住居,未改装,3700.0
4345,西宮(ＪＲ),13.0,2.0,１Ｋ,15.0,2021.0,35.0,ＲＣ,近隣商業,改装済み,600.0
4347,西宮(ＪＲ),12.0,4.0,３ＬＤＫ,70.0,2021.0,23.0,ＳＲＣ,近隣商業,未改装,3200.0
4348,西宮(ＪＲ),9.0,3.0,２ＬＤＫ,55.0,2020.0,16.0,ＲＣ,１種住居,未改装,2500.0
4349,西宮(阪神),11.0,4.0,３ＬＤＫ,65.0,2024.0,24.0,ＲＣ,近隣商業,改装済み,3400.0
4352,西宮北口,19.0,4.0,３ＬＤＫ,70.0,2022.0,25.0,ＲＣ,１種住居,未改装,2900.0
4354,西宮名塩,6.0,4.0,３ＬＤＫ,70.0,2021.0,25.0,ＲＣ,２中住専,未改装,950.0
4355,西宮名塩,8.0,4.0,３ＬＤＫ,70.0,2021.0,25.0,ＲＣ,２中住専,未改装,650.0
4356,西宮名塩,6.0,4.0,３ＬＤＫ,70.0,2020.0,24.0,ＲＣ,２中住専,未改装,1300.0
4357,西宮名塩,26.0,4.0,３ＬＤＫ,65.0,2025.0,30.0,ＲＣ,１低住専,未改装,330.0
4358,西宮名塩,26.0,4.0,３ＬＤＫ,65.0,2024.0,29.0,ＲＣ,１低住専,未改装,500.0
4359,西宮名塩,26.0,3.0,２ＬＤＫ,65.0,2023.0,28.0,ＲＣ,１低住専,未改装,600.0
4360,西宮名塩,26.0,4.0,３ＬＤＫ,65.0,2021.0,26.0,ＲＣ,１低住専,未改装,490.0
4361,西宮名塩,8.0,4.0,３ＬＤＫ,75.0,2024.0,18.0,ＲＣ,１中住専,未改装,1200.0
4363,西宮名塩,1.0,5.0,４ＬＤＫ,85.0,2021.0,13.0,ＲＣ,商業,未改装,3200.0
4364,西宮名塩,8.0,5.0,４ＬＤＫ,95.0,2020.0,15.0,ＲＣ,１中住専,改装済み,2200.0
4366,苦楽園口,5.0,5.0,４ＬＤＫ,90.0,2024.0,23.0,ＲＣ,１中住専,改装済み,5800.0
4368,苦楽園口,5.0,4.0,３ＬＤＫ,65.0,2024.0,23.0,ＲＣ,１中住専,改装済み,4300.0
4369,苦楽園口,6.0,3.0,２ＬＤＫ,125.0,2022.0,33.0,ＲＣ,１中住専,改装済み,5100.0
4370,苦楽園口,6.0,5.0,４ＬＤＫ,105.0,2022.0,24.0,ＲＣ,１中住専,未改装,4800.0
4372,苦楽園口,5.0,3.0,２ＬＤＫ,90.0,2021.0,20.0,ＲＣ,１中住専,改装済み,5000.0
4373,苦楽園口,6.0,4.0,３ＬＤＫ,70.0,2021.0,20.0,ＲＣ,１中住専,未改装,3800.0
4374,苦楽園口,5.0,3.0,２ＬＤＫ,65.0,2021.0,20.0,ＲＣ,１中住専,未改装,3600.0
4377,宝塚,10.0,5.0,４ＬＤＫ,85.0,2024.0,6.0,ＲＣ,１種住居,未改装,4700.0
4378,宝塚,9.0,4.0,３ＬＤＫ,70.0,2024.0,6.0,ＲＣ,１種住居,改装済み,4200.0
4379,宝塚,9.0,5.0,４ＬＤＫ,75.0,2023.0,5.0,ＲＣ,１種住居,未改装,4300.0
4380,宝塚,10.0,4.0,３ＬＤＫ,80.0,2022.0,4.0,ＲＣ,１種住居,未改装,3500.0
4383,宝塚,16.0,4.0,３ＬＤＫ,75.0,2022.0,23.0,ＳＲＣ,２中住専,未改装,1900.0
4384,宝塚,16.0,5.0,４ＬＤＫ,75.0,2021.0,24.0,ＳＲＣ,２中住専,改装済み,1700.0
4385,宝塚,16.0,5.0,４ＬＤＫ,80.0,2021.0,22.0,ＳＲＣ,２中住専,未改装,3400.0
4389,生瀬,12.0,4.0,３ＬＤＫ,75.0,2025.0,26.0,ＳＲＣ,２中住専,未改装,1600.0
4391,生瀬,12.0,4.0,３ＬＤＫ,75.0,2024.0,25.0,ＳＲＣ,２中住専,改装済み,2000.0
4392,生瀬,12.0,4.0,３ＬＤＫ,75.0,2024.0,25.0,ＳＲＣ,２中住専,改装済み,2200.0
4393,生瀬,12.0,4.0,３ＬＤＫ,75.0,2024.0,25.0,ＳＲＣ,２中住専,改装済み,2000.0
4394,生瀬,13.0,4.0,３ＬＤＫ,75.0,2024.0,27.0,ＳＲＣ,２中住専,未改装,1600.0
4395,生瀬,12.0,4.0,３ＬＤＫ,75.0,2024.0,25.0,ＳＲＣ,２中住専,未改装,1600.0
4396,生瀬,13.0,5.0,４ＬＤＫ,85.0,2023.0,26.0,ＳＲＣ,２中住専,未改装,1700.0
4397,生瀬,11.0,4.0,３ＬＤＫ,75.0,2023.0,26.0,ＳＲＣ,２中住専,未改装,2100.0
4398,生瀬,13.0,4.0,３ＬＤＫ,70.0,2022.0,25.0,ＳＲＣ,２中住専,未改装,1600.0
4400,生瀬,12.0,4.0,３ＬＤＫ,75.0,2022.0,23.0,ＳＲＣ,２中住専,未改装,1400.0
4401,生瀬,12.0,4.0,３ＬＤＫ,75.0,2021.0,22.0,ＳＲＣ,２中住専,未改装,1700.0
4402,生瀬,12.0,4.0,３ＬＤＫ,75.0,2021.0,22.0,ＳＲＣ,２中住専,改装済み,2200.0
4404,生瀬,10.0,4.0,３ＬＤＫ,70.0,2021.0,24.0,ＳＲＣ,２中住専,未改装,1600.0
4405,生瀬,12.0,4.0,３ＬＤＫ,75.0,2021.0,22.0,ＳＲＣ,２中住専,未改装,1400.0
4406,生瀬,12.0,4.0,３ＬＤＫ,75.0,2021.0,22.0,ＳＲＣ,２中住専,未改装,1700.0
4407,生瀬,12.0,4.0,３ＬＤＫ,75.0,2020.0,21.0,ＳＲＣ,２中住専,未改装,1500.0
4408,生瀬,12.0,4.0,３ＬＤＫ,95.0,2020.0,21.0,ＳＲＣ,２中住専,未改装,2400.0
4411,鳴尾・武庫川女子大前,4.0,4.0,３ＬＤＫ,70.0,2023.0,19.0,ＲＣ,近隣商業,未改装,2000.0
4412,鳴尾・武庫川女子大前,5.0,4.0,３ＬＤＫ,65.0,2023.0,23.0,ＲＣ,近隣商業,改装済み,3600.0
4413,鳴尾・武庫川女子大前,6.0,4.0,３ＤＫ,40.0,2023.0,52.0,鉄骨造,１種住居,未改装,770.0
4415,鳴尾・武庫川女子大前,6.0,4.0,３ＬＤＫ,50.0,2022.0,24.0,ＲＣ,近隣商業,未改装,2300.0
4416,鳴尾・武庫川女子大前,7.0,4.0,３ＤＫ,40.0,2022.0,51.0,鉄骨造,１種住居,未改装,800.0
4419,鳴尾・武庫川女子大前,3.0,5.0,４ＬＤＫ,80.0,2021.0,17.0,ＲＣ,近隣商業,改装済み,4000.0
4420,鳴尾・武庫川女子大前,6.0,2.0,１ＤＫ,35.0,2021.0,50.0,鉄骨造,１種住居,改装済み,1400.0
4421,鳴尾・武庫川女子大前,7.0,4.0,３ＤＫ,50.0,2020.0,22.0,ＲＣ,２種住居,改装済み,2200.0
4422,苦楽園口,6.0,2.0,１ＬＤＫ,40.0,2022.0,14.0,ＲＣ,１中住専,未改装,2300.0
4425,夙川,8.0,3.0,２ＬＤＫ,65.0,2021.0,17.0,ＲＣ,１中住専,未改装,3200.0
4426,夙川,8.0,2.0,１ＬＤＫ,40.0,2020.0,16.0,ＲＣ,１中住専,改装済み,2300.0
4427,仁川,11.0,4.0,３ＬＤＫ,80.0,2025.0,24.0,ＲＣ,１低住専,未改装,2900.0
4429,仁川,5.0,4.0,３ＬＤＫ,75.0,2024.0,9.0,ＲＣ,２低住専,未改装,5200.0
4430,仁川,4.0,5.0,４ＬＤＫ,90.0,2023.0,8.0,ＲＣ,２低住専,未改装,5900.0
4431,仁川,9.0,4.0,３ＬＤＫ,75.0,2023.0,22.0,ＲＣ,１低住専,未改装,2700.0
4432,仁川,5.0,4.0,３ＬＤＫ,80.0,2022.0,7.0,ＲＣ,２低住専,未改装,4800.0
4433,仁川,6.0,4.0,３ＬＤＫ,75.0,2022.0,7.0,ＲＣ,２低住専,未改装,4700.0
4434,仁川,4.0,4.0,３ＬＤＫ,75.0,2022.0,7.0,ＲＣ,２低住専,未改装,4700.0
4435,仁川,10.0,4.0,３ＬＤＫ,95.0,2021.0,23.0,ＲＣ,１低住専,改装済み,3300.0
4437,仁川,11.0,4.0,３ＬＤＫ,65.0,2021.0,24.0,ＲＣ,１中住専,未改装,2500.0
4438,仁川,9.0,4.0,３ＬＤＫ,55.0,2021.0,23.0,ＲＣ,１低住専,未改装,1700.0
4440,仁川,5.0,4.0,３ＬＤＫ,80.0,2020.0,5.0,ＲＣ,２低住専,未改装,4900.0
4441,仁川,16.0,3.0,２ＬＤＫ,70.0,2023.0,22.0,ＲＣ,１低住専,未改装,2400.0
4442,仁川,16.0,4.0,３ＬＤＫ,75.0,2022.0,21.0,ＲＣ,１低住専,未改装,2800.0
4443,仁川,16.0,4.0,３ＬＤＫ,65.0,2021.0,20.0,ＲＣ,１低住専,未改装,2400.0
4445,夙川,14.0,2.0,１Ｋ,25.0,2023.0,15.0,ＲＣ,近隣商業,改装済み,1700.0
4446,夙川,14.0,2.0,１Ｋ,25.0,2023.0,15.0,ＲＣ,近隣商業,未改装,1500.0
4447,夙川,14.0,2.0,１Ｋ,25.0,2023.0,15.0,ＲＣ,近隣商業,未改装,1800.0
4449,西宮(阪神),11.0,2.0,１Ｋ,25.0,2021.0,13.0,ＲＣ,近隣商業,未改装,1400.0
4450,甲子園,30.0,3.0,２ＬＤＫ,120.0,2021.0,17.0,ＳＲＣ,１中住専,未改装,3600.0
4452,香櫨園,30.0,4.0,３ＬＤＫ,70.0,2021.0,23.0,ＳＲＣ,１中住専,改装済み,2000.0
4453,香櫨園,30.0,4.0,３ＬＤＫ,65.0,2021.0,23.0,ＳＲＣ,１中住専,未改装,1600.0
4454,香櫨園,30.0,4.0,３ＬＤＫ,70.0,2020.0,22.0,ＳＲＣ,１中住専,未改装,1200.0
4455,香櫨園,30.0,4.0,３ＬＤＫ,70.0,2020.0,22.0,ＳＲＣ,１中住専,未改装,1500.0
4456,西宮(阪神),30.0,4.0,３ＬＤＫ,70.0,2025.0,27.0,ＳＲＣ,１中住専,改装済み,2400.0
4457,西宮(阪神),30.0,5.0,４ＬＤＫ,85.0,2025.0,27.0,ＳＲＣ,１中住専,未改装,2500.0
4458,西宮(阪神),30.0,4.0,３ＬＤＫ,70.0,2024.0,26.0,ＳＲＣ,１中住専,未改装,1900.0
4459,西宮(阪神),30.0,4.0,３ＬＤＫ,75.0,2024.0,26.0,ＳＲＣ,１中住専,未改装,2300.0
4460,西宮(阪神),30.0,4.0,３ＬＤＫ,70.0,2024.0,26.0,ＳＲＣ,１中住専,未改装,1300.0
4462,西宮(阪神),30.0,5.0,４ＬＤＫ,85.0,2024.0,26.0,ＲＣ,１中住専,未改装,1900.0
4463,西宮(阪神),30.0,4.0,３ＬＤＫ,70.0,2024.0,26.0,ＳＲＣ,１中住専,未改装,1500.0
4464,西宮(阪神),30.0,4.0,３ＬＤＫ,70.0,2024.0,26.0,ＲＣ,１中住専,改装済み,2500.0
4465,西宮(阪神),30.0,4.0,３ＬＤＫ,75.0,2024.0,25.0,ＳＲＣ,近隣商業,未改装,2200.0
4466,西宮(阪神),30.0,4.0,３ＬＤＫ,70.0,2024.0,26.0,ＳＲＣ,１中住専,未改装,1800.0
4468,西宮(阪神),30.0,4.0,３ＬＤＫ,70.0,2023.0,25.0,ＳＲＣ,１中住専,改装済み,2400.0
4470,西宮(阪神),30.0,5.0,４ＬＤＫ,80.0,2023.0,25.0,ＳＲＣ,１中住専,改装済み,3000.0
4471,西宮(阪神),30.0,5.0,４ＬＤＫ,100.0,2023.0,19.0,ＳＲＣ,１中住専,未改装,3800.0
4472,西宮(阪神),30.0,4.0,３ＬＤＫ,70.0,2023.0,25.0,ＲＣ,１中住専,未改装,1900.0
4473,西宮(阪神),30.0,2.0,１ＬＤＫ,65.0,2023.0,25.0,ＳＲＣ,１中住専,未改装,1600.0
4474,西宮(阪神),30.0,5.0,４ＬＤＫ,95.0,2023.0,19.0,ＳＲＣ,１中住専,未改装,4200.0
4475,西宮(阪神),30.0,4.0,３ＬＤＫ,65.0,2023.0,25.0,ＳＲＣ,１中住専,未改装,2000.0
4476,西宮(阪神),30.0,4.0,３ＬＤＫ,80.0,2023.0,25.0,ＳＲＣ,１中住専,未改装,1800.0
4477,西宮(阪神),30.0,4.0,３ＬＤＫ,70.0,2023.0,25.0,ＳＲＣ,１中住専,改装済み,2300.0
4478,西宮(阪神),30.0,4.0,３ＬＤＫ,65.0,2022.0,24.0,ＳＲＣ,１中住専,改装済み,2600.0
4481,西宮(阪神),30.0,4.0,３ＬＤＫ,80.0,2022.0,24.0,ＳＲＣ,１中住専,未改装,1700.0
4482,西宮(阪神),30.0,4.0,３ＬＤＫ,80.0,2022.0,24.0,ＳＲＣ,１中住専,未改装,2100.0
4483,西宮(阪神),30.0,4.0,３ＬＤＫ,75.0,2022.0,24.0,ＳＲＣ,１中住専,未改装,1700.0
4484,西宮(阪神),30.0,4.0,３ＬＤＫ,65.0,2022.0,23.0,ＳＲＣ,近隣商業,未改装,2600.0
4485,西宮(阪神),30.0,4.0,３ＬＤＫ,70.0,2022.0,24.0,ＳＲＣ,１中住専,未改装,1700.0
4486,西宮(阪神),30.0,4.0,３ＬＤＫ,70.0,2022.0,24.0,ＲＣ,１中住専,改装済み,2800.0
4487,西宮(阪神),30.0,4.0,３ＬＤＫ,95.0,2022.0,18.0,ＳＲＣ,１中住専,未改装,5100.0
4488,西宮(阪神),30.0,4.0,３ＬＤＫ,70.0,2022.0,24.0,ＲＣ,１中住専,未改装,1200.0
4489,西宮(阪神),30.0,4.0,３ＬＤＫ,70.0,2022.0,24.0,ＳＲＣ,１中住専,未改装,1700.0
4490,西宮(阪神),30.0,4.0,３ＬＤＫ,85.0,2022.0,18.0,ＳＲＣ,１中住専,改装済み,3200.0
4492,西宮(阪神),30.0,5.0,４ＬＤＫ,85.0,2022.0,24.0,ＳＲＣ,１中住専,未改装,2300.0
4494,西宮(阪神),30.0,4.0,３ＬＤＫ,90.0,2021.0,22.0,ＳＲＣ,近隣商業,改装済み,2700.0
4496,西宮(阪神),30.0,4.0,３ＬＤＫ,70.0,2021.0,26.0,ＳＲＣ,１中住専,改装済み,1900.0
4498,西宮(阪神),30.0,5.0,３ＬＤＫ＋Ｓ,80.0,2021.0,23.0,ＲＣ,１中住専,改装済み,2500.0
4500,西宮(阪神),30.0,4.0,３ＬＤＫ,70.0,2021.0,23.0,ＲＣ,１中住専,未改装,1900.0
4501,西宮(阪神),30.0,4.0,３ＬＤＫ,70.0,2021.0,23.0,ＳＲＣ,１中住専,未改装,1500.0
4505,西宮(阪神),30.0,4.0,３ＬＤＫ,70.0,2021.0,23.0,ＳＲＣ,１中住専,改装済み,1800.0
4506,西宮(阪神),30.0,4.0,３ＬＤＫ,70.0,2021.0,23.0,ＳＲＣ,１中住専,改装済み,2000.0
4509,西宮(阪神),30.0,3.0,２ＬＤＫ,120.0,2021.0,17.0,ＳＲＣ,１中住専,改装済み,3800.0
4513,西宮(阪神),30.0,4.0,３ＬＤＫ,65.0,2020.0,22.0,ＳＲＣ,１中住専,未改装,1200.0
4516,西宮(阪神),30.0,4.0,３ＬＤＫ,70.0,2020.0,22.0,ＳＲＣ,１中住専,未改装,1500.0
4519,西宮(阪神),30.0,5.0,４ＬＤＫ,80.0,2020.0,22.0,ＲＣ,１中住専,改装済み,2100.0
4520,西宮(阪神),30.0,5.0,４ＬＤＫ,85.0,2020.0,22.0,ＳＲＣ,１中住専,改装済み,2400.0
4522,甲陽園,14.0,5.0,４ＬＤＫ,100.0,2020.0,13.0,ＲＣ,１中住専,未改装,3500.0
4523,甲陽園,15.0,4.0,３ＬＤＫ,70.0,2020.0,35.0,ＲＣ,１中住専,未改装,710.0
4524,西宮北口,14.0,4.0,３ＬＤＫ,70.0,2021.0,11.0,ＲＣ,２中住専,未改装,3500.0
4525,西宮北口,14.0,4.0,３ＬＤＫ,90.0,2021.0,11.0,ＲＣ,２中住専,未改装,4700.0
4526,門戸厄神,15.0,4.0,３ＬＤＫ,70.0,2021.0,11.0,ＲＣ,２中住専,未改装,4000.0
4529,門戸厄神,6.0,4.0,３ＬＤＫ,70.0,2023.0,21.0,ＲＣ,１中住専,未改装,4500.0
4531,門戸厄神,5.0,4.0,３ＬＤＫ,70.0,2023.0,28.0,ＲＣ,１中住専,未改装,4900.0
4532,門戸厄神,5.0,5.0,４ＬＤＫ,90.0,2023.0,21.0,ＲＣ,１中住専,改装済み,5900.0
4533,門戸厄神,5.0,4.0,３ＬＤＫ,70.0,2023.0,28.0,ＲＣ,１中住専,未改装,4800.0
4534,門戸厄神,5.0,4.0,３ＬＤＫ,90.0,2022.0,36.0,ＲＣ,１中住専,未改装,3500.0
4535,門戸厄神,5.0,4.0,３ＬＤＫ,85.0,2022.0,12.0,ＲＣ,１中住専,未改装,6500.0
4536,門戸厄神,5.0,4.0,３ＬＤＫ,70.0,2022.0,27.0,ＲＣ,１中住専,改装済み,5000.0
4539,門戸厄神,3.0,5.0,４ＬＤＫ,90.0,2021.0,6.0,ＲＣ,１中住専,未改装,6200.0
4540,門戸厄神,4.0,4.0,３ＬＤＫ,85.0,2021.0,4.0,ＲＣ,１中住専,改装済み,7000.0
4541,門戸厄神,3.0,4.0,３ＬＤＫ,80.0,2020.0,5.0,ＲＣ,１中住専,未改装,5200.0
4542,夙川,7.0,4.0,３ＬＤＫ,75.0,2025.0,3.0,ＲＣ,１中住専,未改装,8500.0
4543,夙川,4.0,4.0,３ＬＤＫ,75.0,2024.0,12.0,ＲＣ,近隣商業,未改装,7500.0
4544,夙川,4.0,2.0,１Ｋ,20.0,2024.0,40.0,ＲＣ,近隣商業,未改装,800.0
4545,夙川,2.0,2.0,１ＬＤＫ,50.0,2023.0,23.0,ＲＣ,近隣商業,未改装,3400.0
4546,夙川,3.0,4.0,３ＬＤＫ,90.0,2023.0,27.0,ＲＣ,１中住専,未改装,7300.0
4547,夙川,3.0,3.0,２ＬＤＫ,80.0,2023.0,27.0,ＲＣ,１中住専,未改装,6300.0
4548,夙川,2.0,3.0,２ＬＤＫ,50.0,2023.0,23.0,ＲＣ,近隣商業,未改装,3300.0
4550,夙川,3.0,3.0,２ＬＤＫ,85.0,2021.0,25.0,ＲＣ,１中住専,未改装,6500.0
4551,夙川,4.0,2.0,１ＬＤＫ,20.0,2020.0,36.0,ＲＣ,近隣商業,未改装,620.0
4552,夙川,3.0,3.0,２ＬＤＫ,70.0,2020.0,24.0,ＲＣ,１中住専,未改装,5100.0
4553,西宮(ＪＲ),7.0,4.0,３ＬＤＫ,75.0,2023.0,22.0,ＲＣ,１種住居,改装済み,4900.0
4555,西宮(ＪＲ),8.0,5.0,４ＬＤＫ,80.0,2023.0,10.0,ＲＣ,近隣商業,未改装,5400.0
4557,西宮(ＪＲ),6.0,4.0,３ＬＤＫ,70.0,2021.0,20.0,ＲＣ,近隣商業,改装済み,3600.0
4558,西宮(ＪＲ),8.0,3.0,２ＬＤＫ,55.0,2021.0,12.0,ＲＣ,近隣商業,未改装,2700.0
4560,西宮(ＪＲ),7.0,4.0,３ＬＤＫ,70.0,2021.0,20.0,ＲＣ,近隣商業,改装済み,3900.0
4561,西宮(ＪＲ),7.0,3.0,２ＬＤＫ,85.0,2021.0,20.0,ＲＣ,１種住居,改装済み,4600.0
4562,西宮(ＪＲ),7.0,4.0,３ＬＤＫ,65.0,2020.0,19.0,ＲＣ,１種住居,未改装,2600.0
4563,西宮(ＪＲ),5.0,4.0,３ＬＤＫ,70.0,2020.0,6.0,ＲＣ,１種住居,未改装,3800.0
4564,西宮(阪神),8.0,4.0,３ＬＤＫ,65.0,2023.0,26.0,ＲＣ,１種住居,改装済み,3600.0
4565,西宮(阪神),8.0,5.0,４ＬＤＫ,80.0,2022.0,18.0,ＲＣ,近隣商業,改装済み,4900.0
4567,西宮(阪神),9.0,4.0,３ＬＤＫ,70.0,2021.0,20.0,ＲＣ,１種住居,未改装,3500.0
4569,西宮(阪神),8.0,5.0,４ＬＤＫ,75.0,2021.0,17.0,ＲＣ,近隣商業,未改装,3800.0
4573,鳴尾・武庫川女子大前,12.0,4.0,３ＬＤＫ,65.0,2024.0,2.0,ＲＣ,１中住専,未改装,5200.0
4574,鳴尾・武庫川女子大前,11.0,3.0,２ＬＤＫ,70.0,2020.0,19.0,ＲＣ,１中住専,改装済み,4000.0
4575,西宮(阪神),4.0,4.0,３ＬＤＫ,75.0,2025.0,26.0,ＳＲＣ,商業,改装済み,4900.0
4576,西宮(阪神),3.0,4.0,３ＬＤＫ,75.0,2024.0,25.0,ＳＲＣ,近隣商業,未改装,2700.0
4577,西宮(阪神),5.0,4.0,３ＬＤＫ,65.0,2024.0,20.0,ＳＲＣ,商業,未改装,4300.0
4579,西宮(阪神),4.0,4.0,３ＬＤＫ,70.0,2024.0,26.0,ＳＲＣ,商業,未改装,3100.0
4581,西宮(阪神),4.0,4.0,３ＬＤＫ,70.0,2023.0,22.0,ＲＣ,商業,未改装,3800.0
4582,西宮(阪神),4.0,3.0,２ＬＤＫ,65.0,2023.0,25.0,ＳＲＣ,商業,改装済み,3500.0
4583,西宮(阪神),4.0,4.0,３ＬＤＫ,70.0,2023.0,19.0,ＳＲＣ,商業,未改装,4300.0
4585,西宮(阪神),5.0,4.0,３ＬＤＫ,70.0,2022.0,18.0,ＳＲＣ,商業,未改装,4400.0
4587,西宮(阪神),5.0,3.0,２ＬＤＫ,65.0,2021.0,17.0,ＳＲＣ,商業,未改装,3300.0
4588,西宮(阪神),5.0,4.0,３ＬＤＫ,65.0,2020.0,16.0,ＳＲＣ,商業,改装済み,3600.0
4589,西宮(阪神),3.0,3.0,２ＬＤＫ,50.0,2020.0,15.0,ＲＣ,商業,改装済み,2600.0
4590,西宮(阪神),3.0,4.0,３ＬＤＫ,70.0,2020.0,21.0,ＳＲＣ,商業,未改装,2100.0
4591,甲子園,18.0,3.0,２ＬＤＫ,95.0,2024.0,22.0,ＳＲＣ,１種住居,未改装,4000.0
4592,甲子園,18.0,3.0,２ＬＤＫ,95.0,2023.0,21.0,ＳＲＣ,１種住居,未改装,3000.0
4593,甲子園,19.0,4.0,３ＬＤＫ,85.0,2023.0,21.0,ＳＲＣ,１種住居,改装済み,4000.0
4595,甲子園,20.0,3.0,２ＬＤＫ,95.0,2022.0,20.0,ＳＲＣ,１種住居,未改装,3700.0
4598,甲子園,16.0,3.0,２ＬＤＫ,95.0,2021.0,19.0,ＳＲＣ,１種住居,未改装,4000.0
4600,甲子園,21.0,4.0,３ＬＤＫ,80.0,2020.0,18.0,ＳＲＣ,１種住居,未改装,3000.0
4601,西宮(阪神),15.0,5.0,４ＬＤＫ,75.0,2024.0,23.0,ＲＣ,準工業,未改装,3500.0
4602,西宮(阪神),11.0,4.0,３ＬＤＫ,75.0,2023.0,20.0,ＳＲＣ,準工業,未改装,3800.0
4603,西宮(阪神),15.0,3.0,２ＬＤＫ,65.0,2023.0,22.0,ＲＣ,準工業,未改装,3300.0
4605,西宮(阪神),15.0,3.0,２ＬＤＫ,65.0,2021.0,20.0,ＲＣ,準工業,未改装,2600.0
4606,西宮(阪神),11.0,4.0,３ＬＤＫ,90.0,2021.0,18.0,ＳＲＣ,準工業,未改装,3000.0
4608,西宮(阪神),14.0,5.0,４ＬＤＫ,75.0,2020.0,19.0,ＲＣ,準工業,未改装,3200.0
4609,西宮(阪神),11.0,5.0,４ＬＤＫ,85.0,2020.0,17.0,ＳＲＣ,準工業,未改装,4200.0
4610,西宮(阪神),11.0,5.0,４ＬＤＫ,90.0,2020.0,17.0,ＳＲＣ,準工業,未改装,4600.0
4611,今津(阪神),11.0,4.0,３ＬＤＫ,70.0,2024.0,13.0,ＲＣ,準工業,未改装,4100.0
4612,今津(阪神),13.0,4.0,３ＬＤＫ,70.0,2023.0,12.0,ＲＣ,準工業,未改装,4000.0
4614,今津(阪神),11.0,4.0,３ＬＤＫ,75.0,2021.0,8.0,ＲＣ,準工業,未改装,3500.0
4615,今津(阪神),11.0,4.0,３ＬＤＫ,75.0,2021.0,8.0,ＲＣ,準工業,未改装,3400.0
4616,今津(阪神),10.0,4.0,３ＬＤＫ,75.0,2020.0,7.0,ＲＣ,準工業,未改装,3400.0
4619,西宮(阪神),8.0,4.0,３ＬＤＫ,65.0,2021.0,21.0,ＳＲＣ,近隣商業,改装済み,3400.0
4620,西宮(阪神),7.0,5.0,４ＬＤＫ,80.0,2021.0,21.0,ＳＲＣ,近隣商業,未改装,3800.0
4621,西宮(阪神),6.0,5.0,４ＬＤＫ,80.0,2020.0,20.0,ＳＲＣ,近隣商業,改装済み,3900.0
4622,西宮(阪神),6.0,5.0,４ＬＤＫ,80.0,2020.0,20.0,ＳＲＣ,近隣商業,未改装,3400.0
4623,門戸厄神,6.0,4.0,３ＬＤＫ,80.0,2021.0,4.0,ＲＣ,１中住専,未改装,6100.0
4624,洲先,4.0,4.0,３ＬＤＫ,75.0,2024.0,25.0,ＲＣ,１種住居,改装済み,3000.0
4626,洲先,4.0,4.0,３ＬＤＫ,65.0,2023.0,25.0,ＲＣ,１種住居,未改装,2200.0
4628,洲先,4.0,4.0,３ＬＤＫ,60.0,2023.0,44.0,ＳＲＣ,１種住居,未改装,1000.0
4630,洲先,4.0,4.0,３ＤＫ,60.0,2021.0,42.0,ＳＲＣ,１種住居,改装済み,1700.0
4631,洲先,3.0,4.0,３ＬＤＫ,75.0,2021.0,23.0,ＲＣ,１種住居,改装済み,2900.0
4632,洲先,4.0,3.0,２ＬＤＫ,60.0,2021.0,44.0,ＲＣ,１種住居,改装済み,1800.0
4633,洲先,4.0,4.0,３ＤＫ,60.0,2021.0,42.0,ＳＲＣ,１種住居,未改装,860.0
4634,洲先,3.0,4.0,３ＬＤＫ,65.0,2021.0,23.0,ＲＣ,１種住居,改装済み,2600.0
4636,東鳴尾,4.0,4.0,３ＬＤＫ,75.0,2025.0,46.0,ＳＲＣ,１種住居,改装済み,2300.0
4637,東鳴尾,4.0,4.0,３ＬＤＫ,70.0,2024.0,42.0,ＲＣ,１種住居,改装済み,2300.0
4638,東鳴尾,4.0,4.0,３ＬＤＫ,65.0,2023.0,25.0,ＲＣ,１種住居,改装済み,2900.0
4639,東鳴尾,4.0,4.0,３ＬＤＫ,60.0,2023.0,44.0,ＳＲＣ,１種住居,未改装,750.0
4640,東鳴尾,4.0,4.0,３ＬＤＫ,95.0,2022.0,43.0,ＳＲＣ,１種住居,未改装,2400.0
4641,今津(阪神),19.0,5.0,４ＬＤＫ,80.0,2023.0,27.0,ＲＣ,準工業,改装済み,3200.0
4643,今津(阪神),15.0,4.0,３ＬＤＫ,70.0,2023.0,27.0,ＲＣ,準工業,改装済み,3400.0
4644,今津(阪神),18.0,5.0,４ＬＤＫ,75.0,2023.0,27.0,ＲＣ,準工業,未改装,2500.0
4646,今津(阪神),19.0,4.0,３ＬＤＫ,65.0,2022.0,26.0,ＲＣ,準工業,未改装,2200.0
4648,今津(阪神),15.0,4.0,３ＬＤＫ,70.0,2022.0,26.0,ＲＣ,準工業,未改装,2400.0
4651,今津(阪神),19.0,4.0,３ＬＤＫ,65.0,2021.0,25.0,ＲＣ,準工業,改装済み,2600.0
4653,今津(阪神),16.0,5.0,４ＬＤＫ,80.0,2020.0,14.0,ＲＣ,準工業,未改装,2900.0
4654,今津(阪神),15.0,4.0,３ＬＤＫ,70.0,2020.0,14.0,ＲＣ,準工業,改装済み,3000.0
4657,今津(阪神),18.0,4.0,３ＬＤＫ,75.0,2020.0,16.0,ＲＣ,準工業,未改装,2200.0
4658,今津(阪神),15.0,4.0,３ＬＤＫ,70.0,2020.0,14.0,ＲＣ,準工業,未改装,2700.0
4659,今津(阪神),19.0,4.0,３ＬＤＫ,65.0,2020.0,24.0,ＲＣ,準工業,未改装,1600.0
4660,西宮(阪神),20.0,4.0,３ＬＤＫ,70.0,2024.0,27.0,ＳＲＣ,準工業,未改装,2200.0
4661,西宮(阪神),19.0,4.0,３ＬＤＫ,65.0,2024.0,27.0,ＳＲＣ,準工業,改装済み,3100.0
4662,西宮(阪神),20.0,4.0,３ＬＤＫ,85.0,2024.0,19.0,ＲＣ,準工業,未改装,2100.0
4663,西宮(阪神),19.0,4.0,３ＬＤＫ,65.0,2024.0,27.0,ＳＲＣ,準工業,未改装,2100.0
4664,西宮(阪神),20.0,3.0,２ＬＤＫ,70.0,2024.0,27.0,ＲＣ,準工業,改装済み,2100.0
4665,西宮(阪神),15.0,4.0,３ＬＤＫ,70.0,2023.0,17.0,ＲＣ,準工業,未改装,3200.0
4666,西宮(阪神),19.0,2.0,１Ｋ,65.0,2023.0,26.0,ＳＲＣ,準工業,未改装,2000.0
4667,西宮(阪神),19.0,4.0,３ＬＤＫ,60.0,2023.0,26.0,ＳＲＣ,準工業,未改装,2100.0
4669,西宮(阪神),18.0,4.0,３ＬＤＫ,65.0,2023.0,26.0,ＲＣ,準工業,改装済み,2500.0
4671,西宮(阪神),15.0,5.0,４ＬＤＫ,85.0,2022.0,16.0,ＲＣ,準工業,未改装,3500.0
4672,西宮(阪神),19.0,4.0,３ＬＤＫ,65.0,2022.0,25.0,ＳＲＣ,準工業,改装済み,2900.0
4673,西宮(阪神),15.0,3.0,２ＬＤＫ,70.0,2022.0,17.0,ＲＣ,準工業,未改装,2900.0
4674,西宮(阪神),19.0,4.0,３ＬＤＫ,60.0,2022.0,26.0,ＲＣ,準工業,未改装,2300.0
4675,西宮(阪神),19.0,4.0,３ＬＤＫ,60.0,2022.0,25.0,ＲＣ,準工業,改装済み,2600.0
4676,西宮(阪神),18.0,4.0,３ＬＤＫ,55.0,2021.0,24.0,ＲＣ,準工業,改装済み,2700.0
4677,西宮(阪神),18.0,5.0,４ＬＤＫ,80.0,2021.0,34.0,ＲＣ,準工業,未改装,1000.0
4678,西宮(阪神),19.0,5.0,４ＬＤＫ,80.0,2020.0,23.0,ＳＲＣ,準工業,未改装,2300.0
4680,西宮(阪神),18.0,4.0,３ＬＤＫ,65.0,2020.0,16.0,ＲＣ,準工業,未改装,2600.0
4681,西宮名塩,14.0,4.0,３ＬＤＫ,90.0,2025.0,22.0,ＲＣ,１中住専,未改装,2300.0
4682,西宮名塩,7.0,4.0,３ＬＤＫ,75.0,2025.0,33.0,ＲＣ,１中住専,改装済み,2100.0
4684,西宮名塩,13.0,4.0,３ＬＤＫ,80.0,2024.0,21.0,ＲＣ,１中住専,未改装,2200.0
4685,西宮名塩,8.0,4.0,３ＬＤＫ,90.0,2024.0,30.0,ＲＣ,１中住専,未改装,1200.0
4686,西宮名塩,16.0,4.0,３ＬＤＫ,75.0,2024.0,21.0,ＲＣ,１種住居,未改装,2300.0
4687,西宮名塩,7.0,4.0,３ＬＤＫ,80.0,2023.0,30.0,ＲＣ,１中住専,未改装,1600.0
4688,西宮名塩,15.0,4.0,３ＬＤＫ,75.0,2023.0,26.0,ＲＣ,１中住専,改装済み,2000.0
4689,西宮名塩,15.0,4.0,３ＬＤＫ,75.0,2023.0,26.0,ＲＣ,１中住専,未改装,1000.0
4690,西宮名塩,11.0,4.0,３ＬＤＫ,95.0,2023.0,29.0,ＲＣ,１中住専,改装済み,2300.0
4692,西宮名塩,11.0,4.0,３ＬＤＫ,70.0,2022.0,25.0,ＲＣ,１中住専,未改装,1500.0
4693,西宮名塩,6.0,4.0,３ＬＤＫ,80.0,2022.0,19.0,ＲＣ,１中住専,未改装,2300.0
4694,西宮名塩,9.0,5.0,４ＬＤＫ,100.0,2022.0,28.0,ＲＣ,１中住専,未改装,1700.0
4696,西宮名塩,6.0,5.0,４ＬＤＫ,100.0,2022.0,19.0,ＲＣ,１中住専,未改装,3000.0
4697,西宮名塩,8.0,4.0,３ＬＤＫ,80.0,2021.0,27.0,ＲＣ,１中住専,改装済み,1500.0
4698,西宮名塩,19.0,4.0,３ＬＤＫ,75.0,2021.0,27.0,ＲＣ,１中住専,改装済み,1600.0
4699,西宮名塩,8.0,4.0,３ＬＤＫ,80.0,2021.0,27.0,ＲＣ,１中住専,改装済み,1800.0
4700,西宮名塩,5.0,4.0,３ＬＤＫ,75.0,2021.0,29.0,ＲＣ,１中住専,改装済み,1500.0
4701,西宮名塩,6.0,4.0,３ＬＤＫ,80.0,2021.0,27.0,ＲＣ,１中住専,改装済み,1400.0
4703,西宮名塩,13.0,4.0,３ＬＤＫ,80.0,2020.0,28.0,ＲＣ,１中住専,改装済み,1600.0
4704,西宮名塩,7.0,4.0,３ＬＤＫ,80.0,2020.0,28.0,ＲＣ,１中住専,未改装,1300.0
4705,西宮名塩,8.0,4.0,３ＬＤＫ,85.0,2020.0,17.0,ＲＣ,１中住専,未改装,1900.0
4706,西宮名塩,15.0,4.0,３ＬＤＫ,85.0,2020.0,23.0,ＲＣ,１中住専,改装済み,1600.0
4708,西宮名塩,4.0,4.0,３ＬＤＫ,80.0,2020.0,24.0,ＲＣ,１中住専,未改装,1400.0
4709,西宮名塩,11.0,4.0,３ＬＤＫ,80.0,2020.0,28.0,ＲＣ,１中住専,改装済み,1800.0
4710,苦楽園口,12.0,4.0,３ＬＤＫ,65.0,2025.0,25.0,ＲＣ,１中住専,未改装,3700.0
4711,苦楽園口,15.0,4.0,３ＬＤＫ,65.0,2025.0,27.0,ＲＣ,１中住専,未改装,1900.0
4712,苦楽園口,15.0,4.0,３ＬＤＫ,85.0,2024.0,27.0,ＲＣ,１中住専,改装済み,5700.0
4713,苦楽園口,8.0,4.0,３ＬＤＫ,65.0,2024.0,13.0,ＲＣ,１種住居,未改装,4700.0
4715,苦楽園口,12.0,4.0,３ＬＤＫ,65.0,2024.0,24.0,ＲＣ,１中住専,未改装,3100.0
4716,苦楽園口,8.0,4.0,３ＬＤＫ,65.0,2024.0,13.0,ＲＣ,１種住居,未改装,3900.0
4717,苦楽園口,12.0,4.0,３ＬＤＫ,70.0,2024.0,24.0,ＲＣ,１中住専,未改装,4000.0
4718,苦楽園口,14.0,4.0,３ＬＤＫ,75.0,2024.0,17.0,ＲＣ,１中住専,未改装,4200.0
4719,苦楽園口,9.0,3.0,２ＬＤＫ,75.0,2023.0,49.0,ＲＣ,１種住居,改装済み,2500.0
4721,苦楽園口,14.0,4.0,３ＬＤＫ,70.0,2023.0,25.0,ＲＣ,１中住専,改装済み,3800.0
4722,苦楽園口,15.0,4.0,３ＬＤＫ,75.0,2022.0,25.0,ＲＣ,１中住専,未改装,3400.0
4724,苦楽園口,15.0,4.0,３ＬＤＫ,90.0,2022.0,20.0,ＲＣ,１中住専,改装済み,4200.0
4725,苦楽園口,8.0,5.0,４ＬＤＫ,95.0,2022.0,11.0,ＲＣ,１種住居,未改装,4300.0
4727,苦楽園口,12.0,4.0,３ＬＤＫ,70.0,2021.0,21.0,ＲＣ,１中住専,未改装,3800.0
4730,苦楽園口,15.0,4.0,３ＬＤＫ,75.0,2021.0,13.0,ＲＣ,１低住専,未改装,4000.0
4731,苦楽園口,15.0,4.0,３ＬＤＫ,80.0,2020.0,38.0,ＲＣ,１中住専,改装済み,3100.0
4734,苦楽園口,15.0,4.0,３ＬＤＫ,90.0,2020.0,18.0,ＲＣ,１中住専,改装済み,3600.0
4735,門戸厄神,14.0,5.0,４ＬＤＫ,90.0,2025.0,10.0,ＲＣ,１中住専,未改装,5400.0
4737,門戸厄神,14.0,4.0,３ＬＤＫ,90.0,2025.0,5.0,ＲＣ,１中住専,改装済み,5900.0
4739,門戸厄神,15.0,5.0,４ＬＤＫ,85.0,2024.0,29.0,ＲＣ,１中住専,改装済み,4400.0
4742,門戸厄神,16.0,3.0,１ＬＤＫ＋Ｓ,60.0,2023.0,20.0,ＲＣ,１中住専,改装済み,3300.0
4744,門戸厄神,15.0,5.0,４ＬＤＫ,95.0,2022.0,2.0,ＲＣ,１中住専,未改装,6500.0
4745,門戸厄神,18.0,4.0,３ＬＤＫ,75.0,2021.0,26.0,ＲＣ,１中住専,未改装,2600.0
4746,門戸厄神,15.0,4.0,３ＬＤＫ,70.0,2021.0,1.0,ＲＣ,１中住専,未改装,4500.0
4747,門戸厄神,14.0,5.0,４ＬＤＫ,90.0,2021.0,1.0,ＲＣ,１中住専,改装済み,6100.0
4748,門戸厄神,16.0,4.0,３ＬＤＫ,70.0,2021.0,1.0,ＲＣ,１中住専,未改装,4800.0
4749,門戸厄神,14.0,5.0,４ＬＤＫ,80.0,2021.0,1.0,ＲＣ,１中住専,未改装,5000.0
4750,門戸厄神,14.0,4.0,３ＬＤＫ,80.0,2021.0,6.0,ＲＣ,１中住専,未改装,4600.0
4751,門戸厄神,14.0,5.0,４ＬＤＫ,85.0,2021.0,1.0,ＲＣ,１中住専,未改装,5100.0
4752,門戸厄神,16.0,4.0,３ＬＤＫ,70.0,2021.0,1.0,ＲＣ,１中住専,未改装,4900.0
4753,門戸厄神,14.0,4.0,３ＬＤＫ,75.0,2021.0,1.0,ＲＣ,１中住専,未改装,5000.0
4755,門戸厄神,16.0,4.0,３ＬＤＫ,75.0,2020.0,0.0,ＲＣ,１中住専,未改装,5100.0
4756,門戸厄神,18.0,4.0,３ＬＤＫ,75.0,2020.0,25.0,ＲＣ,１中住専,未改装,2800.0
4758,門戸厄神,14.0,4.0,３ＬＤＫ,80.0,2020.0,0.0,ＲＣ,１中住専,未改装,5400.0
4760,門戸厄神,14.0,4.0,３ＬＤＫ,90.0,2020.0,0.0,ＲＣ,１中住専,未改装,5700.0
4761,門戸厄神,18.0,3.0,２ＬＤＫ,80.0,2020.0,26.0,ＲＣ,１中住専,改装済み,2900.0
4762,西宮北口,6.0,3.0,２ＬＤＫ,50.0,2025.0,20.0,ＲＣ,１種住居,未改装,3700.0
4764,西宮北口,9.0,1.0,１Ｒ,15.0,2024.0,28.0,ＲＣ,１種住居,未改装,6800.0
4765,西宮北口,8.0,4.0,３ＬＤＫ,75.0,2020.0,22.0,ＲＣ,１中住専,改装済み,4000.0
4767,西宮北口,14.0,3.0,２ＬＤＫ,55.0,2025.0,22.0,ＲＣ,２中住専,未改装,2200.0
4769,西宮北口,19.0,4.0,３ＬＤＫ,105.0,2020.0,32.0,ＲＣ,１中住専,改装済み,2700.0
4771,夙川,16.0,4.0,３ＬＤＫ,75.0,2020.0,19.0,ＲＣ,１低住専,未改装,2800.0
4773,西宮北口,6.0,2.0,１Ｋ,15.0,2025.0,38.0,ＲＣ,近隣商業,改装済み,550.0
4774,西宮北口,7.0,2.0,１Ｋ,15.0,2024.0,36.0,ＲＣ,２種住居,未改装,520.0
4777,西宮北口,10.0,2.0,１Ｋ,20.0,2023.0,14.0,ＲＣ,２種住居,未改装,1400.0
4778,西宮北口,10.0,2.0,１Ｋ,20.0,2023.0,14.0,ＲＣ,２種住居,未改装,1800.0
4779,西宮北口,9.0,2.0,１Ｋ,20.0,2023.0,14.0,ＲＣ,準工業,改装済み,1600.0
4782,西宮北口,10.0,4.0,３ＬＤＫ,60.0,2022.0,12.0,ＲＣ,工業,未改装,3600.0
4783,西宮北口,10.0,2.0,１Ｋ,25.0,2022.0,13.0,ＲＣ,２種住居,未改装,1300.0
4784,西宮北口,9.0,2.0,１Ｋ,25.0,2022.0,13.0,ＲＣ,準工業,未改装,1500.0
4786,西宮北口,7.0,2.0,１Ｋ,15.0,2022.0,34.0,ＲＣ,２種住居,未改装,370.0
4787,西宮北口,10.0,2.0,１Ｋ,20.0,2022.0,13.0,ＲＣ,２種住居,改装済み,1600.0
4788,西宮北口,9.0,2.0,１Ｋ,20.0,2022.0,13.0,ＲＣ,準工業,改装済み,1500.0
4790,西宮北口,10.0,2.0,１Ｋ,20.0,2021.0,12.0,ＲＣ,２種住居,未改装,1600.0
4792,西宮北口,9.0,2.0,１Ｋ,25.0,2020.0,11.0,ＲＣ,準工業,未改装,1600.0
4793,西宮北口,6.0,2.0,１Ｋ,15.0,2020.0,33.0,ＲＣ,近隣商業,未改装,450.0
4794,阪神国道,4.0,4.0,２ＬＤＫ＋Ｓ,70.0,2020.0,11.0,ＲＣ,工業,未改装,4000.0
4797,門戸厄神,6.0,4.0,３ＬＤＫ,85.0,2024.0,1.0,ＲＣ,１中住専,改装済み,6800.0
4798,門戸厄神,9.0,4.0,３ＬＤＫ,85.0,2024.0,1.0,ＲＣ,１中住専,改装済み,6600.0
4799,門戸厄神,6.0,2.0,１ＬＤＫ,40.0,2024.0,27.0,ＲＣ,１中住専,未改装,750.0
4800,門戸厄神,8.0,4.0,３ＬＤＫ,85.0,2024.0,1.0,ＲＣ,１中住専,改装済み,6200.0
4802,門戸厄神,7.0,4.0,３ＬＤＫ,75.0,2023.0,11.0,ＲＣ,１中住専,未改装,5200.0
4803,門戸厄神,5.0,4.0,３ＬＤＫ,70.0,2022.0,16.0,ＲＣ,１中住専,未改装,4000.0
4804,門戸厄神,6.0,4.0,３ＬＤＫ,70.0,2021.0,15.0,ＲＣ,１中住専,未改装,4200.0
4806,甲子園口,4.0,5.0,４ＬＤＫ,95.0,2022.0,21.0,ＲＣ,１中住専,未改装,5100.0
4807,甲子園口,6.0,5.0,４ＬＤＫ,120.0,2022.0,54.0,ＲＣ,１中住専,改装済み,3900.0
4808,甲子園口,6.0,4.0,３ＬＤＫ,100.0,2022.0,54.0,ＲＣ,１中住専,未改装,3500.0
4809,甲子園口,6.0,4.0,３ＬＤＫ,70.0,2021.0,18.0,ＲＣ,１中住専,未改装,4000.0
4810,甲子園口,6.0,4.0,３ＬＤＫ,90.0,2020.0,17.0,ＲＣ,１中住専,改装済み,4700.0
4813,鳴尾・武庫川女子大前,12.0,3.0,２ＬＤＫ,65.0,2024.0,45.0,ＳＲＣ,１中住専,改装済み,2000.0
4814,鳴尾・武庫川女子大前,12.0,5.0,４ＬＤＫ,80.0,2022.0,43.0,ＳＲＣ,１中住専,未改装,1100.0
4815,鳴尾・武庫川女子大前,10.0,5.0,４ＬＤＫ,80.0,2021.0,42.0,ＳＲＣ,１中住専,改装済み,2000.0
4817,西宮(阪神),9.0,4.0,３ＬＤＫ,70.0,2024.0,24.0,ＲＣ,近隣商業,未改装,3700.0
4818,西宮(阪神),9.0,5.0,４ＬＤＫ,80.0,2022.0,22.0,ＲＣ,近隣商業,未改装,4700.0
4820,西宮(阪神),9.0,4.0,３ＬＤＫ,70.0,2021.0,21.0,ＲＣ,近隣商業,未改装,3700.0
4822,苦楽園口,9.0,2.0,１ＬＤＫ,35.0,2025.0,55.0,鉄骨造,１低住専,改装済み,900.0
4824,苦楽園口,9.0,4.0,３ＤＫ,40.0,2022.0,52.0,鉄骨造,１低住専,未改装,900.0
4826,苦楽園口,9.0,3.0,２ＬＤＫ,55.0,2020.0,50.0,鉄骨造,１低住専,未改装,960.0
4827,香櫨園,8.0,3.0,２ＬＤＫ,85.0,2024.0,16.0,ＲＣ,１中住専,未改装,4900.0
4828,香櫨園,11.0,4.0,３ＬＤＫ,80.0,2023.0,26.0,ＲＣ,１中住専,未改装,2700.0
4829,香櫨園,11.0,4.0,３ＬＤＫ,70.0,2021.0,24.0,ＲＣ,１中住専,未改装,2300.0
4831,西宮(阪神),9.0,3.0,２ＬＤＫ,55.0,2022.0,26.0,ＲＣ,近隣商業,改装済み,2700.0
4832,香櫨園,18.0,5.0,４ＬＤＫ,85.0,2022.0,9.0,ＲＣ,準工業,未改装,4400.0
4834,西宮(阪神),17.0,4.0,３ＬＤＫ,70.0,2022.0,9.0,ＲＣ,準工業,未改装,3800.0
4835,西宮(阪神),15.0,3.0,２ＬＤＫ,80.0,2022.0,10.0,ＲＣ,準工業,未改装,4200.0
4838,西宮(阪神),16.0,4.0,３ＬＤＫ,70.0,2020.0,7.0,ＲＣ,準工業,未改装,3600.0
4839,西宮(阪神),15.0,4.0,３ＬＤＫ,70.0,2020.0,7.0,ＲＣ,準工業,未改装,3300.0
4840,夙川,5.0,4.0,３ＬＤＫ,70.0,2020.0,23.0,ＲＣ,１中住専,改装済み,3700.0
4841,苦楽園口,6.0,4.0,３ＬＤＫ,65.0,2022.0,20.0,ＲＣ,１中住専,未改装,3300.0
4842,香櫨園,0.0,4.0,３ＬＤＫ,75.0,2025.0,9.0,ＲＣ,１種住居,未改装,5700.0
4843,香櫨園,3.0,4.0,３ＬＤＫ,80.0,2024.0,9.0,ＲＣ,１種住居,未改装,7100.0
4844,香櫨園,3.0,3.0,２ＬＤＫ,75.0,2024.0,9.0,ＲＣ,１種住居,未改装,5600.0
4845,香櫨園,3.0,4.0,３ＬＤＫ,75.0,2024.0,9.0,ＲＣ,１種住居,未改装,5800.0
4846,香櫨園,6.0,4.0,３ＬＤＫ,70.0,2023.0,11.0,ＲＣ、鉄骨造,近隣商業,未改装,6200.0
4847,香櫨園,3.0,4.0,３ＬＤＫ,75.0,2023.0,8.0,ＲＣ,１種住居,未改装,4600.0
4848,香櫨園,4.0,4.0,３ＬＤＫ,75.0,2023.0,40.0,ＲＣ,１中住専,未改装,2600.0
4849,香櫨園,3.0,5.0,４ＬＤＫ,80.0,2023.0,8.0,ＲＣ,１種住居,未改装,6200.0
4850,香櫨園,6.0,4.0,２ＬＤＫ＋Ｓ,70.0,2021.0,9.0,ＲＣ、鉄骨造,近隣商業,未改装,5700.0
4852,さくら夙川,7.0,4.0,３ＬＤＫ,110.0,2020.0,31.0,ＲＣ,１中住専,未改装,4000.0
4855,さくら夙川,13.0,4.0,３ＬＤＫ,70.0,2020.0,21.0,ＲＣ,１中住専,改装済み,4000.0
4856,夙川,9.0,5.0,４ＬＤＫ,85.0,2024.0,25.0,ＲＣ,１中住専,改装済み,5000.0
4857,夙川,9.0,4.0,３ＬＤＫ,70.0,2023.0,24.0,ＲＣ,１中住専,改装済み,3900.0
4858,夙川,8.0,3.0,２ＬＤＫ,80.0,2022.0,17.0,ＲＣ,１中住専,未改装,5500.0
4859,夙川,7.0,3.0,２ＬＤＫ,85.0,2022.0,10.0,ＲＣ,１中住専,未改装,6300.0
4860,夙川,8.0,4.0,３ＬＤＫ,140.0,2020.0,12.0,ＲＣ,１中住専,未改装,8700.0
4861,甲子園口,10.0,4.0,３ＬＤＫ,70.0,2025.0,24.0,ＲＣ,１中住専,改装済み,4700.0
4862,甲子園口,7.0,4.0,３ＬＤＫ,85.0,2025.0,18.0,ＲＣ,１中住専,未改装,5400.0
4863,甲子園口,10.0,5.0,４ＬＤＫ,90.0,2024.0,23.0,ＲＣ,１中住専,改装済み,5500.0
4864,甲子園口,7.0,4.0,３ＬＤＫ,80.0,2024.0,17.0,ＲＣ,１中住専,未改装,5300.0
4865,甲子園口,8.0,4.0,３ＬＤＫ,70.0,2024.0,20.0,ＲＣ,１中住専,改装済み,5000.0
4867,甲子園口,7.0,4.0,３ＬＤＫ,80.0,2024.0,17.0,ＲＣ,１中住専,未改装,4900.0
4869,甲子園口,9.0,4.0,３ＬＤＫ,60.0,2023.0,46.0,ＲＣ,１中住専,未改装,1700.0
4870,甲子園口,7.0,4.0,３ＬＤＫ,80.0,2023.0,35.0,ＲＣ,１中住専,改装済み,3500.0
4872,甲子園口,8.0,5.0,４ＬＤＫ,85.0,2023.0,19.0,ＲＣ,１中住専,未改装,5500.0
4873,甲子園口,8.0,4.0,３ＬＤＫ,65.0,2023.0,28.0,ＲＣ,１中住専,改装済み,3300.0
4874,甲子園口,8.0,4.0,３ＬＤＫ,75.0,2022.0,18.0,ＲＣ,１中住専,未改装,5000.0
4875,甲子園口,8.0,4.0,３ＬＤＫ,75.0,2022.0,18.0,ＲＣ,１中住専,未改装,4700.0
4876,甲子園口,7.0,4.0,３ＬＤＫ,70.0,2022.0,15.0,ＲＣ,１中住専,未改装,4500.0
4877,甲子園口,8.0,4.0,３ＬＤＫ,65.0,2020.0,25.0,ＲＣ,１中住専,未改装,2800.0
4878,甲子園口,8.0,4.0,３ＬＤＫ,80.0,2020.0,32.0,ＲＣ,１中住専,改装済み,3200.0
4880,西宮(ＪＲ),3.0,4.0,３ＬＤＫ,60.0,2023.0,21.0,ＲＣ,近隣商業,未改装,3500.0
4881,西宮(ＪＲ),4.0,3.0,２ＬＤＫ,50.0,2023.0,35.0,ＲＣ,近隣商業,改装済み,2200.0
4883,西宮(ＪＲ),4.0,3.0,２ＬＤＫ,50.0,2022.0,16.0,ＲＣ,近隣商業,未改装,2700.0
4889,甲子園口,13.0,5.0,４ＬＤＫ,85.0,2024.0,21.0,ＲＣ,１中住専,未改装,5500.0
4890,甲子園口,14.0,4.0,３ＬＤＫ,70.0,2023.0,21.0,ＲＣ,１中住専,未改装,4000.0
4891,甲子園口,14.0,5.0,４ＬＤＫ,105.0,2022.0,5.0,ＲＣ,１中住専,未改装,6900.0
4892,甲子園口,13.0,4.0,３ＬＤＫ,70.0,2021.0,1.0,ＲＣ,１中住専,改装済み,3400.0
4893,甲子園口,14.0,4.0,３ＬＤＫ,70.0,2021.0,25.0,ＲＣ,１中住専,改装済み,4100.0
4894,甲子園口,13.0,4.0,３ＬＤＫ,70.0,2021.0,0.0,ＲＣ,１中住専,改装済み,4000.0
4895,西宮北口,15.0,4.0,３ＬＤＫ,85.0,2024.0,51.0,ＲＣ,１中住専,改装済み,2100.0
4896,西宮北口,15.0,4.0,３ＬＤＫ,70.0,2024.0,51.0,ＲＣ,１中住専,未改装,1200.0
4897,西宮北口,18.0,4.0,３ＬＤＫ,75.0,2024.0,3.0,ＲＣ,１中住専,未改装,5900.0
4898,西宮北口,15.0,4.0,３ＬＤＫ,65.0,2023.0,50.0,ＲＣ,１中住専,改装済み,2000.0
4899,西宮北口,16.0,3.0,２ＬＤＫ,105.0,2022.0,5.0,ＲＣ,１中住専,未改装,6500.0
4900,西宮北口,15.0,4.0,３ＬＤＫ,65.0,2021.0,48.0,ＲＣ,１中住専,未改装,1400.0
4902,西宮北口,16.0,4.0,３ＬＤＫ,70.0,2021.0,25.0,ＲＣ,１中住専,改装済み,4500.0
4903,西宮北口,16.0,4.0,３ＬＤＫ,70.0,2021.0,25.0,ＲＣ,１中住専,改装済み,4100.0
4905,西宮北口,16.0,4.0,３ＬＤＫ,70.0,2021.0,25.0,ＲＣ,１中住専,改装済み,4100.0
4906,西宮北口,16.0,4.0,３ＬＤＫ,70.0,2020.0,24.0,ＲＣ,１中住専,改装済み,4200.0
4908,西宮北口,8.0,4.0,３ＬＤＫ,65.0,2023.0,27.0,ＲＣ,１中住専,改装済み,4500.0
4909,西宮北口,11.0,4.0,３ＬＤＫ,70.0,2022.0,5.0,ＲＣ,１中住専,改装済み,5300.0
4911,西宮北口,8.0,4.0,３ＬＤＫ,70.0,2021.0,21.0,ＲＣ,１中住専,未改装,4000.0
4914,西宮北口,11.0,4.0,３ＬＤＫ,65.0,2021.0,4.0,ＲＣ,１中住専,未改装,5300.0
4915,西宮北口,9.0,4.0,３ＬＤＫ,75.0,2020.0,19.0,ＲＣ,１中住専,未改装,3700.0
4917,西宮北口,11.0,4.0,３ＬＤＫ,65.0,2020.0,3.0,ＲＣ,１中住専,未改装,5500.0
4920,門戸厄神,6.0,4.0,３ＬＤＫ,70.0,2023.0,24.0,ＲＣ,２中住専,未改装,2100.0
4921,門戸厄神,6.0,4.0,３ＬＤＫ,75.0,2022.0,23.0,ＲＣ,２中住専,未改装,3400.0
4922,門戸厄神,8.0,4.0,３ＬＤＫ,95.0,2022.0,23.0,ＲＣ,２中住専,改装済み,5000.0
4923,苦楽園口,13.0,4.0,３ＬＤＫ,75.0,2021.0,50.0,ＲＣ,１中住専,改装済み,1800.0
4924,苦楽園口,11.0,5.0,４ＬＤＫ,75.0,2021.0,50.0,ＲＣ,１中住専,未改装,930.0
4925,夙川,12.0,3.0,２ＬＤＫ,80.0,2025.0,54.0,ＲＣ,１中住専,未改装,1000.0
4926,夙川,12.0,4.0,３ＬＤＫ,75.0,2024.0,53.0,ＲＣ,１中住専,未改装,950.0
4928,夙川,12.0,3.0,２ＬＤＫ,75.0,2024.0,53.0,ＲＣ,１中住専,改装済み,1900.0
4929,夙川,12.0,4.0,３ＬＤＫ,75.0,2024.0,53.0,ＲＣ,１中住専,改装済み,2000.0
4930,夙川,12.0,4.0,３ＬＤＫ,75.0,2023.0,52.0,ＲＣ,１中住専,改装済み,2200.0
4931,夙川,12.0,4.0,３ＬＤＫ,75.0,2023.0,52.0,ＲＣ,１中住専,改装済み,2500.0
4934,甲子園,11.0,4.0,３ＬＤＫ,75.0,2025.0,23.0,ＲＣ,２中住専,改装済み,4400.0
4935,甲子園,14.0,4.0,３ＬＤＫ,85.0,2025.0,20.0,ＲＣ,２種住居,未改装,4800.0
4937,甲子園,13.0,5.0,４ＬＤＫ,120.0,2024.0,19.0,ＲＣ,２種住居,未改装,6000.0
4938,甲子園,13.0,3.0,２ＬＤＫ,60.0,2024.0,19.0,ＲＣ,１中住専,改装済み,2700.0
4940,甲子園,14.0,4.0,３ＬＤＫ,120.0,2024.0,19.0,ＲＣ,２種住居,未改装,5900.0
4942,甲子園,14.0,3.0,２ＬＤＫ,80.0,2024.0,19.0,ＲＣ,２種住居,未改装,4300.0
4943,甲子園,13.0,4.0,３ＬＤＫ,75.0,2023.0,18.0,ＲＣ,２種住居,未改装,3900.0
4945,甲子園,14.0,3.0,２ＬＤＫ,80.0,2023.0,18.0,ＲＣ,２種住居,未改装,3200.0
4948,甲子園,12.0,4.0,３ＬＤＫ,95.0,2023.0,18.0,ＲＣ,２種住居,改装済み,5400.0
4949,甲子園,13.0,4.0,３ＬＤＫ,85.0,2023.0,18.0,ＲＣ,２種住居,未改装,3300.0
4950,甲子園,13.0,5.0,４ＬＤＫ,100.0,2023.0,18.0,ＲＣ,２種住居,改装済み,5300.0
4951,甲子園,14.0,4.0,３ＬＤＫ,85.0,2022.0,17.0,ＲＣ,２種住居,未改装,3900.0
4952,甲子園,13.0,4.0,３ＬＤＫ,100.0,2022.0,17.0,ＲＣ,２種住居,未改装,4000.0
4954,甲子園,15.0,4.0,３ＬＤＫ,70.0,2022.0,6.0,ＲＣ,１中住専,未改装,4000.0
4955,甲子園,14.0,4.0,３ＬＤＫ,95.0,2022.0,17.0,ＲＣ,２種住居,未改装,4100.0
4959,甲子園,11.0,4.0,３ＬＤＫ,70.0,2020.0,18.0,ＲＣ,２中住専,未改装,3400.0
4960,甲子園,13.0,2.0,１ＬＤＫ,60.0,2020.0,15.0,ＲＣ,１中住専,未改装,2500.0
4963,甲子園,11.0,3.0,２ＬＤＫ,80.0,2020.0,15.0,ＲＣ,２種住居,未改装,3900.0
4964,苦楽園口,3.0,4.0,３ＬＤＫ,80.0,2025.0,17.0,ＲＣ,１中住専,未改装,6300.0
4965,苦楽園口,3.0,3.0,２ＬＤＫ,70.0,2021.0,13.0,ＲＣ,１中住専,未改装,5400.0
4966,苦楽園口,3.0,4.0,３ＬＤＫ,100.0,2020.0,12.0,ＲＣ,１中住専,未改装,5300.0
4968,苦楽園口,3.0,4.0,３ＬＤＫ,100.0,2020.0,12.0,ＲＣ,１中住専,未改装,8300.0
4969,西宮北口,6.0,4.0,３ＬＤＫ,65.0,2025.0,27.0,ＳＲＣ,１中住専,未改装,4800.0
4970,西宮北口,6.0,3.0,２ＬＤＫ,50.0,2024.0,26.0,ＳＲＣ,１中住専,改装済み,3900.0
4971,西宮北口,5.0,2.0,１ＤＫ,50.0,2024.0,23.0,ＲＣ,１種住居,未改装,3600.0
4972,西宮北口,6.0,2.0,１ＤＫ,35.0,2024.0,26.0,ＳＲＣ,１中住専,未改装,2100.0
4973,西宮北口,5.0,2.0,１ＬＤＫ,50.0,2024.0,23.0,ＲＣ,１種住居,未改装,3600.0
4975,西宮北口,5.0,3.0,２ＬＤＫ,55.0,2023.0,22.0,ＲＣ,１種住居,未改装,3300.0
4976,西宮北口,5.0,2.0,１ＬＤＫ,50.0,2023.0,22.0,ＲＣ,１種住居,改装済み,3100.0
4977,西宮北口,4.0,4.0,３ＬＤＫ,70.0,2023.0,25.0,ＲＣ,１種住居,未改装,3700.0
4978,西宮北口,6.0,4.0,３ＬＤＫ,75.0,2023.0,9.0,ＲＣ,１種住居,未改装,5500.0
4980,西宮北口,5.0,2.0,１ＬＤＫ,55.0,2022.0,24.0,ＲＣ,１種住居,未改装,3000.0
4981,西宮北口,6.0,3.0,２ＬＤＫ,70.0,2022.0,13.0,ＲＣ,１中住専,改装済み,5000.0
4983,西宮北口,5.0,2.0,１ＬＤＫ,50.0,2021.0,20.0,ＲＣ,１種住居,未改装,2700.0
4984,西宮北口,6.0,3.0,２ＬＤＫ,65.0,2021.0,7.0,ＲＣ,１種住居,未改装,5000.0
4985,西宮北口,6.0,4.0,３ＬＤＫ,70.0,2021.0,23.0,ＲＣ,１中住専,改装済み,2900.0
4987,西宮北口,6.0,3.0,２ＤＫ,50.0,2021.0,23.0,ＳＲＣ,１中住専,未改装,2800.0
4988,西宮北口,6.0,3.0,２ＬＤＫ,65.0,2021.0,7.0,ＲＣ,１種住居,未改装,4000.0
4989,西宮北口,6.0,4.0,３ＬＤＫ,65.0,2021.0,23.0,ＳＲＣ,１中住専,改装済み,4000.0
4990,西宮北口,6.0,3.0,２ＤＫ,50.0,2021.0,23.0,ＳＲＣ,１中住専,未改装,2000.0
4993,西宮北口,9.0,3.0,２ＬＤＫ,60.0,2020.0,19.0,ＲＣ,１種住居,改装済み,2800.0
4994,西宮北口,5.0,4.0,３ＬＤＫ,90.0,2020.0,11.0,ＲＣ,１中住専,未改装,5800.0
4995,香櫨園,4.0,5.0,４ＬＤＫ,70.0,2022.0,25.0,ＲＣ,１種住居,未改装,4000.0
4996,香櫨園,4.0,4.0,３ＬＤＫ,70.0,2020.0,23.0,ＲＣ,１種住居,未改装,3700.0
4997,香櫨園,10.0,4.0,３ＬＤＫ,65.0,2024.0,39.0,ＲＣ,１種住居,未改装,900.0
4998,香櫨園,9.0,4.0,３ＬＤＫ,65.0,2023.0,22.0,ＲＣ,１種住居,未改装,3500.0
4999,香櫨園,10.0,4.0,３ＬＤＫ,65.0,2021.0,36.0,ＲＣ,１種住居,未改装,1100.0
5000,西宮(ＪＲ),18.0,4.0,３ＬＤＫ,85.0,2023.0,10.0,ＲＣ,１種住居,未改装,5200.0
5001,西宮(ＪＲ),13.0,4.0,３ＬＤＫ,75.0,2022.0,9.0,ＲＣ,準工業,未改装,4500.0
5002,西宮(ＪＲ),12.0,4.0,３ＬＤＫ,65.0,2021.0,8.0,ＲＣ,１種住居,未改装,3900.0
5003,門戸厄神,10.0,4.0,３ＬＤＫ,60.0,2024.0,29.0,ＲＣ,１中住専,改装済み,4100.0
5004,門戸厄神,13.0,4.0,３ＬＤＫ,65.0,2024.0,4.0,ＲＣ,１中住専,未改装,5000.0
5005,門戸厄神,11.0,4.0,３ＬＤＫ,70.0,2022.0,27.0,ＲＣ,１中住専,未改装,4000.0
5006,門戸厄神,10.0,4.0,３ＬＤＫ,70.0,2022.0,27.0,ＲＣ,１中住専,未改装,3300.0
5007,門戸厄神,11.0,4.0,３ＬＤＫ,70.0,2020.0,6.0,ＲＣ,１中住専,未改装,4000.0
5009,門戸厄神,6.0,4.0,３ＬＤＫ,70.0,2024.0,27.0,ＲＣ,１中住専,改装済み,4000.0
5011,門戸厄神,6.0,4.0,３ＬＤＫ,75.0,2023.0,23.0,ＲＣ,１中住専,改装済み,4000.0
5012,門戸厄神,6.0,4.0,３ＬＤＫ,75.0,2022.0,25.0,ＲＣ,１中住専,改装済み,4500.0
5013,門戸厄神,11.0,4.0,３ＬＤＫ,95.0,2022.0,24.0,ＲＣ,１低住専,改装済み,3900.0
5014,門戸厄神,6.0,4.0,３ＬＤＫ,70.0,2021.0,21.0,ＲＣ,１中住専,未改装,3200.0
5017,門戸厄神,9.0,4.0,３ＬＤＫ,75.0,2020.0,16.0,ＲＣ,１中住専,未改装,3800.0
5018,門戸厄神,3.0,4.0,３ＬＤＫ,60.0,2024.0,27.0,ＳＲＣ,１中住専,未改装,3500.0
5019,門戸厄神,4.0,4.0,３ＬＤＫ,60.0,2024.0,27.0,ＳＲＣ,１中住専,未改装,2800.0
5020,門戸厄神,5.0,4.0,３ＬＤＫ,65.0,2024.0,27.0,ＳＲＣ,１中住専,未改装,3600.0
5021,門戸厄神,3.0,4.0,３ＬＤＫ,65.0,2024.0,27.0,ＳＲＣ,１中住専,未改装,3700.0
5022,門戸厄神,6.0,4.0,３ＬＤＫ,65.0,2022.0,25.0,ＳＲＣ,１中住専,未改装,3100.0
5023,門戸厄神,3.0,4.0,３ＬＤＫ,60.0,2021.0,24.0,ＳＲＣ,１中住専,未改装,3000.0
5024,門戸厄神,3.0,4.0,３ＬＤＫ,65.0,2021.0,24.0,ＳＲＣ,１中住専,改装済み,3500.0
5026,門戸厄神,3.0,4.0,３ＬＤＫ,60.0,2020.0,23.0,ＳＲＣ,１中住専,未改装,3200.0
5027,門戸厄神,3.0,4.0,３ＬＤＫ,65.0,2020.0,23.0,ＳＲＣ,１中住専,改装済み,3400.0
5028,甲東園,14.0,4.0,３ＬＤＫ,70.0,2024.0,25.0,ＲＣ,１中住専,未改装,2100.0
5029,甲東園,13.0,4.0,３ＬＤＫ,75.0,2021.0,22.0,ＲＣ,１中住専,未改装,3000.0
5030,門戸厄神,4.0,4.0,３ＬＤＫ,55.0,2021.0,22.0,ＲＣ,１中住専,改装済み,3300.0
5031,門戸厄神,4.0,3.0,２ＬＤＫ,55.0,2020.0,21.0,ＲＣ,１中住専,未改装,2700.0
5032,門戸厄神,4.0,4.0,３ＬＤＫ,70.0,2020.0,21.0,ＲＣ,１中住専,改装済み,3200.0
5033,西宮北口,15.0,5.0,４ＬＤＫ,85.0,2023.0,7.0,ＲＣ,１中住専,未改装,6500.0
5034,西宮北口,14.0,5.0,４ＬＤＫ,75.0,2022.0,22.0,ＲＣ,１中住専,未改装,5500.0
5035,門戸厄神,11.0,2.0,１ＬＤＫ,35.0,2024.0,4.0,ＲＣ,１中住専,未改装,3000.0
5036,門戸厄神,9.0,4.0,３ＬＤＫ,75.0,2024.0,7.0,ＲＣ,２中住専,未改装,5800.0
5037,門戸厄神,11.0,5.0,３ＬＤＫ＋Ｓ,80.0,2023.0,21.0,ＲＣ,１中住専,未改装,4700.0
5038,門戸厄神,10.0,2.0,１ＤＫ,35.0,2023.0,3.0,ＲＣ,１中住専,未改装,2800.0
5039,門戸厄神,11.0,5.0,４ＬＤＫ,90.0,2023.0,3.0,ＲＣ,１中住専,未改装,6600.0
5040,門戸厄神,10.0,4.0,３ＬＤＫ,75.0,2023.0,6.0,ＲＣ,２中住専,未改装,5600.0
5041,門戸厄神,9.0,4.0,３ＬＤＫ,70.0,2022.0,18.0,ＲＣ,２中住専,改装済み,4900.0
5042,門戸厄神,9.0,4.0,３ＬＤＫ,70.0,2022.0,18.0,ＲＣ,２中住専,改装済み,3900.0
5044,門戸厄神,11.0,4.0,３ＬＤＫ,70.0,2021.0,1.0,ＲＣ,１中住専,未改装,5000.0
5045,門戸厄神,11.0,2.0,１ＬＤＫ,35.0,2021.0,1.0,ＲＣ,１中住専,未改装,3100.0
5046,門戸厄神,11.0,4.0,３ＬＤＫ,70.0,2021.0,1.0,ＲＣ,１中住専,未改装,4600.0
5048,門戸厄神,8.0,3.0,２ＬＤＫ,70.0,2020.0,16.0,ＲＣ,１中住専,改装済み,3800.0
5049,門戸厄神,9.0,3.0,２ＬＤＫ,65.0,2020.0,16.0,ＲＣ,２中住専,未改装,4000.0
5050,香櫨園,6.0,4.0,３ＬＤＫ,55.0,2023.0,23.0,ＲＣ,近隣商業,未改装,3200.0
5051,香櫨園,7.0,4.0,３ＬＤＫ,55.0,2023.0,23.0,ＲＣ,近隣商業,改装済み,3300.0
5053,さくら夙川,8.0,4.0,３ＬＤＫ,75.0,2023.0,24.0,ＲＣ,近隣商業,未改装,3900.0
5054,さくら夙川,2.0,5.0,４ＬＤＫ,85.0,2022.0,25.0,ＲＣ,１中住専,未改装,4200.0
5057,さくら夙川,4.0,3.0,２ＬＤＫ,70.0,2021.0,1.0,ＲＣ,１中住専,改装済み,7000.0
5058,さくら夙川,4.0,3.0,２ＬＤＫ,70.0,2021.0,1.0,ＲＣ,１中住専,未改装,6500.0
5059,さくら夙川,3.0,4.0,３ＬＤＫ,90.0,2020.0,0.0,ＲＣ,１中住専,未改装,9100.0
5060,さくら夙川,3.0,4.0,３ＬＤＫ,90.0,2020.0,0.0,ＲＣ,１中住専,未改装,10000.0
5062,西宮北口,19.0,4.0,３ＬＤＫ,70.0,2025.0,27.0,ＲＣ,１種住居,改装済み,3800.0
5063,西宮北口,21.0,4.0,３ＬＤＫ,70.0,2024.0,26.0,ＲＣ,１種住居,未改装,3200.0
5064,西宮北口,20.0,4.0,３ＬＤＫ,65.0,2023.0,25.0,ＲＣ,１種住居,改装済み,3400.0
5065,有馬温泉,26.0,4.0,３ＬＤＫ,60.0,2023.0,24.0,ＲＣ,１中住専,未改装,550.0
5068,香櫨園,8.0,5.0,４ＬＤＫ,150.0,2023.0,32.0,ＲＣ,１種住居,未改装,4900.0
5069,香櫨園,8.0,4.0,３ＬＤＫ,85.0,2023.0,17.0,ＲＣ,１種住居,改装済み,4900.0
5070,香櫨園,8.0,3.0,２ＬＤＫ,65.0,2022.0,31.0,ＲＣ,１種住居,未改装,2100.0
5071,香櫨園,8.0,4.0,３ＬＤＫ,110.0,2022.0,31.0,ＲＣ,１種住居,未改装,3600.0
5072,香櫨園,8.0,5.0,４ＬＤＫ,145.0,2022.0,31.0,ＲＣ,１種住居,未改装,3600.0
5073,香櫨園,8.0,3.0,２ＬＤＫ,85.0,2021.0,30.0,ＲＣ,１種住居,未改装,2300.0
5074,香櫨園,8.0,3.0,２ＬＤＫ,85.0,2020.0,29.0,ＲＣ,１種住居,改装済み,3200.0
5076,さくら夙川,13.0,4.0,３ＬＤＫ,65.0,2022.0,20.0,ＲＣ,近隣商業,未改装,3300.0
5078,西宮(阪神),10.0,4.0,３ＬＤＫ,65.0,2024.0,17.0,ＲＣ,近隣商業,改装済み,3600.0
5079,西宮(阪神),10.0,4.0,３ＬＤＫ,65.0,2024.0,17.0,ＲＣ,近隣商業,未改装,3300.0
5082,西宮(阪神),5.0,2.0,１ＤＫ,30.0,2024.0,15.0,ＲＣ,近隣商業,未改装,1800.0
5083,西宮(阪神),5.0,2.0,１Ｋ,25.0,2024.0,15.0,ＲＣ,近隣商業,未改装,1400.0
5086,西宮北口,8.0,5.0,４ＬＤＫ,120.0,2025.0,43.0,ＲＣ,２種住居,未改装,4800.0
5087,西宮北口,5.0,4.0,３ＬＤＫ,80.0,2024.0,24.0,ＳＲＣ,２種住居,未改装,4300.0
5088,西宮北口,5.0,4.0,３ＬＤＫ,80.0,2024.0,19.0,ＲＣ,２種住居,改装済み,9000.0
5089,西宮北口,8.0,3.0,２ＤＫ,90.0,2024.0,7.0,ＲＣ,２種住居,未改装,7700.0
5090,西宮北口,4.0,3.0,２ＬＤＫ,75.0,2023.0,23.0,ＳＲＣ,２種住居,未改装,4400.0
5091,西宮北口,8.0,4.0,３ＬＤＫ,75.0,2023.0,41.0,ＲＣ,２種住居,改装済み,4000.0
5092,西宮北口,3.0,4.0,３ＬＤＫ,80.0,2023.0,23.0,ＳＲＣ,２種住居,未改装,4400.0
5093,西宮北口,8.0,4.0,３ＬＤＫ,75.0,2023.0,41.0,ＲＣ,２種住居,改装済み,3400.0
5094,西宮北口,4.0,4.0,３ＬＤＫ,80.0,2023.0,23.0,ＳＲＣ,２種住居,未改装,5300.0
5095,西宮北口,8.0,4.0,３ＬＤＫ,80.0,2023.0,41.0,ＲＣ,２種住居,未改装,3500.0
5096,西宮北口,8.0,4.0,３ＬＤＫ,95.0,2023.0,6.0,ＲＣ,２種住居,未改装,7400.0
5097,西宮北口,8.0,4.0,３ＬＤＫ,75.0,2023.0,4.0,ＲＣ,２種住居,未改装,6800.0
5098,西宮北口,4.0,4.0,３ＬＤＫ,80.0,2023.0,23.0,ＳＲＣ,２種住居,未改装,5500.0
5099,西宮北口,8.0,3.0,２ＬＤＫ,75.0,2022.0,5.0,ＲＣ,２種住居,未改装,6000.0
5100,西宮北口,8.0,4.0,３ＬＤＫ,75.0,2022.0,3.0,ＲＣ,２種住居,未改装,6400.0
5101,西宮北口,6.0,3.0,２ＬＤＫ,95.0,2022.0,22.0,ＳＲＣ,２種住居,改装済み,9500.0
5103,西宮北口,6.0,4.0,３ＬＤＫ,80.0,2022.0,22.0,ＳＲＣ,２種住居,未改装,4700.0
5105,西宮北口,7.0,4.0,２ＬＤＫ＋Ｓ,80.0,2022.0,40.0,ＲＣ,２種住居,改装済み,4000.0
5106,西宮北口,5.0,4.0,３ＬＤＫ,80.0,2022.0,22.0,ＳＲＣ,２低住専,未改装,4800.0
5107,西宮北口,3.0,4.0,３ＬＤＫ,80.0,2022.0,22.0,ＳＲＣ,２種住居,未改装,4800.0
5108,西宮北口,5.0,4.0,３ＬＤＫ,65.0,2022.0,17.0,ＲＣ,２種住居,改装済み,5400.0
5109,西宮北口,4.0,4.0,３ＬＤＫ,80.0,2022.0,22.0,ＳＲＣ,２種住居,未改装,4400.0
5111,西宮北口,7.0,5.0,４ＬＤＫ,100.0,2021.0,39.0,ＲＣ,１種住居,未改装,3700.0
5112,西宮北口,5.0,2.0,１ＬＤＫ,60.0,2021.0,21.0,ＳＲＣ,２種住居,改装済み,4000.0
5113,西宮北口,9.0,5.0,４ＬＤＫ,100.0,2021.0,39.0,ＲＣ,２種住居,未改装,3800.0
5114,西宮北口,8.0,6.0,５ＬＤＫ,120.0,2021.0,39.0,ＲＣ,２種住居,未改装,3900.0
5115,西宮北口,5.0,3.0,２ＤＫ,75.0,2021.0,21.0,ＳＲＣ,２種住居,未改装,4100.0
5116,西宮北口,6.0,4.0,３ＬＤＫ,65.0,2021.0,10.0,ＲＣ,２種住居,未改装,4500.0
5118,西宮北口,5.0,3.0,２ＬＤＫ,65.0,2020.0,15.0,ＲＣ,２種住居,未改装,4400.0
5119,西宮北口,8.0,4.0,３ＬＤＫ,105.0,2020.0,3.0,ＲＣ,２種住居,改装済み,8700.0
5124,西宮北口,3.0,2.0,１ＤＫ,60.0,2020.0,20.0,ＳＲＣ,２種住居,改装済み,3700.0
5125,西宮北口,5.0,4.0,３ＬＤＫ,70.0,2020.0,15.0,ＲＣ,２種住居,未改装,4800.0
5126,西宮北口,3.0,4.0,３ＬＤＫ,80.0,2020.0,20.0,ＳＲＣ,２種住居,改装済み,5300.0
5127,西宮北口,8.0,3.0,２ＬＤＫ,95.0,2020.0,38.0,ＲＣ,２種住居,未改装,2500.0
5128,西宮北口,7.0,4.0,３ＬＤＫ,80.0,2020.0,38.0,ＲＣ,２種住居,未改装,2200.0
5129,西宮北口,6.0,4.0,３ＬＤＫ,85.0,2020.0,9.0,ＲＣ,２種住居,未改装,3400.0
5132,西宮(ＪＲ),7.0,5.0,４ＬＤＫ,105.0,2024.0,26.0,ＳＲＣ,近隣商業,改装済み,6000.0
5133,西宮(ＪＲ),7.0,4.0,３ＬＤＫ,85.0,2023.0,25.0,ＳＲＣ,近隣商業,未改装,5000.0
5135,西宮(阪神),8.0,4.0,３ＬＤＫ,80.0,2022.0,24.0,ＳＲＣ,近隣商業,改装済み,5200.0
5137,西宮(阪神),7.0,4.0,３ＬＤＫ,80.0,2021.0,23.0,ＳＲＣ,近隣商業,改装済み,4000.0
5138,甲陽園,16.0,4.0,３ＬＤＫ,60.0,2020.0,44.0,ＲＣ,１中住専,改装済み,950.0
5139,甲陽園,13.0,4.0,３ＬＤＫ,60.0,2020.0,44.0,ＲＣ,１中住専,改装済み,1000.0
5140,甲子園口,16.0,4.0,３ＬＤＫ,75.0,2023.0,23.0,ＲＣ,１種住居,未改装,3400.0
5141,甲子園口,15.0,4.0,３ＬＤＫ,65.0,2023.0,23.0,ＲＣ,１種住居,改装済み,3000.0
5143,甲子園口,16.0,4.0,３ＬＤＫ,75.0,2022.0,6.0,ＲＣ,１中住専,未改装,4700.0
5144,甲子園口,18.0,4.0,３ＬＤＫ,85.0,2020.0,4.0,ＲＣ,１中住専,未改装,5200.0
5145,甲子園口,15.0,5.0,４ＬＤＫ,90.0,2020.0,22.0,ＲＣ,１中住専,改装済み,4900.0
5147,鳴尾・武庫川女子大前,13.0,4.0,３ＬＤＫ,75.0,2022.0,20.0,ＲＣ,１中住専,改装済み,4400.0
5148,鳴尾・武庫川女子大前,14.0,4.0,３ＬＤＫ,75.0,2020.0,26.0,ＲＣ,１中住専,未改装,2900.0
5149,鳴尾・武庫川女子大前,13.0,4.0,３ＬＤＫ,75.0,2020.0,4.0,ＲＣ,１中住専,改装済み,4800.0
5150,夙川,7.0,3.0,２ＬＤＫ,75.0,2025.0,26.0,ＲＣ,１中住専,未改装,3800.0
5151,夙川,8.0,4.0,３ＬＤＫ,80.0,2023.0,26.0,ＲＣ,１中住専,未改装,5400.0
5152,夙川,6.0,5.0,４ＬＤＫ,90.0,2021.0,17.0,ＲＣ,１中住専,未改装,4300.0
5153,夙川,8.0,3.0,２ＬＤＫ,105.0,2021.0,24.0,ＲＣ,１中住専,改装済み,5400.0
5154,夙川,7.0,5.0,４ＬＤＫ,90.0,2020.0,21.0,ＲＣ,１中住専,未改装,4600.0
5155,夙川,6.0,4.0,３ＬＤＫ,75.0,2020.0,21.0,ＲＣ,１中住専,未改装,3300.0
5156,夙川,8.0,4.0,３ＬＤＫ,75.0,2020.0,23.0,ＲＣ,１中住専,未改装,4200.0
5157,門戸厄神,11.0,4.0,３ＬＤＫ,70.0,2025.0,5.0,ＳＲＣ,１中住専,未改装,5300.0
5158,門戸厄神,12.0,4.0,３ＬＤＫ,65.0,2023.0,5.0,ＲＣ,１中住専,未改装,4100.0
5159,門戸厄神,11.0,4.0,３ＬＤＫ,70.0,2022.0,22.0,ＲＣ,１中住専,未改装,2900.0
5160,門戸厄神,9.0,4.0,３ＬＤＫ,70.0,2022.0,4.0,ＲＣ,１中住専,未改装,4300.0
5162,門戸厄神,9.0,5.0,４ＬＤＫ,80.0,2021.0,3.0,ＲＣ,１中住専,未改装,4900.0
5163,門戸厄神,11.0,4.0,３ＬＤＫ,90.0,2020.0,20.0,ＲＣ,１中住専,改装済み,4400.0
5164,西宮(阪神),5.0,4.0,３ＬＤＫ,70.0,2024.0,24.0,ＲＣ,商業,未改装,4300.0
5166,西宮(阪神),3.0,2.0,１Ｋ,20.0,2023.0,18.0,ＲＣ,商業,未改装,1200.0
5167,西宮(阪神),3.0,3.0,２ＬＤＫ,60.0,2023.0,15.0,ＲＣ,商業,改装済み,4900.0
5168,西宮(阪神),3.0,2.0,１Ｋ,20.0,2023.0,18.0,ＲＣ,商業,未改装,1400.0
5169,西宮(阪神),3.0,3.0,２ＬＤＫ,60.0,2023.0,15.0,ＲＣ,商業,未改装,4100.0
5171,西宮(阪神),5.0,4.0,３ＬＤＫ,60.0,2022.0,22.0,ＲＣ,商業,改装済み,3300.0
5172,西宮(阪神),3.0,2.0,１Ｋ,15.0,2022.0,26.0,ＳＲＣ,商業,未改装,580.0
5176,西宮(阪神),3.0,4.0,３ＬＤＫ,85.0,2020.0,12.0,ＲＣ,商業,未改装,3000.0
5177,夙川,3.0,5.0,４ＬＤＫ,85.0,2019.0,21.0,ＲＣ,２中住専,未改装,6700.0
5178,西宮(ＪＲ),10.0,3.0,２ＬＤＫ,55.0,2019.0,3.0,ＲＣ,１種住居,未改装,3400.0
5179,西宮北口,14.0,3.0,２ＬＤＫ,65.0,2019.0,3.0,ＲＣ,１種住居,未改装,3900.0
5183,西宮北口,6.0,4.0,３ＬＤＫ,65.0,2019.0,7.0,ＲＣ,近隣商業,未改装,4300.0
5185,西宮北口,8.0,4.0,３ＬＤＫ,70.0,2019.0,7.0,ＲＣ,２種住居,未改装,4000.0
5186,門戸厄神,13.0,4.0,３ＬＤＫ,70.0,2019.0,18.0,ＲＣ,１中住専,未改装,3200.0
5189,西宮(ＪＲ),3.0,3.0,２ＬＤＫ,70.0,2019.0,26.0,ＳＲＣ,近隣商業,改装済み,4000.0
5190,西宮(ＪＲ),3.0,2.0,１Ｋ,15.0,2019.0,35.0,ＲＣ,近隣商業,未改装,530.0
5191,西宮(ＪＲ),4.0,3.0,２ＬＤＫ,60.0,2019.0,43.0,ＳＲＣ,近隣商業,未改装,1400.0
5192,西宮(ＪＲ),3.0,2.0,１Ｋ,20.0,2019.0,35.0,ＲＣ,近隣商業,未改装,400.0
5193,香櫨園,16.0,4.0,３ＬＤＫ,65.0,2019.0,14.0,ＲＣ,準工業,未改装,2700.0
5194,香櫨園,15.0,5.0,４ＬＤＫ,90.0,2019.0,17.0,ＲＣ,準工業,改装済み,3800.0
5195,香櫨園,13.0,5.0,４ＬＤＫ,130.0,2019.0,27.0,ＲＣ,１種住居,未改装,2100.0
5196,香櫨園,14.0,4.0,３ＬＤＫ,60.0,2019.0,47.0,ＲＣ,１種住居,改装済み,1500.0
5199,香櫨園,14.0,4.0,３ＬＤＫ,60.0,2019.0,41.0,ＳＲＣ,準工業,改装済み,2000.0
5201,甲陽園,24.0,4.0,３ＬＤＫ,70.0,2019.0,39.0,ＲＣ,１中住専,改装済み,1600.0
5202,甲陽園,24.0,4.0,３ＬＤＫ,65.0,2019.0,39.0,ＲＣ,１中住専,改装済み,1300.0
5203,甲陽園,24.0,4.0,３ＬＤＫ,70.0,2019.0,39.0,ＲＣ,１中住専,改装済み,1400.0
5204,甲陽園,23.0,4.0,３ＬＤＫ,95.0,2019.0,16.0,ＲＣ,１中住専,未改装,3900.0
5205,西宮北口,30.0,5.0,４ＬＤＫ,95.0,2019.0,16.0,ＲＣ,１中住専,未改装,3300.0
5206,門戸厄神,30.0,4.0,３ＬＤＫ,65.0,2019.0,39.0,ＲＣ,１中住専,未改装,1300.0
5207,甲東園,20.0,4.0,３ＬＤＫ,70.0,2019.0,42.0,ＲＣ,１中住専,未改装,850.0
5208,甲東園,19.0,4.0,３ＬＤＫ,70.0,2019.0,11.0,ＲＣ,１中住専,未改装,1700.0
5209,甲東園,19.0,4.0,３ＬＤＫ,60.0,2019.0,32.0,ＲＣ,１中住専,未改装,1200.0
5210,久寿川,11.0,4.0,３ＬＤＫ,60.0,2019.0,22.0,ＳＲＣ,１種住居,未改装,1900.0
5211,久寿川,13.0,4.0,３ＬＤＫ,65.0,2019.0,21.0,ＳＲＣ,１種住居,改装済み,2300.0
5212,久寿川,2.0,2.0,１Ｋ,15.0,2019.0,30.0,ＲＣ,近隣商業,未改装,390.0
5217,甲陽園,15.0,4.0,３ＬＤＫ,75.0,2019.0,25.0,ＲＣ,１中住専,未改装,1800.0
5218,甲陽園,16.0,4.0,３ＬＤＫ,85.0,2019.0,25.0,ＲＣ,１中住専,改装済み,2300.0
5220,甲陽園,15.0,4.0,３ＬＤＫ,70.0,2019.0,41.0,ＳＲＣ,１中住専,改装済み,1400.0
5221,甲陽園,15.0,5.0,４ＬＤＫ,85.0,2019.0,34.0,ＲＣ,１中住専,未改装,1200.0
5224,洲先,4.0,5.0,４ＬＤＫ,90.0,2019.0,2.0,ＲＣ,１種住居,未改装,4600.0
5227,洲先,5.0,5.0,４ＬＤＫ,85.0,2019.0,2.0,ＲＣ,１種住居,未改装,4300.0
5230,武庫川団地前,2.0,4.0,３ＬＤＫ,80.0,2019.0,38.0,ＳＲＣ,準工業,未改装,1300.0
5231,洲先,9.0,4.0,３ＬＤＫ,70.0,2019.0,33.0,ＲＣ,１種住居,未改装,1800.0
5233,武庫川団地前,3.0,4.0,３ＬＤＫ,70.0,2019.0,44.0,ＲＣ,１種住居,未改装,650.0
5234,武庫川団地前,5.0,4.0,３ＬＤＫ,70.0,2019.0,44.0,ＲＣ,１種住居,改装済み,950.0
5236,苦楽園口,18.0,4.0,３ＬＤＫ,80.0,2019.0,15.0,ＲＣ,１中住専,改装済み,3700.0
5237,苦楽園口,16.0,4.0,３ＬＤＫ,75.0,2019.0,9.0,ＲＣ,１中住専,未改装,4200.0
5238,苦楽園口,16.0,4.0,３ＬＤＫ,60.0,2019.0,44.0,鉄骨造,１低住専,改装済み,990.0
5239,苦楽園口,18.0,5.0,４ＬＤＫ,120.0,2019.0,45.0,ＲＣ,１中住専,改装済み,1500.0
5240,夙川,13.0,4.0,３ＬＤＫ,70.0,2019.0,45.0,ＲＣ,１中住専,未改装,750.0
5242,夙川,14.0,5.0,３ＬＤＫ＋Ｓ,90.0,2019.0,45.0,ＲＣ,１中住専,改装済み,2300.0
5244,西宮北口,9.0,4.0,３ＬＤＫ,80.0,2019.0,8.0,ＲＣ,１中住専,未改装,4800.0
5245,西宮北口,10.0,2.0,１ＤＫ,35.0,2019.0,21.0,ＳＲＣ,１中住専,改装済み,1500.0
5248,香櫨園,11.0,3.0,２ＬＤＫ,75.0,2019.0,8.0,ＲＣ,１種住居,未改装,4100.0
5249,香櫨園,11.0,4.0,３ＬＤＫ,70.0,2019.0,13.0,ＲＣ,１種住居,未改装,3300.0
5250,香櫨園,14.0,4.0,３ＬＤＫ,70.0,2019.0,19.0,ＲＣ,１種住居,改装済み,2500.0
5251,西宮北口,15.0,4.0,３ＬＤＫ,75.0,2019.0,24.0,ＲＣ,１中住専,未改装,2900.0
5254,さくら夙川,6.0,4.0,３ＬＤＫ,65.0,2019.0,23.0,ＲＣ,１中住専,未改装,2900.0
5255,さくら夙川,7.0,2.0,１Ｋ,20.0,2019.0,25.0,ＲＣ,１中住専,未改装,470.0
5256,鳴尾・武庫川女子大前,8.0,4.0,３ＬＤＫ,70.0,2019.0,22.0,ＲＣ,１中住専,未改装,2900.0
5258,さくら夙川,4.0,3.0,２ＬＤＫ,70.0,2019.0,40.0,ＳＲＣ,近隣商業,改装済み,2800.0
5259,さくら夙川,6.0,4.0,３ＬＤＫ,80.0,2019.0,20.0,ＲＣ,１種住居,未改装,4500.0
5260,東鳴尾,5.0,5.0,３ＬＤＫ＋Ｓ,80.0,2019.0,28.0,ＳＲＣ,１種住居,未改装,1300.0
5261,東鳴尾,6.0,4.0,３ＬＤＫ,60.0,2019.0,18.0,ＳＲＣ,近隣商業,改装済み,2600.0
5263,夙川,6.0,3.0,２ＤＫ,55.0,2019.0,20.0,ＲＣ,１中住専,未改装,2800.0
5264,夙川,5.0,5.0,４ＬＤＫ,105.0,2019.0,21.0,ＲＣ,１中住専,未改装,5800.0
5266,苦楽園口,14.0,4.0,３ＬＤＫ,95.0,2019.0,32.0,ＲＣ,１中住専,改装済み,3700.0
5269,西宮北口,24.0,4.0,３ＬＤＫ,90.0,2019.0,33.0,ＲＣ,１中住専,未改装,2500.0
5271,武庫之荘,25.0,4.0,３ＬＤＫ,60.0,2019.0,16.0,ＲＣ,１中住専,未改装,2300.0
5272,久寿川,11.0,5.0,４ＬＤＫ,75.0,2019.0,17.0,ＲＣ,準工業,未改装,3300.0
5273,久寿川,11.0,4.0,３ＬＤＫ,75.0,2019.0,10.0,ＲＣ,準工業,未改装,3600.0
5274,甲子園,11.0,4.0,３ＬＤＫ,70.0,2019.0,9.0,ＲＣ,１中住専,未改装,4400.0
5275,甲子園口,14.0,4.0,３ＬＤＫ,70.0,2019.0,21.0,ＲＣ,２中住専,未改装,2500.0
5277,甲東園,9.0,4.0,３ＬＤＫ,70.0,2019.0,19.0,ＲＣ,２低住専,未改装,2700.0
5278,甲東園,11.0,4.0,３ＬＤＫ,65.0,2019.0,19.0,ＲＣ,１低住専,改装済み,3500.0
5279,甲東園,14.0,4.0,３ＬＤＫ,80.0,2019.0,13.0,ＲＣ,１低住専,改装済み,4100.0
5281,苦楽園口,8.0,4.0,３ＬＤＫ,75.0,2019.0,6.0,ＲＣ,１中住専,未改装,4800.0
5282,苦楽園口,10.0,4.0,３ＬＤＫ,70.0,2019.0,6.0,ＲＣ,１中住専,未改装,3900.0
5283,甲陽園,4.0,5.0,４ＬＤＫ,80.0,2019.0,13.0,ＲＣ,１低住専,改装済み,4500.0
5284,甲陽園,9.0,5.0,４ＬＤＫ,85.0,2019.0,6.0,ＲＣ,１中住専,未改装,4700.0
5286,香櫨園,8.0,4.0,３ＬＤＫ,65.0,2019.0,12.0,ＲＣ,１中住専,未改装,3500.0
5287,香櫨園,8.0,5.0,４ＬＤＫ,95.0,2019.0,12.0,ＲＣ,１中住専,未改装,4800.0
5288,香櫨園,9.0,2.0,１ＤＫ,40.0,2019.0,32.0,ＲＣ,１中住専,未改装,600.0
5289,香櫨園,5.0,2.0,１ＬＤＫ,45.0,2019.0,21.0,ＲＣ,１中住専,未改装,1500.0
5291,西宮北口,16.0,4.0,３ＬＤＫ,70.0,2019.0,7.0,ＲＣ,１中住専,未改装,4300.0
5292,夙川,7.0,3.0,２ＬＤＫ,70.0,2019.0,12.0,ＲＣ,１中住専,未改装,4700.0
5293,西宮(阪神),12.0,4.0,３ＬＤＫ,65.0,2019.0,45.0,ＳＲＣ,準工業,未改装,1100.0
5295,西宮(阪神),14.0,3.0,２ＬＤＫ,70.0,2019.0,45.0,ＳＲＣ,準工業,未改装,800.0
5297,西宮(阪神),15.0,4.0,３ＬＤＫ,80.0,2019.0,45.0,ＳＲＣ,準工業,未改装,1200.0
5298,西宮(阪神),18.0,4.0,３ＬＤＫ,65.0,2019.0,23.0,ＲＣ,準工業,未改装,1300.0
5303,甲子園口,7.0,3.0,２ＬＤＫ,70.0,2019.0,13.0,ＲＣ,１中住専,未改装,3800.0
5304,甲子園口,9.0,4.0,３ＬＤＫ,70.0,2019.0,46.0,ＲＣ,１中住専,改装済み,2600.0
5307,甲子園口,12.0,4.0,３ＬＤＫ,70.0,2019.0,8.0,ＲＣ,１中住専,未改装,4000.0
5309,甲子園口,7.0,4.0,３ＬＤＫ,70.0,2019.0,13.0,ＲＣ,１中住専,未改装,4400.0
5311,甲子園口,8.0,4.0,３ＬＤＫ,70.0,2019.0,12.0,ＲＣ,１中住専,未改装,3800.0
5313,甲子園,7.0,3.0,２ＬＤＫ,65.0,2019.0,22.0,ＲＣ,１中住専,改装済み,3400.0
5316,甲子園,6.0,4.0,３ＬＤＫ,90.0,2019.0,7.0,ＲＣ,２種住居,未改装,2900.0
5318,甲子園,15.0,4.0,３ＬＤＫ,70.0,2019.0,13.0,ＲＣ,２種住居,未改装,2500.0
5319,甲子園,13.0,4.0,３ＬＤＫ,70.0,2019.0,13.0,ＲＣ,２種住居,改装済み,3300.0
5321,甲子園口,9.0,3.0,２ＬＤＫ,70.0,2019.0,47.0,ＲＣ,１中住専,改装済み,1900.0
5322,甲子園口,9.0,4.0,３ＬＤＫ,65.0,2019.0,47.0,ＲＣ,１中住専,未改装,1200.0
5323,甲子園口,1.0,4.0,３ＬＤＫ,70.0,2019.0,19.0,ＲＣ,近隣商業,改装済み,3700.0
5324,甲子園口,9.0,4.0,３ＬＤＫ,65.0,2019.0,22.0,ＲＣ,１中住専,改装済み,2900.0
5326,甲子園口,5.0,4.0,３ＬＤＫ,90.0,2019.0,9.0,ＲＣ,１中住専,未改装,5300.0
5328,甲子園口,5.0,4.0,３ＬＤＫ,75.0,2019.0,7.0,ＲＣ,１中住専,未改装,4400.0
5330,甲子園口,4.0,4.0,３ＬＤＫ,80.0,2019.0,13.0,ＲＣ,１中住専,未改装,4400.0
5332,甲子園口,2.0,4.0,３ＬＤＫ,85.0,2019.0,23.0,ＲＣ,近隣商業,未改装,3800.0
5333,甲子園口,1.0,3.0,２ＬＤＫ,50.0,2019.0,21.0,ＳＲＣ,近隣商業,未改装,2700.0
5335,甲子園,4.0,4.0,３ＬＤＫ,70.0,2019.0,13.0,ＲＣ,近隣商業,改装済み,4000.0
5336,甲子園,8.0,3.0,２ＬＤＫ,60.0,2019.0,8.0,ＲＣ,１中住専,未改装,3500.0
5337,甲子園,9.0,3.0,２ＬＤＫ,60.0,2019.0,8.0,ＲＣ,１中住専,未改装,3900.0
5338,甲子園,9.0,4.0,３ＬＤＫ,70.0,2019.0,46.0,ＲＣ,２種住居,未改装,1400.0
5339,甲子園,9.0,4.0,３ＬＤＫ,75.0,2019.0,16.0,ＲＣ,２中住専,改装済み,4200.0
5340,甲東園,3.0,4.0,３ＬＤＫ,70.0,2019.0,46.0,ＳＲＣ,近隣商業,改装済み,2700.0
5341,西宮北口,1.0,4.0,３ＬＤＫ,75.0,2019.0,22.0,ＲＣ,商業,未改装,4600.0
5342,香櫨園,13.0,4.0,３ＬＤＫ,70.0,2019.0,19.0,ＲＣ,近隣商業,改装済み,2800.0
5343,香櫨園,11.0,4.0,３ＬＤＫ,70.0,2019.0,19.0,ＲＣ,近隣商業,未改装,2200.0
5344,甲陽園,10.0,4.0,３ＬＤＫ,80.0,2019.0,20.0,ＲＣ,１低住専,未改装,2200.0
5346,甲陽園,10.0,4.0,３ＬＤＫ,65.0,2019.0,20.0,ＲＣ,１低住専,改装済み,2400.0
5347,甲陽園,3.0,5.0,４ＬＤＫ,100.0,2019.0,19.0,ＲＣ,２低住専,未改装,5200.0
5348,甲陽園,13.0,4.0,３ＬＤＫ,75.0,2019.0,6.0,ＲＣ,１中住専,未改装,3100.0
5349,甲陽園,14.0,4.0,３ＬＤＫ,75.0,2019.0,6.0,ＲＣ,１中住専,改装済み,2600.0
5351,甲陽園,13.0,5.0,４ＬＤＫ,125.0,2019.0,6.0,ＲＣ,１中住専,未改装,5000.0
5352,甲陽園,13.0,4.0,３ＬＤＫ,105.0,2019.0,6.0,ＲＣ,１中住専,未改装,4400.0
5353,甲陽園,6.0,4.0,３ＬＤＫ,80.0,2019.0,7.0,ＲＣ,１中住専,未改装,3900.0
5356,甲陽園,1.0,3.0,２ＬＤＫ,60.0,2019.0,48.0,ＲＣ,近隣商業,未改装,1100.0
5358,甲陽園,1.0,3.0,２ＬＤＫ,60.0,2019.0,48.0,ＲＣ,近隣商業,改装済み,1600.0
5359,甲陽園,4.0,3.0,２ＬＤＫ,60.0,2019.0,19.0,ＲＣ,１中住専,未改装,2600.0
5360,甲子園口,11.0,4.0,３ＬＤＫ,65.0,2019.0,20.0,ＲＣ,１種住居,改装済み,3500.0
5361,夙川,7.0,4.0,３ＬＤＫ,70.0,2019.0,17.0,ＲＣ,１中住専,未改装,4600.0
5364,武庫川,8.0,3.0,２ＬＤＫ,65.0,2019.0,47.0,ＳＲＣ,１種住居,改装済み,2000.0
5365,苦楽園口,9.0,4.0,３ＬＤＫ,85.0,2019.0,19.0,ＲＣ,１低住専,未改装,4400.0
5370,甲陽園,9.0,4.0,３ＬＤＫ,65.0,2019.0,19.0,ＲＣ,１中住専,未改装,2100.0
5372,夙川,9.0,4.0,３ＬＤＫ,90.0,2019.0,23.0,ＲＣ,１中住専,未改装,4200.0
5373,門戸厄神,2.0,4.0,３ＬＤＫ,70.0,2019.0,5.0,ＲＣ,２中住専,未改装,4600.0
5375,西宮(阪神),10.0,4.0,３ＬＤＫ,70.0,2019.0,21.0,ＲＣ,近隣商業,改装済み,3500.0
5377,西宮(阪神),11.0,4.0,３ＬＤＫ,65.0,2019.0,3.0,ＲＣ,近隣商業,改装済み,2900.0
5378,西宮(阪神),10.0,4.0,３ＬＤＫ,65.0,2019.0,3.0,ＲＣ,近隣商業,改装済み,3000.0
5379,西宮(阪神),11.0,4.0,３ＬＤＫ,65.0,2019.0,20.0,ＲＣ,近隣商業,改装済み,3100.0
5380,西宮(阪神),10.0,4.0,３ＬＤＫ,65.0,2019.0,3.0,ＲＣ,近隣商業,改装済み,3000.0
5381,甲東園,4.0,5.0,４ＬＤＫ,80.0,2019.0,21.0,ＲＣ,１中住専,改装済み,4100.0
5383,苦楽園口,10.0,4.0,３ＬＤＫ,85.0,2019.0,13.0,ＲＣ,１低住専,未改装,5500.0
5384,西宮北口,9.0,3.0,２ＬＤＫ,75.0,2019.0,5.0,ＲＣ,準工業,未改装,4700.0
5386,西宮北口,9.0,4.0,３ＬＤＫ,75.0,2019.0,5.0,ＲＣ,準工業,未改装,4700.0
5388,西宮北口,9.0,4.0,３ＬＤＫ,75.0,2019.0,5.0,ＲＣ,準工業,未改装,4700.0
5389,西宮北口,9.0,3.0,２ＬＤＫ,70.0,2019.0,5.0,ＲＣ,準工業,未改装,4300.0
5393,苦楽園口,14.0,4.0,３ＬＤＫ,65.0,2019.0,8.0,ＲＣ,１中住専,未改装,1900.0
5395,苦楽園口,16.0,4.0,３ＬＤＫ,105.0,2019.0,14.0,ＲＣ,１中住専,未改装,4100.0
5399,甲陽園,23.0,3.0,２ＬＤＫ,50.0,2019.0,30.0,ＲＣ,１中住専,未改装,880.0
5400,門戸厄神,24.0,5.0,４ＬＤＫ,75.0,2019.0,34.0,ＲＣ,１中住専,未改装,900.0
5401,門戸厄神,30.0,4.0,３ＬＤＫ,75.0,2019.0,23.0,ＲＣ,１中住専,改装済み,2700.0
5402,門戸厄神,29.0,4.0,３ＬＤＫ,65.0,2019.0,23.0,ＲＣ,１中住専,未改装,1600.0
5403,武庫川団地前,10.0,4.0,３ＬＤＫ,70.0,2019.0,36.0,ＳＲＣ,１中住専,未改装,1100.0
5404,武庫川団地前,4.0,4.0,３ＬＤＫ,80.0,2019.0,27.0,ＲＣ,１中住専,未改装,2000.0
5405,武庫川団地前,11.0,4.0,３ＬＤＫ,95.0,2019.0,29.0,ＳＲＣ,１中住専,改装済み,2400.0
5407,武庫川団地前,9.0,3.0,２ＬＤＫ,65.0,2019.0,34.0,ＳＲＣ,１中住専,未改装,880.0
5409,武庫川団地前,12.0,4.0,３ＬＤＫ,95.0,2019.0,36.0,ＳＲＣ,１中住専,改装済み,1800.0
5410,武庫川団地前,10.0,3.0,２ＬＤＫ,65.0,2019.0,34.0,ＳＲＣ,１中住専,未改装,1100.0
5411,武庫川団地前,8.0,5.0,４ＬＤＫ,85.0,2019.0,24.0,ＲＣ,１中住専,改装済み,2500.0
5412,武庫川団地前,10.0,4.0,３ＬＤＫ,95.0,2019.0,36.0,ＳＲＣ,１中住専,改装済み,2000.0
5413,武庫川団地前,10.0,4.0,３ＬＤＫ,70.0,2019.0,36.0,ＳＲＣ,１中住専,未改装,1100.0
5414,武庫川団地前,6.0,4.0,３ＬＤＫ,70.0,2019.0,30.0,ＳＲＣ,１中住専,未改装,1500.0
5416,西宮北口,10.0,4.0,３ＬＤＫ,60.0,2019.0,44.0,ＳＲＣ,準工業,未改装,1300.0
5419,西宮北口,11.0,5.0,４ＬＤＫ,65.0,2019.0,44.0,ＳＲＣ,準工業,未改装,1500.0
5420,西宮北口,16.0,3.0,２ＬＤＫ,60.0,2019.0,44.0,ＳＲＣ,準工業,改装済み,2000.0
5422,西宮北口,3.0,3.0,２ＤＫ,75.0,2019.0,11.0,ＲＣ,商業,改装済み,1600.0
5423,西宮北口,4.0,3.0,２ＬＤＫ,65.0,2019.0,6.0,ＲＣ,近隣商業,未改装,5200.0
5424,西宮北口,3.0,3.0,１ＬＤＫ＋Ｓ,75.0,2019.0,11.0,ＲＣ,商業,改装済み,7200.0
5425,西宮北口,10.0,4.0,３ＬＤＫ,65.0,2019.0,20.0,ＳＲＣ,１種住居,改装済み,3400.0
5427,西宮北口,11.0,4.0,３ＬＤＫ,70.0,2019.0,5.0,ＲＣ,準工業,未改装,3900.0
5430,香櫨園,9.0,3.0,２ＬＤＫ,60.0,2019.0,21.0,ＲＣ,１種住居,未改装,2400.0
5431,西宮(阪神),3.0,5.0,４ＬＤＫ,120.0,2019.0,16.0,ＲＣ,商業,未改装,7300.0
5432,西宮(阪神),3.0,4.0,３ＬＤＫ,75.0,2019.0,13.0,ＲＣ,商業,改装済み,5100.0
5433,西宮(阪神),3.0,2.0,１ＬＤＫ,55.0,2019.0,13.0,ＲＣ,商業,改装済み,3900.0
5434,西宮(阪神),2.0,3.0,２ＬＤＫ,80.0,2019.0,16.0,ＳＲＣ,商業,未改装,5000.0
5438,仁川,9.0,5.0,４ＬＤＫ,80.0,2019.0,16.0,ＲＣ,１中住専,未改装,3500.0
5439,さくら夙川,3.0,3.0,２ＬＤＫ,80.0,2019.0,21.0,ＲＣ,１中住専,未改装,4700.0
5440,さくら夙川,4.0,3.0,２ＬＤＫ,80.0,2019.0,32.0,ＲＣ,１中住専,未改装,3700.0
5442,阪神国道,4.0,4.0,３ＬＤＫ,65.0,2019.0,4.0,ＲＣ,１種住居,改装済み,3700.0
5444,西宮(ＪＲ),5.0,4.0,３ＬＤＫ,70.0,2019.0,25.0,ＲＣ,準工業,未改装,3300.0
5449,阪神国道,4.0,4.0,３ＬＤＫ,70.0,2019.0,18.0,ＲＣ,準工業,改装済み,3700.0
5450,阪神国道,2.0,4.0,３ＬＤＫ,70.0,2019.0,11.0,ＲＣ,近隣商業,改装済み,3600.0
5454,今津(阪神),8.0,3.0,２ＤＫ,55.0,2019.0,16.0,ＲＣ,１種住居,未改装,3200.0
5456,西宮(阪神),4.0,2.0,１ＤＫ,25.0,2019.0,30.0,ＲＣ,商業,未改装,670.0
5457,今津(阪神),6.0,3.0,２ＬＤＫ,60.0,2019.0,23.0,ＳＲＣ,１種住居,改装済み,2300.0
5458,今津(阪神),8.0,4.0,３ＬＤＫ,55.0,2019.0,23.0,ＳＲＣ,１種住居,改装済み,2100.0
5459,西宮(ＪＲ),6.0,4.0,３ＬＤＫ,75.0,2019.0,35.0,ＲＣ,１種住居,未改装,1600.0
5460,甲子園口,8.0,4.0,３ＬＤＫ,75.0,2019.0,10.0,ＲＣ,１中住専,未改装,4400.0
5461,さくら夙川,6.0,3.0,２ＬＤＫ,65.0,2019.0,35.0,ＲＣ,１中住専,改装済み,2300.0
5462,さくら夙川,6.0,3.0,２ＬＤＫ,60.0,2019.0,35.0,ＲＣ,１中住専,改装済み,2300.0
5463,西宮(阪神),7.0,4.0,３ＬＤＫ,80.0,2019.0,26.0,ＲＣ,近隣商業,未改装,3500.0
5466,西宮(阪神),3.0,4.0,３ＬＤＫ,75.0,2019.0,13.0,ＲＣ,商業,未改装,3900.0
5468,甲子園,10.0,5.0,４ＬＤＫ,80.0,2019.0,22.0,ＲＣ,１種住居,改装済み,3500.0
5470,甲子園口,11.0,4.0,３ＬＤＫ,55.0,2019.0,22.0,ＲＣ,１種住居,未改装,2300.0
5471,西宮(ＪＲ),8.0,4.0,３ＬＤＫ,65.0,2019.0,15.0,ＲＣ,１種住居,未改装,3300.0
5472,西宮(ＪＲ),13.0,1.0,１Ｒ,15.0,2019.0,33.0,ＲＣ,近隣商業,未改装,390.0
5473,西宮(阪神),12.0,4.0,３ＬＤＫ,70.0,2019.0,21.0,ＳＲＣ,１種住居,改装済み,3000.0
5474,西宮名塩,6.0,4.0,３ＬＤＫ,70.0,2019.0,23.0,ＲＣ,２中住専,未改装,700.0
5476,宝塚,16.0,4.0,３ＬＤＫ,70.0,2019.0,22.0,ＳＲＣ,２中住専,改装済み,2500.0
5477,生瀬,12.0,4.0,３ＬＤＫ,75.0,2019.0,20.0,ＳＲＣ,２中住専,改装済み,2200.0
5478,鳴尾・武庫川女子大前,10.0,4.0,３ＬＤＫ,80.0,2019.0,24.0,ＲＣ,１種住居,改装済み,3300.0
5479,鳴尾・武庫川女子大前,6.0,4.0,３ＬＤＫ,65.0,2019.0,8.0,ＲＣ,１種住居,改装済み,3200.0
5480,鳴尾・武庫川女子大前,10.0,4.0,３ＬＤＫ,75.0,2019.0,24.0,ＲＣ,１種住居,未改装,2500.0
5481,鳴尾・武庫川女子大前,6.0,3.0,２ＬＤＫ,45.0,2019.0,48.0,鉄骨造,１種住居,未改装,1100.0
5484,西宮(阪神),30.0,5.0,４ＬＤＫ,80.0,2019.0,21.0,ＳＲＣ,１中住専,改装済み,2100.0
5485,西宮(阪神),30.0,5.0,４ＬＤＫ,85.0,2019.0,22.0,ＳＲＣ,１中住専,未改装,2000.0
5486,西宮(阪神),30.0,4.0,３ＬＤＫ,75.0,2019.0,21.0,ＲＣ,１中住専,改装済み,2200.0
5487,西宮(阪神),30.0,4.0,３ＬＤＫ,65.0,2019.0,21.0,ＳＲＣ,１中住専,未改装,1600.0
5488,西宮(阪神),30.0,4.0,３ＬＤＫ,75.0,2019.0,21.0,ＳＲＣ,１中住専,未改装,1900.0
5489,西宮(阪神),30.0,5.0,４ＬＤＫ,85.0,2019.0,21.0,ＲＣ,１中住専,未改装,1900.0
5492,西宮(阪神),30.0,4.0,３ＬＤＫ,75.0,2019.0,21.0,ＳＲＣ、ＲＣ,１中住専,未改装,2000.0
5493,西宮(阪神),30.0,4.0,３ＬＤＫ,70.0,2019.0,21.0,ＳＲＣ、ＲＣ,１中住専,改装済み,1400.0
5494,西宮(阪神),30.0,5.0,４ＬＤＫ,85.0,2019.0,20.0,ＲＣ,近隣商業,未改装,2400.0
5497,西宮(阪神),30.0,4.0,３ＬＤＫ,70.0,2019.0,21.0,ＳＲＣ,１中住専,改装済み,1900.0
5499,西宮(阪神),30.0,4.0,３ＬＤＫ,70.0,2019.0,21.0,ＳＲＣ,１中住専,未改装,1500.0
5502,門戸厄神,7.0,4.0,３ＬＤＫ,70.0,2019.0,17.0,ＲＣ,１中住専,未改装,4000.0
5503,門戸厄神,4.0,4.0,３ＬＤＫ,75.0,2019.0,2.0,ＲＣ,１中住専,未改装,5300.0
5504,門戸厄神,6.0,4.0,３ＬＤＫ,70.0,2019.0,17.0,ＲＣ,１中住専,未改装,4200.0
5505,門戸厄神,5.0,5.0,４ＬＤＫ,85.0,2019.0,33.0,ＲＣ,１中住専,未改装,2800.0
5507,西宮(ＪＲ),8.0,4.0,３ＬＤＫ,60.0,2019.0,6.0,ＲＣ,近隣商業,未改装,3800.0
5508,西宮(ＪＲ),8.0,4.0,３ＬＤＫ,65.0,2019.0,6.0,ＲＣ,近隣商業,未改装,4100.0
5509,西宮(ＪＲ),8.0,4.0,３ＬＤＫ,65.0,2019.0,6.0,ＲＣ,近隣商業,改装済み,4000.0
5510,西宮(阪神),8.0,5.0,４ＬＤＫ,75.0,2019.0,15.0,ＲＣ,近隣商業,未改装,3800.0
5511,甲子園,11.0,4.0,３ＬＤＫ,70.0,2019.0,18.0,ＲＣ,１中住専,改装済み,4400.0
5514,香櫨園,11.0,4.0,３ＬＤＫ,70.0,2019.0,21.0,ＳＲＣ,商業,未改装,2600.0
5515,甲子園,16.0,5.0,４ＬＤＫ,85.0,2019.0,17.0,ＳＲＣ,１種住居,未改装,3500.0
5516,甲子園,16.0,4.0,３ＬＤＫ,95.0,2019.0,17.0,ＳＲＣ,１種住居,未改装,3500.0
5517,甲子園,19.0,4.0,３ＬＤＫ,90.0,2019.0,17.0,ＳＲＣ,１種住居,未改装,3600.0
5518,甲子園,21.0,4.0,３ＬＤＫ,70.0,2019.0,19.0,ＲＣ,１種住居,未改装,1600.0
5520,西宮(阪神),11.0,4.0,３ＬＤＫ,65.0,2019.0,18.0,ＲＣ,準工業,未改装,2500.0
5523,洲先,3.0,4.0,３ＬＤＫ,65.0,2019.0,21.0,ＲＣ,１種住居,改装済み,2500.0
5524,洲先,4.0,4.0,３ＬＤＫ,75.0,2019.0,20.0,ＲＣ,１種住居,未改装,2600.0
5525,洲先,3.0,4.0,３ＬＤＫ,80.0,2019.0,20.0,ＲＣ,１種住居,未改装,2400.0
5527,今津(阪神),15.0,5.0,４ＬＤＫ,100.0,2019.0,14.0,ＲＣ,準工業,未改装,3000.0
5530,西宮(阪神),15.0,4.0,３ＬＤＫ,70.0,2019.0,23.0,ＲＣ,準工業,未改装,1500.0
5531,西宮(阪神),15.0,4.0,３ＬＤＫ,65.0,2019.0,15.0,ＲＣ,準工業,未改装,2700.0
5532,西宮名塩,7.0,4.0,３ＬＤＫ,85.0,2019.0,25.0,ＲＣ,１中住専,改装済み,1800.0
5533,西宮名塩,9.0,4.0,３ＬＤＫ,95.0,2019.0,25.0,ＲＣ,１中住専,未改装,1800.0
5536,西宮名塩,8.0,4.0,３ＬＤＫ,75.0,2019.0,17.0,ＲＣ,１中住専,未改装,210.0
5537,西宮名塩,6.0,4.0,３ＬＤＫ,80.0,2019.0,16.0,ＲＣ,１中住専,未改装,1700.0
5538,西宮名塩,13.0,4.0,３ＬＤＫ,85.0,2019.0,26.0,ＲＣ,１中住専,改装済み,1800.0
5540,苦楽園口,14.0,3.0,２ＬＤＫ,60.0,2019.0,47.0,ＲＣ,１中住専,未改装,560.0
5541,苦楽園口,8.0,4.0,３ＬＤＫ,80.0,2019.0,8.0,ＲＣ,１種住居,未改装,5200.0
5543,苦楽園口,15.0,4.0,３ＬＤＫ,85.0,2019.0,37.0,ＲＣ,１中住専,未改装,2400.0
5548,苦楽園口,12.0,5.0,４ＤＫ,85.0,2019.0,19.0,ＲＣ,１中住専,未改装,4500.0
5550,門戸厄神,18.0,4.0,３ＬＤＫ,70.0,2019.0,24.0,ＲＣ,１中住専,未改装,2500.0
5551,西宮(阪神),6.0,4.0,３ＬＤＫ,60.0,2019.0,22.0,ＳＲＣ,近隣商業,未改装,2700.0
5552,西宮北口,19.0,2.0,１Ｋ,15.0,2019.0,33.0,ＲＣ,１中住専,未改装,310.0
5553,西宮北口,18.0,2.0,１Ｋ,15.0,2019.0,33.0,ＲＣ,１中住専,未改装,280.0
5554,西宮北口,8.0,2.0,１Ｋ,15.0,2019.0,31.0,ＲＣ,２種住居,未改装,520.0
5555,西宮北口,9.0,4.0,３ＬＤＫ,75.0,2019.0,38.0,ＲＣ,２種住居,未改装,1000.0
5556,西宮北口,9.0,4.0,３ＬＤＫ,70.0,2019.0,38.0,ＲＣ,２種住居,改装済み,2700.0
5559,阪神国道,5.0,4.0,３ＬＤＫ,65.0,2019.0,9.0,ＲＣ,工業,未改装,3600.0
5560,門戸厄神,8.0,4.0,３ＬＤＫ,70.0,2019.0,16.0,ＲＣ,１中住専,未改装,4400.0
5561,門戸厄神,8.0,5.0,４ＬＤＫ,90.0,2019.0,16.0,ＲＣ,１中住専,未改装,5500.0
5564,香櫨園,11.0,4.0,３ＬＤＫ,70.0,2019.0,18.0,ＲＣ,１種住居,未改装,2500.0
5566,香櫨園,5.0,4.0,３ＬＤＫ,75.0,2019.0,7.0,ＲＣ,近隣商業,未改装,4900.0
5568,夙川,8.0,4.0,３ＬＤＫ,90.0,2019.0,14.0,ＲＣ,１中住専,未改装,4900.0
5569,夙川,7.0,3.0,２ＬＤＫ,75.0,2019.0,7.0,ＲＣ,１中住専,未改装,5800.0
5570,甲子園口,9.0,4.0,３ＬＤＫ,65.0,2019.0,42.0,ＲＣ,１中住専,未改装,1300.0
5571,甲子園口,5.0,4.0,３ＬＤＫ,105.0,2019.0,26.0,ＲＣ,１中住専,未改装,4200.0
5572,西宮(ＪＲ),5.0,4.0,３ＬＤＫ,75.0,2019.0,4.0,ＲＣ,近隣商業,未改装,5500.0
5573,甲子園口,13.0,4.0,３ＬＤＫ,70.0,2019.0,16.0,ＲＣ,１中住専,未改装,3700.0
5575,西宮北口,11.0,5.0,４ＬＤＫ,80.0,2019.0,17.0,ＲＣ,１中住専,改装済み,4800.0
5576,西宮北口,9.0,4.0,３ＬＤＫ,65.0,2019.0,2.0,ＲＣ,１中住専,未改装,4700.0
5577,西宮北口,11.0,4.0,３ＬＤＫ,65.0,2019.0,2.0,ＲＣ,１中住専,未改装,4900.0
5580,甲子園,15.0,5.0,４ＬＤＫ,80.0,2019.0,18.0,ＲＣ,１中住専,改装済み,3400.0
5581,甲子園,14.0,4.0,３ＬＤＫ,85.0,2019.0,14.0,ＲＣ,２種住居,未改装,4000.0
5582,甲子園,13.0,3.0,２ＬＤＫ,80.0,2019.0,14.0,ＲＣ,２種住居,未改装,3800.0
5583,甲子園,13.0,5.0,４ＬＤＫ,95.0,2019.0,14.0,ＲＣ,２低住専,未改装,4600.0
5584,甲子園,14.0,5.0,４ＬＤＫ,80.0,2019.0,14.0,ＲＣ,２種住居,未改装,4400.0
5587,香櫨園,9.0,4.0,３ＬＤＫ,65.0,2019.0,18.0,ＲＣ,１種住居,改装済み,3200.0
5588,西宮(ＪＲ),12.0,3.0,２ＬＤＫ,70.0,2019.0,6.0,ＲＣ,１種住居,未改装,4000.0
5589,門戸厄神,6.0,5.0,４ＬＤＫ,90.0,2019.0,22.0,ＲＣ,１中住専,未改装,4200.0
5591,門戸厄神,7.0,5.0,４ＬＤＫ,80.0,2019.0,17.0,ＲＣ,１中住専,未改装,4200.0
5592,門戸厄神,7.0,4.0,３ＬＤＫ,70.0,2019.0,18.0,ＲＣ,１中住専,未改装,3400.0
5593,門戸厄神,4.0,4.0,２ＬＤＫ＋Ｓ,70.0,2019.0,20.0,ＲＣ,１中住専,改装済み,3900.0
5598,打出,9.0,3.0,１ＬＤＫ＋Ｓ,110.0,2019.0,29.0,ＲＣ,１中住専,改装済み,3900.0
5599,香櫨園,10.0,4.0,３ＬＤＫ,120.0,2019.0,29.0,ＲＣ,１中住専,改装済み,4300.0
5600,西宮北口,8.0,4.0,３ＬＤＫ,80.0,2019.0,0.0,ＲＣ,２種住居,未改装,7000.0
5603,西宮北口,9.0,5.0,４ＬＤＫ,80.0,2019.0,37.0,ＲＣ,２種住居,未改装,2500.0
5604,西宮北口,8.0,6.0,５ＬＤＫ,120.0,2019.0,37.0,ＲＣ,２種住居,改装済み,4200.0
5605,西宮北口,5.0,4.0,３ＬＤＫ,70.0,2019.0,14.0,ＲＣ,２種住居,未改装,5300.0
5606,西宮(ＪＲ),7.0,4.0,３ＬＤＫ,105.0,2019.0,21.0,ＳＲＣ,近隣商業,未改装,5600.0
5607,西宮(阪神),7.0,4.0,３ＬＤＫ,95.0,2019.0,21.0,ＳＲＣ,近隣商業,未改装,5200.0
5608,甲陽園,16.0,4.0,３ＬＤＫ,60.0,2019.0,43.0,ＲＣ,１中住専,改装済み,930.0
5609,甲子園,18.0,4.0,３ＬＤＫ,85.0,2019.0,17.0,ＲＣ,１中住専,未改装,4100.0
5610,鳴尾・武庫川女子大前,13.0,4.0,３ＬＤＫ,75.0,2019.0,3.0,ＲＣ,１中住専,未改装,4100.0
5611,鳴尾・武庫川女子大前,13.0,4.0,３ＬＤＫ,80.0,2019.0,17.0,ＲＣ,１中住専,未改装,3600.0
5614,夙川,6.0,4.0,３ＬＤＫ,70.0,2019.0,15.0,ＲＣ,１中住専,改装済み,5000.0
5619,鳴尾・武庫川女子大前,4.0,4.0,３ＬＤＫ,60.0,2018.0,21.0,ＲＣ,１種住居,未改装,2700.0
5620,西宮北口,7.0,4.0,３ＬＤＫ,85.0,2018.0,6.0,ＲＣ,近隣商業,未改装,5200.0
5622,香櫨園,8.0,4.0,３ＬＤＫ,55.0,2018.0,20.0,ＲＣ,１種住居,改装済み,2600.0
5628,西宮(ＪＲ),4.0,4.0,３ＬＤＫ,60.0,2018.0,42.0,ＳＲＣ,近隣商業,未改装,1600.0
5629,今津(阪神),21.0,4.0,３ＬＤＫ,75.0,2018.0,16.0,ＲＣ,準工業,未改装,3100.0
5631,香櫨園,15.0,2.0,１ＬＤＫ,60.0,2018.0,46.0,ＲＣ,１種住居,改装済み,4400.0
5633,香櫨園,14.0,2.0,１ＬＤＫ,60.0,2018.0,46.0,ＲＣ,１種住居,改装済み,1000.0
5634,香櫨園,15.0,4.0,３ＬＤＫ,95.0,2018.0,25.0,ＲＣ,１種住居,改装済み,3000.0
5635,西宮(阪神),16.0,4.0,３ＬＤＫ,85.0,2018.0,39.0,ＳＲＣ,準工業,未改装,2100.0
5637,久寿川,5.0,4.0,３ＬＤＫ,65.0,2018.0,33.0,ＳＲＣ、ＲＣ,近隣商業,改装済み,1800.0
5640,久寿川,10.0,5.0,４ＬＤＫ,75.0,2018.0,21.0,ＳＲＣ,１種住居,改装済み,3000.0
5641,久寿川,10.0,4.0,３ＬＤＫ,60.0,2018.0,22.0,ＲＣ,１種住居,未改装,1900.0
5643,甲陽園,16.0,4.0,３ＬＤＫ,85.0,2018.0,24.0,ＲＣ,１中住専,改装済み,2600.0
5645,甲陽園,17.0,4.0,３ＬＤＫ,80.0,2018.0,24.0,ＲＣ,１中住専,改装済み,2500.0
5648,甲陽園,16.0,4.0,３ＬＤＫ,60.0,2018.0,40.0,ＲＣ,１中住専,改装済み,980.0
5649,洲先,5.0,5.0,４ＬＤＫ,85.0,2018.0,13.0,ＲＣ,１種住居,未改装,2800.0
5650,鳴尾・武庫川女子大前,15.0,4.0,３ＬＤＫ,75.0,2018.0,32.0,ＲＣ,１種住居,未改装,1700.0
5651,武庫川団地前,5.0,5.0,４ＬＤＫ,70.0,2018.0,43.0,ＲＣ,１種住居,未改装,500.0
5652,苦楽園口,15.0,4.0,３ＬＤＫ,65.0,2018.0,13.0,ＲＣ,１中住専,改装済み,2900.0
5657,夙川,14.0,5.0,４ＬＤＫ,90.0,2018.0,44.0,ＲＣ,１中住専,改装済み,2500.0
5658,西宮北口,10.0,4.0,３ＬＤＫ,75.0,2018.0,7.0,ＲＣ,１中住専,未改装,4800.0
5659,西宮北口,9.0,3.0,２ＬＤＫ,65.0,2018.0,26.0,ＲＣ,１中住専,未改装,2400.0
5660,西宮北口,10.0,4.0,３ＬＤＫ,70.0,2018.0,22.0,ＲＣ,１中住専,改装済み,3400.0
5661,西宮北口,11.0,4.0,３ＬＤＫ,85.0,2018.0,22.0,ＲＣ,１中住専,未改装,3500.0
5663,苦楽園口,14.0,4.0,３ＬＤＫ,70.0,2018.0,21.0,ＲＣ,１中住専,未改装,2400.0
5664,苦楽園口,12.0,5.0,４ＬＤＫ,85.0,2018.0,21.0,ＲＣ,１中住専,未改装,2700.0
5665,鳴尾・武庫川女子大前,8.0,4.0,３ＬＤＫ,70.0,2018.0,21.0,ＲＣ,１中住専,未改装,2600.0
5666,さくら夙川,4.0,3.0,２ＬＤＫ,65.0,2018.0,39.0,ＳＲＣ,近隣商業,改装済み,2500.0
5667,さくら夙川,3.0,4.0,３ＬＤＫ,60.0,2018.0,21.0,ＲＣ,１種住居,未改装,3400.0
5668,さくら夙川,2.0,4.0,３ＬＤＫ,70.0,2018.0,39.0,ＳＲＣ,近隣商業,未改装,1600.0
5670,東鳴尾,7.0,4.0,３ＬＤＫ,80.0,2018.0,21.0,ＲＣ,近隣商業,改装済み,3000.0
5671,東鳴尾,5.0,4.0,３ＬＤＫ,75.0,2018.0,27.0,ＳＲＣ,１種住居,改装済み,2300.0
5672,東鳴尾,7.0,4.0,３ＬＤＫ,75.0,2018.0,21.0,ＲＣ,近隣商業,未改装,2000.0
5674,苦楽園口,14.0,3.0,２ＬＤＫ,90.0,2018.0,31.0,ＲＣ,１中住専,改装済み,4500.0
5675,苦楽園口,15.0,4.0,３ＬＤＫ,75.0,2018.0,11.0,ＲＣ,１中住専,未改装,2700.0
5676,苦楽園口,14.0,4.0,３ＬＤＫ,85.0,2018.0,31.0,ＲＣ,１中住専,改装済み,3900.0
5678,久寿川,11.0,5.0,４ＬＤＫ,95.0,2018.0,9.0,ＲＣ,準工業,未改装,4100.0
5679,久寿川,10.0,4.0,３ＬＤＫ,70.0,2018.0,9.0,ＲＣ,準工業,改装済み,3300.0
5680,甲子園,13.0,2.0,１Ｋ,15.0,2018.0,23.0,ＲＣ,１中住専,未改装,500.0
5682,甲子園口,13.0,2.0,１ＤＫ,25.0,2018.0,30.0,ＲＣ,１中住専,未改装,630.0
5685,甲子園口,16.0,4.0,３ＬＤＫ,75.0,2018.0,19.0,ＲＣ,１中住専,改装済み,3500.0
5687,甲東園,13.0,4.0,３ＬＤＫ,75.0,2018.0,12.0,ＳＲＣ,１低住専,未改装,4300.0
5688,甲東園,4.0,4.0,３ＬＤＫ,75.0,2018.0,17.0,ＲＣ,１中住専,未改装,3900.0
5690,苦楽園口,7.0,4.0,３ＬＤＫ,75.0,2018.0,5.0,ＲＣ,１中住専,未改装,4000.0
5692,香櫨園,9.0,5.0,４ＬＤＫ,95.0,2018.0,34.0,ＲＣ,１中住専,未改装,2100.0
5693,西宮北口,13.0,4.0,３ＬＤＫ,70.0,2018.0,7.0,ＲＣ,１中住専,未改装,4300.0
5694,西宮北口,14.0,4.0,３ＬＤＫ,70.0,2018.0,7.0,ＲＣ,１中住専,改装済み,4300.0
5696,西宮北口,14.0,5.0,４ＬＤＫ,85.0,2018.0,5.0,ＲＣ,１中住専,未改装,5100.0
5699,苦楽園口,5.0,3.0,２ＬＤＫ,75.0,2018.0,17.0,ＲＣ,１低住専,未改装,4900.0
5701,西宮北口,6.0,2.0,１ＤＫ,35.0,2018.0,20.0,ＳＲＣ,１中住専,未改装,1700.0
5702,西宮(阪神),12.0,5.0,４ＬＤＫ,70.0,2018.0,44.0,ＳＲＣ,準工業,改装済み,1700.0
5703,西宮(阪神),12.0,3.0,２ＬＤＫ,75.0,2018.0,44.0,ＳＲＣ,準工業,改装済み,1500.0
5704,西宮(阪神),14.0,4.0,３ＬＤＫ,65.0,2018.0,44.0,ＳＲＣ,準工業,未改装,1000.0
5706,西宮(阪神),18.0,4.0,３ＬＤＫ,65.0,2018.0,22.0,ＲＣ,準工業,未改装,1800.0
5707,甲子園口,6.0,4.0,３ＬＤＫ,70.0,2018.0,17.0,ＲＣ,１中住専,未改装,2700.0
5710,甲子園口,7.0,4.0,３ＬＤＫ,70.0,2018.0,11.0,ＲＣ,１中住専,未改装,4100.0
5712,西宮(ＪＲ),7.0,4.0,３ＬＤＫ,75.0,2018.0,11.0,ＲＣ,１中住専,未改装,4200.0
5713,苦楽園口,12.0,4.0,３ＬＤＫ,75.0,2018.0,44.0,ＲＣ,１低住専,未改装,1400.0
5715,苦楽園口,15.0,4.0,３ＬＤＫ,90.0,2018.0,10.0,ＳＲＣ,１低住専,改装済み,4100.0
5716,夙川,10.0,4.0,３ＬＤＫ,55.0,2018.0,19.0,ＲＣ,１中住専,未改装,3000.0
5717,夙川,7.0,4.0,３ＬＤＫ,75.0,2018.0,20.0,ＲＣ,１中住専,未改装,4500.0
5718,甲子園,10.0,4.0,３ＤＫ,75.0,2018.0,49.0,ＲＣ,２中住専,改装済み,1700.0
5721,甲子園,7.0,4.0,３ＬＤＫ,75.0,2018.0,16.0,ＲＣ,２種住居,未改装,3000.0
5723,甲子園,2.0,3.0,２ＬＤＫ,60.0,2018.0,28.0,ＲＣ,１種住居,未改装,1000.0
5724,甲子園,6.0,3.0,２ＬＤＫ,55.0,2018.0,49.0,ＲＣ,近隣商業,未改装,910.0
5725,甲子園,5.0,4.0,３ＬＤＫ,60.0,2018.0,44.0,ＲＣ,１種住居,改装済み,1400.0
5726,甲子園,11.0,4.0,３ＬＤＫ,70.0,2018.0,12.0,ＲＣ,２種住居,未改装,3300.0
5728,鳴尾・武庫川女子大前,14.0,4.0,３ＬＤＫ,80.0,2018.0,12.0,ＲＣ,２種住居,未改装,3600.0
5730,甲子園,2.0,4.0,３ＬＤＫ,75.0,2018.0,15.0,ＲＣ,２中住専,改装済み,5400.0
5732,甲子園口,2.0,3.0,２ＬＤＫ,55.0,2018.0,18.0,ＲＣ,近隣商業,未改装,2400.0
5733,甲子園口,6.0,2.0,１Ｋ,15.0,2018.0,34.0,ＲＣ,近隣商業,未改装,300.0
5734,甲子園口,9.0,4.0,３ＬＤＫ,70.0,2018.0,46.0,ＲＣ,１中住専,未改装,1500.0
5735,甲子園口,16.0,4.0,３ＬＤＫ,65.0,2018.0,18.0,ＲＣ,近隣商業,未改装,2200.0
5737,甲子園口,3.0,4.0,３ＬＤＫ,75.0,2018.0,20.0,ＲＣ,近隣商業,未改装,3400.0
5740,甲子園口,4.0,4.0,３ＬＤＫ,65.0,2018.0,18.0,ＲＣ,１中住専,未改装,3000.0
5741,甲子園口,4.0,4.0,３ＬＤＫ,80.0,2018.0,20.0,ＲＣ,１中住専,未改装,3400.0
5742,甲子園口,3.0,4.0,３ＬＤＫ,110.0,2018.0,11.0,ＲＣ,１中住専,未改装,6000.0
5743,甲子園口,5.0,4.0,３ＬＤＫ,80.0,2018.0,40.0,ＲＣ,１中住専,未改装,2100.0
5747,甲子園,8.0,4.0,３ＬＤＫ,55.0,2018.0,22.0,ＲＣ,１種住居,未改装,1600.0
5750,甲子園,9.0,3.0,２ＤＫ,55.0,2018.0,14.0,ＲＣ,近隣商業,未改装,2100.0
5754,甲子園,11.0,2.0,１ＬＤＫ,50.0,2018.0,14.0,ＲＣ,近隣商業,未改装,1900.0
5755,甲東園,3.0,4.0,３ＬＤＫ,70.0,2018.0,45.0,ＳＲＣ,近隣商業,未改装,1600.0
5756,甲東園,1.0,4.0,３ＬＤＫ,65.0,2018.0,12.0,ＲＣ,近隣商業,改装済み,4300.0
5757,甲東園,3.0,4.0,３ＤＫ,55.0,2018.0,21.0,ＲＣ,近隣商業,未改装,2200.0
5758,甲東園,3.0,4.0,３ＬＤＫ,60.0,2018.0,20.0,ＲＣ,近隣商業,未改装,2600.0
5759,甲東園,3.0,4.0,３ＬＤＫ,75.0,2018.0,45.0,ＳＲＣ,近隣商業,改装済み,2400.0
5760,香櫨園,12.0,4.0,３ＬＤＫ,85.0,2018.0,4.0,ＲＣ,近隣商業,未改装,4400.0
5761,甲陽園,3.0,5.0,４ＬＤＫ,90.0,2018.0,20.0,ＲＣ,２低住専,未改装,4500.0
5762,甲陽園,14.0,4.0,３ＬＤＫ,95.0,2018.0,5.0,ＲＣ,１中住専,改装済み,3300.0
5764,甲陽園,1.0,2.0,１ＬＤＫ,50.0,2018.0,47.0,ＲＣ,近隣商業,改装済み,1600.0
5766,甲陽園,2.0,3.0,２ＬＤＫ,60.0,2018.0,47.0,ＲＣ,近隣商業,改装済み,1400.0
5768,甲陽園,2.0,3.0,２ＤＫ,55.0,2018.0,47.0,ＲＣ,近隣商業,未改装,1000.0
5769,甲陽園,3.0,4.0,３ＬＤＫ,65.0,2018.0,41.0,ＳＲＣ,近隣商業,未改装,1400.0
5770,甲陽園,1.0,3.0,２ＬＤＫ,60.0,2018.0,47.0,ＲＣ,近隣商業,改装済み,1800.0
5772,甲陽園,1.0,3.0,２ＬＤＫ,50.0,2018.0,47.0,ＲＣ,近隣商業,改装済み,1400.0
5773,甲陽園,1.0,3.0,２ＬＤＫ,85.0,2018.0,3.0,ＲＣ,１中住専,未改装,6000.0
5776,甲子園口,14.0,4.0,３ＬＤＫ,75.0,2018.0,14.0,ＲＣ,２中住専,未改装,3200.0
5778,武庫川,13.0,5.0,４ＬＤＫ,75.0,2018.0,21.0,ＲＣ,２中住専,改装済み,3900.0
5779,武庫川,15.0,4.0,３ＬＤＫ,75.0,2018.0,3.0,ＲＣ,２中住専,改装済み,4000.0
5780,武庫川,13.0,4.0,３ＬＤＫ,75.0,2018.0,21.0,ＲＣ,２中住専,改装済み,4000.0
5781,武庫川,13.0,3.0,２ＬＤＫ,75.0,2018.0,21.0,ＲＣ,２中住専,改装済み,3800.0
5782,武庫川,12.0,5.0,４ＬＤＫ,75.0,2018.0,3.0,ＲＣ,２中住専,改装済み,4000.0
5783,武庫川,11.0,4.0,３ＬＤＫ,75.0,2018.0,21.0,ＲＣ,２中住専,改装済み,3700.0
5784,武庫川,12.0,4.0,３ＬＤＫ,75.0,2018.0,21.0,ＲＣ,１中住専,改装済み,4000.0
5785,武庫川,12.0,4.0,３ＬＤＫ,75.0,2018.0,3.0,ＲＣ,２中住専,改装済み,4300.0
5789,鳴尾・武庫川女子大前,8.0,3.0,２ＬＤＫ,55.0,2018.0,46.0,ＳＲＣ,１種住居,改装済み,1500.0
5792,苦楽園口,9.0,4.0,３ＬＤＫ,80.0,2018.0,18.0,ＲＣ,１低住専,未改装,3900.0
5794,西宮(阪神),5.0,2.0,１Ｋ,20.0,2018.0,11.0,ＲＣ,近隣商業,未改装,1600.0
5797,西宮名塩,8.0,4.0,３ＬＤＫ,65.0,2018.0,19.0,ＲＣ,１中住専,未改装,1000.0
5798,西宮名塩,8.0,4.0,３ＬＤＫ,75.0,2018.0,19.0,ＲＣ,１中住専,未改装,1400.0
5800,香櫨園,11.0,4.0,３ＬＤＫ,80.0,2018.0,21.0,ＲＣ,１中住専,未改装,3100.0
5803,甲東園,2.0,4.0,３ＬＤＫ,70.0,2018.0,19.0,ＲＣ,近隣商業,未改装,4000.0
5805,苦楽園口,10.0,3.0,２ＬＤＫ,85.0,2018.0,12.0,ＲＣ,１低住専,未改装,5000.0
5807,甲陽園,12.0,4.0,３ＬＤＫ,75.0,2018.0,18.0,ＲＣ,１低住専,未改装,2700.0
5808,甲陽園,11.0,4.0,３ＬＤＫ,65.0,2018.0,18.0,ＲＣ,１低住専,未改装,2400.0
5810,苦楽園口,18.0,5.0,４ＬＤＫ,95.0,2018.0,15.0,ＲＣ,１低住専,未改装,3500.0
5811,苦楽園口,16.0,5.0,４ＬＤＫ,100.0,2018.0,13.0,ＲＣ,１中住専,未改装,3100.0
5813,苦楽園口,15.0,4.0,３ＬＤＫ,65.0,2018.0,41.0,ＲＣ,１中住専,改装済み,1300.0
5814,苦楽園口,14.0,4.0,３ＬＤＫ,70.0,2018.0,22.0,ＲＣ,１中住専,改装済み,3000.0
5817,甲陽園,23.0,3.0,２ＬＤＫ,65.0,2018.0,29.0,ＲＣ,１中住専,改装済み,2000.0
5821,甲陽園,23.0,4.0,３ＬＤＫ,65.0,2018.0,29.0,ＲＣ,１中住専,未改装,1500.0
5823,西宮(ＪＲ),29.0,4.0,３ＬＤＫ,75.0,2018.0,22.0,ＲＣ,１中住専,未改装,2000.0
5826,武庫川団地前,11.0,5.0,４ＬＤＫ,95.0,2018.0,28.0,ＳＲＣ,１中住専,未改装,1500.0
5827,武庫川団地前,6.0,5.0,４ＬＤＫ,95.0,2018.0,14.0,ＲＣ,１中住専,未改装,2900.0
5829,武庫川団地前,14.0,4.0,３ＬＤＫ,95.0,2018.0,33.0,ＳＲＣ,１中住専,未改装,2100.0
5830,武庫川団地前,5.0,3.0,２ＬＤＫ,60.0,2018.0,29.0,ＳＲＣ,１中住専,改装済み,1300.0
5831,武庫川団地前,12.0,5.0,４ＬＤＫ,95.0,2018.0,33.0,ＳＲＣ,１中住専,未改装,1600.0
5833,夙川,12.0,3.0,２ＬＤＫ,60.0,2018.0,50.0,ＲＣ,１中住専,改装済み,1200.0
5835,西宮北口,10.0,3.0,２ＬＤＫ,60.0,2018.0,43.0,ＳＲＣ,準工業,未改装,1200.0
5836,西宮北口,3.0,4.0,３ＬＤＫ,65.0,2018.0,18.0,ＳＲＣ,商業,未改装,3700.0
5837,西宮北口,3.0,3.0,２ＬＤＫ,75.0,2018.0,10.0,ＲＣ,商業,改装済み,6900.0
5838,西宮北口,10.0,4.0,３ＬＤＫ,85.0,2018.0,4.0,ＲＣ,１種住居,未改装,4700.0
5842,香櫨園,10.0,4.0,３ＬＤＫ,70.0,2018.0,17.0,ＲＣ,１種住居,未改装,2800.0
5843,香櫨園,10.0,4.0,２ＬＤＫ＋Ｓ,60.0,2018.0,21.0,ＲＣ,１種住居,未改装,2100.0
5844,香櫨園,12.0,4.0,３ＬＤＫ,65.0,2018.0,21.0,ＲＣ,１種住居,未改装,2600.0
5846,西宮(阪神),3.0,3.0,２ＬＤＫ,55.0,2018.0,12.0,ＲＣ,商業,未改装,3100.0
5847,仁川,11.0,4.0,３ＬＤＫ,70.0,2018.0,15.0,ＲＣ,１中住専,未改装,3000.0
5848,仁川,8.0,2.0,１ＬＤＫ,60.0,2018.0,10.0,ＲＣ,２中住専,未改装,2600.0
5851,阪神国道,4.0,4.0,３ＬＤＫ,65.0,2018.0,3.0,ＲＣ,１種住居,未改装,3300.0
5852,阪神国道,6.0,4.0,３ＬＤＫ,70.0,2018.0,20.0,ＲＣ,準工業,改装済み,2900.0
5857,西宮(ＪＲ),3.0,3.0,２ＬＤＫ,60.0,2018.0,11.0,ＲＣ,２種住居,未改装,3200.0
5858,西宮(ＪＲ),8.0,4.0,３ＬＤＫ,65.0,2018.0,17.0,ＲＣ,準工業,未改装,3100.0
5859,今津(阪神),3.0,4.0,３ＬＤＫ,60.0,2018.0,4.0,ＲＣ,近隣商業,未改装,3000.0
5861,今津(阪神),2.0,4.0,３ＬＤＫ,70.0,2018.0,13.0,ＲＣ,近隣商業,未改装,3400.0
5863,今津(阪神),9.0,4.0,３ＬＤＫ,60.0,2018.0,22.0,ＳＲＣ,１種住居,未改装,2200.0
5866,甲子園口,7.0,4.0,３ＬＤＫ,65.0,2018.0,46.0,ＲＣ,１中住専,未改装,1600.0
5868,夙川,9.0,3.0,２ＬＤＫ,55.0,2018.0,21.0,ＲＣ,１低住専,未改装,2700.0
5869,甲子園口,10.0,4.0,３ＬＤＫ,70.0,2018.0,14.0,ＲＣ,１種住居,未改装,3100.0
5870,甲子園口,12.0,3.0,２ＬＤＫ,35.0,2018.0,30.0,ＲＣ,１種住居,未改装,420.0
5871,西宮(ＪＲ),12.0,4.0,３ＬＤＫ,65.0,2018.0,20.0,ＲＣ,１種住居,未改装,2600.0
5872,甲子園口,12.0,4.0,３ＬＤＫ,70.0,2018.0,20.0,ＳＲＣ,近隣商業,未改装,2000.0
5873,西宮(ＪＲ),9.0,4.0,３ＬＤＫ,65.0,2018.0,14.0,ＲＣ,１種住居,未改装,3300.0
5874,西宮(ＪＲ),9.0,4.0,３ＬＤＫ,70.0,2018.0,14.0,ＲＣ,１種住居,未改装,3500.0
5875,西宮(ＪＲ),9.0,3.0,２ＬＤＫ,55.0,2018.0,14.0,ＳＲＣ,１種住居,改装済み,2700.0
5878,西宮名塩,9.0,4.0,３ＬＤＫ,70.0,2018.0,22.0,ＲＣ,２中住専,未改装,950.0
5880,西宮名塩,5.0,4.0,３ＬＤＫ,70.0,2018.0,22.0,ＲＣ,２中住専,未改装,950.0
5881,西宮名塩,1.0,5.0,４ＬＤＫ,95.0,2018.0,10.0,ＲＣ,商業,未改装,2800.0
5883,西宮名塩,1.0,4.0,３ＬＤＫ,75.0,2018.0,10.0,ＲＣ,商業,未改装,2100.0
5884,西宮名塩,5.0,5.0,４ＬＤＫ,85.0,2018.0,12.0,ＲＣ,１中住専,未改装,2100.0
5887,生瀬,12.0,4.0,３ＬＤＫ,75.0,2018.0,19.0,ＳＲＣ,２中住専,改装済み,2100.0
5888,生瀬,12.0,5.0,４ＬＤＫ,75.0,2018.0,19.0,ＳＲＣ,２中住専,未改装,1300.0
5889,生瀬,13.0,4.0,３ＬＤＫ,75.0,2018.0,21.0,ＳＲＣ,２中住専,未改装,1100.0
5891,鳴尾・武庫川女子大前,7.0,4.0,３ＬＤＫ,70.0,2018.0,7.0,ＳＲＣ,１種住居,未改装,3600.0
5893,鳴尾・武庫川女子大前,6.0,4.0,３ＤＫ,40.0,2018.0,47.0,鉄骨造,１種住居,未改装,420.0
5896,鳴尾・武庫川女子大前,4.0,4.0,３ＬＤＫ,80.0,2018.0,14.0,ＲＣ,近隣商業,未改装,3500.0
5898,仁川,5.0,4.0,３ＬＤＫ,70.0,2018.0,3.0,ＲＣ,２低住専,未改装,4100.0
5900,仁川,15.0,4.0,３ＬＤＫ,65.0,2018.0,17.0,ＲＣ,１低住専,未改装,1800.0
5901,西宮(阪神),10.0,2.0,１Ｋ,25.0,2018.0,10.0,ＲＣ,近隣商業,改装済み,990.0
5902,西宮(阪神),10.0,2.0,１Ｋ,25.0,2018.0,10.0,ＲＣ,近隣商業,未改装,1500.0
5905,西宮(阪神),30.0,4.0,３ＬＤＫ,75.0,2018.0,20.0,ＳＲＣ,１中住専,改装済み,1900.0
5907,西宮(阪神),30.0,5.0,４ＬＤＫ,85.0,2018.0,20.0,ＳＲＣ、ＲＣ,１中住専,改装済み,2400.0
5909,西宮(阪神),30.0,3.0,２ＬＤＫ,70.0,2018.0,20.0,ＳＲＣ,１中住専,未改装,1400.0
5911,西宮(阪神),30.0,4.0,３ＬＤＫ,70.0,2018.0,20.0,ＳＲＣ,１中住専,未改装,1200.0
5912,甲陽園,13.0,4.0,３ＬＤＫ,85.0,2018.0,11.0,ＲＣ,１中住専,改装済み,4100.0
5914,門戸厄神,4.0,4.0,３ＬＤＫ,70.0,2018.0,23.0,ＲＣ,１中住専,改装済み,4700.0
5915,門戸厄神,5.0,5.0,４ＬＤＫ,85.0,2018.0,32.0,ＲＣ,１中住専,未改装,2700.0
5918,門戸厄神,4.0,4.0,３ＬＤＫ,70.0,2018.0,2.0,ＲＣ,１中住専,改装済み,4500.0
5919,夙川,4.0,4.0,３ＬＤＫ,90.0,2018.0,22.0,ＲＣ,１中住専,未改装,6200.0
5921,西宮(ＪＲ),7.0,3.0,２ＬＤＫ,65.0,2018.0,17.0,ＲＣ,１種住居,改装済み,2800.0
5922,西宮(ＪＲ),8.0,4.0,３ＬＤＫ,70.0,2018.0,5.0,ＲＣ,１種住居,未改装,4200.0
5923,西宮(ＪＲ),8.0,4.0,３ＬＤＫ,65.0,2018.0,7.0,ＲＣ,近隣商業,未改装,3500.0
5924,西宮(ＪＲ),8.0,4.0,３ＬＤＫ,65.0,2018.0,5.0,ＲＣ,近隣商業,未改装,3400.0
5927,西宮(阪神),5.0,3.0,２ＬＤＫ,85.0,2018.0,12.0,ＲＣ,商業,未改装,4400.0
5929,西宮(阪神),4.0,4.0,３ＬＤＫ,70.0,2018.0,17.0,ＳＲＣ,商業,改装済み,3900.0
5931,甲子園,19.0,4.0,３ＬＤＫ,75.0,2018.0,19.0,ＲＣ,１中住専,改装済み,2500.0
5933,甲子園,16.0,4.0,３ＬＤＫ,95.0,2018.0,16.0,ＳＲＣ,１種住居,改装済み,3400.0
5934,今津(阪神),13.0,5.0,４ＬＤＫ,80.0,2018.0,7.0,ＲＣ,準工業,未改装,3900.0
5935,東鳴尾,6.0,4.0,３ＬＤＫ,60.0,2018.0,41.0,ＲＣ,１種住居,改装済み,1600.0
5936,東鳴尾,4.0,4.0,３ＬＤＫ,60.0,2018.0,39.0,ＳＲＣ,１種住居,未改装,900.0
5938,西宮(阪神),18.0,4.0,３ＬＤＫ,75.0,2018.0,14.0,ＲＣ,準工業,未改装,2800.0
5940,西宮(阪神),15.0,4.0,３ＬＤＫ,75.0,2018.0,14.0,ＲＣ,準工業,未改装,3000.0
5941,西宮(阪神),19.0,4.0,３ＬＤＫ,60.0,2018.0,22.0,ＲＣ,準工業,未改装,1700.0
5942,西宮(阪神),19.0,4.0,３ＬＤＫ,60.0,2018.0,21.0,ＳＲＣ,準工業,改装済み,2000.0
5943,西宮(阪神),19.0,4.0,３ＬＤＫ,60.0,2018.0,21.0,ＳＲＣ,準工業,未改装,1200.0
5944,西宮(阪神),19.0,4.0,３ＬＤＫ,65.0,2018.0,21.0,ＳＲＣ,準工業,未改装,1900.0
5945,西宮名塩,12.0,4.0,３ＬＤＫ,100.0,2018.0,25.0,ＲＣ,１中住専,未改装,1600.0
5946,西宮名塩,14.0,4.0,３ＬＤＫ,80.0,2018.0,24.0,ＲＣ,１中住専,未改装,800.0
5949,苦楽園口,12.0,5.0,４ＬＤＫ,85.0,2018.0,21.0,ＲＣ,１中住専,未改装,4000.0
5954,門戸厄神,12.0,4.0,３ＬＤＫ,75.0,2018.0,23.0,ＲＣ,１中住専,未改装,2400.0
5955,門戸厄神,15.0,4.0,３ＬＤＫ,60.0,2018.0,15.0,ＲＣ,１中住専,未改装,2600.0
5956,西宮北口,7.0,4.0,３ＬＤＫ,70.0,2018.0,20.0,ＲＣ,１中住専,未改装,3200.0
5957,西宮北口,16.0,2.0,１Ｋ,15.0,2018.0,32.0,ＲＣ,１中住専,未改装,310.0
5958,西宮北口,16.0,4.0,３ＬＤＫ,55.0,2018.0,15.0,ＲＣ,２中住専,改装済み,2600.0
5959,西宮北口,20.0,4.0,３ＬＤＫ,70.0,2018.0,19.0,ＲＣ,１中住専,未改装,2600.0
5961,夙川,16.0,5.0,４ＬＤＫ,80.0,2018.0,17.0,ＲＣ,１低住専,改装済み,3200.0
5962,西宮北口,9.0,3.0,２ＬＤＫ,60.0,2018.0,8.0,ＲＣ,工業,未改装,3300.0
5963,西宮北口,9.0,2.0,１Ｋ,20.0,2018.0,9.0,ＲＣ,準工業,未改装,1200.0
5964,門戸厄神,6.0,3.0,２ＬＤＫ,50.0,2018.0,21.0,ＲＣ,１中住専,改装済み,2200.0
5965,甲子園口,4.0,3.0,２ＬＤＫ,85.0,2018.0,17.0,ＲＣ,１中住専,改装済み,4700.0
5967,苦楽園口,8.0,2.0,１ＬＤＫ,35.0,2018.0,48.0,鉄骨造,１低住専,未改装,300.0
5968,苦楽園口,8.0,2.0,１ＤＫ,45.0,2018.0,48.0,鉄骨造,１低住専,未改装,300.0
5971,香櫨園,11.0,4.0,３ＬＤＫ,75.0,2018.0,17.0,ＲＣ,１種住居,改装済み,2100.0
5973,さくら夙川,7.0,4.0,３ＬＤＫ,115.0,2018.0,29.0,ＲＣ,１中住専,未改装,4700.0
5976,夙川,8.0,4.0,３ＬＤＫ,145.0,2018.0,13.0,ＲＣ,１中住専,未改装,10000.0
5977,甲子園口,7.0,4.0,３ＬＤＫ,75.0,2018.0,11.0,ＲＣ,１中住専,改装済み,4100.0
5978,甲子園口,7.0,4.0,３ＬＤＫ,75.0,2018.0,11.0,ＲＣ,１中住専,未改装,4400.0
5979,甲子園口,8.0,4.0,３ＬＤＫ,75.0,2018.0,14.0,ＲＣ,１中住専,未改装,5100.0
5980,西宮(ＪＲ),3.0,2.0,１ＬＤＫ,65.0,2018.0,5.0,ＲＣ,近隣商業,未改装,4300.0
5981,西宮(ＪＲ),5.0,3.0,２ＬＤＫ,75.0,2018.0,12.0,ＲＣ,近隣商業,未改装,3800.0
5982,西宮北口,11.0,4.0,３ＬＤＫ,65.0,2018.0,16.0,ＲＣ,１中住専,未改装,2400.0
5984,西宮北口,8.0,4.0,３ＬＤＫ,70.0,2018.0,18.0,ＲＣ,１中住専,改装済み,4000.0
5987,夙川,12.0,4.0,３ＬＤＫ,75.0,2018.0,47.0,ＲＣ,１中住専,改装済み,1500.0
5989,甲子園,13.0,4.0,３ＬＤＫ,80.0,2018.0,13.0,ＲＣ,２種住居,未改装,4300.0
5990,甲子園,10.0,4.0,３ＬＤＫ,75.0,2018.0,16.0,ＲＣ,２中住専,未改装,3300.0
5992,苦楽園口,3.0,3.0,２ＬＤＫ,80.0,2018.0,10.0,ＲＣ,１中住専,未改装,6900.0
5994,西宮(ＪＲ),12.0,5.0,４ＬＤＫ,85.0,2018.0,5.0,ＲＣ,１種住居,改装済み,5200.0
5995,甲東園,13.0,4.0,３ＬＤＫ,75.0,2018.0,19.0,ＲＣ,１中住専,改装済み,2900.0
5996,甲東園,13.0,4.0,３ＬＤＫ,75.0,2018.0,19.0,ＲＣ,１中住専,未改装,2100.0
5997,門戸厄神,9.0,5.0,４ＬＤＫ,80.0,2018.0,14.0,ＲＣ,１中住専,未改装,4300.0
5998,門戸厄神,9.0,4.0,３ＬＤＫ,70.0,2018.0,14.0,ＲＣ,１中住専,未改装,3200.0
6000,さくら夙川,8.0,4.0,３ＬＤＫ,75.0,2018.0,19.0,ＲＣ,近隣商業,改装済み,4600.0
6001,さくら夙川,2.0,4.0,３ＬＤＫ,75.0,2018.0,21.0,ＳＲＣ,１中住専,改装済み,5400.0
6002,有馬温泉,25.0,3.0,２ＬＤＫ,60.0,2018.0,19.0,ＲＣ,１低住専,改装済み,800.0
6005,香櫨園,8.0,5.0,４ＬＤＫ,145.0,2018.0,27.0,ＲＣ,１種住居,未改装,3700.0
6008,西宮(阪神),4.0,2.0,１Ｋ,25.0,2018.0,9.0,ＲＣ,近隣商業,未改装,1800.0
6009,西宮(阪神),3.0,3.0,２ＤＫ,55.0,2018.0,5.0,ＲＣ,近隣商業,未改装,3000.0
6010,西宮北口,3.0,4.0,３ＬＤＫ,80.0,2018.0,18.0,ＳＲＣ,２種住居,改装済み,5200.0
6011,西宮北口,5.0,4.0,３ＬＤＫ,80.0,2018.0,18.0,ＳＲＣ,２種住居,改装済み,4900.0
6013,西宮北口,6.0,4.0,３ＬＤＫ,80.0,2018.0,7.0,ＲＣ,２種住居,未改装,5000.0
6014,西宮(ＪＲ),7.0,3.0,２ＬＤＫ,65.0,2018.0,20.0,ＳＲＣ,近隣商業,改装済み,3900.0
6015,西宮(ＪＲ),7.0,4.0,３ＬＤＫ,105.0,2018.0,20.0,ＳＲＣ,近隣商業,未改装,4700.0
6019,鳴尾・武庫川女子大前,13.0,5.0,４ＬＤＫ,140.0,2018.0,16.0,ＲＣ,１中住専,未改装,7300.0
6020,夙川,8.0,4.0,３ＬＤＫ,65.0,2018.0,21.0,ＲＣ,１中住専,未改装,3900.0
6021,夙川,6.0,4.0,３ＬＤＫ,65.0,2018.0,7.0,ＲＣ,１中住専,未改装,4200.0
6022,夙川,8.0,4.0,３ＬＤＫ,80.0,2018.0,21.0,ＲＣ,１中住専,改装済み,4500.0
6024,甲子園,10.0,4.0,３ＬＤＫ,75.0,2014.0,43.0,ＲＣ,１中住専,未改装,1500.0
6025,西宮(ＪＲ),1.0,4.0,３ＬＤＫ,75.0,2014.0,19.0,ＳＲＣ,近隣商業,未改装,3000.0
6026,西宮(ＪＲ),2.0,4.0,３ＬＤＫ,90.0,2014.0,21.0,ＳＲＣ,近隣商業,未改装,3300.0
6027,西宮(ＪＲ),1.0,4.0,３ＬＤＫ,100.0,2014.0,21.0,ＳＲＣ,近隣商業,改装済み,3400.0
6028,西宮(ＪＲ),1.0,4.0,３ＬＤＫ,75.0,2014.0,19.0,ＳＲＣ,近隣商業,未改装,2800.0
6029,香櫨園,14.0,4.0,３ＬＤＫ,60.0,2014.0,42.0,ＲＣ,１種住居,改装済み,850.0
6030,香櫨園,15.0,4.0,３ＬＤＫ,60.0,2014.0,36.0,ＳＲＣ,準工業,改装済み,1300.0
6031,香櫨園,16.0,5.0,４ＬＤＫ,75.0,2014.0,9.0,ＲＣ,準工業,未改装,2500.0
6032,香櫨園,15.0,5.0,４ＬＤＫ,150.0,2014.0,22.0,ＲＣ,１種住居,未改装,3700.0
6033,西宮(阪神),21.0,4.0,３ＬＤＫ,75.0,2014.0,9.0,ＲＣ,準工業,未改装,2600.0
6034,甲陽園,18.0,4.0,３ＬＤＫ,75.0,2014.0,15.0,ＲＣ,１中住専,未改装,2000.0
6035,甲陽園,20.0,4.0,３ＬＤＫ,70.0,2014.0,15.0,ＲＣ,１中住専,未改装,2000.0
6036,西宮北口,30.0,4.0,３ＬＤＫ,70.0,2014.0,34.0,ＲＣ,１中住専,未改装,900.0
6037,門戸厄神,30.0,4.0,３ＬＤＫ,75.0,2014.0,15.0,ＲＣ,１中住専,未改装,2200.0
6039,仁川,20.0,3.0,２ＬＤＫ,55.0,2014.0,16.0,ＲＣ,１中住専,改装済み,2000.0
6040,仁川,23.0,4.0,３ＬＤＫ,75.0,2014.0,13.0,ＲＣ,１中住専,未改装,2400.0
6042,久寿川,13.0,5.0,４ＬＤＫ,80.0,2014.0,16.0,ＳＲＣ,１種住居,未改装,2300.0
6044,久寿川,18.0,4.0,３ＬＤＫ,75.0,2014.0,31.0,ＲＣ,１種住居,改装済み,930.0
6045,西宮北口,30.0,4.0,３ＬＤＫ,60.0,2014.0,16.0,ＲＣ,１中住専,改装済み,1500.0
6046,甲東園,25.0,3.0,２ＬＤＫ,70.0,2014.0,17.0,ＲＣ,１中住専,未改装,1900.0
6047,甲東園,26.0,5.0,４ＬＤＫ,85.0,2014.0,17.0,ＲＣ,１中住専,改装済み,2400.0
6048,甲陽園,23.0,4.0,３ＬＤＫ,80.0,2014.0,20.0,ＲＣ,１中住専,改装済み,2300.0
6049,甲陽園,18.0,4.0,３ＬＤＫ,75.0,2014.0,20.0,ＲＣ,１中住専,未改装,2200.0
6051,甲陽園,15.0,4.0,３ＬＤＫ,65.0,2014.0,36.0,ＳＲＣ,１中住専,未改装,990.0
6052,甲陽園,16.0,4.0,３ＬＤＫ,65.0,2014.0,36.0,ＳＲＣ,１中住専,改装済み,1100.0
6053,洲先,4.0,4.0,３ＬＤＫ,75.0,2014.0,9.0,ＲＣ,１種住居,未改装,2600.0
6054,武庫川団地前,9.0,5.0,４ＬＤＫ,80.0,2014.0,30.0,ＳＲＣ,１種住居,未改装,1400.0
6057,苦楽園口,19.0,3.0,２ＬＤＫ,55.0,2014.0,39.0,鉄骨造,１低住専,未改装,360.0
6058,夙川,14.0,5.0,４ＬＤＫ,90.0,2014.0,40.0,ＲＣ,１中住専,未改装,2500.0
6059,夙川,14.0,4.0,３ＬＤＫ,85.0,2014.0,40.0,ＲＣ,１中住専,未改装,1100.0
6060,夙川,14.0,4.0,２ＬＤＫ＋Ｓ,85.0,2014.0,40.0,ＲＣ,１中住専,未改装,1200.0
6062,香櫨園,12.0,4.0,３ＬＤＫ,90.0,2014.0,3.0,ＲＣ,１種住居,未改装,4000.0
6063,香櫨園,11.0,4.0,３ＬＤＫ,70.0,2014.0,8.0,ＲＣ,１種住居,未改装,2600.0
6064,香櫨園,15.0,3.0,２ＬＤＫ,75.0,2014.0,30.0,ＲＣ,１種住居,未改装,2600.0
6065,香櫨園,13.0,4.0,３ＬＤＫ,70.0,2014.0,3.0,ＲＣ,１種住居,未改装,2700.0
6066,西宮北口,20.0,4.0,３ＬＤＫ,70.0,2014.0,19.0,ＲＣ,１中住専,未改装,2500.0
6068,苦楽園口,13.0,4.0,３ＬＤＫ,70.0,2014.0,17.0,ＲＣ,１中住専,未改装,2300.0
6069,苦楽園口,15.0,4.0,３ＬＤＫ,70.0,2014.0,16.0,ＳＲＣ,１種住居,未改装,2400.0
6070,鳴尾・武庫川女子大前,7.0,5.0,４ＬＤＫ,85.0,2014.0,12.0,ＲＣ,１中住専,未改装,3500.0
6071,鳴尾・武庫川女子大前,8.0,4.0,３ＬＤＫ,75.0,2014.0,17.0,ＲＣ,１中住専,改装済み,2000.0
6072,鳴尾・武庫川女子大前,8.0,4.0,３ＬＤＫ,70.0,2014.0,17.0,ＲＣ,１中住専,未改装,2300.0
6073,さくら夙川,3.0,4.0,３ＬＤＫ,70.0,2014.0,35.0,ＲＣ,近隣商業,未改装,1800.0
6074,東鳴尾,5.0,4.0,３ＬＤＫ,80.0,2014.0,23.0,ＳＲＣ,１種住居,未改装,2200.0
6075,夙川,7.0,2.0,１Ｋ,15.0,2014.0,30.0,ＲＣ,１中住専,未改装,400.0
6076,苦楽園口,13.0,3.0,２ＬＤＫ,80.0,2014.0,40.0,ＲＣ,１中住専,改装済み,1700.0
6077,苦楽園口,14.0,4.0,３ＬＤＫ,65.0,2014.0,40.0,ＲＣ,１中住専,未改装,980.0
6078,苦楽園口,15.0,4.0,３ＬＤＫ,105.0,2014.0,11.0,ＲＣ,１中住専,未改装,4100.0
6079,苦楽園口,18.0,4.0,３ＬＤＫ,80.0,2014.0,7.0,ＲＣ,１中住専,未改装,3000.0
6080,夙川,20.0,5.0,４ＬＤＫ,90.0,2014.0,28.0,ＲＣ,１中住専,未改装,2000.0
6081,西宮(ＪＲ),23.0,4.0,３ＬＤＫ,90.0,2014.0,28.0,ＲＣ,１中住専,未改装,2200.0
6082,久寿川,11.0,4.0,３ＬＤＫ,70.0,2014.0,5.0,ＲＣ,準工業,未改装,3000.0
6083,甲子園,11.0,4.0,３ＬＤＫ,70.0,2014.0,4.0,ＲＣ,１中住専,未改装,3800.0
6084,甲子園,13.0,2.0,１ＤＫ,25.0,2014.0,19.0,ＲＣ,１中住専,未改装,550.0
6085,甲子園,14.0,4.0,３ＬＤＫ,75.0,2014.0,16.0,ＲＣ,２中住専,改装済み,3000.0
6086,阪神国道,12.0,4.0,３ＬＤＫ,60.0,2014.0,12.0,ＲＣ,準工業,改装済み,2500.0
6087,甲東園,11.0,4.0,３ＬＤＫ,75.0,2014.0,8.0,ＲＣ,１中住専,未改装,370.0
6088,仁川,8.0,4.0,３ＬＤＫ,65.0,2014.0,14.0,ＲＣ,１中住専,未改装,2400.0
6089,香櫨園,6.0,1.0,１Ｒ,15.0,2010.0,21.0,ＲＣ,１種住居,未改装,2800.0
6090,甲陽園,4.0,4.0,３ＬＤＫ,110.0,2014.0,8.0,ＲＣ,１低住専,未改装,5000.0
6091,西宮(ＪＲ),1.0,3.0,２ＬＤＫ,65.0,2010.0,17.0,ＳＲＣ,近隣商業,改装済み,2500.0
6092,西宮(ＪＲ),2.0,4.0,３ＬＤＫ,100.0,2010.0,17.0,ＳＲＣ,近隣商業,改装済み,4000.0
6093,香櫨園,9.0,4.0,３ＬＤＫ,65.0,2014.0,14.0,ＲＣ,１中住専,未改装,2400.0
6094,香櫨園,15.0,4.0,３ＬＤＫ,65.0,2010.0,8.0,ＲＣ,準工業,未改装,2400.0
6095,香櫨園,16.0,4.0,３ＬＤＫ,70.0,2010.0,5.0,ＲＣ,準工業,未改装,2400.0
6096,香櫨園,10.0,4.0,３ＬＤＫ,75.0,2014.0,8.0,ＲＣ,１中住専,未改装,3100.0
6097,香櫨園,10.0,4.0,３ＬＤＫ,65.0,2014.0,8.0,ＲＣ,１中住専,未改装,3000.0
6098,香櫨園,9.0,4.0,３ＬＤＫ,75.0,2014.0,11.0,ＲＣ,１中住専,未改装,2900.0
6099,西宮北口,23.0,3.0,２ＬＤＫ,65.0,2010.0,30.0,ＲＣ,１中住専,未改装,1200.0
6102,香櫨園,2.0,4.0,３ＬＤＫ,80.0,2014.0,16.0,ＳＲＣ,１中住専,未改装,2800.0
6103,久寿川,13.0,4.0,３ＬＤＫ,70.0,2010.0,13.0,ＳＲＣ,１種住居,未改装,1800.0
6104,甲陽園,8.0,4.0,３ＬＤＫ,70.0,2014.0,14.0,ＲＣ,１種住居,未改装,2900.0
6106,西宮北口,6.0,4.0,３ＬＤＫ,70.0,2014.0,15.0,ＲＣ,１中住専,未改装,3800.0
6109,甲東園,25.0,4.0,３ＬＤＫ,70.0,2010.0,13.0,ＲＣ,１中住専,改装済み,2100.0
6110,甲東園,26.0,4.0,３ＬＤＫ,75.0,2010.0,12.0,ＲＣ,１中住専,改装済み,1500.0
6111,苦楽園口,7.0,4.0,３ＬＤＫ,90.0,2014.0,7.0,ＲＣ,１低住専,未改装,6300.0
6112,鳴尾・武庫川女子大前,4.0,4.0,３ＬＤＫ,70.0,2017.0,20.0,ＲＣ,１種住居,改装済み,3500.0
6113,甲陽園,24.0,4.0,３ＬＤＫ,70.0,2010.0,13.0,ＲＣ,１中住専,未改装,2000.0
6115,甲陽園,15.0,4.0,３ＬＤＫ,75.0,2010.0,16.0,ＲＣ,１中住専,改装済み,2000.0
6116,洲先,4.0,4.0,３ＬＤＫ,75.0,2010.0,5.0,ＲＣ,１種住居,未改装,2800.0
6117,甲子園口,10.0,4.0,３ＬＤＫ,65.0,2014.0,37.0,ＲＣ,１中住専,未改装,1400.0
6118,甲子園口,8.0,4.0,３ＬＤＫ,75.0,2014.0,7.0,ＲＣ,１中住専,未改装,4100.0
6119,甲子園口,8.0,4.0,３ＬＤＫ,70.0,2014.0,7.0,ＲＣ,１中住専,未改装,4100.0
6120,甲子園口,7.0,4.0,３ＬＤＫ,70.0,2014.0,7.0,ＲＣ,１中住専,未改装,4100.0
6121,甲子園口,9.0,4.0,３ＬＤＫ,70.0,2014.0,3.0,ＲＣ,１中住専,未改装,3600.0
6122,甲子園口,11.0,4.0,３ＬＤＫ,70.0,2014.0,3.0,ＲＣ,１中住専,未改装,3700.0
6123,西宮(ＪＲ),4.0,1.0,１Ｒ,20.0,2017.0,33.0,ＲＣ,近隣商業,改装済み,550.0
6125,西宮(ＪＲ),2.0,3.0,２ＬＤＫ,75.0,2017.0,24.0,ＳＲＣ,近隣商業,未改装,2800.0
6126,武庫川,4.0,4.0,３ＬＤＫ,65.0,2017.0,33.0,ＲＣ,１種住居,未改装,1600.0
6127,苦楽園口,16.0,4.0,３ＬＤＫ,80.0,2014.0,6.0,ＲＣ,１低住専,未改装,4000.0
6128,洲先,10.0,4.0,３ＬＤＫ,70.0,2010.0,9.0,ＲＣ,１種住居,未改装,2300.0
6129,西宮(阪神),6.0,3.0,２ＬＤＫ,65.0,2010.0,9.0,ＲＣ,近隣商業,改装済み,2500.0
6130,香櫨園,16.0,4.0,３ＬＤＫ,90.0,2017.0,15.0,ＲＣ,準工業,未改装,3400.0
6132,苦楽園口,23.0,5.0,４ＬＤＫ,105.0,2017.0,14.0,ＲＣ,１中住専,未改装,3600.0
6133,苦楽園口,18.0,4.0,３ＬＤＫ,60.0,2010.0,35.0,鉄骨造,１低住専,改装済み,940.0
6134,苦楽園口,16.0,4.0,３ＬＤＫ,75.0,2010.0,0.0,ＲＣ,１中住専,未改装,4800.0
6135,苦楽園口,17.0,3.0,２ＬＤＫ,65.0,2010.0,0.0,ＲＣ,１中住専,未改装,3700.0
6136,苦楽園口,19.0,4.0,３ＬＤＫ,90.0,2010.0,0.0,ＲＣ,１中住専,未改装,5900.0
6138,甲陽園,20.0,4.0,３ＬＤＫ,75.0,2017.0,6.0,ＲＣ,１中住専,未改装,2700.0
6139,甲陽園,21.0,4.0,３ＬＤＫ,70.0,2017.0,37.0,ＲＣ,１中住専,未改装,1200.0
6142,夙川,9.0,4.0,３ＬＤＫ,75.0,2014.0,15.0,ＲＣ,１中住専,改装済み,3400.0
6143,夙川,8.0,4.0,３ＬＤＫ,75.0,2014.0,12.0,ＲＣ,１中住専,未改装,3500.0
6145,甲東園,24.0,3.0,２ＤＫ,45.0,2017.0,40.0,ＲＣ,１中住専,改装済み,850.0
6146,甲子園口,10.0,4.0,３ＬＤＫ,70.0,2014.0,13.0,ＲＣ,近隣商業,改装済み,2800.0
6147,久寿川,5.0,5.0,４ＬＤＫ,75.0,2017.0,32.0,ＳＲＣ、ＲＣ,近隣商業,改装済み,2100.0
6148,久寿川,5.0,4.0,３ＬＤＫ,65.0,2017.0,32.0,ＳＲＣ,近隣商業,改装済み,1600.0
6149,甲子園,15.0,4.0,３ＬＤＫ,70.0,2014.0,45.0,ＲＣ,２中住専,改装済み,1700.0
6150,甲子園,15.0,4.0,３ＬＤＫ,65.0,2014.0,18.0,ＲＣ,１中住専,未改装,2500.0
6151,夙川,11.0,2.0,１ＤＫ,50.0,2010.0,2.0,ＲＣ,１中住専,未改装,2400.0
6152,夙川,11.0,4.0,３ＬＤＫ,75.0,2010.0,2.0,ＲＣ,１中住専,未改装,3600.0
6153,夙川,11.0,4.0,３ＬＤＫ,75.0,2010.0,2.0,ＲＣ,１中住専,未改装,3200.0
6154,夙川,13.0,2.0,１ＬＤＫ,50.0,2010.0,2.0,ＲＣ,１中住専,未改装,2700.0
6155,夙川,13.0,5.0,４ＬＤＫ,85.0,2010.0,36.0,ＲＣ,１中住専,改装済み,1700.0
6156,久寿川,11.0,4.0,３ＬＤＫ,60.0,2017.0,21.0,ＲＣ,１種住居,改装済み,2100.0
6157,久寿川,11.0,4.0,３ＬＤＫ,85.0,2017.0,20.0,ＳＲＣ,１種住居,未改装,3000.0
6158,久寿川,14.0,4.0,３ＬＤＫ,60.0,2017.0,21.0,ＳＲＣ,１種住居,未改装,1800.0
6159,久寿川,15.0,5.0,３ＬＤＫ＋Ｓ,90.0,2017.0,5.0,ＲＣ,準工業,未改装,2900.0
6160,西宮北口,11.0,4.0,３ＬＤＫ,65.0,2010.0,10.0,ＲＣ,１中住専,未改装,2300.0
6161,久寿川,12.0,4.0,３ＬＤＫ,90.0,2017.0,5.0,ＲＣ,準工業,未改装,3000.0
6162,西宮北口,11.0,4.0,３ＬＤＫ,60.0,2010.0,13.0,ＲＣ,準住居,未改装,1900.0
6163,香櫨園,14.0,2.0,１ＬＤＫ,65.0,2010.0,26.0,ＲＣ,１種住居,改装済み,2300.0
6164,香櫨園,11.0,3.0,２ＬＤＫ,60.0,2010.0,4.0,ＲＣ,１種住居,未改装,1900.0
6165,香櫨園,12.0,5.0,４ＬＤＫ,85.0,2010.0,4.0,ＲＣ,１種住居,未改装,3700.0
6166,香櫨園,13.0,4.0,３ＬＤＫ,80.0,2010.0,4.0,ＲＣ,１種住居,未改装,3500.0
6167,香櫨園,14.0,5.0,４ＬＤＫ,85.0,2010.0,10.0,ＲＣ,１種住居,未改装,2500.0
6168,久寿川,15.0,4.0,３ＬＤＫ,75.0,2017.0,34.0,ＲＣ,１種住居,改装済み,1600.0
6170,甲子園,21.0,5.0,４ＬＤＫ,90.0,2017.0,34.0,ＲＣ,１種住居,未改装,1400.0
6171,今津(阪神),4.0,4.0,３ＬＤＫ,65.0,2017.0,7.0,ＲＣ,近隣商業,未改装,3000.0
6173,西宮北口,15.0,4.0,３ＬＤＫ,75.0,2010.0,13.0,ＲＣ,１中住専,未改装,2700.0
6174,西宮北口,16.0,4.0,３ＬＤＫ,70.0,2010.0,14.0,ＲＣ,１中住専,未改装,2800.0
6175,甲子園,11.0,4.0,３ＬＤＫ,60.0,2014.0,16.0,ＲＣ,１中住専,改装済み,2000.0
6176,甲子園,8.0,4.0,３ＬＤＫ,70.0,2014.0,14.0,ＲＣ,２中住専,未改装,1900.0
6177,西宮北口,9.0,4.0,３ＬＤＫ,65.0,2010.0,13.0,ＲＣ,１種住居,未改装,2700.0
6178,甲子園,11.0,3.0,２ＬＤＫ,55.0,2014.0,14.0,ＲＣ,２中住専,未改装,1900.0
6179,西宮北口,9.0,4.0,３ＬＤＫ,70.0,2010.0,13.0,ＲＣ,１種住居,未改装,2700.0
6180,鳴尾・武庫川女子大前,11.0,5.0,４ＬＤＫ,80.0,2014.0,8.0,ＲＣ,２種住居,未改装,3700.0
6182,苦楽園口,15.0,4.0,３ＬＤＫ,70.0,2010.0,12.0,ＳＲＣ,１種住居,未改装,2400.0
6183,久寿川,3.0,4.0,３ＬＤＫ,60.0,2014.0,24.0,ＲＣ,１種住居,未改装,1800.0
6184,甲子園,4.0,4.0,３ＬＤＫ,90.0,2014.0,9.0,ＲＣ,２中住専,未改装,5500.0
6185,さくら夙川,3.0,4.0,３ＬＤＫ,70.0,2010.0,31.0,ＲＣ,近隣商業,改装済み,2600.0
6186,さくら夙川,3.0,3.0,２ＬＤＫ,60.0,2010.0,31.0,ＳＲＣ,近隣商業,未改装,2000.0
6187,さくら夙川,3.0,5.0,４ＬＤＫ,90.0,2010.0,31.0,ＳＲＣ,近隣商業,改装済み,2600.0
6188,東鳴尾,4.0,5.0,４ＬＤＫ,90.0,2010.0,17.0,ＲＣ,１種住居,改装済み,2700.0
6189,東鳴尾,7.0,3.0,２ＬＤＫ,60.0,2010.0,9.0,ＲＣ,近隣商業,改装済み,1900.0
6190,甲陽園,16.0,5.0,４ＬＤＫ,90.0,2017.0,39.0,ＳＲＣ,１中住専,改装済み,2000.0
6192,夙川,6.0,3.0,２ＬＤＫ,90.0,2010.0,11.0,ＲＣ,１中住専,未改装,3900.0
6193,甲陽園,16.0,3.0,２ＬＤＫ,65.0,2017.0,39.0,ＳＲＣ,１中住専,改装済み,970.0
6194,洲先,5.0,3.0,２ＬＤＫ,70.0,2017.0,12.0,ＲＣ,１種住居,改装済み,3000.0
6195,甲子園口,14.0,5.0,４ＬＤＫ,75.0,2014.0,11.0,ＲＣ,１種住居,未改装,3200.0
6197,甲子園口,6.0,3.0,１ＬＤＫ＋Ｓ,60.0,2014.0,18.0,ＲＣ,近隣商業,未改装,1600.0
6198,甲子園口,5.0,5.0,４ＬＤＫ,80.0,2014.0,16.0,ＲＣ,近隣商業,未改装,3400.0
6199,甲子園口,7.0,4.0,３ＬＤＫ,75.0,2014.0,11.0,ＲＣ,１中住専,改装済み,3900.0
6200,武庫川団地前,2.0,5.0,４ＬＤＫ,80.0,2017.0,36.0,ＳＲＣ,準工業,改装済み,2000.0
6201,甲子園口,5.0,3.0,２ＬＤＫ,65.0,2014.0,16.0,ＲＣ,近隣商業,未改装,2300.0
6202,甲子園口,8.0,4.0,３ＬＤＫ,85.0,2014.0,10.0,ＲＣ,１中住専,未改装,4000.0
6203,甲子園口,11.0,5.0,４ＬＤＫ,85.0,2014.0,8.0,ＲＣ,近隣商業,未改装,3600.0
6204,甲子園口,10.0,4.0,３ＬＤＫ,70.0,2014.0,8.0,ＲＣ,近隣商業,未改装,2900.0
6205,甲子園口,7.0,3.0,２ＬＤＫ,105.0,2014.0,24.0,ＲＣ,１中住専,未改装,2500.0
6206,西宮(ＪＲ),15.0,5.0,４ＬＤＫ,75.0,2014.0,14.0,ＲＣ,近隣商業,未改装,2500.0
6207,武庫川団地前,4.0,4.0,３ＬＤＫ,70.0,2017.0,42.0,ＲＣ,１種住居,未改装,540.0
6208,甲子園口,2.0,5.0,４ＬＤＫ,95.0,2014.0,18.0,ＲＣ,近隣商業,未改装,4000.0
6209,甲子園口,4.0,4.0,３ＬＤＫ,110.0,2014.0,7.0,ＲＣ,１中住専,未改装,4300.0
6210,苦楽園口,16.0,3.0,２ＬＤＫ,75.0,2010.0,3.0,ＲＣ,１中住専,未改装,2900.0
6212,甲子園,8.0,4.0,３ＬＤＫ,70.0,2014.0,14.0,ＳＲＣ,１種住居,改装済み,2500.0
6213,甲子園,4.0,3.0,２ＬＤＫ,60.0,2014.0,8.0,ＲＣ,近隣商業,未改装,2700.0
6214,久寿川,10.0,4.0,３ＬＤＫ,65.0,2010.0,12.0,ＲＣ,準工業,未改装,2400.0
6215,甲子園,4.0,4.0,３ＬＤＫ,70.0,2014.0,8.0,ＲＣ,近隣商業,改装済み,3500.0
6216,甲子園,8.0,4.0,３ＬＤＫ,75.0,2014.0,3.0,ＲＣ,１中住専,未改装,3700.0
6217,甲子園,10.0,4.0,３ＤＫ,50.0,2014.0,41.0,ＲＣ,近隣商業,未改装,1200.0
6218,甲子園,9.0,4.0,３ＬＤＫ,65.0,2014.0,8.0,ＲＣ,１種住居,未改装,3000.0
6219,苦楽園口,15.0,4.0,３ＬＤＫ,80.0,2017.0,43.0,ＲＣ,１中住専,未改装,860.0
6220,苦楽園口,18.0,5.0,４ＬＤＫ,80.0,2017.0,43.0,ＲＣ,１中住専,改装済み,900.0
6221,苦楽園口,18.0,5.0,４ＬＤＫ,85.0,2017.0,20.0,ＲＣ,１中住専,改装済み,3300.0
6222,今津(阪急),1.0,4.0,３ＬＤＫ,70.0,2014.0,15.0,ＳＲＣ,近隣商業,未改装,3100.0
6224,甲東園,3.0,4.0,３ＬＤＫ,60.0,2014.0,41.0,ＳＲＣ,近隣商業,未改装,1100.0
6225,甲東園,3.0,3.0,２ＬＤＫ,60.0,2014.0,16.0,ＲＣ,近隣商業,改装済み,2500.0
6226,甲東園,3.0,4.0,３ＬＤＫ,75.0,2014.0,41.0,ＳＲＣ,近隣商業,未改装,2800.0
6227,さくら夙川,9.0,4.0,３ＬＤＫ,75.0,2014.0,8.0,ＲＣ,１中住専,未改装,3900.0
6228,夙川,13.0,4.0,３ＬＤＫ,75.0,2017.0,7.0,ＲＣ,１中住専,未改装,4200.0
6229,夙川,13.0,3.0,２ＬＤＫ,75.0,2017.0,5.0,ＲＣ,１中住専,未改装,3700.0
6230,夙川,10.0,2.0,１ＤＫ,50.0,2017.0,9.0,ＲＣ,１中住専,未改装,2200.0
6232,甲東園,10.0,4.0,３ＬＤＫ,75.0,2010.0,10.0,ＲＣ,１低住専,未改装,3500.0
6233,西宮北口,9.0,3.0,２ＬＤＫ,55.0,2017.0,23.0,ＲＣ,１中住専,改装済み,2700.0
6235,西宮北口,9.0,4.0,３ＬＤＫ,75.0,2017.0,6.0,ＲＣ,１中住専,未改装,4700.0
6236,西宮北口,14.0,3.0,２ＬＤＫ,60.0,2017.0,17.0,ＲＣ,準住居,未改装,2400.0
6237,甲東園,9.0,4.0,３ＬＤＫ,80.0,2010.0,10.0,ＲＣ,２低住専,未改装,3200.0
6238,甲東園,7.0,3.0,２ＬＤＫ,70.0,2010.0,10.0,ＲＣ,１低住専,未改装,2800.0
6239,甲陽園,2.0,5.0,４ＬＤＫ,90.0,2014.0,14.0,ＲＣ,２低住専,未改装,3300.0
6240,甲陽園,10.0,4.0,３ＬＤＫ,95.0,2014.0,14.0,ＲＣ,１低住専,改装済み,2600.0
6241,甲陽園,3.0,4.0,３ＬＤＫ,70.0,2014.0,14.0,ＲＣ,２低住専,未改装,2900.0
6242,仁川,7.0,5.0,４ＬＤＫ,85.0,2010.0,10.0,ＲＣ,１低住専,未改装,3800.0
6243,甲陽園,10.0,5.0,４ＬＤＫ,95.0,2014.0,16.0,ＲＣ,１低住専,未改装,2400.0
6244,香櫨園,12.0,4.0,３ＬＤＫ,70.0,2017.0,7.0,ＲＣ,１種住居,未改装,3400.0
6246,香櫨園,14.0,4.0,３ＬＤＫ,95.0,2017.0,33.0,ＲＣ,１種住居,未改装,1500.0
6247,甲陽園,5.0,4.0,３ＬＤＫ,85.0,2010.0,12.0,ＲＣ,１中住専,未改装,3300.0
6249,甲陽園,15.0,4.0,３ＬＤＫ,75.0,2014.0,16.0,ＲＣ,１中住専,未改装,2200.0
6250,苦楽園口,14.0,4.0,３ＬＤＫ,70.0,2017.0,19.0,ＳＲＣ,１種住居,改装済み,2800.0
6251,甲陽園,4.0,5.0,４ＬＤＫ,90.0,2014.0,15.0,ＲＣ,近隣商業,未改装,3900.0
6252,夙川,7.0,4.0,３ＬＤＫ,65.0,2017.0,21.0,ＲＣ,１中住専,改装済み,3000.0
6253,香櫨園,10.0,4.0,３ＬＤＫ,60.0,2010.0,10.0,ＲＣ,１中住専,未改装,2400.0
6254,香櫨園,12.0,4.0,３ＬＤＫ,85.0,2010.0,3.0,ＲＣ,１中住専,未改装,4000.0
6255,香櫨園,9.0,4.0,２ＬＤＫ＋Ｓ,75.0,2010.0,3.0,ＲＣ,１中住専,未改装,4100.0
6256,香櫨園,10.0,4.0,３ＬＤＫ,65.0,2010.0,10.0,ＲＣ,１中住専,未改装,2600.0
6257,甲陽園,1.0,3.0,２ＤＫ,50.0,2014.0,43.0,ＲＣ,近隣商業,未改装,650.0
6258,さくら夙川,4.0,4.0,３ＬＤＫ,70.0,2017.0,38.0,ＳＲＣ,近隣商業,改装済み,2700.0
6259,甲陽園,2.0,4.0,３ＬＤＫ,60.0,2014.0,43.0,ＲＣ,近隣商業,未改装,820.0
6260,甲陽園,3.0,5.0,４ＬＤＫ,70.0,2014.0,37.0,ＳＲＣ,近隣商業,改装済み,2300.0
6261,香櫨園,12.0,4.0,３ＬＤＫ,90.0,2010.0,26.0,ＲＣ,１中住専,未改装,1800.0
6262,香櫨園,10.0,4.0,３ＬＤＫ,70.0,2010.0,4.0,ＲＣ,１中住専,未改装,3200.0
6263,香櫨園,9.0,4.0,３ＬＤＫ,65.0,2010.0,4.0,ＲＣ,１中住専,未改装,3100.0
6264,東鳴尾,5.0,4.0,３ＬＤＫ,80.0,2017.0,26.0,ＳＲＣ,１種住居,改装済み,2500.0
6266,甲陽園,4.0,5.0,４ＬＤＫ,85.0,2014.0,14.0,ＲＣ,１中住専,未改装,2900.0
6267,夙川,6.0,2.0,１Ｋ,25.0,2017.0,33.0,ＲＣ,１中住専,改装済み,500.0
6268,夙川,6.0,4.0,３ＬＤＫ,90.0,2017.0,19.0,ＲＣ,１中住専,未改装,5300.0
6269,夙川,6.0,2.0,１Ｋ,15.0,2017.0,33.0,ＲＣ,１種住居,未改装,420.0
6270,夙川,6.0,2.0,１Ｋ,15.0,2017.0,33.0,ＲＣ,１中住専,改装済み,600.0
6272,甲子園口,13.0,4.0,３ＬＤＫ,80.0,2014.0,10.0,ＲＣ,１種住居,未改装,3300.0
6273,甲子園口,13.0,5.0,４ＬＤＫ,80.0,2014.0,10.0,ＲＣ,１種住居,未改装,3200.0
6274,甲陽園,10.0,5.0,４ＬＤＫ,80.0,2010.0,6.0,ＲＣ,近隣商業,未改装,2500.0
6276,夙川,3.0,4.0,３ＬＤＫ,80.0,2014.0,14.0,ＲＣ,１中住専,未改装,5100.0
6277,西宮北口,0.0,4.0,３ＤＫ,60.0,2010.0,9.0,ＳＲＣ,商業,未改装,3400.0
6278,西宮北口,2.0,5.0,４ＬＤＫ,95.0,2010.0,9.0,ＳＲＣ,商業,未改装,6100.0
6279,苦楽園口,14.0,3.0,２ＬＤＫ,85.0,2017.0,28.0,ＲＣ,１中住専,改装済み,4000.0
6280,苦楽園口,14.0,4.0,３ＬＤＫ,150.0,2017.0,2.0,ＲＣ,１中住専,改装済み,6100.0
6281,西宮北口,6.0,2.0,１ＬＤＫ,35.0,2010.0,12.0,ＳＲＣ,１中住専,改装済み,1100.0
6282,久寿川,11.0,4.0,３ＬＤＫ,70.0,2017.0,8.0,ＲＣ,準工業,未改装,3300.0
6283,鳴尾・武庫川女子大前,9.0,3.0,２ＬＤＫ,70.0,2014.0,42.0,ＳＲＣ,１種住居,未改装,800.0
6284,鳴尾・武庫川女子大前,8.0,3.0,２ＬＤＫ,55.0,2014.0,42.0,ＳＲＣ,１種住居,未改装,1300.0
6285,鳴尾・武庫川女子大前,9.0,3.0,２ＬＤＫ,65.0,2014.0,27.0,ＳＲＣ,１種住居,改装済み,1200.0
6286,甲子園,10.0,4.0,３ＬＤＫ,70.0,2017.0,7.0,ＲＣ,１中住専,未改装,4100.0
6287,甲子園,9.0,4.0,３ＬＤＫ,70.0,2017.0,7.0,ＲＣ,１中住専,改装済み,4100.0
6288,武庫川,6.0,4.0,３ＬＤＫ,70.0,2014.0,6.0,ＲＣ,２中住専,未改装,3000.0
6289,甲子園口,16.0,4.0,３ＤＫ,50.0,2017.0,20.0,ＳＲＣ,近隣商業,改装済み,1600.0
6291,西宮(阪神),14.0,4.0,３ＬＤＫ,65.0,2010.0,36.0,ＳＲＣ,準工業,改装済み,1200.0
6292,西宮(阪神),12.0,4.0,３ＬＤＫ,55.0,2010.0,36.0,ＳＲＣ,準工業,改装済み,1200.0
6293,西宮(阪神),11.0,4.0,３ＬＤＫ,55.0,2010.0,36.0,ＳＲＣ,準工業,未改装,580.0
6294,苦楽園口,11.0,4.0,３ＬＤＫ,75.0,2014.0,16.0,ＲＣ,１低住専,未改装,3500.0
6295,苦楽園口,9.0,3.0,２ＬＤＫ,85.0,2014.0,10.0,ＲＣ,１低住専,未改装,5200.0
6296,甲東園,4.0,4.0,３ＬＤＫ,70.0,2017.0,16.0,ＲＣ,１中住専,未改装,3800.0
6297,甲東園,10.0,4.0,３ＬＤＫ,80.0,2017.0,17.0,ＲＣ,２低住専,未改装,3300.0
6298,甲子園口,8.0,4.0,３ＬＤＫ,75.0,2010.0,3.0,ＲＣ,１中住専,未改装,3900.0
6300,西宮(阪神),5.0,4.0,３ＬＤＫ,65.0,2014.0,16.0,ＳＲＣ,近隣商業,改装済み,2700.0
6301,西宮(阪神),5.0,4.0,３ＬＤＫ,65.0,2014.0,16.0,ＳＲＣ,近隣商業,未改装,2600.0
6302,生瀬,16.0,4.0,３ＬＤＫ,80.0,2014.0,22.0,ＲＣ,１中住専,未改装,820.0
6304,甲陽園,10.0,4.0,３ＬＤＫ,70.0,2014.0,13.0,ＲＣ,１中住専,未改装,2900.0
6305,甲陽園,9.0,5.0,４ＬＤＫ,85.0,2014.0,10.0,ＲＣ,１中住専,未改装,3700.0
6306,夙川,9.0,4.0,３ＬＤＫ,95.0,2014.0,18.0,ＲＣ,１中住専,未改装,4100.0
6307,夙川,9.0,4.0,３ＬＤＫ,75.0,2014.0,18.0,ＲＣ,１中住専,未改装,3600.0
6308,夙川,9.0,4.0,３ＬＤＫ,70.0,2014.0,18.0,ＲＣ,１中住専,未改装,3200.0
6309,夙川,9.0,4.0,３ＬＤＫ,80.0,2010.0,14.0,ＲＣ,１中住専,未改装,3500.0
6310,夙川,8.0,4.0,３ＬＤＫ,85.0,2010.0,8.0,ＲＣ,１中住専,改装済み,4500.0
6311,香櫨園,11.0,4.0,３ＬＤＫ,70.0,2014.0,7.0,ＲＣ,１中住専,未改装,3100.0
6312,香櫨園,9.0,4.0,３ＬＤＫ,80.0,2017.0,1.0,ＲＣ,１中住専,未改装,5600.0
6313,香櫨園,8.0,3.0,２ＬＤＫ,75.0,2017.0,9.0,ＲＣ,１中住専,未改装,3700.0
6314,甲子園口,14.0,5.0,４ＬＤＫ,90.0,2010.0,13.0,ＲＣ,１中住専,未改装,2800.0
6315,香櫨園,6.0,5.0,４ＬＤＫ,115.0,2017.0,33.0,ＲＣ,１中住専,未改装,3400.0
6316,香櫨園,5.0,4.0,３ＬＤＫ,90.0,2017.0,33.0,ＲＣ,１中住専,改装済み,3400.0
6317,甲子園,11.0,5.0,４ＤＫ,70.0,2010.0,41.0,ＲＣ,２中住専,未改装,1400.0
6318,香櫨園,2.0,4.0,３ＬＤＫ,80.0,2017.0,19.0,ＳＲＣ,準工業,改装済み,3400.0
6319,香櫨園,2.0,4.0,３ＬＤＫ,80.0,2017.0,19.0,ＳＲＣ,準住居,未改装,2900.0
6320,香櫨園,2.0,4.0,３ＬＤＫ,75.0,2017.0,19.0,ＳＲＣ,準住居,改装済み,3900.0
6321,苦楽園口,11.0,4.0,３ＬＤＫ,80.0,2014.0,12.0,ＲＣ,１低住専,未改装,3900.0
6322,苦楽園口,13.0,4.0,３ＬＤＫ,80.0,2014.0,9.0,ＲＣ,１低住専,未改装,3300.0
6323,西宮(ＪＲ),8.0,4.0,３ＬＤＫ,70.0,2014.0,0.0,ＲＣ,準工業,未改装,4100.0
6324,西宮(ＪＲ),9.0,4.0,３ＬＤＫ,70.0,2014.0,0.0,ＲＣ,準工業,未改装,4000.0
6325,西宮北口,9.0,4.0,３ＬＤＫ,70.0,2014.0,0.0,ＲＣ,準工業,未改装,4000.0
6326,西宮北口,9.0,3.0,２ＬＤＫ,75.0,2014.0,0.0,ＲＣ,準工業,未改装,4200.0
6327,西宮北口,8.0,4.0,３ＬＤＫ,70.0,2014.0,0.0,ＲＣ,工業,未改装,4100.0
6329,西宮北口,9.0,4.0,３ＬＤＫ,70.0,2014.0,0.0,ＲＣ,準工業,改装済み,4300.0
6330,西宮北口,10.0,4.0,３ＬＤＫ,75.0,2014.0,0.0,ＲＣ,準工業,未改装,4300.0
6332,夙川,10.0,2.0,１Ｋ,15.0,2014.0,30.0,ＲＣ,１種住居,未改装,640.0
6333,苦楽園口,16.0,3.0,２ＬＤＫ,110.0,2014.0,24.0,ＲＣ,１低住専,改装済み,2000.0
6334,苦楽園口,18.0,4.0,３ＬＤＫ,85.0,2014.0,11.0,ＲＣ,１低住専,改装済み,3500.0
6335,甲子園,14.0,5.0,４ＬＤＫ,75.0,2010.0,4.0,ＲＣ,２種住居,未改装,3300.0
6336,甲子園,14.0,4.0,３ＬＤＫ,75.0,2010.0,4.0,ＲＣ,２種住居,未改装,3500.0
6337,甲子園,11.0,4.0,３ＬＤＫ,55.0,2010.0,10.0,ＲＣ,２中住専,未改装,1000.0
6338,甲子園,14.0,5.0,４ＬＤＫ,90.0,2010.0,4.0,ＲＣ,２種住居,未改装,3900.0
6339,苦楽園口,13.0,4.0,３ＬＤＫ,75.0,2014.0,18.0,ＲＣ,１中住専,未改装,2600.0
6340,苦楽園口,15.0,4.0,３ＬＤＫ,65.0,2014.0,37.0,ＲＣ,１中住専,未改装,880.0
6341,鳴尾・武庫川女子大前,12.0,3.0,２ＬＤＫ,70.0,2010.0,4.0,ＲＣ,２種住居,未改装,3300.0
6342,鳴尾・武庫川女子大前,13.0,5.0,４ＬＤＫ,90.0,2010.0,4.0,ＲＣ,２種住居,未改装,3000.0
6343,西宮北口,11.0,3.0,２ＬＤＫ,75.0,2014.0,38.0,ＲＣ,１中住専,改装済み,1700.0
6344,西宮北口,15.0,4.0,２ＬＤＫ＋Ｓ,55.0,2014.0,12.0,ＲＣ,１中住専,未改装,2500.0
6345,西宮北口,13.0,4.0,３ＬＤＫ,70.0,2014.0,11.0,ＲＣ,１中住専,未改装,4400.0
6346,甲子園,2.0,5.0,４ＬＤＫ,110.0,2010.0,7.0,ＲＣ,２中住専,未改装,5700.0
6347,甲陽園,23.0,3.0,２ＬＤＫ,50.0,2014.0,25.0,ＲＣ,１中住専,未改装,920.0
6349,武庫川団地前,7.0,3.0,２ＬＤＫ,60.0,2014.0,23.0,ＲＣ,１中住専,未改装,1300.0
6350,武庫川団地前,8.0,4.0,３ＬＤＫ,85.0,2014.0,14.0,ＲＣ,１中住専,未改装,2200.0
6351,武庫川団地前,11.0,4.0,３ＬＤＫ,65.0,2014.0,29.0,ＳＲＣ,１中住専,未改装,1400.0
6353,武庫川団地前,8.0,4.0,３ＬＤＫ,85.0,2014.0,14.0,ＲＣ,１中住専,未改装,2300.0
6354,甲子園口,7.0,4.0,３ＬＤＫ,70.0,2017.0,3.0,ＲＣ,１中住専,未改装,4900.0
6355,武庫川団地前,7.0,4.0,３ＬＤＫ,85.0,2014.0,12.0,ＲＣ,１中住専,未改装,2400.0
6356,武庫川団地前,7.0,5.0,４ＬＤＫ,95.0,2014.0,25.0,ＳＲＣ,１中住専,未改装,1700.0
6357,武庫川団地前,5.0,4.0,３ＬＤＫ,95.0,2014.0,10.0,ＲＣ,１中住専,未改装,2400.0
6358,武庫川団地前,10.0,4.0,３ＬＤＫ,95.0,2014.0,29.0,ＳＲＣ,１中住専,改装済み,1900.0
6359,武庫川団地前,6.0,5.0,４ＬＤＫ,85.0,2014.0,10.0,ＲＣ,１中住専,未改装,2800.0
6360,武庫川団地前,8.0,5.0,４ＬＤＫ,95.0,2014.0,31.0,ＳＲＣ,１中住専,改装済み,1700.0
6361,苦楽園口,12.0,3.0,２ＬＤＫ,75.0,2017.0,43.0,ＲＣ,１低住専,改装済み,1700.0
6362,苦楽園口,14.0,5.0,４ＤＫ,75.0,2017.0,43.0,ＲＣ,１低住専,未改装,750.0
6363,甲子園口,2.0,4.0,３ＬＤＫ,60.0,2010.0,10.0,ＲＣ,１中住専,未改装,2800.0
6364,甲子園口,3.0,4.0,３ＬＤＫ,105.0,2010.0,19.0,ＲＣ,近隣商業,未改装,2500.0
6365,甲子園口,7.0,5.0,４ＬＤＫ,85.0,2010.0,6.0,ＲＣ,１中住専,未改装,4100.0
6366,甲子園口,5.0,4.0,３ＬＤＫ,60.0,2010.0,13.0,ＲＣ,近隣商業,改装済み,2300.0
6367,西宮北口,3.0,5.0,４ＬＤＫ,85.0,2014.0,6.0,ＲＣ,商業,未改装,5900.0
6368,西宮北口,10.0,3.0,２ＤＫ,45.0,2014.0,15.0,ＳＲＣ,１種住居,未改装,2000.0
6369,西宮北口,10.0,4.0,３ＬＤＫ,70.0,2014.0,9.0,ＲＣ,１種住居,未改装,3100.0
6370,西宮北口,9.0,3.0,２ＬＤＫ,70.0,2014.0,9.0,ＲＣ,１種住居,未改装,2700.0
6371,甲子園口,4.0,4.0,３ＬＤＫ,85.0,2010.0,3.0,ＲＣ,１中住専,未改装,4600.0
6372,甲子園口,6.0,5.0,４ＬＤＫ,85.0,2010.0,32.0,ＲＣ,１中住専,未改装,1700.0
6373,甲子園口,5.0,4.0,３ＬＤＫ,70.0,2010.0,12.0,ＲＣ,１中住専,改装済み,2900.0
6374,苦楽園口,6.0,3.0,２ＬＤＫ,60.0,2017.0,18.0,ＲＣ,１中住専,未改装,3100.0
6375,香櫨園,11.0,4.0,３ＬＤＫ,60.0,2014.0,17.0,ＲＣ,１種住居,未改装,2000.0
6376,甲子園,8.0,4.0,３ＬＤＫ,70.0,2010.0,12.0,ＳＲＣ,近隣商業,未改装,2700.0
6377,甲子園,7.0,4.0,３ＬＤＫ,65.0,2010.0,12.0,ＳＲＣ,近隣商業,未改装,2100.0
6378,夙川,9.0,4.0,３ＬＤＫ,95.0,2017.0,6.0,ＲＣ,１中住専,未改装,6000.0
6379,甲子園,7.0,4.0,３ＬＤＫ,70.0,2010.0,12.0,ＳＲＣ,近隣商業,未改装,2200.0
6380,夙川,7.0,5.0,４ＬＤＫ,85.0,2017.0,19.0,ＲＣ,１中住専,未改装,4700.0
6382,西宮(阪神),2.0,4.0,３ＬＤＫ,80.0,2014.0,11.0,ＳＲＣ,商業,未改装,4100.0
6383,西宮(阪神),2.0,4.0,３ＬＤＫ,75.0,2014.0,11.0,ＳＲＣ,商業,未改装,3700.0
6384,西宮(阪神),2.0,3.0,２ＬＤＫ,75.0,2014.0,11.0,ＲＣ,商業,未改装,3100.0
6385,甲子園,10.0,4.0,３ＬＤＫ,50.0,2010.0,37.0,ＲＣ,近隣商業,未改装,890.0
6386,甲子園,9.0,3.0,２ＬＤＫ,65.0,2010.0,37.0,ＲＣ,２種住居,未改装,1200.0
6387,甲子園,9.0,4.0,３ＬＤＫ,65.0,2010.0,37.0,ＲＣ,２種住居,改装済み,1500.0
6388,甲東園,19.0,4.0,３ＬＤＫ,75.0,2014.0,35.0,ＲＣ,１中住専,改装済み,1500.0
6389,甲子園,9.0,4.0,３ＬＤＫ,85.0,2017.0,16.0,ＲＣ,１中住専,未改装,4300.0
6390,甲子園,5.0,4.0,３ＬＤＫ,70.0,2017.0,12.0,ＲＣ,１中住専,未改装,4000.0
6391,甲子園,11.0,5.0,３ＬＤＫ＋Ｓ,90.0,2010.0,11.0,ＲＣ,１中住専,未改装,3800.0
6392,甲子園,10.0,4.0,３ＬＤＫ,90.0,2010.0,11.0,ＲＣ,２中住専,未改装,3600.0
6393,甲子園,10.0,5.0,４ＬＤＫ,130.0,2010.0,11.0,ＲＣ,１中住専,改装済み,4500.0
6394,仁川,8.0,4.0,３ＬＤＫ,65.0,2014.0,8.0,ＲＣ,１中住専,未改装,2800.0
6395,仁川,5.0,5.0,４ＬＤＫ,85.0,2014.0,4.0,ＲＣ,１中住専,未改装,4500.0
6396,仁川,8.0,4.0,３ＬＤＫ,80.0,2014.0,4.0,ＲＣ,１中住専,未改装,4200.0
6398,仁川,7.0,4.0,３ＬＤＫ,75.0,2014.0,4.0,ＲＣ,１中住専,未改装,4100.0
6399,甲子園,5.0,3.0,２ＤＫ,40.0,2017.0,48.0,ＲＣ,近隣商業,未改装,800.0
6400,甲子園,4.0,4.0,３ＬＤＫ,60.0,2017.0,43.0,ＲＣ,１種住居,未改装,900.0
6401,甲東園,1.0,3.0,２ＤＫ,40.0,2010.0,11.0,ＳＲＣ,近隣商業,未改装,1500.0
6402,甲東園,1.0,3.0,２ＬＤＫ,65.0,2010.0,22.0,ＲＣ,近隣商業,改装済み,2100.0
6403,甲子園,6.0,3.0,２ＬＤＫ,55.0,2017.0,48.0,ＲＣ,近隣商業,未改装,700.0
6404,甲子園,4.0,2.0,１ＬＤＫ,40.0,2017.0,48.0,ＲＣ,近隣商業,未改装,750.0
6405,甲東園,1.0,3.0,２ＤＫ,40.0,2010.0,11.0,ＳＲＣ,近隣商業,未改装,820.0
6406,甲子園,6.0,4.0,３ＬＤＫ,85.0,2017.0,44.0,ＲＣ,１種住居,改装済み,2400.0
6407,甲東園,1.0,4.0,３ＬＤＫ,60.0,2010.0,11.0,ＳＲＣ,近隣商業,未改装,2700.0
6408,甲子園,6.0,4.0,３ＬＤＫ,75.0,2017.0,44.0,ＲＣ,２種住居,改装済み,2100.0
6409,甲東園,1.0,4.0,３ＬＤＫ,60.0,2010.0,11.0,ＳＲＣ,近隣商業,未改装,3100.0
6410,さくら夙川,3.0,4.0,３ＬＤＫ,80.0,2014.0,16.0,ＲＣ,１中住専,未改装,4300.0
6411,甲子園,12.0,5.0,４ＬＤＫ,65.0,2017.0,11.0,ＲＣ,２種住居,未改装,3200.0
6412,鳴尾・武庫川女子大前,12.0,5.0,４ＬＤＫ,75.0,2017.0,11.0,ＲＣ,２種住居,未改装,3600.0
6413,鳴尾・武庫川女子大前,12.0,4.0,３ＬＤＫ,75.0,2017.0,11.0,ＲＣ,２種住居,未改装,3100.0
6414,阪神国道,5.0,4.0,３ＬＤＫ,70.0,2014.0,16.0,ＲＣ,準工業,改装済み,2500.0
6415,阪神国道,5.0,4.0,３ＬＤＫ,70.0,2014.0,16.0,ＲＣ,準工業,改装済み,2800.0
6416,阪神国道,5.0,4.0,３ＬＤＫ,70.0,2014.0,16.0,ＲＣ,準工業,改装済み,2300.0
6417,阪神国道,5.0,4.0,３ＬＤＫ,70.0,2014.0,16.0,ＲＣ,準工業,改装済み,2900.0
6419,阪神国道,6.0,4.0,３ＬＤＫ,70.0,2014.0,16.0,ＲＣ,準工業,改装済み,2600.0
6420,阪神国道,5.0,4.0,３ＬＤＫ,70.0,2014.0,15.0,ＲＣ,準工業,改装済み,2300.0
6421,阪神国道,6.0,4.0,３ＬＤＫ,70.0,2014.0,16.0,ＲＣ,準工業,改装済み,2700.0
6422,西宮(ＪＲ),6.0,3.0,２ＬＤＫ,60.0,2014.0,15.0,ＲＣ,近隣商業,未改装,2200.0
6423,西宮(ＪＲ),6.0,4.0,３ＬＤＫ,65.0,2014.0,15.0,ＲＣ,近隣商業,改装済み,2300.0
6425,西宮(ＪＲ),6.0,4.0,３ＬＤＫ,70.0,2014.0,15.0,ＲＣ,近隣商業,未改装,2800.0
6426,西宮(ＪＲ),7.0,4.0,３ＬＤＫ,65.0,2014.0,15.0,ＲＣ,近隣商業,未改装,2000.0
6427,西宮(ＪＲ),4.0,4.0,３ＬＤＫ,70.0,2014.0,19.0,ＲＣ,２種住居,未改装,2600.0
6428,西宮(ＪＲ),7.0,4.0,３ＬＤＫ,75.0,2014.0,15.0,ＲＣ,近隣商業,改装済み,3300.0
6430,西宮(ＪＲ),5.0,4.0,３ＬＤＫ,75.0,2014.0,15.0,ＲＣ,近隣商業,未改装,3200.0
6431,阪神国道,2.0,4.0,３ＬＤＫ,65.0,2014.0,6.0,ＲＣ,近隣商業,未改装,2800.0
6432,阪神国道,2.0,4.0,３ＬＤＫ,70.0,2014.0,6.0,ＲＣ,近隣商業,未改装,2800.0
6433,甲陽園,11.0,4.0,３ＬＤＫ,75.0,2010.0,5.0,ＲＣ,１中住専,改装済み,2700.0
6434,今津(阪神),2.0,4.0,３ＬＤＫ,70.0,2014.0,9.0,ＲＣ,近隣商業,未改装,2700.0
6435,甲陽園,7.0,4.0,３ＬＤＫ,70.0,2010.0,4.0,ＲＣ,１中住専,未改装,3200.0
6436,今津(阪急),8.0,4.0,３ＬＤＫ,55.0,2014.0,18.0,ＳＲＣ,１種住居,未改装,1700.0
6437,今津(阪神),6.0,4.0,３ＬＤＫ,60.0,2014.0,18.0,ＳＲＣ,１種住居,未改装,2000.0
6438,甲子園口,9.0,6.0,５ＬＤＫ,120.0,2017.0,45.0,ＲＣ,１中住専,未改装,2200.0
6440,甲陽園,1.0,2.0,１ＬＤＫ,50.0,2010.0,39.0,ＲＣ,近隣商業,未改装,400.0
6441,甲陽園,4.0,5.0,４ＬＤＫ,75.0,2010.0,33.0,ＳＲＣ,近隣商業,未改装,1300.0
6442,甲陽園,4.0,4.0,３ＬＤＫ,75.0,2010.0,33.0,ＳＲＣ,近隣商業,改装済み,1900.0
6443,甲陽園,3.0,4.0,３ＬＤＫ,155.0,2010.0,33.0,ＳＲＣ,近隣商業,改装済み,4200.0
6444,甲子園口,16.0,5.0,４ＬＤＫ,75.0,2017.0,17.0,ＲＣ,近隣商業,未改装,2800.0
6445,西宮(阪神),11.0,3.0,２ＬＤＫ,55.0,2014.0,25.0,ＳＲＣ,１種住居,改装済み,1500.0
6446,西宮(阪神),9.0,4.0,３ＬＤＫ,65.0,2014.0,25.0,ＳＲＣ,１種住居,未改装,1400.0
6447,甲子園口,4.0,3.0,２ＬＤＫ,50.0,2017.0,10.0,ＲＣ,近隣商業,未改装,1900.0
6448,甲子園口,8.0,5.0,４ＬＤＫ,80.0,2017.0,7.0,ＲＣ,近隣商業,未改装,4100.0
6449,甲子園口,7.0,3.0,２ＬＤＫ,60.0,2017.0,22.0,ＲＣ,１中住専,未改装,2600.0
6450,甲子園口,8.0,4.0,３ＬＤＫ,75.0,2017.0,16.0,ＲＣ,１中住専,未改装,3200.0
6451,甲子園口,7.0,4.0,３ＬＤＫ,75.0,2014.0,13.0,ＲＣ,１中住専,未改装,3400.0
6452,甲陽園,4.0,4.0,３ＬＤＫ,70.0,2010.0,10.0,ＲＣ,１中住専,未改装,2700.0
6453,甲陽園,4.0,4.0,３ＬＤＫ,70.0,2010.0,10.0,ＲＣ,１中住専,未改装,2600.0
6454,甲陽園,13.0,4.0,３ＬＤＫ,75.0,2010.0,14.0,ＲＣ,１中住専,改装済み,1600.0
6455,甲陽園,9.0,4.0,３ＬＤＫ,80.0,2010.0,1.0,ＲＣ,１中住専,未改装,3400.0
6456,甲陽園,14.0,5.0,４ＬＤＫ,75.0,2010.0,1.0,ＲＣ,１中住専,未改装,3400.0
6457,甲陽園,13.0,5.0,４ＬＤＫ,80.0,2010.0,1.0,ＲＣ,１中住専,未改装,3600.0
6458,甲陽園,13.0,5.0,４ＬＤＫ,75.0,2010.0,1.0,ＲＣ,１中住専,未改装,3300.0
6459,甲陽園,9.0,5.0,４ＬＤＫ,85.0,2010.0,1.0,ＲＣ,１中住専,未改装,3400.0
6460,甲子園口,5.0,4.0,３ＬＤＫ,70.0,2017.0,47.0,ＲＣ,１中住専,改装済み,2200.0
6461,甲陽園,9.0,4.0,３ＬＤＫ,75.0,2010.0,14.0,ＲＣ,１中住専,改装済み,1900.0
6462,甲子園口,2.0,5.0,４ＬＤＫ,90.0,2017.0,21.0,ＲＣ,近隣商業,未改装,4100.0
6463,甲子園口,5.0,4.0,３ＬＤＫ,75.0,2017.0,47.0,ＳＲＣ,１中住専,未改装,1500.0
6464,西宮(阪神),11.0,5.0,４ＬＤＫ,80.0,2010.0,4.0,ＲＣ,近隣商業,未改装,2700.0
6465,西宮(阪神),3.0,3.0,２ＬＤＫ,55.0,2014.0,8.0,ＲＣ,商業,未改装,2700.0
6466,西宮(阪神),11.0,4.0,３ＬＤＫ,70.0,2010.0,4.0,ＲＣ,近隣商業,未改装,2900.0
6468,甲子園,8.0,4.0,３ＬＤＫ,70.0,2017.0,17.0,ＳＲＣ,１種住居,改装済み,2900.0
6469,甲子園,8.0,3.0,２ＤＫ,60.0,2017.0,21.0,ＲＣ,１種住居,未改装,1800.0
6470,甲子園口,13.0,4.0,３ＬＤＫ,75.0,2010.0,6.0,ＲＣ,１種住居,未改装,3100.0
6471,甲子園口,15.0,5.0,４ＬＤＫ,85.0,2010.0,6.0,ＲＣ,２中住専,未改装,3400.0
6472,甲子園,8.0,3.0,２ＬＤＫ,70.0,2017.0,4.0,ＲＣ,１中住専,改装済み,3800.0
6473,夙川,5.0,4.0,３ＬＤＫ,70.0,2010.0,15.0,ＲＣ,１種住居,改装済み,3200.0
6474,夙川,2.0,4.0,３ＬＤＫ,75.0,2010.0,10.0,ＲＣ,１中住専,未改装,3900.0
6475,香櫨園,5.0,5.0,４ＬＤＫ,85.0,2014.0,12.0,ＲＣ,１中住専,未改装,3700.0
6476,西宮(ＪＲ),9.0,4.0,３ＬＤＫ,75.0,2014.0,10.0,ＲＣ,１種住居,未改装,3300.0
6477,鳴尾・武庫川女子大前,9.0,4.0,３ＬＤＫ,65.0,2010.0,38.0,ＳＲＣ,１種住居,未改装,1300.0
6478,西宮北口,19.0,4.0,３ＬＤＫ,70.0,2014.0,14.0,ＲＣ,１種住居,未改装,2500.0
6479,鳴尾・武庫川女子大前,8.0,4.0,３ＤＫ,65.0,2010.0,40.0,ＳＲＣ,１種住居,未改装,850.0
6480,西宮北口,23.0,4.0,３ＬＤＫ,70.0,2014.0,17.0,ＲＣ,１種住居,未改装,2500.0
6481,西宮北口,20.0,4.0,３ＬＤＫ,70.0,2014.0,17.0,ＲＣ,１種住居,未改装,2300.0
6483,鳴尾・武庫川女子大前,12.0,4.0,３ＬＤＫ,70.0,2010.0,6.0,ＲＣ,１種住居,未改装,140.0
6485,甲東園,3.0,4.0,３ＬＤＫ,55.0,2017.0,20.0,ＲＣ,近隣商業,改装済み,2400.0
6486,苦楽園口,12.0,4.0,３ＬＤＫ,95.0,2010.0,12.0,ＲＣ,１低住専,未改装,4500.0
6487,西宮名塩,30.0,4.0,３ＬＤＫ,65.0,2014.0,19.0,ＲＣ,１低住専,未改装,470.0
6488,甲陽園,2.0,4.0,３ＬＤＫ,70.0,2017.0,17.0,ＲＣ,２低住専,未改装,3800.0
6489,甲陽園,12.0,5.0,４ＬＤＫ,100.0,2010.0,19.0,ＲＣ,１中住専,未改装,2600.0
6490,甲陽園,10.0,4.0,３ＬＤＫ,75.0,2017.0,12.0,ＲＣ,１低住専,改装済み,2900.0
6492,苦楽園口,7.0,5.0,４ＬＤＫ,105.0,2014.0,16.0,ＲＣ,１中住専,未改装,3800.0
6493,甲陽園,13.0,4.0,３ＬＤＫ,80.0,2017.0,4.0,ＲＣ,１中住専,改装済み,3000.0
6494,西宮(阪神),6.0,2.0,１Ｋ,20.0,2010.0,3.0,ＲＣ,近隣商業,未改装,750.0
6495,西宮(阪神),3.0,3.0,２ＬＤＫ,55.0,2010.0,12.0,ＳＲＣ,近隣商業,未改装,2200.0
6496,甲陽園,6.0,5.0,４ＬＤＫ,75.0,2017.0,21.0,ＲＣ,１中住専,改装済み,2700.0
6497,甲陽園,11.0,4.0,３ＬＤＫ,70.0,2017.0,21.0,ＲＣ,１中住専,未改装,2300.0
6498,甲陽園,11.0,4.0,３ＬＤＫ,70.0,2017.0,21.0,ＲＣ,１中住専,未改装,2500.0
6499,西宮名塩,9.0,4.0,３ＬＤＫ,70.0,2010.0,11.0,ＲＣ,１中住専,改装済み,1500.0
6500,西宮名塩,9.0,4.0,３ＬＤＫ,75.0,2010.0,11.0,ＲＣ,１中住専,改装済み,1300.0
6501,西宮名塩,7.0,4.0,３ＬＤＫ,75.0,2010.0,11.0,ＲＣ,１中住専,改装済み,1400.0
6502,苦楽園口,9.0,4.0,３ＬＤＫ,65.0,2010.0,13.0,ＲＣ,１中住専,未改装,2600.0
6504,甲陽園,2.0,4.0,３ＬＤＫ,60.0,2017.0,46.0,ＲＣ,近隣商業,未改装,900.0
6505,甲陽園,4.0,4.0,３ＬＤＫ,65.0,2017.0,40.0,ＳＲＣ,近隣商業,改装済み,1700.0
6506,甲陽園,6.0,4.0,３ＬＤＫ,75.0,2010.0,10.0,ＲＣ,１中住専,未改装,2800.0
6507,甲陽園,8.0,4.0,３ＬＤＫ,90.0,2017.0,17.0,ＲＣ,１中住専,未改装,3600.0
6508,甲陽園,10.0,4.0,３ＬＤＫ,65.0,2010.0,9.0,ＲＣ,１中住専,改装済み,2500.0
6509,甲陽園,1.0,4.0,３ＬＤＫ,70.0,2017.0,46.0,ＲＣ,近隣商業,未改装,950.0
6510,宝塚,19.0,5.0,４ＬＤＫ,75.0,2014.0,17.0,ＳＲＣ,２中住専,未改装,1700.0
6511,宝塚,18.0,4.0,３ＬＤＫ,75.0,2014.0,15.0,ＳＲＣ,２中住専,改装済み,1700.0
6512,宝塚,15.0,4.0,３ＬＤＫ,75.0,2014.0,15.0,ＳＲＣ,２中住専,改装済み,1700.0
6513,生瀬,13.0,4.0,３ＬＤＫ,70.0,2014.0,17.0,ＳＲＣ,２中住専,未改装,1700.0
6514,甲陽園,1.0,4.0,３ＬＤＫ,85.0,2017.0,2.0,ＲＣ,１中住専,未改装,5700.0
6515,甲陽園,9.0,4.0,３ＬＤＫ,70.0,2017.0,21.0,ＲＣ,１中住専,未改装,1400.0
6516,西宮(阪神),10.0,5.0,４ＬＤＫ,85.0,2017.0,11.0,ＲＣ,近隣商業,未改装,3800.0
6517,香櫨園,10.0,4.0,３ＬＤＫ,75.0,2010.0,13.0,ＲＣ,１中住専,未改装,3000.0
6518,香櫨園,15.0,4.0,３ＬＤＫ,70.0,2010.0,3.0,ＲＣ,１中住専,未改装,3300.0
6519,甲子園口,11.0,4.0,３ＬＤＫ,65.0,2017.0,18.0,ＲＣ,２種住居,未改装,2800.0
6520,甲子園口,11.0,4.0,３ＬＤＫ,65.0,2017.0,18.0,ＲＣ,２種住居,未改装,2900.0
6521,鳴尾・武庫川女子大前,10.0,4.0,３ＬＤＫ,80.0,2014.0,19.0,ＲＣ,１種住居,未改装,2400.0
6522,鳴尾・武庫川女子大前,6.0,4.0,３ＬＤＫ,85.0,2014.0,17.0,ＲＣ,近隣商業,未改装,2800.0
6523,鳴尾・武庫川女子大前,13.0,4.0,３ＬＤＫ,80.0,2014.0,19.0,ＲＣ,１種住居,改装済み,2800.0
6524,鳴尾・武庫川女子大前,5.0,4.0,３ＬＤＫ,80.0,2014.0,17.0,ＲＣ,２種住居,未改装,2700.0
6525,鳴尾・武庫川女子大前,10.0,4.0,３ＬＤＫ,80.0,2014.0,19.0,ＲＣ,１種住居,未改装,2300.0
6526,苦楽園口,6.0,2.0,１ＬＤＫ,40.0,2014.0,6.0,ＲＣ,１中住専,未改装,1900.0
6527,武庫川,11.0,3.0,２ＬＤＫ,75.0,2017.0,20.0,ＲＣ,２中住専,改装済み,3800.0
6528,武庫川,11.0,3.0,２ＬＤＫ,75.0,2017.0,20.0,ＲＣ,１中住専,改装済み,4000.0
6529,武庫川,13.0,4.0,３ＬＤＫ,75.0,2017.0,20.0,ＲＣ,２中住専,改装済み,3800.0
6530,武庫川,11.0,4.0,３ＬＤＫ,75.0,2017.0,2.0,ＲＣ,２中住専,未改装,4000.0
6531,武庫川,12.0,4.0,３ＬＤＫ,75.0,2017.0,20.0,ＲＣ,２中住専,改装済み,4000.0
6533,苦楽園口,10.0,3.0,２ＬＤＫ,85.0,2010.0,4.0,ＲＣ,１低住専,未改装,4800.0
6534,武庫川,12.0,4.0,３ＬＤＫ,75.0,2017.0,19.0,ＲＣ,２低住専,改装済み,4000.0
6535,鳴尾・武庫川女子大前,9.0,3.0,２ＬＤＫ,70.0,2017.0,45.0,ＳＲＣ,１種住居,改装済み,1500.0
6536,甲陽園,12.0,4.0,３ＬＤＫ,65.0,2010.0,9.0,ＲＣ,１低住専,未改装,1700.0
6537,甲陽園,10.0,4.0,３ＬＤＫ,80.0,2010.0,23.0,ＲＣ,１低住専,未改装,1400.0
6538,仁川,2.0,5.0,４ＬＤＫ,85.0,2014.0,12.0,ＲＣ,１中住専,未改装,4700.0
6539,仁川,11.0,4.0,３ＬＤＫ,70.0,2014.0,26.0,ＲＣ,１低住専,改装済み,2100.0
6540,甲陽園,16.0,4.0,３ＬＤＫ,85.0,2010.0,7.0,ＲＣ,１低住専,未改装,3900.0
6541,仁川,10.0,4.0,３ＬＤＫ,75.0,2014.0,13.0,ＲＣ,１低住専,未改装,2800.0
6542,苦楽園口,15.0,4.0,３ＬＤＫ,65.0,2010.0,33.0,ＲＣ,１中住専,改装済み,850.0
6543,苦楽園口,23.0,4.0,３ＬＤＫ,70.0,2010.0,9.0,ＲＣ,１中住専,未改装,2300.0
6544,苦楽園口,16.0,4.0,３ＬＤＫ,75.0,2010.0,5.0,ＲＣ,１中住専,未改装,2800.0
6545,苦楽園口,15.0,4.0,３ＬＤＫ,65.0,2010.0,9.0,ＲＣ,１中住専,未改装,2100.0
6546,苦楽園口,17.0,4.0,３ＬＤＫ,80.0,2010.0,9.0,ＲＣ,１中住専,未改装,2700.0
6547,苦楽園口,14.0,3.0,２ＬＤＫ,60.0,2010.0,14.0,ＲＣ,１中住専,改装済み,1800.0
6548,甲陽園,11.0,4.0,３ＬＤＫ,80.0,2017.0,26.0,ＲＣ,１中住専,未改装,2000.0
6549,西宮(阪神),30.0,4.0,３ＬＤＫ,70.0,2014.0,16.0,ＳＲＣ,１中住専,未改装,1400.0
6550,西宮北口,15.0,5.0,４ＬＤＫ,75.0,2010.0,8.0,ＲＣ,１中住専,未改装,3800.0
6551,西宮(阪神),30.0,5.0,４ＬＤＫ,80.0,2014.0,16.0,ＳＲＣ,１中住専,未改装,1500.0
6552,西宮(阪神),30.0,4.0,３ＬＤＫ,65.0,2014.0,16.0,ＳＲＣ,１中住専,未改装,1700.0
6553,西宮(阪神),30.0,4.0,３ＬＤＫ,65.0,2014.0,16.0,ＳＲＣ,１中住専,未改装,1500.0
6554,西宮(阪神),30.0,4.0,３ＬＤＫ,75.0,2014.0,16.0,ＳＲＣ,１中住専,未改装,1600.0
6555,甲陽園,23.0,3.0,２ＤＫ,50.0,2010.0,21.0,ＲＣ,１中住専,未改装,970.0
6556,西宮(阪神),6.0,2.0,１Ｋ,20.0,2017.0,10.0,ＲＣ,近隣商業,未改装,1400.0
6557,西宮(阪神),4.0,4.0,３ＬＤＫ,80.0,2017.0,19.0,ＳＲＣ,近隣商業,未改装,3100.0
6558,生瀬,16.0,3.0,２ＬＤＫ,70.0,2017.0,25.0,ＲＣ,１中住専,改装済み,830.0
6561,門戸厄神,6.0,4.0,３ＬＤＫ,70.0,2014.0,12.0,ＲＣ,１中住専,未改装,3600.0
6562,門戸厄神,6.0,5.0,４ＬＤＫ,95.0,2014.0,12.0,ＲＣ,１中住専,未改装,4800.0
6563,武庫川団地前,6.0,5.0,４ＬＤＫ,100.0,2010.0,6.0,ＲＣ,１中住専,未改装,3000.0
6564,武庫川団地前,6.0,4.0,３ＬＤＫ,70.0,2010.0,21.0,ＳＲＣ,１中住専,未改装,1400.0
6565,武庫川団地前,6.0,4.0,３ＬＤＫ,70.0,2010.0,21.0,ＳＲＣ,１中住専,改装済み,87.0
6566,門戸厄神,4.0,4.0,３ＬＤＫ,70.0,2017.0,3.0,ＲＣ,１中住専,未改装,4200.0
6567,武庫川団地前,9.0,5.0,４ＬＤＫ,65.0,2010.0,27.0,ＳＲＣ,１中住専,未改装,1400.0
6568,武庫川団地前,6.0,4.0,３ＬＤＫ,85.0,2010.0,6.0,ＲＣ,１中住専,未改装,2100.0
6569,武庫川団地前,9.0,5.0,４ＬＤＫ,65.0,2010.0,27.0,ＳＲＣ,１中住専,未改装,1600.0
6570,武庫川団地前,10.0,4.0,３ＬＤＫ,65.0,2010.0,25.0,ＳＲＣ,１中住専,改装済み,1400.0
6571,武庫川団地前,5.0,4.0,３ＬＤＫ,75.0,2010.0,19.0,ＲＣ,１中住専,未改装,1900.0
6572,西宮(ＪＲ),7.0,4.0,３ＬＤＫ,70.0,2014.0,13.0,ＲＣ,１種住居,未改装,2800.0
6573,西宮(阪神),8.0,4.0,３ＬＤＫ,70.0,2014.0,10.0,ＲＣ,近隣商業,未改装,2900.0
6574,夙川,11.0,4.0,３ＬＤＫ,95.0,2010.0,23.0,ＲＣ,１中住専,改装済み,1500.0
6575,香櫨園,11.0,4.0,３ＬＤＫ,70.0,2017.0,10.0,ＲＣ,１中住専,改装済み,3400.0
6576,香櫨園,10.0,5.0,４ＬＤＫ,90.0,2017.0,10.0,ＲＣ,１中住専,改装済み,3900.0
6577,西宮北口,11.0,4.0,３ＬＤＫ,60.0,2010.0,35.0,ＳＲＣ,準工業,未改装,1100.0
6578,西宮北口,11.0,4.0,３ＬＤＫ,70.0,2010.0,11.0,ＲＣ,準工業,未改装,2100.0
6579,甲子園,11.0,4.0,３ＬＤＫ,65.0,2014.0,13.0,ＲＣ,１中住専,未改装,3200.0
6582,西宮(阪神),11.0,4.0,３ＬＤＫ,70.0,2017.0,19.0,ＲＣ,近隣商業,改装済み,3200.0
6583,西宮(阪神),11.0,4.0,３ＬＤＫ,70.0,2017.0,19.0,ＲＣ,近隣商業,改装済み,3200.0
6584,西宮(阪神),10.0,4.0,３ＬＤＫ,70.0,2017.0,19.0,ＲＣ,近隣商業,改装済み,3700.0
6585,西宮(阪神),2.0,4.0,３ＬＤＫ,65.0,2014.0,13.0,ＳＲＣ,商業,改装済み,2800.0
6586,西宮(阪神),5.0,4.0,２Ｌ＋Ｓ,65.0,2014.0,10.0,ＳＲＣ,商業,未改装,2600.0
6587,西宮(阪神),5.0,4.0,３ＬＤＫ,65.0,2014.0,10.0,ＳＲＣ,商業,改装済み,2800.0
6588,西宮北口,10.0,4.0,３ＬＤＫ,65.0,2010.0,11.0,ＳＲＣ,１種住居,改装済み,2600.0
6590,苦楽園口,12.0,5.0,４ＬＤＫ,90.0,2017.0,12.0,ＲＣ,１低住専,未改装,4400.0
6591,西宮(ＪＲ),9.0,4.0,３ＬＤＫ,70.0,2017.0,3.0,ＲＣ,準工業,未改装,4400.0
6592,香櫨園,9.0,4.0,３ＬＤＫ,60.0,2010.0,13.0,ＲＣ,準工業,未改装,2100.0
6593,西宮北口,9.0,5.0,４ＬＤＫ,85.0,2017.0,3.0,ＲＣ,準工業,未改装,5100.0
6594,西宮北口,10.0,3.0,２ＬＤＫ,60.0,2017.0,4.0,ＲＣ,工業,未改装,3200.0
6595,西宮(阪神),2.0,4.0,３ＬＤＫ,75.0,2010.0,4.0,ＲＣ,商業,未改装,3800.0
6596,西宮(阪神),2.0,3.0,２ＬＤＫ,80.0,2010.0,7.0,ＲＣ,商業,未改装,5000.0
6597,西宮(阪神),3.0,4.0,３ＬＤＫ,65.0,2010.0,4.0,ＲＣ,商業,改装済み,3600.0
6598,甲子園,18.0,3.0,２ＬＤＫ,95.0,2014.0,12.0,ＳＲＣ,１中住専,未改装,3100.0
6599,甲子園,18.0,4.0,３ＬＤＫ,95.0,2014.0,12.0,ＳＲＣ,１種住居,未改装,3200.0
6600,甲子園,16.0,4.0,３ＬＤＫ,85.0,2014.0,12.0,ＳＲＣ,１種住居,未改装,2800.0
6601,甲子園,20.0,5.0,４ＬＤＫ,80.0,2014.0,14.0,ＳＲＣ,２中住専,未改装,2900.0
6602,西宮(阪神),9.0,4.0,３ＬＤＫ,65.0,2017.0,19.0,ＲＣ,近隣商業,未改装,2900.0
6604,西宮(阪神),9.0,4.0,３ＬＤＫ,70.0,2014.0,11.0,ＳＲＣ,準工業,未改装,2700.0
6605,西宮(阪神),5.0,3.0,２ＬＤＫ,65.0,2014.0,14.0,ＳＲＣ,近隣商業,未改装,2400.0
6606,甲東園,16.0,3.0,２ＬＤＫ,65.0,2010.0,31.0,ＲＣ,１中住専,改装済み,1100.0
6607,甲東園,8.0,4.0,３ＬＤＫ,70.0,2010.0,7.0,ＲＣ,１中住専,未改装,3000.0
6609,甲東園,19.0,4.0,３ＬＤＫ,75.0,2010.0,31.0,ＲＣ,１中住専,未改装,1400.0
6610,洲先,4.0,4.0,３ＬＤＫ,70.0,2014.0,37.0,ＲＣ,１種住居,改装済み,1200.0
6612,苦楽園口,14.0,4.0,３ＬＤＫ,75.0,2017.0,21.0,ＲＣ,１中住専,未改装,1600.0
6613,苦楽園口,16.0,4.0,３ＬＤＫ,70.0,2017.0,16.0,ＲＣ,１中住専,未改装,2000.0
6614,苦楽園口,15.0,5.0,４ＬＤＫ,85.0,2017.0,12.0,ＲＣ,１中住専,未改装,2600.0
6615,苦楽園口,19.0,4.0,３ＬＤＫ,80.0,2017.0,16.0,ＲＣ,１中住専,未改装,2300.0
6616,西宮北口,25.0,4.0,３ＬＤＫ,65.0,2017.0,40.0,ＳＲＣ,１中住専,改装済み,1100.0
6617,東鳴尾,4.0,4.0,３ＤＫ,60.0,2014.0,35.0,ＳＲＣ,１種住居,未改装,400.0
6618,東鳴尾,5.0,4.0,３ＬＤＫ,70.0,2014.0,32.0,ＲＣ,１種住居,改装済み,1800.0
6619,今津(阪急),18.0,4.0,３ＬＤＫ,65.0,2014.0,10.0,ＲＣ,準工業,未改装,2400.0
6621,今津(阪神),15.0,4.0,３ＬＤＫ,70.0,2014.0,9.0,ＲＣ,準工業,未改装,2200.0
6622,今津(阪神),15.0,5.0,４ＬＤＫ,80.0,2014.0,8.0,ＲＣ,準工業,改装済み,2600.0
6623,仁川,10.0,4.0,３ＬＤＫ,65.0,2010.0,7.0,ＲＣ,１中住専,未改装,2600.0
6625,西宮北口,25.0,5.0,４ＬＤＫ,90.0,2017.0,28.0,ＲＣ,１中住専,未改装,2500.0
6626,西宮(阪神),15.0,5.0,４ＬＤＫ,80.0,2014.0,10.0,ＲＣ,準工業,未改装,2800.0
6628,西宮名塩,8.0,5.0,４ＬＤＫ,110.0,2014.0,22.0,ＲＣ,１中住専,改装済み,1800.0
6630,西宮名塩,13.0,5.0,４ＬＤＫ,85.0,2014.0,11.0,ＲＣ,１中住専,未改装,2400.0
6632,西宮名塩,20.0,5.0,４ＬＤＫ,85.0,2014.0,11.0,ＲＣ,１中住専,改装済み,1700.0
6633,西宮名塩,9.0,4.0,３ＬＤＫ,95.0,2014.0,20.0,ＲＣ,１中住専,未改装,1700.0
6634,西宮名塩,6.0,4.0,３ＬＤＫ,80.0,2014.0,11.0,ＲＣ,１中住専,未改装,1800.0
6635,西宮名塩,15.0,5.0,４ＬＤＫ,85.0,2014.0,17.0,ＲＣ,１中住専,改装済み,1700.0
6636,西宮名塩,7.0,4.0,３ＬＤＫ,90.0,2014.0,20.0,ＲＣ,１中住専,改装済み,1300.0
6637,西宮名塩,5.0,5.0,４ＬＤＫ,95.0,2014.0,18.0,ＲＣ,１中住専,未改装,1700.0
6638,西宮名塩,14.0,4.0,３ＬＤＫ,75.0,2014.0,17.0,ＲＣ,１中住専,改装済み,1400.0
6639,武庫川団地前,10.0,4.0,３ＬＤＫ,70.0,2017.0,34.0,ＳＲＣ,１中住専,改装済み,1500.0
6641,武庫川団地前,5.0,4.0,３ＬＤＫ,75.0,2017.0,26.0,ＲＣ,１中住専,未改装,1700.0
6642,武庫川団地前,4.0,4.0,３ＬＤＫ,70.0,2017.0,28.0,ＳＲＣ,１中住専,改装済み,1900.0
6644,武庫川団地前,4.0,4.0,３ＬＤＫ,70.0,2017.0,28.0,ＳＲＣ,１中住専,未改装,1000.0
6645,武庫川団地前,4.0,4.0,３ＬＤＫ,70.0,2017.0,28.0,ＳＲＣ,１中住専,未改装,1000.0
6646,武庫川団地前,8.0,4.0,３ＬＤＫ,90.0,2017.0,22.0,ＲＣ,１中住専,未改装,2200.0
6647,武庫川団地前,16.0,3.0,２ＬＤＫ,65.0,2017.0,27.0,ＳＲＣ,１中住専,未改装,1200.0
6648,武庫川団地前,9.0,5.0,４ＬＤＫ,95.0,2017.0,21.0,ＲＣ,１中住専,未改装,2000.0
6649,武庫川団地前,14.0,4.0,２ＬＤＫ＋Ｓ,65.0,2017.0,32.0,ＳＲＣ,１中住専,改装済み,1400.0
6651,夙川,13.0,4.0,３ＬＤＫ,85.0,2017.0,4.0,ＳＲＣ,１低住専,未改装,6400.0
6652,夙川,12.0,2.0,１ＬＤＫ,60.0,2017.0,49.0,ＲＣ,１中住専,未改装,870.0
6653,苦楽園口,12.0,3.0,２ＬＤＫ,70.0,2014.0,14.0,ＲＣ,１中住専,未改装,4000.0
6654,苦楽園口,12.0,4.0,３ＬＤＫ,70.0,2014.0,14.0,ＲＣ,１中住専,未改装,3500.0
6656,苦楽園口,12.0,4.0,３ＬＤＫ,85.0,2014.0,14.0,ＲＣ,１中住専,未改装,3700.0
6657,西宮北口,11.0,3.0,２ＬＤＫ,65.0,2017.0,42.0,ＳＲＣ,準工業,改装済み,1900.0
6659,今津(阪神),3.0,3.0,２ＬＤＫ,50.0,2010.0,13.0,ＲＣ,近隣商業,未改装,1600.0
6660,今津(阪急),1.0,4.0,３ＬＤＫ,65.0,2010.0,12.0,ＳＲＣ,商業,未改装,1600.0
6661,門戸厄神,14.0,4.0,３ＬＤＫ,70.0,2014.0,19.0,ＲＣ,１中住専,未改装,2400.0
6662,今津(阪神),8.0,4.0,３ＬＤＫ,70.0,2010.0,8.0,ＲＣ,１種住居,未改装,2500.0
6663,今津(阪神),4.0,2.0,１ＤＫ,25.0,2010.0,21.0,ＲＣ,商業,改装済み,3400.0
6664,門戸厄神,16.0,4.0,３ＬＤＫ,65.0,2014.0,20.0,ＲＣ,１中住専,改装済み,2400.0
6665,今津(阪神),7.0,3.0,２ＬＤＫ,55.0,2010.0,14.0,ＳＲＣ,１種住居,未改装,1400.0
6667,今津(阪神),8.0,4.0,３ＬＤＫ,60.0,2010.0,14.0,ＳＲＣ,１種住居,未改装,1900.0
6668,今津(阪神),7.0,3.0,２ＬＤＫ,60.0,2010.0,14.0,ＳＲＣ,１種住居,未改装,1500.0
6669,今津(阪神),6.0,4.0,３ＬＤＫ,60.0,2010.0,14.0,ＳＲＣ,１種住居,未改装,1500.0
6671,西宮(阪神),2.0,4.0,３ＬＤＫ,75.0,2017.0,14.0,ＳＲＣ,商業,未改装,4300.0
6675,甲東園,16.0,4.0,３ＬＤＫ,65.0,2017.0,38.0,ＲＣ,１中住専,改装済み,1700.0
6676,西宮(阪神),8.0,3.0,２ＬＤＫ,60.0,2010.0,12.0,ＲＣ,近隣商業,未改装,2000.0
6677,西宮(阪神),8.0,3.0,２ＬＤＫ,60.0,2010.0,12.0,ＲＣ,近隣商業,未改装,2400.0
6679,西宮北口,9.0,4.0,３ＬＤＫ,65.0,2014.0,4.0,ＲＣ,工業,未改装,3100.0
6680,西宮北口,6.0,1.0,１Ｒ,15.0,2014.0,27.0,ＲＣ,近隣商業,未改装,400.0
6681,甲子園口,7.0,4.0,３ＬＤＫ,65.0,2010.0,38.0,ＲＣ,１中住専,未改装,1500.0
6682,西宮北口,12.0,4.0,３ＬＤＫ,85.0,2014.0,8.0,ＲＣ,１中住専,未改装,4800.0
6683,西宮(阪神),3.0,4.0,３ＬＤＫ,65.0,2010.0,4.0,ＲＣ,商業,未改装,2800.0
6684,西宮(阪神),3.0,4.0,３ＬＤＫ,85.0,2010.0,4.0,ＲＣ,商業,未改装,3700.0
6686,甲子園口,6.0,4.0,３ＬＤＫ,100.0,2014.0,46.0,ＲＣ,１中住専,未改装,3000.0
6687,甲子園口,6.0,3.0,２ＬＤＫ,70.0,2014.0,46.0,ＲＣ,１中住専,未改装,1700.0
6688,夙川,9.0,3.0,２ＤＫ,40.0,2010.0,13.0,ＲＣ,１低住専,未改装,2000.0
6689,尼崎(ＪＲ),10.0,3.0,２ＬＤＫ,55.0,2010.0,13.0,ＲＣ,１種住居,改装済み,2000.0
6690,鳴尾・武庫川女子大前,10.0,5.0,４ＬＤＫ,80.0,2014.0,35.0,ＳＲＣ,１中住専,改装済み,2000.0
6691,夙川,13.0,4.0,３ＬＤＫ,60.0,2014.0,14.0,ＲＣ,近隣商業,未改装,2500.0
6692,甲子園口,11.0,3.0,２ＤＫ,35.0,2010.0,22.0,ＲＣ,１種住居,未改装,550.0
6693,西宮(阪神),8.0,4.0,３ＬＤＫ,60.0,2014.0,14.0,ＲＣ,近隣商業,未改装,2700.0
6694,甲子園口,11.0,3.0,２ＤＫ,35.0,2010.0,22.0,ＲＣ,１種住居,未改装,550.0
6695,甲子園口,10.0,4.0,３ＬＤＫ,80.0,2010.0,13.0,ＲＣ,１種住居,改装済み,2800.0
6696,仁川,7.0,4.0,３ＬＤＫ,70.0,2017.0,9.0,ＲＣ,２中住専,未改装,3700.0
6697,香櫨園,11.0,5.0,４ＬＤＫ,95.0,2014.0,17.0,ＲＣ,１中住専,未改装,2400.0
6698,今津(阪神),8.0,3.0,２ＬＤＫ,70.0,2017.0,2.0,ＲＣ,１種住居,未改装,3700.0
6699,西宮(阪神),18.0,4.0,３ＬＤＫ,70.0,2014.0,1.0,ＲＣ,準工業,未改装,2700.0
6700,西宮(阪神),16.0,4.0,３ＬＤＫ,70.0,2014.0,1.0,ＲＣ,準工業,未改装,2900.0
6702,西宮(ＪＲ),12.0,4.0,２ＬＤＫ＋Ｓ,70.0,2010.0,10.0,ＲＣ,近隣商業,未改装,2500.0
6703,今津(阪神),13.0,4.0,３ＬＤＫ,65.0,2017.0,16.0,ＲＣ,工業,改装済み,2600.0
6704,西宮北口,19.0,4.0,３ＬＤＫ,65.0,2010.0,13.0,ＲＣ,１種住居,改装済み,2000.0
6705,西宮北口,21.0,4.0,３ＬＤＫ,80.0,2010.0,16.0,ＲＣ,１種住居,未改装,2100.0
6706,香櫨園,4.0,4.0,３ＬＤＫ,100.0,2014.0,25.0,ＲＣ,１中住専,未改装,3800.0
6707,西宮(ＪＲ),6.0,3.0,２ＬＤＫ,55.0,2017.0,18.0,ＲＣ,２種住居,未改装,2300.0
6708,西宮(ＪＲ),3.0,4.0,３ＬＤＫ,65.0,2017.0,22.0,ＲＣ,２種住居,未改装,2800.0
6710,西宮(ＪＲ),7.0,4.0,３ＬＤＫ,75.0,2017.0,16.0,ＲＣ,準工業,未改装,3400.0
6711,さくら夙川,13.0,4.0,３ＬＤＫ,75.0,2014.0,15.0,ＲＣ,１中住専,改装済み,3100.0
6714,夙川,7.0,4.0,３ＬＤＫ,75.0,2014.0,2.0,ＲＣ,１中住専,未改装,5200.0
6715,夙川,8.0,4.0,３ＬＤＫ,95.0,2014.0,5.0,ＲＣ,１中住専,未改装,7900.0
6716,今津(阪神),3.0,4.0,３ＬＤＫ,65.0,2017.0,3.0,ＲＣ,近隣商業,未改装,2900.0
6718,今津(阪神),2.0,3.0,２ＬＤＫ,55.0,2017.0,13.0,ＲＣ,商業,改装済み,2700.0
6722,甲子園口,7.0,4.0,３ＬＤＫ,75.0,2014.0,10.0,ＲＣ,１中住専,未改装,4200.0
6724,甲子園口,7.0,4.0,３ＬＤＫ,65.0,2014.0,19.0,ＲＣ,１中住専,改装済み,2400.0
6726,西宮(ＪＲ),4.0,3.0,２ＬＤＫ,65.0,2014.0,19.0,ＲＣ,近隣商業,未改装,2600.0
6727,西宮(ＪＲ),4.0,4.0,３ＬＤＫ,65.0,2014.0,12.0,ＲＣ,近隣商業,未改装,3000.0
6728,甲子園口,13.0,4.0,３ＬＤＫ,80.0,2014.0,9.0,ＲＣ,１中住専,未改装,3200.0
6729,甲子園口,15.0,4.0,３ＬＤＫ,90.0,2014.0,11.0,ＲＣ,１中住専,未改装,3700.0
6730,西宮北口,8.0,3.0,２ＬＤＫ,75.0,2014.0,13.0,ＲＣ,１中住専,未改装,3700.0
6731,西宮北口,8.0,4.0,３ＬＤＫ,70.0,2014.0,18.0,ＲＣ,１中住専,未改装,2800.0
6732,西宮北口,8.0,4.0,３ＬＤＫ,65.0,2014.0,14.0,ＲＣ,１中住専,未改装,2800.0
6733,西宮北口,8.0,4.0,３ＬＤＫ,70.0,2014.0,18.0,ＲＣ,１中住専,未改装,3000.0
6734,西宮名塩,29.0,4.0,３ＬＤＫ,65.0,2010.0,15.0,ＲＣ,１低住専,未改装,260.0
6735,甲子園口,8.0,4.0,３ＬＤＫ,75.0,2017.0,16.0,ＲＣ,１中住専,未改装,3100.0
6736,門戸厄神,8.0,4.0,３ＬＤＫ,70.0,2014.0,15.0,ＲＣ,２中住専,未改装,2200.0
6738,夙川,13.0,4.0,３ＬＤＫ,75.0,2014.0,43.0,ＲＣ,１中住専,改装済み,1500.0
6739,夙川,12.0,4.0,３ＬＤＫ,75.0,2014.0,43.0,ＲＣ,１中住専,未改装,1300.0
6740,夙川,12.0,4.0,３ＬＤＫ,75.0,2014.0,43.0,ＲＣ,１中住専,未改装,1700.0
6741,甲子園口,9.0,4.0,３ＬＤＫ,85.0,2017.0,9.0,ＲＣ,１中住専,未改装,4000.0
6742,甲子園口,9.0,5.0,４ＬＤＫ,90.0,2017.0,9.0,ＲＣ,１中住専,未改装,4600.0
6743,西宮(阪神),3.0,4.0,３ＬＤＫ,60.0,2017.0,11.0,ＲＣ,商業,未改装,3000.0
6744,甲子園,13.0,5.0,４ＬＤＫ,105.0,2014.0,9.0,ＲＣ,２種住居,未改装,4500.0
6745,甲子園,10.0,4.0,３ＬＤＫ,75.0,2014.0,12.0,ＲＣ,２中住専,未改装,3100.0
6746,甲子園,11.0,4.0,３ＬＤＫ,80.0,2014.0,12.0,ＲＣ,２中住専,未改装,3300.0
6747,甲子園,13.0,3.0,２ＬＤＫ,75.0,2014.0,9.0,ＲＣ,２種住居,未改装,3300.0
6748,苦楽園口,2.0,3.0,２ＬＤＫ,80.0,2014.0,6.0,ＲＣ,１中住専,未改装,6000.0
6749,苦楽園口,3.0,4.0,３ＬＤＫ,80.0,2014.0,6.0,ＲＣ,１中住専,未改装,5200.0
6750,宝塚,15.0,4.0,３ＬＤＫ,75.0,2010.0,13.0,ＳＲＣ,２中住専,未改装,1500.0
6751,宝塚,15.0,4.0,３ＬＤＫ,75.0,2010.0,11.0,ＳＲＣ,２中住専,未改装,1700.0
6752,西宮北口,6.0,4.0,３ＬＤＫ,80.0,2014.0,16.0,ＲＣ,１中住専,未改装,3700.0
6753,西宮北口,6.0,4.0,３ＬＤＫ,75.0,2014.0,0.0,ＲＣ,１種住居,未改装,5300.0
6755,西宮北口,7.0,2.0,１Ｋ,25.0,2014.0,16.0,ＳＲＣ,１中住専,未改装,1300.0
6756,西宮北口,6.0,4.0,３ＬＤＫ,80.0,2014.0,0.0,ＲＣ,１種住居,未改装,5600.0
6757,香櫨園,4.0,4.0,３ＬＤＫ,85.0,2014.0,17.0,ＲＣ,１種住居,未改装,4200.0
6758,香櫨園,3.0,4.0,３ＬＤＫ,70.0,2014.0,20.0,ＲＣ,１種住居,改装済み,2700.0
6759,生瀬,12.0,4.0,３ＬＤＫ,75.0,2010.0,11.0,ＳＲＣ,２中住専,未改装,1500.0
6760,生瀬,11.0,4.0,３ＬＤＫ,75.0,2010.0,11.0,ＳＲＣ,２中住専,改装済み,1500.0
6761,夙川,3.0,4.0,３ＬＤＫ,70.0,2014.0,17.0,ＲＣ,１種住居,未改装,2800.0
6762,西宮(ＪＲ),11.0,4.0,３ＬＤＫ,70.0,2014.0,1.0,ＲＣ,１種住居,未改装,3500.0
6763,門戸厄神,13.0,5.0,４ＬＤＫ,85.0,2014.0,19.0,ＲＣ,１中住専,未改装,3300.0
6764,門戸厄神,10.0,4.0,３ＬＤＫ,65.0,2014.0,19.0,ＲＣ,１中住専,未改装,2400.0
6765,鳴尾・武庫川女子大前,7.0,3.0,２ＬＤＫ,40.0,2010.0,39.0,鉄骨造,１種住居,改装済み,850.0
6766,門戸厄神,6.0,4.0,３ＬＤＫ,70.0,2014.0,14.0,ＲＣ,１中住専,未改装,2900.0
6767,鳴尾・武庫川女子大前,3.0,4.0,３ＬＤＫ,70.0,2010.0,6.0,ＲＣ,近隣商業,未改装,2500.0
6768,鳴尾・武庫川女子大前,6.0,3.0,２ＤＫ,45.0,2010.0,39.0,鉄骨造,１種住居,未改装,700.0
6770,門戸厄神,15.0,4.0,３ＬＤＫ,70.0,2014.0,15.0,ＲＣ,１中住専,未改装,2000.0
6771,西宮名塩,28.0,4.0,３ＬＤＫ,65.0,2017.0,22.0,ＲＣ,１低住専,未改装,4000.0
6772,西宮名塩,8.0,5.0,４ＬＤＫ,95.0,2017.0,11.0,ＲＣ,１中住専,未改装,2200.0
6774,西宮北口,15.0,4.0,３ＬＤＫ,90.0,2014.0,8.0,ＲＣ,１中住専,未改装,5000.0
6775,さくら夙川,8.0,4.0,３ＬＤＫ,75.0,2014.0,15.0,ＲＣ,近隣商業,未改装,3500.0
6776,苦楽園口,5.0,5.0,４ＬＤＫ,80.0,2017.0,16.0,ＲＣ,１中住専,改装済み,4200.0
6777,仁川,9.0,5.0,４ＬＤＫ,85.0,2010.0,12.0,ＲＣ,１種住居,未改装,2700.0
6779,宝塚,15.0,5.0,４ＬＤＫ,95.0,2017.0,18.0,ＳＲＣ,２中住専,未改装,2100.0
6780,生瀬,10.0,4.0,３ＬＤＫ,70.0,2017.0,20.0,ＳＲＣ,２中住専,未改装,1400.0
6781,生瀬,13.0,4.0,３ＬＤＫ,75.0,2017.0,20.0,ＳＲＣ,２中住専,未改装,1600.0
6782,西宮(阪神),30.0,4.0,３ＬＤＫ,95.0,2010.0,6.0,ＳＲＣ,１中住専,未改装,4300.0
6783,西宮(阪神),30.0,4.0,３ＬＤＫ,70.0,2010.0,12.0,ＳＲＣ,１中住専,未改装,1600.0
6784,西宮(阪神),30.0,3.0,２ＬＤＫ,65.0,2010.0,12.0,ＳＲＣ,１中住専,改装済み,1200.0
6785,西宮(阪神),30.0,4.0,３ＬＤＫ,80.0,2010.0,6.0,ＲＣ,１中住専,未改装,2000.0
6786,西宮(阪神),30.0,3.0,２ＬＤＫ,120.0,2010.0,6.0,ＳＲＣ,１中住専,未改装,3800.0
6787,西宮(阪神),30.0,3.0,２ＬＤＫ,95.0,2010.0,6.0,ＳＲＣ,１中住専,未改装,4500.0
6788,西宮(阪神),30.0,5.0,４ＬＤＫ,80.0,2010.0,12.0,ＳＲＣ,１中住専,改装済み,1900.0
6789,西宮(阪神),30.0,4.0,３ＬＤＫ,70.0,2010.0,12.0,ＳＲＣ,１中住専,改装済み,1500.0
6790,西宮(阪神),30.0,4.0,３ＬＤＫ,75.0,2010.0,11.0,ＳＲＣ,近隣商業,未改装,2100.0
6791,西宮(阪神),30.0,4.0,３ＬＤＫ,70.0,2010.0,12.0,ＳＲＣ,１中住専,未改装,1600.0
6792,西宮(阪神),30.0,3.0,２ＬＤＫ,100.0,2010.0,6.0,ＲＣ,１中住専,未改装,5200.0
6793,西宮(阪神),30.0,5.0,４ＬＤＫ,90.0,2010.0,11.0,ＳＲＣ,近隣商業,未改装,3300.0
6794,西宮(阪神),30.0,4.0,３ＬＤＫ,80.0,2010.0,11.0,ＳＲＣ,近隣商業,未改装,2800.0
6795,西宮(阪神),30.0,4.0,３ＬＤＫ,70.0,2010.0,12.0,ＳＲＣ,１中住専,未改装,1700.0
6796,西宮(阪神),30.0,4.0,３ＬＤＫ,95.0,2010.0,6.0,ＲＣ,１中住専,未改装,3900.0
6797,西宮(阪神),30.0,4.0,３ＬＤＫ,70.0,2010.0,12.0,ＳＲＣ,１中住専,未改装,1300.0
6798,西宮(阪神),30.0,4.0,３ＬＤＫ,70.0,2010.0,12.0,ＳＲＣ,１中住専,未改装,1300.0
6799,西宮(阪神),30.0,4.0,３ＬＤＫ,70.0,2010.0,12.0,ＳＲＣ,１中住専,改装済み,1600.0
6800,苦楽園口,14.0,5.0,４ＬＤＫ,95.0,2010.0,3.0,ＲＣ,１中住専,未改装,4200.0
6801,苦楽園口,13.0,4.0,３ＬＤＫ,70.0,2010.0,25.0,ＲＣ,１中住専,未改装,1100.0
6802,苦楽園口,14.0,3.0,２ＬＤＫ,85.0,2010.0,3.0,ＲＣ,１中住専,未改装,2600.0
6803,苦楽園口,6.0,2.0,１ＬＤＫ,40.0,2017.0,9.0,ＲＣ,１中住専,未改装,2100.0
6804,夙川,16.0,4.0,３ＬＤＫ,140.0,2017.0,33.0,ＲＣ,１低住専,未改装,4200.0
6805,さくら夙川,13.0,4.0,３ＬＤＫ,60.0,2014.0,12.0,ＲＣ,近隣商業,未改装,2600.0
6806,さくら夙川,13.0,4.0,３ＬＤＫ,55.0,2014.0,12.0,ＲＣ,近隣商業,未改装,2400.0
6807,西宮(阪神),10.0,3.0,２ＬＤＫ,70.0,2014.0,29.0,ＳＲＣ,準工業,未改装,1500.0
6808,門戸厄神,6.0,4.0,３ＬＤＫ,70.0,2010.0,8.0,ＲＣ,１中住専,未改装,3000.0
6809,門戸厄神,7.0,4.0,３ＬＤＫ,75.0,2010.0,24.0,ＲＣ,１中住専,改装済み,2000.0
6810,西宮(阪神),3.0,2.0,１Ｋ,25.0,2014.0,5.0,ＲＣ,近隣商業,未改装,1400.0
6811,西宮(阪神),5.0,2.0,１Ｋ,25.0,2014.0,5.0,ＲＣ,近隣商業,未改装,1400.0
6812,夙川,3.0,2.0,１ＤＫ,50.0,2010.0,10.0,ＲＣ,近隣商業,改装済み,2300.0
6813,夙川,2.0,4.0,３ＬＤＫ,120.0,2010.0,24.0,ＲＣ,近隣商業,改装済み,4900.0
6814,西宮(ＪＲ),7.0,4.0,３ＬＤＫ,70.0,2010.0,9.0,ＲＣ,１種住居,未改装,2400.0
6815,西宮(阪神),8.0,2.0,１ＬＤＫ,55.0,2010.0,1.0,ＲＣ,近隣商業,未改装,2500.0
6816,西宮北口,3.0,4.0,３ＬＤＫ,75.0,2014.0,14.0,ＳＲＣ,２種住居,改装済み,4000.0
6817,西宮北口,3.0,4.0,２ＬＤＫ＋Ｓ,80.0,2014.0,14.0,ＳＲＣ,２種住居,改装済み,4000.0
6818,西宮北口,3.0,4.0,３ＬＤＫ,80.0,2014.0,14.0,ＳＲＣ,２種住居,未改装,4600.0
6819,西宮北口,5.0,5.0,４ＬＤＫ,85.0,2014.0,9.0,ＲＣ,２種住居,未改装,4700.0
6820,西宮北口,5.0,4.0,３ＬＤＫ,80.0,2014.0,14.0,ＳＲＣ,２種住居,改装済み,4900.0
6821,西宮北口,3.0,4.0,３ＬＤＫ,80.0,2014.0,14.0,ＳＲＣ,２種住居,未改装,3500.0
6823,西宮北口,3.0,3.0,２ＬＤＫ,60.0,2014.0,14.0,ＳＲＣ,２種住居,未改装,3600.0
6824,西宮(ＪＲ),7.0,3.0,２ＬＤＫ,65.0,2014.0,16.0,ＳＲＣ,近隣商業,改装済み,2700.0
6825,仁川,11.0,4.0,３ＬＤＫ,75.0,2017.0,20.0,ＲＣ,１中住専,未改装,3800.0
6826,西宮(阪神),4.0,4.0,３ＬＤＫ,70.0,2010.0,9.0,ＳＲＣ,商業,未改装,2800.0
6827,西宮(阪神),2.0,4.0,３ＬＤＫ,65.0,2010.0,4.0,ＲＣ,商業,未改装,3100.0
6828,西宮(阪神),3.0,5.0,４ＬＤＫ,100.0,2010.0,11.0,ＲＣ,商業,未改装,3500.0
6829,西宮(阪神),3.0,4.0,３ＬＤＫ,60.0,2010.0,4.0,ＲＣ,商業,未改装,2500.0
6830,西宮(阪神),4.0,4.0,３ＬＤＫ,70.0,2010.0,9.0,ＳＲＣ,商業,未改装,2700.0
6831,西宮(阪神),2.0,4.0,３ＬＤＫ,70.0,2010.0,9.0,ＳＲＣ,商業,未改装,2800.0
6832,西宮(阪神),3.0,4.0,３ＬＤＫ,70.0,2010.0,11.0,ＳＲＣ,商業,未改装,2100.0
6833,甲子園,15.0,3.0,１ＬＤＫ＋Ｓ,75.0,2014.0,8.0,ＲＣ,１中住専,未改装,3100.0
6834,甲子園口,14.0,4.0,３ＬＤＫ,75.0,2014.0,14.0,ＲＣ,１種住居,改装済み,3000.0
6835,甲子園口,19.0,4.0,３ＬＤＫ,70.0,2014.0,14.0,ＲＣ,１中住専,未改装,3200.0
6837,門戸厄神,8.0,4.0,３ＬＤＫ,65.0,2014.0,12.0,ＲＣ,準住居,未改装,2700.0
6838,西宮(阪神),3.0,2.0,１Ｋ,20.0,2014.0,9.0,ＲＣ,商業,未改装,1000.0
6840,西宮(阪神),30.0,5.0,４ＬＤＫ,110.0,2017.0,13.0,ＳＲＣ,１中住専,改装済み,3200.0
6842,西宮(阪神),30.0,4.0,３ＬＤＫ,70.0,2017.0,19.0,ＳＲＣ,１中住専,未改装,1400.0
6843,西宮(阪神),30.0,5.0,４ＬＤＫ,80.0,2017.0,19.0,ＲＣ,１中住専,未改装,1800.0
6845,西宮(阪神),30.0,4.0,３ＬＤＫ,85.0,2017.0,13.0,ＲＣ,１中住専,改装済み,3400.0
6846,甲子園,21.0,4.0,３ＬＤＫ,70.0,2010.0,10.0,ＲＣ,１種住居,未改装,2400.0
6847,西宮(阪神),30.0,5.0,４ＬＤＫ,85.0,2017.0,19.0,ＳＲＣ,１中住専,未改装,1900.0
6848,甲子園,16.0,4.0,３ＬＤＫ,90.0,2010.0,8.0,ＳＲＣ,１種住居,未改装,2700.0
6849,西宮(阪神),30.0,4.0,３ＬＤＫ,70.0,2017.0,19.0,ＳＲＣ,１中住専,未改装,1500.0
6850,西宮(阪神),30.0,4.0,３ＬＤＫ,75.0,2017.0,19.0,ＲＣ,１中住専,未改装,1900.0
6851,甲子園,18.0,4.0,３ＬＤＫ,80.0,2010.0,8.0,ＳＲＣ,１種住居,改装済み,3300.0
6852,西宮(阪神),30.0,4.0,３ＬＤＫ,65.0,2017.0,19.0,ＳＲＣ,１中住専,改装済み,1800.0
6853,西宮(阪神),30.0,4.0,３ＬＤＫ,70.0,2017.0,19.0,ＳＲＣ,１中住専,改装済み,1400.0
6854,西宮(阪神),10.0,5.0,４ＬＤＫ,80.0,2010.0,7.0,ＳＲＣ,準工業,未改装,3100.0
6855,洲先,3.0,4.0,３ＬＤＫ,70.0,2010.0,12.0,ＲＣ,１種住居,改装済み,2700.0
6856,洲先,3.0,4.0,３ＬＤＫ,75.0,2010.0,12.0,ＲＣ,１種住居,未改装,2400.0
6858,門戸厄神,4.0,4.0,３ＬＤＫ,75.0,2017.0,1.0,ＲＣ,１中住専,改装済み,4900.0
6860,門戸厄神,5.0,3.0,２ＬＤＫ,70.0,2017.0,22.0,ＲＣ,１中住専,改装済み,4000.0
6861,門戸厄神,5.0,4.0,３ＬＤＫ,70.0,2017.0,22.0,ＲＣ,１中住専,改装済み,4300.0
6862,東鳴尾,5.0,4.0,３ＬＤＫ,70.0,2010.0,33.0,ＲＣ,１種住居,改装済み,1700.0
6864,今津(阪神),16.0,5.0,４ＬＤＫ,100.0,2010.0,5.0,ＲＣ,準工業,改装済み,3400.0
6865,西宮(ＪＲ),6.0,4.0,３ＬＤＫ,75.0,2017.0,8.0,ＲＣ,近隣商業,改装済み,3800.0
6866,西宮(阪神),8.0,4.0,３ＬＤＫ,80.0,2017.0,8.0,ＲＣ,近隣商業,未改装,4300.0
6867,西宮(阪神),19.0,4.0,３ＬＤＫ,60.0,2010.0,13.0,ＲＣ,準工業,未改装,1200.0
6869,西宮(阪神),17.0,3.0,２ＬＤＫ,65.0,2010.0,6.0,ＲＣ,準工業,未改装,2300.0
6871,西宮(阪神),4.0,4.0,２ＬＤＫ＋Ｓ,70.0,2017.0,18.0,ＳＲＣ,商業,改装済み,2400.0
6872,西宮(阪神),4.0,3.0,２ＬＤＫ,65.0,2017.0,13.0,ＳＲＣ,商業,改装済み,3200.0
6873,西宮(阪神),3.0,3.0,２ＬＤＫ,70.0,2017.0,16.0,ＳＲＣ,商業,改装済み,3200.0
6874,西宮(阪神),3.0,4.0,３ＬＤＫ,65.0,2017.0,11.0,ＲＣ,商業,未改装,3500.0
6875,西宮(阪神),3.0,3.0,２ＬＤＫ,60.0,2017.0,12.0,ＲＣ,商業,未改装,2600.0
6876,西宮名塩,14.0,4.0,３ＬＤＫ,90.0,2010.0,7.0,ＲＣ,１中住専,未改装,2200.0
6877,西宮名塩,19.0,4.0,３ＬＤＫ,85.0,2010.0,7.0,ＲＣ,１中住専,未改装,2300.0
6878,西宮名塩,16.0,3.0,２ＬＤＫ,80.0,2010.0,18.0,ＲＣ,１中住専,未改装,1700.0
6879,西宮名塩,4.0,4.0,３ＬＤＫ,85.0,2010.0,17.0,ＲＣ,１中住専,未改装,1200.0
6880,西宮名塩,7.0,4.0,３ＬＤＫ,90.0,2010.0,16.0,ＲＣ,１中住専,未改装,1600.0
6881,西宮名塩,7.0,4.0,３ＬＤＫ,80.0,2010.0,14.0,ＲＣ,１中住専,改装済み,1800.0
6882,西宮名塩,13.0,4.0,３ＬＤＫ,80.0,2010.0,7.0,ＲＣ,１中住専,未改装,2200.0
6883,西宮名塩,15.0,4.0,３ＬＤＫ,85.0,2010.0,7.0,ＲＣ,１中住専,改装済み,2400.0
6884,西宮(阪神),7.0,4.0,３ＬＤＫ,65.0,2017.0,17.0,ＳＲＣ,近隣商業,未改装,2700.0
6885,苦楽園口,9.0,3.0,２ＬＤＫ,65.0,2010.0,36.0,ＲＣ,１種住居,改装済み,1500.0
6886,苦楽園口,14.0,5.0,４ＬＤＫ,90.0,2010.0,2.0,ＲＣ,１中住専,未改装,5700.0
6887,苦楽園口,16.0,6.0,５ＬＤＫ,115.0,2010.0,28.0,ＲＣ,１中住専,改装済み,3300.0
6888,苦楽園口,13.0,4.0,３ＬＤＫ,70.0,2010.0,3.0,ＲＣ,１中住専,未改装,3600.0
6889,苦楽園口,9.0,3.0,２ＬＤＫ,65.0,2010.0,36.0,ＲＣ,１種住居,未改装,800.0
6890,苦楽園口,9.0,4.0,３ＬＤＫ,65.0,2010.0,36.0,ＲＣ,１種住居,未改装,1500.0
6891,洲先,3.0,4.0,３ＬＤＫ,75.0,2017.0,19.0,ＲＣ,１種住居,未改装,250.0
6892,東鳴尾,4.0,4.0,３ＬＤＫ,70.0,2017.0,35.0,ＲＣ,１種住居,改装済み,1600.0
6894,東鳴尾,4.0,5.0,４ＬＤＫ,75.0,2017.0,38.0,ＳＲＣ,１種住居,未改装,1300.0
6895,門戸厄神,18.0,4.0,３ＬＤＫ,75.0,2010.0,15.0,ＲＣ,１中住専,未改装,2300.0
6896,今津(阪神),16.0,5.0,４ＬＤＫ,80.0,2017.0,30.0,ＳＲＣ,準工業,改装済み,1500.0
6897,西宮(阪神),15.0,4.0,３ＬＤＫ,70.0,2017.0,21.0,ＲＣ,準工業,未改装,2000.0
6898,西宮(阪神),16.0,4.0,３ＬＤＫ,70.0,2017.0,21.0,ＲＣ,準工業,未改装,1700.0
6899,西宮(阪神),20.0,5.0,４ＬＤＫ,80.0,2017.0,30.0,ＲＣ,準工業,未改装,780.0
6900,西宮(阪神),15.0,4.0,３ＬＤＫ,70.0,2017.0,21.0,ＲＣ,準工業,未改装,2100.0
6901,西宮北口,14.0,5.0,４ＬＤＫ,75.0,2010.0,7.0,ＲＣ,２中住専,未改装,2700.0
6902,西宮北口,19.0,4.0,３ＬＤＫ,65.0,2010.0,10.0,ＲＣ,１中住専,改装済み,2300.0
6903,西宮北口,15.0,2.0,１Ｋ,15.0,2010.0,24.0,ＲＣ,２中住専,未改装,200.0
6904,西宮名塩,9.0,3.0,２ＬＤＫ,75.0,2017.0,21.0,ＲＣ,１中住専,改装済み,1500.0
6905,西宮名塩,15.0,4.0,３ＬＤＫ,70.0,2017.0,20.0,ＲＣ,１中住専,未改装,1200.0
6907,西宮名塩,16.0,4.0,３ＬＤＫ,80.0,2017.0,25.0,ＲＣ,１中住専,改装済み,1700.0
6908,西宮北口,7.0,2.0,１Ｋ,15.0,2010.0,22.0,ＲＣ,２種住居,未改装,320.0
6910,甲子園口,6.0,5.0,３ＬＤＫ＋Ｓ,120.0,2010.0,42.0,ＲＣ,１中住専,未改装,2000.0
6912,苦楽園口,13.0,3.0,２ＬＤＫ,65.0,2017.0,10.0,ＲＣ,１中住専,未改装,3600.0
6913,苦楽園口,14.0,4.0,３ＬＤＫ,80.0,2017.0,32.0,ＲＣ,１種住居,改装済み,3000.0
6914,苦楽園口,16.0,4.0,３ＬＤＫ,85.0,2017.0,35.0,ＲＣ,１中住専,未改装,2000.0
6915,苦楽園口,9.0,4.0,３ＬＤＫ,115.0,2017.0,43.0,ＲＣ,１種住居,未改装,2900.0
6916,門戸厄神,12.0,5.0,４ＬＤＫ,85.0,2017.0,22.0,ＲＣ,１中住専,未改装,2900.0
6917,苦楽園口,9.0,2.0,１ＬＤＫ,45.0,2010.0,25.0,鉄骨造,１低住専,改装済み,780.0
6918,苦楽園口,8.0,3.0,２ＬＤＫ,45.0,2010.0,40.0,鉄骨造,１低住専,改装済み,780.0
6921,西宮北口,6.0,3.0,２ＬＤＫ,50.0,2017.0,12.0,ＲＣ,１種住居,未改装,2500.0
6922,香櫨園,11.0,4.0,３ＬＤＫ,80.0,2010.0,13.0,ＲＣ,１中住専,未改装,2200.0
6923,西宮(ＪＲ),18.0,5.0,４ＬＤＫ,95.0,2017.0,14.0,ＲＣ,２中住専,改装済み,4000.0
6924,香櫨園,12.0,4.0,３ＬＤＫ,65.0,2010.0,9.0,ＲＣ,１種住居,未改装,2600.0
6925,西宮北口,19.0,3.0,２ＬＤＫ,75.0,2017.0,18.0,ＲＣ,１中住専,改装済み,2800.0
6926,西宮北口,19.0,3.0,２ＬＤＫ,70.0,2017.0,17.0,ＲＣ,１中住専,未改装,2400.0
6927,西宮北口,16.0,5.0,４ＬＤＫ,75.0,2017.0,14.0,ＲＣ,２中住専,改装済み,2700.0
6928,西宮北口,16.0,4.0,３ＬＤＫ,85.0,2017.0,18.0,ＲＣ,１中住専,未改装,3000.0
6930,苦楽園口,6.0,4.0,３ＬＤＫ,115.0,2010.0,4.0,ＲＣ,１中住専,未改装,6400.0
6932,西宮北口,9.0,5.0,４ＬＤＫ,70.0,2017.0,36.0,ＲＣ,２種住居,改装済み,1300.0
6933,香櫨園,6.0,4.0,３ＬＤＫ,95.0,2010.0,21.0,ＲＣ,１中住専,未改装,3200.0
6934,門戸厄神,5.0,3.0,２ＬＤＫ,50.0,2017.0,21.0,ＲＣ,１中住専,未改装,1500.0
6936,甲子園口,6.0,4.0,３ＬＤＫ,100.0,2017.0,49.0,ＲＣ,１中住専,未改装,2800.0
6937,鳴尾・武庫川女子大前,10.0,3.0,２ＬＤＫ,60.0,2017.0,38.0,ＳＲＣ,１中住専,未改装,1300.0
6938,甲子園口,10.0,3.0,２ＬＤＫ,60.0,2010.0,33.0,ＲＣ,１中住専,未改装,1000.0
6939,甲子園口,11.0,3.0,２ＬＤＫ,75.0,2010.0,33.0,ＲＣ,１中住専,改装済み,1600.0
6940,甲子園口,8.0,4.0,３ＬＤＫ,85.0,2010.0,22.0,ＲＣ,１中住専,未改装,2600.0
6941,西宮(ＪＲ),5.0,4.0,３ＬＤＫ,75.0,2010.0,15.0,ＲＣ,近隣商業,改装済み,2600.0
6942,香櫨園,11.0,4.0,３ＬＤＫ,70.0,2017.0,20.0,ＲＣ,１中住専,改装済み,2600.0
6943,甲子園口,13.0,4.0,３ＬＤＫ,70.0,2010.0,7.0,ＲＣ,１中住専,未改装,3200.0
6946,西宮北口,8.0,4.0,３ＬＤＫ,65.0,2010.0,14.0,ＲＣ,１中住専,未改装,2600.0
6947,鳴尾・武庫川女子大前,4.0,4.0,３ＬＤＫ,60.0,2011.0,14.0,ＲＣ,１種住居,改装済み,2300.0
6948,さくら夙川,6.0,4.0,３ＬＤＫ,70.0,2017.0,5.0,ＲＣ、鉄骨造,近隣商業,未改装,5500.0
6949,鳴尾・武庫川女子大前,4.0,4.0,３ＬＤＫ,70.0,2011.0,14.0,ＲＣ,１種住居,未改装,2700.0
6950,鳴尾・武庫川女子大前,4.0,4.0,３ＬＤＫ,85.0,2011.0,14.0,ＲＣ,１種住居,未改装,3100.0
6951,夙川,9.0,4.0,３ＬＤＫ,70.0,2017.0,18.0,ＲＣ,１中住専,未改装,3300.0
6952,甲子園口,7.0,3.0,２ＬＤＫ,80.0,2017.0,29.0,ＲＣ,１中住専,改装済み,3500.0
6953,甲子園口,7.0,4.0,３ＬＤＫ,75.0,2017.0,13.0,ＲＣ,１中住専,未改装,4700.0
6954,甲子園口,8.0,4.0,３ＬＤＫ,65.0,2017.0,22.0,ＲＣ,１中住専,未改装,2500.0
6955,甲子園口,8.0,4.0,３ＬＤＫ,65.0,2017.0,22.0,ＲＣ,１中住専,未改装,2700.0
6956,西宮(ＪＲ),4.0,3.0,２ＬＤＫ,55.0,2017.0,6.0,ＲＣ,近隣商業,未改装,3600.0
6957,甲子園口,13.0,5.0,４ＬＤＫ,80.0,2017.0,14.0,ＲＣ,１中住専,未改装,4000.0
6958,西宮北口,15.0,5.0,４ＬＤＫ,85.0,2017.0,15.0,ＲＣ,１中住専,未改装,4000.0
6959,甲子園,13.0,4.0,３ＬＤＫ,95.0,2010.0,5.0,ＲＣ,２種住居,未改装,3800.0
6960,甲子園,12.0,4.0,３ＬＤＫ,80.0,2010.0,5.0,ＲＣ,２種住居,未改装,3500.0
6961,甲子園,12.0,5.0,４ＬＤＫ,85.0,2010.0,5.0,ＲＣ,２種住居,未改装,3600.0
6962,甲子園,13.0,4.0,３ＬＤＫ,85.0,2010.0,5.0,ＲＣ,２種住居,未改装,3700.0
6963,甲子園,13.0,4.0,３ＬＤＫ,85.0,2010.0,5.0,ＲＣ,２種住居,未改装,3600.0
6964,甲子園,17.0,4.0,３ＬＤＫ,85.0,2010.0,5.0,ＲＣ,２種住居,未改装,3500.0
6965,西宮(ＪＲ),4.0,4.0,３ＬＤＫ,50.0,2011.0,35.0,ＳＲＣ,近隣商業,未改装,850.0
6966,西宮(ＪＲ),5.0,3.0,２ＬＤＫ,65.0,2011.0,18.0,ＳＲＣ,近隣商業,未改装,2500.0
6967,西宮(ＪＲ),1.0,4.0,３ＬＤＫ,75.0,2011.0,18.0,ＳＲＣ,近隣商業,未改装,2700.0
6968,西宮(ＪＲ),1.0,4.0,３ＬＤＫ,80.0,2011.0,16.0,ＳＲＣ,近隣商業,未改装,2500.0
6970,西宮北口,5.0,3.0,２ＬＤＫ,55.0,2010.0,9.0,ＲＣ,１種住居,未改装,2600.0
6971,西宮北口,6.0,4.0,３ＬＤＫ,80.0,2010.0,12.0,ＳＲＣ,１中住専,改装済み,3700.0
6972,西宮北口,6.0,2.0,１ＤＫ,35.0,2010.0,12.0,ＳＲＣ,１中住専,未改装,1600.0
6973,西宮北口,5.0,3.0,２ＬＤＫ,55.0,2010.0,12.0,ＲＣ,１種住居,未改装,1900.0
6974,今津(阪神),21.0,4.0,３ＬＤＫ,75.0,2011.0,9.0,ＲＣ,準工業,未改装,2700.0
6975,香櫨園,15.0,4.0,３ＬＤＫ,60.0,2011.0,33.0,ＳＲＣ,準工業,未改装,930.0
6976,香櫨園,16.0,3.0,２ＬＤＫ,60.0,2011.0,33.0,ＳＲＣ,準工業,改装済み,1500.0
6977,西宮(ＪＲ),13.0,3.0,２ＬＤＫ,50.0,2010.0,13.0,ＲＣ,２中住専,未改装,1800.0
6978,香櫨園,16.0,4.0,３ＬＤＫ,75.0,2011.0,6.0,ＲＣ,準工業,未改装,2500.0
6979,香櫨園,15.0,3.0,２ＬＤＫ,60.0,2011.0,33.0,ＳＲＣ,準工業,未改装,1000.0
6980,香櫨園,15.0,4.0,３ＬＤＫ,70.0,2011.0,33.0,ＳＲＣ,準工業,未改装,1400.0
6981,香櫨園,16.0,3.0,２ＬＤＫ,60.0,2011.0,33.0,ＳＲＣ,準工業,改装済み,1200.0
6982,西宮(阪神),18.0,4.0,３ＬＤＫ,70.0,2011.0,6.0,ＲＣ,準工業,未改装,2400.0
6983,西宮(阪神),18.0,4.0,３ＬＤＫ,75.0,2011.0,9.0,ＲＣ,準工業,未改装,2600.0
6984,甲陽園,19.0,4.0,３ＬＤＫ,70.0,2011.0,12.0,ＲＣ,１中住専,未改装,2100.0
6985,甲陽園,19.0,3.0,２ＬＤＫ,75.0,2011.0,8.0,ＲＣ,１中住専,改装済み,2300.0
6986,門戸厄神,29.0,4.0,３ＬＤＫ,70.0,2011.0,31.0,ＲＣ,１中住専,未改装,710.0
6987,門戸厄神,10.0,5.0,４ＬＤＫ,95.0,2010.0,12.0,ＲＣ,１低住専,未改装,3800.0
6988,門戸厄神,6.0,4.0,３ＬＤＫ,75.0,2010.0,13.0,ＲＣ,１中住専,未改装,2800.0
6989,門戸厄神,7.0,4.0,３ＬＤＫ,70.0,2010.0,13.0,ＲＣ,１中住専,改装済み,2800.0
6990,甲東園,23.0,5.0,４ＬＤＫ,75.0,2011.0,10.0,ＲＣ,１中住専,改装済み,2700.0
6991,門戸厄神,6.0,4.0,３ＬＤＫ,75.0,2010.0,10.0,ＲＣ,１中住専,未改装,3000.0
6992,甲子園,12.0,4.0,３ＬＤＫ,85.0,2017.0,11.0,ＲＣ,２種住居,未改装,3700.0
6993,苦楽園口,2.0,4.0,３ＬＤＫ,80.0,2017.0,9.0,ＲＣ,１中住専,未改装,6200.0
6994,門戸厄神,5.0,4.0,３ＬＤＫ,60.0,2010.0,13.0,ＳＲＣ,１中住専,未改装,3000.0
6995,甲東園,13.0,4.0,３ＬＤＫ,75.0,2010.0,11.0,ＲＣ,１中住専,未改装,2700.0
6996,久寿川,5.0,5.0,４ＬＤＫ,75.0,2011.0,26.0,ＳＲＣ,近隣商業,未改装,1000.0
6997,西宮北口,6.0,4.0,３ＬＤＫ,90.0,2017.0,8.0,ＲＣ,１中住専,未改装,6800.0
6999,西宮北口,6.0,4.0,３ＬＤＫ,75.0,2017.0,3.0,ＲＣ,１種住居,未改装,5300.0
7001,久寿川,14.0,4.0,３ＬＤＫ,65.0,2011.0,15.0,ＲＣ,１種住居,未改装,1800.0
7002,久寿川,13.0,4.0,３ＬＤＫ,75.0,2011.0,13.0,ＳＲＣ,１種住居,未改装,2500.0
7003,門戸厄神,10.0,3.0,２ＬＤＫ,65.0,2010.0,6.0,ＲＣ,２中住専,未改装,2800.0
7004,今津(阪神),5.0,4.0,３ＬＤＫ,80.0,2011.0,22.0,ＲＣ,近隣商業,未改装,1800.0
7005,香櫨園,6.0,3.0,２ＬＤＫ,55.0,2010.0,10.0,ＲＣ,近隣商業,未改装,2200.0
7006,久寿川,18.0,4.0,３ＬＤＫ,70.0,2011.0,28.0,ＲＣ,１種住居,未改装,1000.0
7007,夙川,4.0,3.0,２ＬＤＫ,80.0,2010.0,12.0,ＲＣ,１中住専,未改装,4000.0
7008,久寿川,1.0,1.0,１Ｒ,15.0,2011.0,22.0,ＲＣ,近隣商業,未改装,310.0
7009,門戸厄神,7.0,4.0,３ＬＤＫ,75.0,2017.0,20.0,ＲＣ,１中住専,未改装,3400.0
7011,門戸厄神,6.0,4.0,３ＬＤＫ,70.0,2017.0,19.0,ＲＣ,１中住専,未改装,3500.0
7012,有馬温泉,28.0,4.0,３ＬＤＫ,60.0,2010.0,11.0,ＲＣ,１中住専,未改装,350.0
7014,甲陽園,16.0,4.0,３ＬＤＫ,60.0,2011.0,13.0,ＲＣ,１中住専,未改装,1200.0
7015,門戸厄神,9.0,4.0,３ＬＤＫ,90.0,2017.0,13.0,ＲＣ,１中住専,未改装,4100.0
7016,甲東園,25.0,4.0,３ＬＤＫ,75.0,2011.0,14.0,ＲＣ,１中住専,未改装,1900.0
7017,甲陽園,24.0,4.0,３ＬＤＫ,75.0,2011.0,13.0,ＲＣ,１中住専,改装済み,2000.0
7018,香櫨園,8.0,4.0,３ＬＤＫ,55.0,2017.0,17.0,ＲＣ,近隣商業,未改装,2500.0
7019,さくら夙川,8.0,4.0,３ＬＤＫ,80.0,2017.0,18.0,ＲＣ,近隣商業,未改装,3400.0
7020,甲陽園,19.0,4.0,３ＬＤＫ,75.0,2011.0,17.0,ＲＣ,１中住専,未改装,2000.0
7021,甲陽園,16.0,3.0,２ＬＤＫ,55.0,2011.0,33.0,ＳＲＣ,１中住専,未改装,700.0
7022,武庫川団地前,2.0,5.0,４ＬＤＫ,80.0,2011.0,30.0,ＳＲＣ,準工業,改装済み,1300.0
7023,武庫川団地前,3.0,5.0,４ＬＤＫ,80.0,2011.0,30.0,ＳＲＣ,準工業,未改装,1600.0
7024,武庫川団地前,6.0,4.0,３ＬＤＫ,75.0,2011.0,27.0,ＳＲＣ,１種住居,改装済み,1300.0
7025,武庫川団地前,2.0,6.0,５ＬＤＫ,90.0,2011.0,30.0,ＳＲＣ,準工業,未改装,1500.0
7026,武庫川団地前,2.0,5.0,４ＬＤＫ,80.0,2011.0,30.0,ＳＲＣ,準工業,改装済み,1700.0
7027,香櫨園,11.0,4.0,３ＬＤＫ,125.0,2010.0,20.0,ＲＣ,１中住専,改装済み,4400.0
7028,香櫨園,11.0,5.0,４ＬＤＫ,130.0,2010.0,20.0,ＲＣ,１中住専,未改装,4400.0
7029,香櫨園,8.0,3.0,２ＤＫ,65.0,2010.0,19.0,ＲＣ,１種住居,改装済み,1800.0
7030,香櫨園,11.0,3.0,２ＬＤＫ,110.0,2010.0,20.0,ＲＣ,１中住専,未改装,3600.0
7031,香櫨園,12.0,4.0,３ＬＤＫ,60.0,2010.0,8.0,ＲＣ,近隣商業,未改装,2400.0
7032,香櫨園,7.0,5.0,４ＬＤＫ,90.0,2010.0,4.0,ＲＣ,１種住居,未改装,3900.0
7033,西宮(阪神),11.0,4.0,３ＬＤＫ,55.0,2010.0,3.0,ＲＣ,近隣商業,未改装,2500.0
7034,西宮(阪神),10.0,4.0,３ＬＤＫ,65.0,2010.0,3.0,ＲＣ,近隣商業,未改装,2700.0
7036,苦楽園口,18.0,5.0,４ＬＤＫ,85.0,2011.0,1.0,ＲＣ,１中住専,改装済み,4400.0
7037,苦楽園口,18.0,3.0,２ＤＫ,45.0,2011.0,36.0,鉄骨造,１低住専,未改装,400.0
7039,苦楽園口,18.0,4.0,３ＬＤＫ,105.0,2011.0,1.0,ＲＣ,１中住専,改装済み,5200.0
7040,苦楽園口,16.0,4.0,３ＬＤＫ,70.0,2011.0,6.0,ＲＣ,１中住専,未改装,3300.0
7042,苦楽園口,17.0,4.0,３ＬＤＫ,80.0,2011.0,1.0,ＲＣ,１中住専,未改装,4700.0
7043,苦楽園口,19.0,4.0,３ＬＤＫ,85.0,2011.0,1.0,ＲＣ,１中住専,未改装,4500.0
7044,苦楽園口,18.0,4.0,３ＬＤＫ,105.0,2011.0,1.0,ＲＣ,１中住専,改装済み,5600.0
7045,西宮北口,3.0,4.0,３ＬＤＫ,80.0,2010.0,10.0,ＳＲＣ,２種住居,未改装,3800.0
7046,西宮北口,4.0,4.0,３ＬＤＫ,65.0,2010.0,5.0,ＲＣ,２種住居,未改装,3500.0
7047,西宮北口,3.0,4.0,３ＬＤＫ,80.0,2010.0,10.0,ＳＲＣ,２種住居,未改装,3700.0
7048,西宮北口,5.0,3.0,２ＬＤＫ,75.0,2010.0,10.0,ＳＲＣ,２種住居,未改装,3400.0
7049,香櫨園,11.0,3.0,２ＬＤＫ,55.0,2017.0,15.0,ＲＣ,近隣商業,改装済み,2700.0
7050,西宮(阪神),8.0,4.0,３ＬＤＫ,70.0,2017.0,32.0,ＳＲＣ,近隣商業,改装済み,2200.0
7051,西宮(阪神),10.0,4.0,３ＬＤＫ,65.0,2017.0,10.0,ＲＣ,近隣商業,改装済み,2900.0
7052,夙川,6.0,4.0,３ＬＤＫ,110.0,2011.0,23.0,ＲＣ,１中住専,未改装,4000.0
7053,西宮(阪神),6.0,4.0,３ＬＤＫ,85.0,2010.0,12.0,ＳＲＣ,近隣商業,改装済み,3900.0
7054,甲東園,12.0,4.0,３ＬＤＫ,60.0,2010.0,34.0,ＲＣ,１中住専,未改装,750.0
7056,西宮(阪神),4.0,2.0,１Ｋ,25.0,2017.0,8.0,ＲＣ,近隣商業,未改装,1500.0
7058,甲陽園,14.0,3.0,２ＬＤＫ,60.0,2010.0,34.0,ＲＣ,１中住専,未改装,500.0
7059,夙川,14.0,4.0,３ＬＤＫ,70.0,2011.0,37.0,ＲＣ,１中住専,改装済み,1100.0
7060,夙川,9.0,5.0,４ＬＤＫ,90.0,2011.0,16.0,ＲＣ,１中住専,改装済み,2900.0
7061,西宮北口,6.0,4.0,３ＬＤＫ,70.0,2017.0,6.0,ＲＣ,２種住居,未改装,4300.0
7062,西宮北口,3.0,3.0,２ＬＤＫ,75.0,2017.0,17.0,ＳＲＣ,２種住居,改装済み,4300.0
7064,西宮北口,10.0,4.0,３ＬＤＫ,85.0,2011.0,15.0,ＲＣ,１中住専,未改装,3400.0
7066,西宮北口,12.0,4.0,３ＬＤＫ,60.0,2011.0,14.0,ＲＣ,１中住専,未改装,1600.0
7067,夙川,7.0,4.0,３ＬＤＫ,65.0,2010.0,13.0,ＲＣ,１中住専,未改装,3000.0
7068,門戸厄神,13.0,5.0,３ＬＤＫ＋Ｓ,80.0,2010.0,10.0,ＲＣ,１中住専,未改装,3100.0
7069,門戸厄神,11.0,5.0,４ＬＤＫ,80.0,2010.0,10.0,ＲＣ,１中住専,未改装,3200.0
7070,香櫨園,14.0,4.0,３ＬＤＫ,70.0,2011.0,11.0,ＲＣ,１種住居,改装済み,1900.0
7071,香櫨園,14.0,4.0,３ＬＤＫ,65.0,2011.0,11.0,ＲＣ,１種住居,未改装,1900.0
7072,香櫨園,11.0,4.0,３ＬＤＫ,80.0,2011.0,5.0,ＲＣ,１種住居,未改装,3100.0
7073,香櫨園,11.0,4.0,３ＬＤＫ,80.0,2011.0,5.0,ＲＣ,１種住居,未改装,3200.0
7074,甲陽園,16.0,3.0,２ＬＤＫ,60.0,2017.0,41.0,ＲＣ,１中住専,改装済み,1200.0
7075,西宮(阪神),3.0,4.0,３ＬＤＫ,50.0,2010.0,10.0,ＲＣ,商業,未改装,100.0
7076,西宮(阪神),2.0,2.0,１Ｋ,20.0,2010.0,5.0,ＲＣ,商業,改装済み,1100.0
7077,西宮北口,15.0,4.0,３ＬＤＫ,80.0,2011.0,14.0,ＲＣ,１中住専,未改装,2700.0
7078,西宮北口,19.0,4.0,３ＬＤＫ,70.0,2011.0,16.0,ＲＣ,１中住専,未改装,2200.0
7079,鳴尾・武庫川女子大前,14.0,4.0,３ＬＤＫ,120.0,2017.0,11.0,ＲＣ,１中住専,未改装,5600.0
7080,西宮北口,8.0,4.0,３ＬＤＫ,70.0,2011.0,14.0,ＲＣ,１種住居,未改装,2800.0
7081,夙川,7.0,4.0,３ＬＤＫ,90.0,2017.0,18.0,ＲＣ,１中住専,未改装,3900.0
7082,苦楽園口,12.0,4.0,３ＬＤＫ,70.0,2011.0,14.0,ＲＣ,１中住専,未改装,2200.0
7085,西宮(阪神),3.0,2.0,１Ｋ,25.0,2017.0,12.0,ＲＣ,商業,未改装,1300.0
7087,さくら夙川,4.0,3.0,２ＬＤＫ,60.0,2011.0,32.0,ＳＲＣ,近隣商業,未改装,1800.0
7089,夙川,6.0,4.0,３ＬＤＫ,110.0,2011.0,12.0,ＲＣ,１中住専,未改装,4800.0
7090,門戸厄神,10.0,4.0,３ＬＤＫ,65.0,2011.0,15.0,ＲＣ,１中住専,未改装,2300.0
7091,苦楽園口,15.0,5.0,４ＬＤＫ,100.0,2011.0,4.0,ＲＣ,１中住専,未改装,3100.0
7092,西宮北口,23.0,4.0,３ＬＤＫ,85.0,2011.0,8.0,ＲＣ,１中住専,未改装,3000.0
7093,久寿川,14.0,4.0,３ＬＤＫ,70.0,2011.0,25.0,ＳＲＣ,準工業,未改装,1700.0
7094,甲子園,15.0,4.0,３ＬＤＫ,65.0,2011.0,14.0,ＲＣ,１種住居,未改装,2400.0
7095,甲子園,18.0,4.0,３ＬＤＫ,75.0,2011.0,9.0,ＲＣ,準工業,未改装,2400.0
7096,甲子園,18.0,4.0,３ＬＤＫ,70.0,2011.0,25.0,ＳＲＣ,準工業,未改装,1700.0
7097,甲子園口,14.0,3.0,２ＬＤＫ,40.0,2011.0,39.0,鉄骨造,２中住専,未改装,500.0
7099,阪神国道,13.0,4.0,３ＬＤＫ,70.0,2011.0,25.0,ＳＲＣ,１種住居,改装済み,1800.0
7100,阪神国道,13.0,4.0,３ＬＤＫ,70.0,2011.0,25.0,ＳＲＣ,準工業,未改装,1700.0
7101,甲東園,5.0,4.0,３ＬＤＫ,90.0,2011.0,10.0,ＲＣ,１中住専,未改装,4500.0
7102,甲東園,8.0,4.0,３ＬＤＫ,80.0,2011.0,11.0,ＲＣ,１低住専,改装済み,3200.0
7103,甲陽園,4.0,4.0,３ＬＤＫ,75.0,2011.0,5.0,ＲＣ,１低住専,未改装,3700.0
7104,香櫨園,12.0,5.0,４ＬＤＫ,85.0,2011.0,6.0,ＲＣ,１中住専,未改装,3800.0
7105,香櫨園,9.0,4.0,３ＬＤＫ,70.0,2011.0,8.0,ＲＣ,１中住専,未改装,3000.0
7106,香櫨園,5.0,4.0,３ＬＤＫ,80.0,2011.0,27.0,ＲＣ,１中住専,未改装,2100.0
7107,香櫨園,2.0,4.0,３ＬＤＫ,90.0,2011.0,13.0,ＳＲＣ,準住居,未改装,3100.0
7108,香櫨園,5.0,4.0,３ＬＤＫ,65.0,2011.0,10.0,ＲＣ,１中住専,改装済み,2200.0
7109,香櫨園,5.0,3.0,２ＤＫ,50.0,2011.0,13.0,ＲＣ,１中住専,未改装,1400.0
7110,香櫨園,6.0,3.0,２ＬＤＫ,55.0,2011.0,13.0,ＲＣ,１中住専,未改装,1500.0
7111,甲陽園,10.0,5.0,４ＬＤＫ,75.0,2011.0,7.0,ＲＣ,１種住居,未改装,2500.0
7112,西宮北口,6.0,2.0,１ＤＫ,40.0,2011.0,13.0,ＳＲＣ,１中住専,未改装,1100.0
7114,西宮北口,4.0,4.0,３ＬＤＫ,70.0,2011.0,12.0,ＲＣ,１中住専,未改装,3100.0
7115,西宮(阪神),14.0,4.0,３ＬＤＫ,55.0,2011.0,37.0,ＳＲＣ,準工業,未改装,750.0
7116,西宮(阪神),14.0,4.0,３ＬＤＫ,70.0,2011.0,37.0,ＳＲＣ,準工業,未改装,850.0
7117,西宮(阪神),14.0,5.0,４ＬＤＫ,80.0,2011.0,37.0,ＳＲＣ,準工業,未改装,750.0
7118,西宮(阪神),8.0,4.0,３ＬＤＫ,80.0,2011.0,37.0,ＳＲＣ,準工業,未改装,1100.0
7119,西宮(阪神),14.0,4.0,３ＬＤＫ,55.0,2011.0,37.0,ＳＲＣ,準工業,未改装,730.0
7120,苦楽園口,15.0,4.0,３ＬＤＫ,80.0,2011.0,2.0,ＲＣ,１低住専,未改装,4000.0
7121,苦楽園口,16.0,5.0,４ＬＤＫ,90.0,2011.0,37.0,ＲＣ,１低住専,改装済み,1600.0
7122,苦楽園口,16.0,5.0,４ＬＤＫ,130.0,2011.0,3.0,ＲＣ,１低住専,改装済み,8900.0
7123,苦楽園口,15.0,5.0,４ＤＫ,90.0,2011.0,37.0,ＲＣ,１低住専,改装済み,1700.0
7124,苦楽園口,6.0,3.0,２ＬＤＫ,55.0,2011.0,12.0,ＲＣ,１中住専,未改装,2000.0
7125,夙川,7.0,5.0,４ＬＤＫ,85.0,2011.0,13.0,ＲＣ,１中住専,未改装,4900.0
7126,甲子園,6.0,4.0,３ＬＤＫ,55.0,2011.0,38.0,ＲＣ,１種住居,未改装,1300.0
7127,甲子園,5.0,4.0,３ＤＫ,60.0,2011.0,37.0,ＲＣ,１種住居,改装済み,1200.0
7128,甲子園,18.0,4.0,３ＬＤＫ,65.0,2011.0,34.0,ＲＣ,２種住居,改装済み,1900.0
7129,甲子園,14.0,5.0,４ＬＤＫ,90.0,2011.0,5.0,ＲＣ,２種住居,改装済み,4000.0
7130,甲子園,14.0,5.0,４ＬＤＫ,80.0,2011.0,5.0,ＲＣ,２種住居,未改装,3600.0
7131,甲子園,14.0,4.0,３ＬＤＫ,65.0,2011.0,7.0,ＲＣ,２種住居,未改装,2800.0
7133,甲子園,10.0,4.0,３ＬＤＫ,80.0,2011.0,11.0,ＲＣ,２中住専,未改装,2700.0
7134,鳴尾・武庫川女子大前,14.0,4.0,３ＬＤＫ,70.0,2011.0,5.0,ＲＣ,２種住居,改装済み,3100.0
7135,甲子園,5.0,3.0,２ＬＤＫ,75.0,2011.0,6.0,ＲＣ,２中住専,未改装,3600.0
7136,甲子園口,6.0,4.0,３ＬＤＫ,70.0,2011.0,15.0,ＲＣ,近隣商業,未改装,2400.0
7137,甲子園口,9.0,4.0,３ＬＤＫ,65.0,2011.0,14.0,ＲＣ,１中住専,未改装,2300.0
7138,甲子園口,8.0,3.0,２ＬＤＫ,60.0,2011.0,10.0,ＲＣ,１中住専,未改装,2500.0
7139,甲子園口,6.0,5.0,４ＬＤＫ,80.0,2011.0,15.0,ＲＣ,近隣商業,改装済み,3700.0
7140,甲子園口,8.0,4.0,３ＬＤＫ,75.0,2011.0,10.0,ＲＣ,１中住専,改装済み,3700.0
7141,甲子園口,9.0,4.0,３ＬＤＫ,65.0,2011.0,39.0,ＲＣ,１中住専,未改装,1400.0
7142,甲子園口,8.0,4.0,３ＬＤＫ,75.0,2011.0,7.0,ＲＣ,１中住専,未改装,3500.0
7143,甲子園口,4.0,3.0,２ＬＤＫ,70.0,2011.0,33.0,ＲＣ,１中住専,改装済み,1900.0
7144,甲子園口,3.0,4.0,３ＬＤＫ,75.0,2011.0,11.0,ＲＣ,１中住専,未改装,3300.0
7145,甲子園口,6.0,3.0,２ＬＤＫ,70.0,2011.0,33.0,ＲＣ,１中住専,未改装,1600.0
7146,甲子園,9.0,5.0,４ＬＤＫ,95.0,2011.0,38.0,ＲＣ,２種住居,未改装,1900.0
7149,甲子園,11.0,5.0,４ＬＤＫ,105.0,2011.0,10.0,ＲＣ,２中住専,未改装,3800.0
7150,甲子園,9.0,4.0,３ＬＤＫ,65.0,2011.0,38.0,ＲＣ,２種住居,改装済み,1700.0
7151,久寿川,9.0,5.0,４ＬＤＫ,85.0,2011.0,5.0,ＲＣ,１種住居,未改装,4100.0
7152,甲東園,1.0,4.0,３ＬＤＫ,80.0,2011.0,12.0,ＳＲＣ,近隣商業,改装済み,3600.0
7154,甲東園,3.0,4.0,３ＬＤＫ,60.0,2011.0,38.0,ＳＲＣ,近隣商業,改装済み,1500.0
7155,甲陽園,5.0,4.0,３ＬＤＫ,95.0,2011.0,7.0,ＲＣ,１低住専,未改装,4500.0
7156,甲陽園,3.0,4.0,３ＬＤＫ,80.0,2011.0,11.0,ＲＣ,２低住専,未改装,4000.0
7157,甲陽園,3.0,4.0,３ＬＤＫ,70.0,2011.0,11.0,ＲＣ,２低住専,未改装,3400.0
7158,甲陽園,10.0,4.0,３ＬＤＫ,75.0,2011.0,12.0,ＲＣ,１低住専,未改装,2000.0
7159,甲陽園,13.0,5.0,４ＬＤＫ,80.0,2011.0,12.0,ＲＣ,１低住専,改装済み,2500.0
7160,甲陽園,2.0,4.0,３ＬＤＫ,70.0,2011.0,11.0,ＲＣ,近隣商業,未改装,3400.0
7161,甲陽園,6.0,4.0,３ＬＤＫ,75.0,2011.0,15.0,ＲＣ,１中住専,未改装,2300.0
7162,甲陽園,4.0,4.0,３ＬＤＫ,75.0,2011.0,34.0,ＳＲＣ,近隣商業,改装済み,2000.0
7163,甲陽園,3.0,4.0,３ＬＤＫ,75.0,2011.0,34.0,ＳＲＣ,近隣商業,改装済み,1800.0
7164,西宮(阪神),10.0,4.0,３ＬＤＫ,70.0,2011.0,5.0,ＲＣ,近隣商業,未改装,3100.0
7165,甲子園口,13.0,4.0,３ＬＤＫ,75.0,2011.0,7.0,ＲＣ,１種住居,未改装,3000.0
7166,夙川,3.0,5.0,４ＬＤＫ,95.0,2011.0,11.0,ＲＣ,１中住専,未改装,6300.0
7167,夙川,3.0,5.0,４ＬＤＫ,95.0,2011.0,11.0,ＲＣ,１中住専,未改装,5900.0
7168,鳴尾・武庫川女子大前,15.0,4.0,３ＬＤＫ,65.0,2011.0,7.0,ＲＣ,２中住専,未改装,2700.0
7169,鳴尾・武庫川女子大前,14.0,5.0,４ＬＤＫ,80.0,2011.0,7.0,ＲＣ,２中住専,未改装,3800.0
7170,鳴尾・武庫川女子大前,15.0,5.0,４ＬＤＫ,85.0,2011.0,7.0,ＲＣ,２中住専,未改装,3900.0
7171,武庫川,16.0,5.0,４ＬＤＫ,85.0,2011.0,7.0,ＲＣ,２中住専,未改装,3900.0
7172,鳴尾・武庫川女子大前,10.0,4.0,３ＬＤＫ,55.0,2011.0,39.0,ＳＲＣ,１種住居,改装済み,1200.0
7173,鳴尾・武庫川女子大前,9.0,3.0,２ＬＤＫ,60.0,2011.0,20.0,ＲＣ,１種住居,改装済み,1600.0
7174,武庫川,10.0,4.0,３ＬＤＫ,65.0,2011.0,3.0,ＲＣ,２中住専,未改装,3300.0
7175,鳴尾・武庫川女子大前,2.0,4.0,３ＬＤＫ,70.0,2011.0,20.0,ＲＣ,１種住居,未改装,1500.0
7176,西宮(阪神),6.0,4.0,３ＬＤＫ,70.0,2011.0,13.0,ＲＣ,近隣商業,未改装,2700.0
7177,生瀬,18.0,4.0,３ＬＤＫ,75.0,2011.0,19.0,ＲＣ,１中住専,未改装,520.0
7178,生瀬,14.0,4.0,３ＬＤＫ,80.0,2011.0,19.0,ＲＣ,１中住専,未改装,720.0
7179,西宮名塩,20.0,4.0,３ＬＤＫ,80.0,2011.0,19.0,ＲＣ,１中住専,未改装,500.0
7180,西宮名塩,8.0,5.0,４ＬＤＫ,80.0,2011.0,12.0,ＲＣ,１中住専,改装済み,1400.0
7181,西宮名塩,8.0,3.0,２ＬＤＫ,55.0,2011.0,12.0,ＲＣ,１中住専,未改装,960.0
7182,苦楽園口,9.0,4.0,３ＬＤＫ,70.0,2011.0,14.0,ＲＣ,１中住専,未改装,2500.0
7183,苦楽園口,9.0,4.0,３ＬＤＫ,65.0,2011.0,14.0,ＲＣ,１中住専,未改装,2400.0
7184,苦楽園口,11.0,4.0,３ＬＤＫ,65.0,2011.0,10.0,ＲＣ,１中住専,未改装,2400.0
7185,甲陽園,11.0,4.0,３ＬＤＫ,75.0,2011.0,14.0,ＲＣ,１中住専,未改装,2700.0
7186,香櫨園,13.0,4.0,３ＬＤＫ,75.0,2011.0,4.0,ＲＣ,１中住専,改装済み,3500.0
7187,甲東園,4.0,4.0,３ＬＤＫ,70.0,2011.0,14.0,ＲＣ,１中住専,未改装,3300.0
7189,苦楽園口,11.0,3.0,２ＬＤＫ,80.0,2011.0,9.0,ＲＣ,１低住専,未改装,2900.0
7190,夙川,9.0,2.0,１Ｋ,15.0,2011.0,27.0,ＲＣ,１種住居,未改装,280.0
7191,西宮(阪神),9.0,4.0,３ＬＤＫ,70.0,2011.0,13.0,ＲＣ,近隣商業,未改装,2500.0
7192,苦楽園口,16.0,4.0,３ＬＤＫ,80.0,2011.0,6.0,ＲＣ,１中住専,未改装,2900.0
7193,苦楽園口,14.0,4.0,３ＬＤＫ,75.0,2011.0,15.0,ＲＣ,１中住専,未改装,2100.0
7194,苦楽園口,14.0,3.0,２ＬＤＫ,65.0,2011.0,34.0,ＲＣ,１中住専,改装済み,980.0
7195,苦楽園口,19.0,4.0,３ＬＤＫ,70.0,2011.0,10.0,ＲＣ,１中住専,未改装,2400.0
7196,西宮北口,16.0,4.0,３ＬＤＫ,70.0,2011.0,9.0,ＲＣ,１中住専,未改装,3000.0
7197,甲陽園,23.0,3.0,２ＬＤＫ,50.0,2011.0,22.0,ＲＣ,１中住専,未改装,900.0
7198,西宮北口,30.0,5.0,４ＬＤＫ,75.0,2011.0,26.0,ＲＣ,１中住専,改装済み,1600.0
7199,西宮北口,30.0,5.0,４ＬＤＫ,80.0,2011.0,26.0,ＲＣ,１中住専,未改装,1400.0
7200,門戸厄神,21.0,4.0,３ＬＤＫ,85.0,2011.0,11.0,ＲＣ,１低住専,未改装,1500.0
7201,鳴尾・武庫川女子大前,15.0,5.0,４ＬＤＫ,95.0,2011.0,21.0,ＳＲＣ,１中住専,未改装,2200.0
7203,武庫川団地前,13.0,4.0,３ＬＤＫ,70.0,2011.0,28.0,ＳＲＣ,１中住専,改装済み,1600.0
7204,武庫川団地前,10.0,4.0,３ＬＤＫ,70.0,2011.0,28.0,ＳＲＣ,１中住専,未改装,1300.0
7205,武庫川団地前,12.0,4.0,３ＬＤＫ,70.0,2011.0,28.0,ＳＲＣ,１中住専,未改装,900.0
7207,武庫川団地前,11.0,5.0,４ＬＤＫ,65.0,2011.0,26.0,ＳＲＣ,１中住専,未改装,1300.0
7208,武庫川団地前,8.0,5.0,４ＬＤＫ,95.0,2011.0,9.0,ＲＣ,１中住専,未改装,1800.0
7209,武庫川団地前,7.0,4.0,３ＬＤＫ,80.0,2011.0,7.0,ＲＣ,１中住専,未改装,2500.0
7210,夙川,11.0,3.0,２ＬＤＫ,60.0,2011.0,43.0,ＲＣ,１中住専,改装済み,1200.0
7211,夙川,11.0,4.0,３ＬＤＫ,110.0,2011.0,24.0,ＲＣ,１中住専,改装済み,1500.0
7212,阪神国道,14.0,3.0,２ＬＤＫ,60.0,2011.0,36.0,ＳＲＣ,準工業,未改装,1300.0
7213,西宮北口,3.0,4.0,３ＬＤＫ,60.0,2011.0,11.0,ＳＲＣ,商業,未改装,3100.0
7214,西宮北口,3.0,2.0,１ＬＤＫ,60.0,2011.0,3.0,ＲＣ,商業,未改装,3700.0
7215,西宮北口,12.0,4.0,３ＬＤＫ,70.0,2011.0,12.0,ＳＲＣ,１種住居,改装済み,2900.0
7216,香櫨園,10.0,4.0,３ＬＤＫ,70.0,2011.0,10.0,ＲＣ,１種住居,未改装,2600.0
7217,香櫨園,10.0,4.0,３ＬＤＫ,70.0,2011.0,10.0,ＲＣ,準工業,改装済み,2600.0
7219,西宮(阪神),2.0,5.0,４ＬＤＫ,85.0,2011.0,8.0,ＳＲＣ,商業,未改装,4400.0
7220,西宮(阪神),2.0,4.0,３ＬＤＫ,75.0,2011.0,8.0,ＳＲＣ,商業,未改装,3200.0
7221,甲東園,6.0,5.0,４ＬＤＫ,80.0,2011.0,8.0,ＲＣ,１中住専,未改装,3900.0
7222,甲東園,16.0,4.0,３ＬＤＫ,75.0,2011.0,32.0,ＲＣ,１中住専,改装済み,1400.0
7223,甲東園,16.0,4.0,３ＬＤＫ,65.0,2011.0,32.0,ＲＣ,１中住専,改装済み,1100.0
7225,仁川,12.0,5.0,４ＬＤＫ,65.0,2011.0,27.0,ＲＣ,１中住専,未改装,1400.0
7226,仁川,15.0,3.0,２ＬＤＫ,75.0,2011.0,8.0,ＲＣ,１中住専,未改装,2700.0
7227,仁川,15.0,5.0,４ＬＤＫ,85.0,2011.0,8.0,ＲＣ,１中住専,未改装,3100.0
7228,仁川,9.0,4.0,３ＬＤＫ,75.0,2011.0,5.0,ＲＣ,２中住専,未改装,3300.0
7230,今津(阪神),9.0,4.0,３ＬＤＫ,70.0,2011.0,10.0,ＲＣ,１種住居,未改装,2500.0
7231,西宮(ＪＲ),7.0,4.0,３ＬＤＫ,80.0,2011.0,12.0,ＲＣ,近隣商業,未改装,2400.0
7232,西宮(ＪＲ),4.0,4.0,３ＬＤＫ,60.0,2011.0,16.0,ＲＣ,２種住居,未改装,2400.0
7233,西宮(ＪＲ),5.0,4.0,３ＬＤＫ,60.0,2011.0,4.0,ＲＣ,準工業,未改装,3000.0
7234,西宮(ＪＲ),8.0,4.0,３ＬＤＫ,65.0,2011.0,10.0,ＲＣ,準工業,改装済み,2600.0
7235,西宮(ＪＲ),4.0,4.0,３ＬＤＫ,65.0,2011.0,16.0,ＲＣ,準工業,未改装,2400.0
7236,西宮(ＪＲ),6.0,3.0,２ＬＤＫ,55.0,2011.0,12.0,ＲＣ,近隣商業,未改装,2000.0
7237,西宮(ＪＲ),4.0,4.0,３ＬＤＫ,70.0,2011.0,15.0,ＳＲＣ,近隣商業,改装済み,2500.0
7238,西宮(ＪＲ),4.0,4.0,３ＬＤＫ,70.0,2011.0,16.0,ＲＣ,準工業,未改装,2500.0
7239,阪神国道,2.0,4.0,３ＬＤＫ,70.0,2011.0,3.0,ＲＣ,近隣商業,未改装,2700.0
7240,阪神国道,5.0,5.0,４ＬＤＫ,80.0,2011.0,10.0,ＲＣ,準工業,未改装,3200.0
7241,阪神国道,4.0,3.0,２ＬＤＫ,60.0,2011.0,10.0,ＲＣ,準工業,未改装,1800.0
7242,今津(阪神),2.0,4.0,３ＬＤＫ,55.0,2011.0,6.0,ＲＣ,商業,改装済み,2200.0
7243,今津(阪神),1.0,4.0,３ＬＤＫ,70.0,2011.0,7.0,ＲＣ,商業,未改装,2800.0
7244,今津(阪神),3.0,2.0,１ＤＫ,25.0,2011.0,22.0,ＲＣ,商業,未改装,350.0
7245,西宮(ＪＲ),6.0,3.0,２ＬＤＫ,60.0,2011.0,22.0,ＳＲＣ,１種住居,未改装,1200.0
7246,甲子園口,8.0,4.0,３ＬＤＫ,75.0,2011.0,10.0,ＲＣ,１中住専,未改装,2800.0
7247,西宮(阪神),7.0,4.0,３ＬＤＫ,110.0,2011.0,18.0,ＲＣ,近隣商業,未改装,3600.0
7248,甲子園口,8.0,3.0,２ＬＤＫ,65.0,2011.0,39.0,ＲＣ,１中住専,改装済み,1300.0
7249,甲子園口,9.0,4.0,３ＬＤＫ,70.0,2011.0,14.0,ＲＣ,１種住居,未改装,2500.0
7250,香櫨園,6.0,4.0,３ＬＤＫ,70.0,2011.0,9.0,ＲＣ,１中住専,未改装,3100.0
7251,西宮(ＪＲ),10.0,2.0,１Ｋ,15.0,2011.0,25.0,ＲＣ,近隣商業,未改装,240.0
7252,西宮(ＪＲ),11.0,4.0,３ＬＤＫ,70.0,2011.0,11.0,ＲＣ,近隣商業,未改装,2900.0
7253,西宮北口,21.0,5.0,４ＬＤＫ,70.0,2011.0,15.0,ＲＣ,１種住居,改装済み,2400.0
7254,西宮北口,19.0,4.0,３ＬＤＫ,70.0,2011.0,14.0,ＲＣ,１種住居,未改装,2500.0
7255,西宮北口,20.0,5.0,４ＬＤＫ,75.0,2011.0,14.0,ＲＣ,１種住居,未改装,3100.0
7256,西宮名塩,6.0,4.0,３ＬＤＫ,65.0,2011.0,15.0,ＲＣ,２中住専,未改装,800.0
7257,西宮名塩,6.0,5.0,４ＬＤＫ,85.0,2011.0,15.0,ＲＣ,２中住専,未改装,1400.0
7258,西宮名塩,9.0,4.0,３ＬＤＫ,70.0,2011.0,15.0,ＲＣ,２中住専,未改装,1100.0
7259,苦楽園口,6.0,5.0,４ＬＤＫ,110.0,2011.0,13.0,ＲＣ,１中住専,未改装,4600.0
7261,宝塚,16.0,4.0,３ＬＤＫ,75.0,2011.0,12.0,ＳＲＣ,２中住専,未改装,1400.0
7262,生瀬,11.0,4.0,３ＬＤＫ,70.0,2011.0,14.0,ＳＲＣ,２中住専,改装済み,1400.0
7263,鳴尾・武庫川女子大前,6.0,3.0,２ＬＤＫ,50.0,2011.0,40.0,鉄骨造,１種住居,改装済み,1200.0
7264,鳴尾・武庫川女子大前,5.0,5.0,４ＬＤＫ,85.0,2011.0,14.0,ＲＣ,近隣商業,未改装,3000.0
7266,鳴尾・武庫川女子大前,5.0,4.0,３ＬＤＫ,80.0,2011.0,14.0,ＲＣ,２種住居,改装済み,2900.0
7267,鳴尾・武庫川女子大前,6.0,4.0,３ＬＤＫ,75.0,2011.0,11.0,ＲＣ,１種住居,改装済み,2500.0
7268,鳴尾・武庫川女子大前,7.0,3.0,２ＤＫ,40.0,2011.0,40.0,鉄骨造,１種住居,未改装,630.0
7269,鳴尾・武庫川女子大前,6.0,3.0,２ＤＫ,40.0,2011.0,40.0,鉄骨造,１種住居,未改装,750.0
7270,鳴尾・武庫川女子大前,5.0,4.0,３ＬＤＫ,80.0,2011.0,8.0,ＲＣ,２種住居,改装済み,3500.0
7271,鳴尾・武庫川女子大前,4.0,4.0,３ＬＤＫ,80.0,2011.0,7.0,ＲＣ,近隣商業,改装済み,3100.0
7272,夙川,8.0,2.0,１ＬＤＫ,40.0,2011.0,7.0,ＲＣ,１中住専,未改装,2700.0
7273,仁川,9.0,5.0,４ＬＤＫ,80.0,2011.0,10.0,ＲＣ,１低住専,未改装,2700.0
7274,西宮(阪神),30.0,4.0,３ＬＤＫ,65.0,2011.0,13.0,ＳＲＣ,１中住専,改装済み,1300.0
7275,西宮(阪神),30.0,4.0,３ＬＤＫ,80.0,2011.0,13.0,ＲＣ,１中住専,未改装,1800.0
7276,西宮(阪神),30.0,3.0,２ＬＤＫ,75.0,2011.0,12.0,ＳＲＣ,近隣商業,未改装,2500.0
7277,西宮(阪神),30.0,4.0,３ＬＤＫ,70.0,2011.0,13.0,ＳＲＣ,１中住専,改装済み,1800.0
7278,西宮(阪神),30.0,4.0,３ＬＤＫ,70.0,2011.0,13.0,ＳＲＣ,１中住専,改装済み,1600.0
7279,西宮(阪神),30.0,4.0,３ＬＤＫ,70.0,2011.0,13.0,ＳＲＣ,１中住専,改装済み,1500.0
7280,西宮(阪神),30.0,5.0,４ＬＤＫ,85.0,2011.0,13.0,ＳＲＣ,１中住専,改装済み,2300.0
7281,西宮(阪神),30.0,3.0,２ＬＤＫ,110.0,2011.0,7.0,ＳＲＣ,１中住専,改装済み,3900.0
7282,西宮(阪神),30.0,4.0,３ＬＤＫ,85.0,2011.0,7.0,ＲＣ,１中住専,未改装,2500.0
7283,西宮(阪神),30.0,4.0,３ＬＤＫ,70.0,2011.0,13.0,ＳＲＣ,１中住専,未改装,1300.0
7284,西宮(阪神),30.0,4.0,３ＬＤＫ,70.0,2011.0,13.0,ＳＲＣ,１中住専,未改装,1800.0
7285,西宮(阪神),30.0,4.0,３ＬＤＫ,70.0,2011.0,12.0,ＳＲＣ,１中住専,未改装,1700.0
7286,西宮(阪神),30.0,4.0,３ＬＤＫ,70.0,2011.0,13.0,ＲＣ,１中住専,改装済み,1400.0
7287,西宮(阪神),30.0,4.0,３ＬＤＫ,80.0,2011.0,13.0,ＲＣ,１中住専,改装済み,1900.0
7288,西宮(阪神),30.0,4.0,３ＬＤＫ,90.0,2011.0,12.0,ＳＲＣ,近隣商業,改装済み,2300.0
7289,西宮(阪神),30.0,4.0,３ＬＤＫ,70.0,2011.0,13.0,ＳＲＣ,１中住専,改装済み,1500.0
7290,西宮(阪神),30.0,4.0,３ＬＤＫ,70.0,2011.0,13.0,ＳＲＣ,１中住専,未改装,1500.0
7291,西宮(阪神),30.0,4.0,３ＬＤＫ,70.0,2011.0,13.0,ＳＲＣ,１中住専,未改装,1700.0
7292,西宮(阪神),30.0,4.0,３ＬＤＫ,70.0,2011.0,13.0,ＳＲＣ,１中住専,改装済み,1100.0
7294,西宮(阪神),30.0,5.0,４ＬＤＫ,90.0,2011.0,13.0,ＳＲＣ,１中住専,未改装,1800.0
7295,西宮(阪神),30.0,4.0,３ＬＤＫ,75.0,2011.0,13.0,ＳＲＣ,１中住専,未改装,1700.0
7296,苦楽園口,14.0,3.0,２ＬＤＫ,70.0,2011.0,26.0,ＲＣ,１中住専,改装済み,1500.0
7297,西宮北口,14.0,4.0,３ＬＤＫ,90.0,2011.0,1.0,ＲＣ,２中住専,未改装,3900.0
7298,門戸厄神,5.0,4.0,３ＬＤＫ,75.0,2011.0,25.0,ＲＣ,１中住専,改装済み,2000.0
7299,門戸厄神,5.0,4.0,３ＬＤＫ,70.0,2011.0,9.0,ＲＣ,１中住専,未改装,2500.0
7300,夙川,4.0,2.0,１Ｋ,20.0,2011.0,27.0,ＲＣ,近隣商業,改装済み,680.0
7301,夙川,3.0,4.0,３ＬＤＫ,105.0,2011.0,15.0,ＲＣ,１中住専,改装済み,6300.0
7302,西宮(ＪＲ),8.0,3.0,２ＬＤＫ,55.0,2011.0,2.0,ＲＣ,１種住居,未改装,2000.0
7303,西宮(ＪＲ),8.0,4.0,３ＬＤＫ,65.0,2011.0,10.0,ＲＣ,１種住居,未改装,2300.0
7304,甲子園,12.0,4.0,３ＬＤＫ,70.0,2011.0,10.0,ＲＣ,１中住専,未改装,2900.0
7305,鳴尾・武庫川女子大前,13.0,4.0,３ＬＤＫ,70.0,2011.0,10.0,ＲＣ,１中住専,未改装,3000.0
7307,西宮(阪神),4.0,4.0,３ＬＤＫ,65.0,2011.0,10.0,ＲＣ,商業,未改装,2800.0
7308,西宮(阪神),4.0,4.0,３ＬＤＫ,70.0,2011.0,13.0,ＳＲＣ,商業,未改装,2200.0
7309,西宮(阪神),4.0,4.0,３ＬＤＫ,65.0,2011.0,13.0,ＳＲＣ,商業,未改装,2400.0
7310,西宮(阪神),4.0,4.0,３ＬＤＫ,60.0,2011.0,12.0,ＲＣ,商業,未改装,2600.0
7311,西宮(阪神),2.0,4.0,３ＬＤＫ,65.0,2011.0,10.0,ＳＲＣ,商業,未改装,2500.0
7312,西宮(阪神),3.0,4.0,３ＬＤＫ,70.0,2011.0,12.0,ＲＣ,商業,未改装,2300.0
7313,甲子園,21.0,4.0,３ＬＤＫ,70.0,2011.0,11.0,ＲＣ,１種住居,未改装,1900.0
7314,甲子園,20.0,4.0,３ＬＤＫ,90.0,2011.0,9.0,ＳＲＣ,１種住居,改装済み,2900.0
7315,甲子園,19.0,4.0,３ＬＤＫ,90.0,2011.0,9.0,ＳＲＣ,１種住居,改装済み,3200.0
7316,西宮(阪神),11.0,4.0,３ＬＤＫ,75.0,2011.0,8.0,ＳＲＣ,準工業,未改装,3200.0
7317,洲先,4.0,4.0,３ＬＤＫ,75.0,2011.0,12.0,ＲＣ,１種住居,未改装,2500.0
7318,今津(阪急),18.0,4.0,３ＬＤＫ,60.0,2011.0,15.0,ＲＣ,準工業,未改装,1400.0
7319,今津(阪神),15.0,5.0,４ＬＤＫ,75.0,2011.0,5.0,ＲＣ,準工業,未改装,2500.0
7320,西宮(阪神),15.0,4.0,３ＬＤＫ,70.0,2011.0,15.0,ＲＣ,準工業,未改装,2100.0
7321,西宮(阪神),18.0,4.0,３ＬＤＫ,60.0,2011.0,14.0,ＲＣ,準工業,改装済み,1700.0
7322,西宮名塩,6.0,4.0,３ＬＤＫ,80.0,2011.0,8.0,ＲＣ,１中住専,未改装,2100.0
7323,西宮名塩,13.0,4.0,３ＬＤＫ,80.0,2011.0,14.0,ＲＣ,１中住専,未改装,1200.0
7324,西宮名塩,8.0,4.0,３ＬＤＫ,80.0,2011.0,15.0,ＲＣ,１中住専,改装済み,1800.0
7325,西宮名塩,16.0,5.0,４ＬＤＫ,85.0,2011.0,8.0,ＲＣ,１種住居,未改装,2500.0
7326,西宮名塩,11.0,4.0,３ＬＤＫ,85.0,2011.0,18.0,ＲＣ,１種住居,改装済み,1600.0
7327,苦楽園口,12.0,4.0,３ＬＤＫ,80.0,2011.0,26.0,ＲＣ,１種住居,未改装,2300.0
7328,苦楽園口,14.0,4.0,３ＬＤＫ,90.0,2011.0,14.0,ＲＣ,１中住専,未改装,3800.0
7329,苦楽園口,15.0,4.0,３ＬＤＫ,75.0,2011.0,3.0,ＲＣ,１低住専,未改装,3800.0
7330,苦楽園口,14.0,2.0,１ＬＤＫ,60.0,2011.0,39.0,ＲＣ,１中住専,改装済み,1200.0
7331,苦楽園口,9.0,3.0,２ＬＤＫ,65.0,2011.0,37.0,ＲＣ,１種住居,改装済み,1600.0
7332,苦楽園口,15.0,4.0,３ＬＤＫ,85.0,2011.0,29.0,ＲＣ,１中住専,改装済み,1300.0
7333,苦楽園口,9.0,3.0,２ＬＤＫ,70.0,2011.0,37.0,ＲＣ,１種住居,未改装,1400.0
7334,苦楽園口,15.0,4.0,３ＬＤＫ,85.0,2011.0,29.0,ＲＣ,１中住専,未改装,2200.0
7335,苦楽園口,13.0,4.0,３ＬＤＫ,80.0,2011.0,13.0,ＲＣ,１中住専,改装済み,3600.0
7336,苦楽園口,15.0,4.0,３ＬＤＫ,75.0,2011.0,9.0,ＲＣ,１中住専,未改装,3500.0
7337,西宮北口,19.0,2.0,１Ｋ,15.0,2011.0,25.0,ＲＣ,１中住専,未改装,270.0
7338,西宮北口,19.0,4.0,３ＬＤＫ,60.0,2011.0,12.0,ＲＣ,１中住専,改装済み,200.0
7340,門戸厄神,8.0,4.0,３ＬＤＫ,75.0,2011.0,8.0,ＲＣ,１中住専,未改装,4100.0
7341,甲子園口,5.0,4.0,３ＬＤＫ,65.0,2011.0,10.0,ＲＣ,１中住専,未改装,2900.0
7342,甲子園口,5.0,4.0,３ＬＤＫ,70.0,2011.0,10.0,ＲＣ,１中住専,未改装,3400.0
7343,甲子園口,6.0,4.0,３ＬＤＫ,100.0,2011.0,43.0,ＲＣ,１中住専,改装済み,2000.0
7344,苦楽園口,9.0,4.0,３ＤＫ,50.0,2011.0,41.0,鉄骨造,１低住専,改装済み,620.0
7345,苦楽園口,8.0,4.0,３ＤＫ,45.0,2011.0,41.0,鉄骨造,１低住専,未改装,430.0
7346,苦楽園口,9.0,2.0,１ＤＫ,35.0,2011.0,41.0,鉄骨造,１低住専,改装済み,530.0
7347,香櫨園,5.0,4.0,３ＬＤＫ,105.0,2011.0,43.0,ＲＣ,１中住専,未改装,650.0
7348,夙川,6.0,4.0,３ＬＤＫ,85.0,2011.0,14.0,ＲＣ,１中住専,未改装,4600.0
7349,夙川,7.0,3.0,２ＤＫ,70.0,2011.0,5.0,ＲＣ,１中住専,未改装,4800.0
7350,甲子園口,10.0,4.0,３ＬＤＫ,70.0,2011.0,34.0,ＲＣ,１中住専,未改装,1600.0
7351,甲子園口,11.0,4.0,３ＬＤＫ,60.0,2011.0,34.0,ＲＣ,１中住専,未改装,1200.0
7352,甲子園口,7.0,4.0,３ＬＤＫ,70.0,2011.0,7.0,ＲＣ,１中住専,未改装,3100.0
7353,甲子園口,6.0,5.0,４ＬＤＫ,115.0,2011.0,18.0,ＲＣ,１中住専,未改装,5300.0
7354,甲子園口,6.0,5.0,４ＬＤＫ,155.0,2011.0,18.0,ＲＣ,１中住専,未改装,7800.0
7355,甲子園口,9.0,4.0,３ＬＤＫ,65.0,2011.0,10.0,ＲＣ,１中住専,未改装,3100.0
7356,西宮(ＪＲ),4.0,3.0,２ＬＤＫ,60.0,2011.0,23.0,ＳＲＣ,近隣商業,改装済み,1400.0
7357,西宮北口,8.0,4.0,３ＬＤＫ,75.0,2011.0,10.0,ＲＣ,１中住専,未改装,3700.0
7358,甲子園,12.0,4.0,２ＬＤＫ＋Ｓ,60.0,2011.0,6.0,ＲＣ,１中住専,未改装,2100.0
7359,甲子園,13.0,4.0,３ＬＤＫ,75.0,2011.0,6.0,ＲＣ,２種住居,未改装,3000.0
7360,苦楽園口,2.0,4.0,３ＬＤＫ,70.0,2011.0,10.0,ＲＣ,１中住専,未改装,4000.0
7361,西宮北口,6.0,2.0,１ＬＤＫ,40.0,2011.0,13.0,ＳＲＣ,１中住専,未改装,1800.0
7362,西宮北口,6.0,2.0,１ＬＤＫ,25.0,2011.0,13.0,ＳＲＣ,１中住専,未改装,600.0
7363,西宮北口,6.0,2.0,１ＤＫ,35.0,2011.0,13.0,ＳＲＣ,１中住専,未改装,1900.0
7364,西宮北口,4.0,2.0,１ＬＤＫ,55.0,2011.0,13.0,ＲＣ,１種住居,未改装,2100.0
7365,西宮北口,6.0,3.0,２ＤＫ,50.0,2011.0,13.0,ＳＲＣ,１中住専,未改装,2400.0
7366,西宮北口,7.0,2.0,１ＬＤＫ,40.0,2011.0,13.0,ＳＲＣ,１中住専,未改装,2000.0
7367,西宮(ＪＲ),16.0,4.0,３ＬＤＫ,65.0,2011.0,14.0,ＲＣ,１種住居,改装済み,2000.0
7368,門戸厄神,11.0,5.0,４ＬＤＫ,85.0,2011.0,16.0,ＲＣ,１中住専,改装済み,2900.0
7369,門戸厄神,6.0,4.0,３ＬＤＫ,65.0,2011.0,11.0,ＲＣ,１中住専,未改装,2600.0
7370,甲東園,13.0,4.0,３ＬＤＫ,70.0,2011.0,12.0,ＲＣ,１中住専,未改装,2900.0
7371,西宮北口,14.0,4.0,３ＬＤＫ,55.0,2011.0,11.0,ＲＣ,１中住専,改装済み,3000.0
7372,西宮北口,15.0,4.0,３ＬＤＫ,80.0,2011.0,5.0,ＲＣ,１中住専,未改装,4000.0
7373,さくら夙川,3.0,5.0,４ＬＤＫ,80.0,2011.0,14.0,ＲＣ,１中住専,未改装,4100.0
7374,夙川,4.0,4.0,３ＬＤＫ,75.0,2011.0,13.0,ＲＣ,１中住専,未改装,3600.0
7375,香櫨園,9.0,4.0,３ＬＤＫ,85.0,2011.0,20.0,ＲＣ,１種住居,未改装,200.0
7376,香櫨園,9.0,2.0,１ＬＤＫ,60.0,2011.0,20.0,ＲＣ,１種住居,改装済み,1200.0
7377,香櫨園,11.0,4.0,３ＬＤＫ,125.0,2011.0,21.0,ＲＣ,１中住専,未改装,4500.0
7378,西宮(阪神),11.0,4.0,３ＬＤＫ,55.0,2011.0,4.0,ＲＣ,近隣商業,未改装,2300.0
7379,西宮北口,6.0,4.0,３ＬＤＫ,75.0,2011.0,6.0,ＲＣ,２種住居,未改装,3700.0
7380,西宮(ＪＲ),7.0,4.0,３ＬＤＫ,80.0,2011.0,13.0,ＳＲＣ,近隣商業,未改装,3300.0
7381,西宮(ＪＲ),7.0,4.0,３ＬＤＫ,95.0,2011.0,13.0,ＳＲＣ,近隣商業,未改装,4200.0
7382,甲陽園,14.0,3.0,２ＬＤＫ,55.0,2011.0,35.0,ＲＣ,１中住専,改装済み,920.0
7383,甲陽園,14.0,4.0,３ＬＤＫ,60.0,2011.0,35.0,ＲＣ,１中住専,改装済み,1100.0
7384,鳴尾・武庫川女子大前,13.0,4.0,３ＬＤＫ,75.0,2011.0,17.0,ＲＣ,１中住専,未改装,2500.0
7385,鳴尾・武庫川女子大前,13.0,5.0,４ＬＤＫ,85.0,2011.0,17.0,ＲＣ,１種住居,改装済み,3300.0
7386,門戸厄神,9.0,4.0,３ＬＤＫ,75.0,2011.0,9.0,ＲＣ,準住居,未改装,3100.0
7387,西宮(阪神),2.0,4.0,３ＬＤＫ,75.0,2011.0,3.0,ＲＣ,商業,未改装,4400.0
7388,西宮(阪神),2.0,5.0,４ＬＤＫ,90.0,2011.0,3.0,ＲＣ,商業,未改装,5100.0
7389,西宮北口,14.0,4.0,３ＬＤＫ,80.0,2015.0,28.0,ＲＣ,１種住居,改装済み,2300.0
7390,甲子園,6.0,2.0,１ＬＤＫ,60.0,2015.0,44.0,ＲＣ,１中住専,改装済み,2200.0
7391,甲子園,10.0,4.0,３ＬＤＫ,65.0,2015.0,44.0,ＲＣ,１中住専,未改装,1400.0
7392,香櫨園,5.0,2.0,１Ｋ,20.0,2015.0,26.0,ＲＣ,１種住居,未改装,420.0
7393,香櫨園,8.0,3.0,２ＬＤＫ,55.0,2015.0,17.0,ＲＣ,１種住居,未改装,1800.0
7394,西宮(ＪＲ),3.0,2.0,１Ｋ,15.0,2015.0,31.0,ＲＣ,近隣商業,未改装,590.0
7395,西宮(ＪＲ),4.0,4.0,３ＬＤＫ,55.0,2015.0,39.0,ＳＲＣ,近隣商業,改装済み,1900.0
7396,今津(阪神),21.0,4.0,３ＬＤＫ,75.0,2015.0,13.0,ＲＣ,準工業,未改装,2600.0
7397,香櫨園,15.0,4.0,３ＬＤＫ,70.0,2015.0,13.0,ＲＣ,準工業,改装済み,2500.0
7398,香櫨園,14.0,4.0,３ＬＤＫ,60.0,2015.0,37.0,ＳＲＣ,準工業,未改装,870.0
7400,香櫨園,15.0,4.0,３ＬＤＫ,70.0,2015.0,13.0,ＲＣ,準工業,未改装,1800.0
7401,西宮(阪神),18.0,4.0,３ＬＤＫ,90.0,2015.0,13.0,ＲＣ,準工業,未改装,3300.0
7402,西宮(阪神),20.0,5.0,４ＬＤＫ,80.0,2015.0,10.0,ＲＣ,準工業,未改装,3200.0
7403,甲陽園,21.0,4.0,３ＬＤＫ,75.0,2015.0,4.0,ＲＣ,１中住専,未改装,2700.0
7404,甲陽園,18.0,4.0,３ＬＤＫ,70.0,2015.0,35.0,ＲＣ,１中住専,改装済み,1400.0
7405,甲東園,19.0,4.0,３ＬＤＫ,70.0,2015.0,17.0,ＲＣ,１中住専,改装済み,2800.0
7406,甲東園,19.0,4.0,３ＬＤＫ,70.0,2015.0,17.0,ＲＣ,１中住専,改装済み,2900.0
7407,甲東園,19.0,4.0,３ＬＤＫ,70.0,2015.0,17.0,ＲＣ,１中住専,改装済み,3200.0
7408,甲東園,19.0,4.0,３ＬＤＫ,70.0,2015.0,17.0,ＲＣ,１中住専,改装済み,2900.0
7409,甲東園,19.0,4.0,３ＬＤＫ,70.0,2015.0,17.0,ＲＣ,１中住専,改装済み,2900.0
7410,甲東園,19.0,4.0,３ＬＤＫ,70.0,2015.0,17.0,ＲＣ,１中住専,改装済み,2800.0
7411,甲東園,21.0,4.0,３ＬＤＫ,70.0,2015.0,17.0,ＲＣ,１中住専,改装済み,2800.0
7412,仁川,20.0,3.0,２ＬＤＫ,55.0,2015.0,17.0,ＲＣ,１中住専,改装済み,2000.0
7413,久寿川,13.0,4.0,３ＬＤＫ,65.0,2015.0,19.0,ＳＲＣ,１種住居,改装済み,2000.0
7414,久寿川,19.0,5.0,４ＬＤＫ,80.0,2015.0,28.0,ＲＣ,１種住居,未改装,860.0
7415,久寿川,1.0,2.0,１Ｋ,15.0,2015.0,26.0,ＲＣ,近隣商業,未改装,650.0
7416,甲東園,19.0,4.0,３ＬＤＫ,85.0,2015.0,26.0,ＲＣ,１中住専,未改装,2100.0
7417,甲陽園,23.0,5.0,４ＬＤＫ,80.0,2015.0,21.0,ＲＣ,１中住専,改装済み,1600.0
7418,甲陽園,15.0,3.0,２ＬＤＫ,100.0,2015.0,30.0,ＲＣ,１中住専,未改装,1400.0
7419,甲陽園,16.0,5.0,４ＬＤＫ,95.0,2015.0,37.0,ＳＲＣ,１中住専,改装済み,1700.0
7420,甲陽園,16.0,4.0,３ＬＤＫ,70.0,2015.0,37.0,ＲＣ,１中住専,未改装,800.0
7421,甲陽園,15.0,4.0,３ＬＤＫ,95.0,2015.0,30.0,ＲＣ,１中住専,未改装,2400.0
7422,甲陽園,16.0,3.0,２ＬＤＫ,60.0,2015.0,37.0,ＳＲＣ,１中住専,未改装,850.0
7423,武庫川団地前,6.0,4.0,３ＬＤＫ,75.0,2015.0,27.0,ＳＲＣ,１種住居,未改装,1600.0
7424,武庫川団地前,2.0,5.0,４ＬＤＫ,80.0,2015.0,34.0,ＳＲＣ,１種住居,未改装,1400.0
7425,洲先,10.0,4.0,３ＬＤＫ,70.0,2015.0,14.0,ＲＣ,１種住居,改装済み,2600.0
7426,鳴尾・武庫川女子大前,14.0,5.0,４ＬＤＫ,75.0,2015.0,14.0,ＲＣ,１種住居,改装済み,2500.0
7427,武庫川団地前,5.0,4.0,３ＬＤＫ,70.0,2015.0,40.0,ＲＣ,１種住居,未改装,920.0
7428,武庫川団地前,4.0,4.0,３ＬＤＫ,70.0,2015.0,40.0,ＲＣ,１種住居,改装済み,510.0
7429,苦楽園口,17.0,4.0,３ＬＤＫ,75.0,2015.0,5.0,ＲＣ,１中住専,未改装,3300.0
7430,苦楽園口,20.0,6.0,５ＬＤＫ,160.0,2015.0,11.0,ＲＣ,１中住専,未改装,7500.0
7431,苦楽園口,18.0,4.0,３ＬＤＫ,70.0,2015.0,40.0,鉄骨造,１低住専,未改装,850.0
7432,苦楽園口,20.0,4.0,３ＬＤＫ,60.0,2015.0,40.0,鉄骨造,１低住専,未改装,600.0
7433,苦楽園口,19.0,3.0,２ＬＤＫ,60.0,2015.0,11.0,ＲＣ,１中住専,未改装,2500.0
7434,夙川,14.0,4.0,３ＬＤＫ,70.0,2015.0,41.0,ＲＣ,１中住専,改装済み,1700.0
7435,夙川,13.0,5.0,４ＬＤＫ,180.0,2015.0,17.0,ＲＣ,１中住専,未改装,5200.0
7436,夙川,16.0,4.0,２ＬＤＫ＋Ｓ,85.0,2015.0,41.0,ＲＣ,１中住専,改装済み,1700.0
7437,夙川,11.0,3.0,２ＤＫ,90.0,2015.0,5.0,ＲＣ,１中住専,改装済み,5600.0
7438,夙川,14.0,4.0,３ＬＤＫ,70.0,2015.0,41.0,ＲＣ,１中住専,未改装,1500.0
7439,夙川,9.0,4.0,３ＬＤＫ,65.0,2015.0,20.0,ＲＣ,１中住専,改装済み,2100.0
7441,夙川,14.0,4.0,３ＬＤＫ,80.0,2015.0,5.0,ＲＣ,１中住専,未改装,5300.0
7444,西宮北口,8.0,3.0,２ＬＤＫ,60.0,2015.0,24.0,ＲＣ,１中住専,未改装,2100.0
7445,香櫨園,12.0,4.0,３ＬＤＫ,80.0,2015.0,4.0,ＲＣ,１種住居,未改装,2200.0
7447,西宮北口,9.0,4.0,３ＬＤＫ,70.0,2015.0,18.0,ＲＣ,１種住居,未改装,2400.0
7448,苦楽園口,12.0,5.0,３ＬＤＫ＋Ｓ,85.0,2015.0,18.0,ＲＣ,１中住専,未改装,2600.0
7449,苦楽園口,12.0,4.0,３ＬＤＫ,90.0,2015.0,18.0,ＲＣ,１中住専,改装済み,3100.0
7450,さくら夙川,7.0,2.0,１Ｋ,15.0,2015.0,21.0,ＲＣ,１中住専,未改装,370.0
7451,鳴尾・武庫川女子大前,11.0,4.0,３ＬＤＫ,60.0,2015.0,14.0,ＳＲＣ,近隣商業,改装済み,2400.0
7452,さくら夙川,8.0,2.0,１Ｋ,25.0,2015.0,31.0,ＲＣ,１中住専,改装済み,670.0
7453,夙川,6.0,2.0,１Ｋ,15.0,2015.0,31.0,ＲＣ,１種住居,未改装,300.0
7454,夙川,7.0,2.0,１Ｋ,15.0,2015.0,31.0,ＲＣ,１中住専,未改装,550.0
7455,夙川,6.0,2.0,１ＬＤＫ,55.0,2015.0,16.0,ＲＣ,１中住専,未改装,2500.0
7456,夙川,7.0,4.0,３ＬＤＫ,80.0,2015.0,16.0,ＲＣ,１中住専,未改装,4400.0
7457,門戸厄神,10.0,5.0,４ＬＤＫ,90.0,2015.0,19.0,ＲＣ,１中住専,未改装,3300.0
7458,苦楽園口,16.0,4.0,３ＬＤＫ,75.0,2015.0,11.0,ＲＣ,１中住専,未改装,2700.0
7459,苦楽園口,13.0,4.0,３ＬＤＫ,95.0,2015.0,41.0,ＲＣ,１中住専,未改装,800.0
7460,久寿川,11.0,4.0,３ＬＤＫ,70.0,2015.0,6.0,ＲＣ,準工業,未改装,3100.0
7461,久寿川,11.0,4.0,３ＬＤＫ,70.0,2015.0,6.0,ＲＣ,準工業,未改装,3200.0
7462,甲子園,11.0,4.0,３ＬＤＫ,70.0,2015.0,5.0,ＲＣ,１中住専,改装済み,4000.0
7463,甲子園,12.0,4.0,３ＬＤＫ,55.0,2015.0,15.0,ＲＣ,１中住専,改装済み,2600.0
7464,甲子園,13.0,2.0,１Ｋ,20.0,2015.0,20.0,ＲＣ,１中住専,未改装,650.0
7465,甲子園口,12.0,3.0,２ＬＤＫ,45.0,2015.0,43.0,鉄骨造,２中住専,改装済み,1100.0
7466,甲子園口,13.0,3.0,２ＤＫ,45.0,2015.0,43.0,鉄骨造,２中住専,未改装,350.0
7467,甲子園口,9.0,4.0,３ＬＤＫ,70.0,2015.0,6.0,ＲＣ,近隣商業,未改装,3900.0
7469,甲子園口,13.0,4.0,３ＤＫ,45.0,2015.0,43.0,鉄骨造,２中住専,未改装,600.0
7470,甲東園,4.0,4.0,３ＬＤＫ,70.0,2015.0,17.0,ＲＣ,１中住専,未改装,3900.0
7471,甲陽園,5.0,4.0,３ＬＤＫ,75.0,2015.0,9.0,ＲＣ,１低住専,未改装,3600.0
7472,香櫨園,9.0,3.0,２ＬＤＫ,85.0,2015.0,18.0,ＲＣ,１中住専,未改装,2700.0
7473,香櫨園,11.0,5.0,４ＬＤＫ,95.0,2015.0,17.0,ＲＣ,１中住専,未改装,3700.0
7474,香櫨園,7.0,4.0,３ＬＤＫ,70.0,2015.0,17.0,ＲＣ,１中住専,未改装,2300.0
7475,香櫨園,10.0,4.0,３ＬＤＫ,65.0,2015.0,15.0,ＲＣ,１中住専,改装済み,2400.0
7476,香櫨園,8.0,4.0,３ＬＤＫ,75.0,2015.0,15.0,ＲＣ,１中住専,未改装,3100.0
7477,香櫨園,7.0,4.0,３ＬＤＫ,70.0,2015.0,17.0,ＲＣ,１中住専,未改装,2500.0
7478,香櫨園,8.0,4.0,３ＬＤＫ,70.0,2015.0,15.0,ＲＣ,１中住専,改装済み,2600.0
7479,香櫨園,5.0,2.0,１ＬＤＫ,50.0,2015.0,31.0,ＲＣ,１中住専,未改装,550.0
7480,香櫨園,5.0,4.0,３ＬＤＫ,80.0,2015.0,31.0,ＲＣ,１中住専,未改装,2400.0
7482,香櫨園,2.0,4.0,３ＬＤＫ,80.0,2015.0,17.0,ＳＲＣ,１中住専,未改装,3100.0
7484,西宮北口,13.0,4.0,３ＬＤＫ,70.0,2015.0,2.0,ＲＣ,１中住専,未改装,4100.0
7485,苦楽園口,8.0,3.0,２ＬＤＫ,70.0,2015.0,15.0,ＲＣ,１中住専,改装済み,2800.0
7486,甲陽園,8.0,4.0,３ＬＤＫ,75.0,2015.0,15.0,ＲＣ,１種住居,未改装,2800.0
7487,西宮北口,8.0,4.0,３ＬＤＫ,65.0,2015.0,16.0,ＲＣ,１中住専,未改装,3100.0
7488,西宮北口,6.0,3.0,２ＬＤＫ,60.0,2015.0,16.0,ＲＣ,１中住専,未改装,3100.0
7489,西宮北口,5.0,4.0,３ＬＤＫ,75.0,2015.0,17.0,ＲＣ,１中住専,未改装,2900.0
7490,夙川,6.0,4.0,３ＬＤＫ,85.0,2015.0,8.0,ＲＣ,１中住専,未改装,6200.0
7491,西宮(阪神),12.0,4.0,３ＬＤＫ,65.0,2015.0,41.0,ＳＲＣ,準工業,未改装,850.0
7492,西宮(阪神),14.0,3.0,２ＬＤＫ,75.0,2015.0,41.0,ＳＲＣ,準工業,改装済み,1300.0
7493,西宮(阪神),12.0,4.0,３ＬＤＫ,65.0,2015.0,41.0,ＳＲＣ,準工業,未改装,1100.0
7494,甲子園口,8.0,4.0,３ＬＤＫ,80.0,2015.0,8.0,ＲＣ,１中住専,未改装,4700.0
7496,甲子園口,8.0,4.0,３ＬＤＫ,70.0,2015.0,8.0,ＲＣ,１中住専,未改装,4300.0
7497,甲子園口,8.0,4.0,３ＬＤＫ,55.0,2015.0,38.0,ＲＣ,１中住専,未改装,1500.0
7498,苦楽園口,14.0,4.0,３ＬＤＫ,75.0,2015.0,41.0,ＲＣ,１低住専,未改装,1200.0
7499,夙川,9.0,4.0,３ＬＤＫ,95.0,2015.0,19.0,ＲＣ,１中住専,未改装,4200.0
7500,夙川,6.0,4.0,２ＬＤＫ＋Ｓ,75.0,2015.0,17.0,ＲＣ,１中住専,未改装,3900.0
7502,甲子園口,14.0,5.0,４ＬＤＫ,90.0,2015.0,18.0,ＲＣ,１中住専,未改装,3400.0
7503,甲子園口,11.0,4.0,３ＬＤＫ,70.0,2015.0,15.0,ＲＣ,１中住専,未改装,3500.0
7504,甲子園口,11.0,4.0,３ＬＤＫ,75.0,2015.0,15.0,ＲＣ,１中住専,未改装,4000.0
7505,甲子園口,14.0,4.0,３ＬＤＫ,70.0,2015.0,14.0,ＲＣ,１種住居,未改装,3500.0
7507,甲子園,6.0,4.0,３ＬＤＫ,95.0,2015.0,29.0,ＲＣ,２種住居,未改装,2900.0
7508,甲子園,5.0,2.0,１ＬＤＫ,40.0,2015.0,46.0,ＲＣ,近隣商業,改装済み,880.0
7510,鳴尾・武庫川女子大前,6.0,4.0,３ＬＤＫ,60.0,2015.0,42.0,ＲＣ,２種住居,改装済み,1900.0
7511,甲子園,14.0,4.0,３ＬＤＫ,80.0,2015.0,9.0,ＲＣ,２種住居,未改装,3400.0
7512,甲子園,4.0,5.0,４ＬＤＫ,95.0,2015.0,10.0,ＲＣ,２中住専,未改装,5800.0
7513,甲子園口,10.0,4.0,３ＬＤＫ,65.0,2015.0,18.0,ＲＣ,１中住専,未改装,2100.0
7515,甲子園口,1.0,4.0,３ＬＤＫ,65.0,2015.0,17.0,ＳＲＣ,近隣商業,改装済み,3500.0
7516,甲子園口,5.0,4.0,３ＬＤＫ,65.0,2015.0,3.0,ＲＣ,１中住専,未改装,4000.0
7517,甲子園口,3.0,2.0,１Ｋ,20.0,2015.0,31.0,ＲＣ,１中住専,改装済み,620.0
7518,甲子園口,4.0,4.0,３ＬＤＫ,75.0,2015.0,9.0,ＲＣ,１中住専,未改装,2800.0
7521,甲子園口,5.0,5.0,４ＬＤＫ,75.0,2015.0,45.0,ＳＲＣ,１中住専,未改装,1100.0
7522,久寿川,8.0,4.0,３ＬＤＫ,60.0,2015.0,19.0,ＲＣ,１種住居,改装済み,2000.0
7523,久寿川,6.0,5.0,４ＬＤＫ,70.0,2015.0,13.0,ＲＣ,１種住居,未改装,3000.0
7524,甲子園,4.0,4.0,３ＬＤＫ,60.0,2015.0,9.0,ＲＣ,近隣商業,改装済み,3200.0
7525,甲子園,9.0,4.0,３ＬＤＫ,65.0,2015.0,19.0,ＲＣ,１種住居,改装済み,2200.0
7526,甲子園,9.0,4.0,３ＬＤＫ,70.0,2015.0,2.0,ＲＣ,１中住専,未改装,4000.0
7527,甲子園,8.0,3.0,２ＬＤＫ,75.0,2015.0,4.0,ＲＣ,１中住専,改装済み,4200.0
7528,甲子園,10.0,4.0,３ＬＤＫ,70.0,2015.0,14.0,ＲＣ,２中住専,未改装,2600.0
7530,甲子園,11.0,4.0,３ＬＤＫ,75.0,2015.0,16.0,ＲＣ,１中住専,未改装,2800.0
7531,甲陽園,15.0,4.0,３ＬＤＫ,75.0,2015.0,17.0,ＲＣ,１中住専,未改装,2000.0
7533,甲陽園,12.0,4.0,３ＬＤＫ,75.0,2015.0,10.0,ＲＣ,１低住専,改装済み,2700.0
7534,甲陽園,14.0,4.0,３ＬＤＫ,80.0,2015.0,2.0,ＲＣ,１中住専,改装済み,3400.0
7535,甲陽園,6.0,4.0,３ＬＤＫ,70.0,2015.0,9.0,ＲＣ,１中住専,未改装,3000.0
7536,甲陽園,3.0,4.0,３ＬＤＫ,75.0,2015.0,38.0,ＳＲＣ,近隣商業,未改装,1400.0
7537,甲陽園,2.0,4.0,３ＬＤＫ,70.0,2015.0,44.0,ＲＣ,近隣商業,未改装,1200.0
7538,甲陽園,1.0,4.0,３ＬＤＫ,70.0,2015.0,44.0,ＲＣ,近隣商業,未改装,1600.0
7539,甲陽園,4.0,4.0,３ＬＤＫ,85.0,2015.0,27.0,ＲＣ,近隣商業,未改装,2500.0
7540,甲陽園,4.0,3.0,２ＬＤＫ,55.0,2015.0,38.0,ＳＲＣ,近隣商業,改装済み,990.0
7541,甲陽園,4.0,3.0,２ＬＤＫ,65.0,2015.0,38.0,ＳＲＣ,近隣商業,未改装,1300.0
7542,甲陽園,5.0,4.0,３ＬＤＫ,85.0,2015.0,15.0,ＲＣ,１中住専,未改装,3000.0
7543,甲子園口,15.0,4.0,３ＬＤＫ,65.0,2015.0,16.0,ＲＣ,２種住居,未改装,2900.0
7544,夙川,6.0,4.0,３ＬＤＫ,70.0,2015.0,10.0,ＲＣ,１種住居,未改装,3600.0
7545,夙川,2.0,4.0,３ＬＤＫ,65.0,2015.0,15.0,ＲＣ,１中住専,未改装,3800.0
7546,夙川,4.0,3.0,２ＬＤＫ,80.0,2015.0,20.0,ＲＣ,１種住居,未改装,3200.0
7547,鳴尾・武庫川女子大前,14.0,5.0,４ＬＤＫ,80.0,2015.0,11.0,ＲＣ,２中住専,改装済み,3600.0
7550,鳴尾・武庫川女子大前,8.0,3.0,２ＬＤＫ,55.0,2015.0,43.0,ＳＲＣ,１種住居,未改装,800.0
7551,鳴尾・武庫川女子大前,7.0,4.0,３ＬＤＫ,75.0,2015.0,25.0,ＲＣ,１種住居,未改装,1700.0
7552,武庫川,9.0,4.0,３ＬＤＫ,65.0,2015.0,6.0,ＲＣ,２中住専,未改装,3100.0
7553,武庫川,6.0,3.0,２ＬＤＫ,65.0,2015.0,6.0,ＲＣ,２中住専,改装済み,3000.0
7554,武庫川,7.0,4.0,３ＬＤＫ,70.0,2015.0,11.0,ＲＣ,１種住居,改装済み,2800.0
7556,苦楽園口,10.0,4.0,３ＬＤＫ,85.0,2015.0,11.0,ＲＣ,１低住専,未改装,4500.0
7557,苦楽園口,8.0,4.0,３ＬＤＫ,85.0,2015.0,15.0,ＲＣ,１低住専,改装済み,4800.0
7558,さくら夙川,4.0,3.0,２ＬＤＫ,60.0,2015.0,15.0,ＲＣ,近隣商業,未改装,2100.0
7559,生瀬,14.0,4.0,３ＬＤＫ,80.0,2015.0,23.0,ＲＣ,１中住専,改装済み,900.0
7560,西宮名塩,8.0,4.0,３ＬＤＫ,65.0,2015.0,16.0,ＲＣ,１中住専,未改装,1000.0
7561,苦楽園口,10.0,4.0,３ＬＤＫ,70.0,2015.0,11.0,ＲＣ,１中住専,改装済み,2800.0
7562,苦楽園口,10.0,5.0,４ＬＤＫ,85.0,2015.0,18.0,ＲＣ,１中住専,未改装,3200.0
7563,甲陽園,11.0,4.0,３ＬＤＫ,70.0,2015.0,18.0,ＲＣ,１中住専,改装済み,2500.0
7564,夙川,9.0,4.0,３ＬＤＫ,75.0,2015.0,19.0,ＲＣ,１中住専,未改装,3400.0
7565,香櫨園,11.0,5.0,４ＬＤＫ,95.0,2015.0,8.0,ＲＣ,１中住専,未改装,4100.0
7567,香櫨園,13.0,4.0,３ＬＤＫ,75.0,2015.0,8.0,ＲＣ,１中住専,未改装,2800.0
7568,香櫨園,13.0,4.0,３ＬＤＫ,70.0,2015.0,8.0,ＲＣ,１中住専,未改装,3200.0
7569,苦楽園口,12.0,4.0,３ＬＤＫ,85.0,2015.0,10.0,ＲＣ,１低住専,未改装,3900.0
7570,西宮(ＪＲ),9.0,4.0,３ＬＤＫ,70.0,2015.0,1.0,ＲＣ,準工業,未改装,3200.0
7571,西宮(ＪＲ),8.0,4.0,３ＬＤＫ,75.0,2015.0,1.0,ＲＣ,準工業,改装済み,4500.0
7572,阪神国道,3.0,4.0,３ＬＤＫ,70.0,2015.0,1.0,ＲＣ,準工業,未改装,4100.0
7573,西宮(阪神),9.0,5.0,４ＬＤＫ,75.0,2015.0,17.0,ＲＣ,近隣商業,未改装,2800.0
7574,苦楽園口,18.0,4.0,３ＬＤＫ,115.0,2015.0,12.0,ＲＣ,１低住専,未改装,4900.0
7575,苦楽園口,15.0,4.0,３ＬＤＫ,65.0,2015.0,0.0,ＲＣ,１中住専,未改装,800.0
7576,苦楽園口,16.0,4.0,３ＬＤＫ,105.0,2015.0,10.0,ＲＣ,１中住専,未改装,4400.0
7577,苦楽園口,14.0,4.0,３ＬＤＫ,75.0,2015.0,10.0,ＲＣ,１中住専,未改装,2700.0
7578,西宮北口,25.0,4.0,３ＬＤＫ,75.0,2015.0,38.0,ＲＣ,１中住専,未改装,1200.0
7579,西宮北口,14.0,4.0,３ＬＤＫ,60.0,2015.0,42.0,ＲＣ,１中住専,未改装,1600.0
7580,西宮北口,30.0,5.0,４ＬＤＫ,75.0,2015.0,30.0,ＲＣ,１中住専,改装済み,1400.0
7581,西宮北口,25.0,4.0,３ＬＤＫ,65.0,2015.0,26.0,ＲＣ,１中住専,未改装,1100.0
7582,武庫川団地前,5.0,4.0,３ＬＤＫ,95.0,2015.0,26.0,ＳＲＣ,１中住専,未改装,1800.0
7583,武庫川団地前,10.0,4.0,３ＬＤＫ,95.0,2015.0,30.0,ＳＲＣ,１中住専,未改装,1700.0
7584,武庫川団地前,13.0,5.0,４ＬＤＫ,125.0,2015.0,30.0,ＳＲＣ,１中住専,未改装,2300.0
7585,武庫川団地前,11.0,4.0,３ＬＤＫ,65.0,2015.0,32.0,ＳＲＣ,１中住専,未改装,1300.0
7586,武庫川団地前,13.0,3.0,２ＬＤＫ,65.0,2015.0,30.0,ＳＲＣ,１中住専,未改装,900.0
7587,武庫川団地前,11.0,4.0,３ＬＤＫ,65.0,2015.0,30.0,ＳＲＣ,１中住専,未改装,1500.0
7588,武庫川団地前,8.0,4.0,３ＬＤＫ,80.0,2015.0,20.0,ＲＣ,１中住専,未改装,1600.0
7589,武庫川団地前,5.0,4.0,３ＬＤＫ,75.0,2015.0,24.0,ＲＣ,１中住専,未改装,1600.0
7592,西宮北口,10.0,4.0,３ＬＤＫ,70.0,2015.0,18.0,ＲＣ,準工業,未改装,2300.0
7593,西宮北口,11.0,4.0,３ＬＤＫ,60.0,2015.0,40.0,ＳＲＣ,準工業,未改装,1200.0
7594,西宮北口,10.0,4.0,３ＬＤＫ,65.0,2015.0,16.0,ＲＣ,準工業,未改装,2600.0
7595,西宮北口,2.0,2.0,１ＤＫ,70.0,2015.0,7.0,ＲＣ,商業,未改装,5500.0
7596,西宮北口,9.0,4.0,３ＬＤＫ,70.0,2015.0,1.0,ＲＣ,１種住居,未改装,3700.0
7597,西宮北口,9.0,5.0,４ＬＤＫ,75.0,2015.0,10.0,ＲＣ,１種住居,未改装,3500.0
7598,西宮北口,10.0,4.0,３ＬＤＫ,65.0,2015.0,10.0,ＲＣ,１種住居,未改装,2900.0
7599,西宮北口,11.0,4.0,３ＬＤＫ,65.0,2015.0,16.0,ＳＲＣ,１種住居,未改装,2000.0
7600,香櫨園,10.0,4.0,３ＬＤＫ,85.0,2015.0,14.0,ＲＣ,１種住居,未改装,3000.0
7601,西宮(阪神),2.0,3.0,２ＬＤＫ,60.0,2015.0,12.0,ＲＣ,商業,未改装,3400.0
7602,西宮(阪神),3.0,5.0,４ＬＤＫ,120.0,2015.0,12.0,ＲＣ,商業,未改装,7300.0
7603,西宮(阪神),3.0,3.0,２ＬＤＫ,75.0,2015.0,9.0,ＲＣ,商業,未改装,4200.0
7605,甲東園,8.0,4.0,３ＬＤＫ,80.0,2015.0,14.0,ＲＣ,１中住専,改装済み,3300.0
7606,仁川,18.0,5.0,４ＬＤＫ,75.0,2015.0,29.0,ＲＣ,１中住専,未改装,1500.0
7607,仁川,9.0,4.0,３ＬＤＫ,80.0,2015.0,9.0,ＲＣ,２中住専,未改装,3400.0
7609,今津(阪神),11.0,3.0,２ＬＤＫ,65.0,2015.0,14.0,ＲＣ,１種住居,未改装,2600.0
7610,今津(阪神),9.0,4.0,３ＬＤＫ,65.0,2015.0,14.0,ＲＣ,１種住居,未改装,2500.0
7611,今津(阪神),13.0,4.0,３ＬＤＫ,65.0,2015.0,7.0,ＲＣ,工業,未改装,2800.0
7612,阪神国道,11.0,4.0,３ＬＤＫ,70.0,2015.0,17.0,ＲＣ,準工業,改装済み,2600.0
7613,阪神国道,6.0,4.0,３ＬＤＫ,70.0,2015.0,17.0,ＲＣ,準工業,改装済み,3000.0
7614,阪神国道,6.0,4.0,３ＬＤＫ,70.0,2015.0,17.0,ＲＣ,準工業,改装済み,3000.0
7615,阪神国道,5.0,4.0,３ＬＤＫ,70.0,2015.0,17.0,ＲＣ,準工業,改装済み,2600.0
7616,西宮(ＪＲ),4.0,4.0,３ＬＤＫ,70.0,2015.0,19.0,ＳＲＣ,近隣商業,未改装,2500.0
7618,阪神国道,2.0,4.0,３ＬＤＫ,70.0,2015.0,7.0,ＲＣ,近隣商業,未改装,3000.0
7619,今津(阪神),3.0,4.0,３ＬＤＫ,60.0,2015.0,1.0,ＲＣ,近隣商業,未改装,2800.0
7620,今津(阪神),2.0,4.0,３ＬＤＫ,70.0,2015.0,11.0,ＲＣ,商業,未改装,2900.0
7621,今津(阪神),2.0,2.0,１Ｋ,25.0,2015.0,26.0,ＲＣ,商業,未改装,650.0
7622,今津(阪神),8.0,4.0,３ＬＤＫ,65.0,2015.0,13.0,ＲＣ,１種住居,未改装,3400.0
7623,今津(阪神),3.0,2.0,１ＤＫ,25.0,2015.0,26.0,ＲＣ,商業,未改装,400.0
7624,今津(阪神),7.0,4.0,３ＬＤＫ,65.0,2015.0,13.0,ＲＣ,１種住居,未改装,2600.0
7625,今津(阪神),8.0,4.0,３ＬＤＫ,55.0,2015.0,18.0,ＳＲＣ,１種住居,未改装,1900.0
7626,今津(阪神),8.0,3.0,２ＬＤＫ,55.0,2015.0,19.0,ＳＲＣ,１種住居,未改装,1700.0
7627,今津(阪神),8.0,3.0,２ＬＤＫ,55.0,2015.0,19.0,ＳＲＣ,１種住居,未改装,1500.0
7628,甲子園口,8.0,4.0,３ＬＤＫ,75.0,2015.0,14.0,ＲＣ,１中住専,改装済み,3300.0
7629,さくら夙川,6.0,4.0,３ＬＤＫ,65.0,2015.0,31.0,ＲＣ,１中住専,未改装,2000.0
7630,香櫨園,5.0,4.0,３ＬＤＫ,85.0,2015.0,13.0,ＲＣ,１中住専,未改装,3800.0
7632,西宮(ＪＲ),13.0,2.0,１Ｋ,15.0,2015.0,29.0,ＲＣ,近隣商業,未改装,580.0
7633,西宮(ＪＲ),14.0,4.0,３ＬＤＫ,70.0,2015.0,17.0,ＳＲＣ,近隣商業,未改装,2500.0
7634,西宮北口,21.0,5.0,４ＬＤＫ,95.0,2015.0,18.0,ＲＣ,１種住居,未改装,3300.0
7635,西宮名塩,5.0,4.0,３ＬＤＫ,60.0,2015.0,19.0,ＲＣ,２中住専,未改装,900.0
7636,西宮名塩,25.0,4.0,３ＬＤＫ,65.0,2015.0,20.0,ＲＣ,１低住専,未改装,450.0
7637,西宮名塩,8.0,5.0,４ＬＤＫ,50.0,2015.0,11.0,ＲＣ,１中住専,未改装,1900.0
7638,苦楽園口,7.0,3.0,２ＬＤＫ,130.0,2015.0,26.0,ＲＣ,１中住専,未改装,3300.0
7639,苦楽園口,6.0,3.0,２ＬＤＫ,145.0,2015.0,26.0,ＲＣ,１中住専,未改装,3700.0
7640,宝塚,9.0,4.0,３ＬＤＫ,95.0,2015.0,11.0,ＲＣ,１種住居,未改装,3100.0
7641,生瀬,9.0,4.0,３ＬＤＫ,75.0,2015.0,16.0,ＳＲＣ,２中住専,未改装,1700.0
7643,生瀬,11.0,4.0,３ＬＤＫ,70.0,2015.0,18.0,ＳＲＣ,２中住専,改装済み,1600.0
7645,鳴尾・武庫川女子大前,6.0,4.0,３ＬＤＫ,65.0,2015.0,18.0,ＲＣ,近隣商業,未改装,2700.0
7647,夙川,9.0,4.0,３ＬＤＫ,90.0,2015.0,31.0,ＲＣ,１低住専,改装済み,3000.0
7648,仁川,2.0,5.0,４ＬＤＫ,95.0,2015.0,13.0,ＲＣ,１中住専,未改装,4400.0
7649,仁川,2.0,4.0,３ＬＤＫ,70.0,2015.0,14.0,ＲＣ,１中住専,未改装,2700.0
7650,西宮(阪神),11.0,2.0,１Ｋ,25.0,2015.0,7.0,ＲＣ,近隣商業,未改装,1200.0
7651,西宮(阪神),30.0,4.0,３ＬＤＫ,70.0,2015.0,17.0,ＳＲＣ,１中住専,未改装,1200.0
7652,西宮(阪神),30.0,4.0,３ＬＤＫ,70.0,2015.0,17.0,ＲＣ,１中住専,改装済み,1600.0
7654,西宮(阪神),30.0,3.0,２ＬＤＫ,120.0,2015.0,11.0,ＳＲＣ,１中住専,未改装,4900.0
7655,西宮(阪神),30.0,5.0,４ＬＤＫ,85.0,2015.0,17.0,ＳＲＣ,１中住専,未改装,1500.0
7656,西宮(阪神),30.0,4.0,３ＬＤＫ,65.0,2015.0,16.0,ＳＲＣ,近隣商業,未改装,1600.0
7657,西宮(阪神),30.0,4.0,３ＬＤＫ,70.0,2015.0,17.0,ＳＲＣ,１中住専,改装済み,1500.0
7658,西宮(阪神),30.0,5.0,４ＬＤＫ,80.0,2015.0,17.0,ＳＲＣ,１中住専,未改装,1900.0
7659,西宮(阪神),30.0,4.0,３ＬＤＫ,85.0,2015.0,11.0,ＲＣ,１中住専,未改装,2500.0
7660,西宮(阪神),30.0,5.0,４ＬＤＫ,85.0,2015.0,17.0,ＲＣ,１中住専,未改装,1300.0
7661,西宮(阪神),30.0,5.0,４ＬＤＫ,110.0,2015.0,11.0,ＳＲＣ,１中住専,改装済み,3100.0
7662,西宮(阪神),30.0,4.0,３ＬＤＫ,75.0,2015.0,16.0,ＳＲＣ,近隣商業,改装済み,2700.0
7663,西宮(阪神),30.0,4.0,３ＬＤＫ,70.0,2015.0,17.0,ＳＲＣ,１中住専,改装済み,1600.0
7664,西宮(ＪＲ),12.0,4.0,３ＬＤＫ,90.0,2016.0,29.0,ＲＣ,１種住居,未改装,2300.0
7665,門戸厄神,13.0,5.0,４ＬＤＫ,75.0,2015.0,5.0,ＲＣ,２中住専,未改装,3400.0
7666,西宮北口,14.0,4.0,３ＬＤＫ,75.0,2016.0,29.0,ＲＣ,１種住居,改装済み,2000.0
7667,門戸厄神,6.0,4.0,３ＬＤＫ,75.0,2015.0,13.0,ＲＣ,１中住専,未改装,3500.0
7668,門戸厄神,6.0,5.0,４ＬＤＫ,90.0,2015.0,13.0,ＲＣ,１中住専,未改装,4400.0
7669,門戸厄神,5.0,5.0,４ＬＤＫ,85.0,2015.0,29.0,ＲＣ,１中住専,改装済み,2000.0
7671,甲子園,7.0,3.0,２ＤＫ,45.0,2016.0,45.0,ＲＣ,１中住専,改装済み,1400.0
7672,甲子園,7.0,3.0,２ＬＤＫ,60.0,2016.0,45.0,ＲＣ,１中住専,改装済み,1600.0
7674,西宮(ＪＲ),7.0,4.0,３ＬＤＫ,75.0,2015.0,14.0,ＲＣ,近隣商業,未改装,3200.0
7675,西宮(ＪＲ),7.0,4.0,３ＬＤＫ,70.0,2015.0,14.0,ＲＣ,１種住居,未改装,2700.0
7676,鳴尾・武庫川女子大前,4.0,3.0,２ＬＤＫ,60.0,2016.0,20.0,ＲＣ,１種住居,未改装,2200.0
7677,甲子園,10.0,3.0,２ＬＤＫ,70.0,2015.0,19.0,ＲＣ,１中住専,未改装,2100.0
7678,甲子園,11.0,5.0,４ＬＤＫ,80.0,2015.0,14.0,ＲＣ,１中住専,改装済み,4000.0
7679,西宮北口,8.0,4.0,３ＬＤＫ,70.0,2016.0,4.0,ＲＣ,２種住居,未改装,3900.0
7680,西宮北口,8.0,3.0,２ＬＤＫ,75.0,2016.0,4.0,ＲＣ,２種住居,未改装,4300.0
7681,西宮北口,7.0,4.0,３ＬＤＫ,70.0,2016.0,4.0,ＲＣ,２種住居,未改装,3900.0
7683,西宮(阪神),5.0,3.0,２ＬＤＫ,60.0,2015.0,11.0,ＳＲＣ,商業,改装済み,2900.0
7684,西宮(阪神),4.0,3.0,２ＬＤＫ,65.0,2015.0,17.0,ＳＲＣ,商業,改装済み,2400.0
7685,西宮(阪神),4.0,4.0,３ＬＤＫ,70.0,2015.0,17.0,ＳＲＣ,商業,未改装,2700.0
7686,西宮(阪神),6.0,4.0,３ＬＤＫ,70.0,2015.0,17.0,ＳＲＣ,商業,未改装,2900.0
7687,西宮(阪神),5.0,4.0,３ＬＤＫ,75.0,2015.0,17.0,ＳＲＣ,商業,未改装,2800.0
7688,西宮(阪神),5.0,4.0,３ＬＤＫ,65.0,2015.0,17.0,ＳＲＣ,商業,未改装,2800.0
7689,西宮(阪神),2.0,4.0,３ＬＤＫ,75.0,2015.0,16.0,ＳＲＣ,商業,改装済み,2700.0
7690,西宮(阪神),3.0,3.0,２ＬＤＫ,60.0,2015.0,9.0,ＲＣ,商業,未改装,3000.0
7691,門戸厄神,13.0,4.0,３ＬＤＫ,65.0,2016.0,15.0,ＲＣ,１中住専,未改装,2500.0
7692,門戸厄神,14.0,4.0,３ＬＤＫ,80.0,2016.0,15.0,ＲＣ,１中住専,未改装,3100.0
7693,門戸厄神,13.0,5.0,４ＬＤＫ,75.0,2016.0,15.0,ＲＣ,１中住専,未改装,3000.0
7695,西宮(ＪＲ),3.0,3.0,２ＬＤＫ,60.0,2016.0,40.0,ＳＲＣ,近隣商業,改装済み,1600.0
7696,西宮(ＪＲ),4.0,3.0,２ＤＫ,50.0,2016.0,40.0,ＳＲＣ,近隣商業,改装済み,1800.0
7697,西宮(ＪＲ),4.0,3.0,２ＤＫ,50.0,2016.0,40.0,ＳＲＣ,近隣商業,改装済み,1600.0
7698,西宮(ＪＲ),4.0,3.0,２ＤＫ,50.0,2016.0,40.0,ＳＲＣ,近隣商業,改装済み,1300.0
7699,西宮(ＪＲ),3.0,3.0,２ＬＤＫ,60.0,2016.0,23.0,ＳＲＣ,近隣商業,未改装,2400.0
7700,西宮(ＪＲ),4.0,3.0,２ＤＫ,50.0,2016.0,40.0,ＳＲＣ,近隣商業,未改装,1100.0
7701,甲子園,18.0,3.0,２ＬＤＫ,95.0,2015.0,11.0,ＳＲＣ,１種住居,未改装,3300.0
7702,甲子園,16.0,4.0,３ＬＤＫ,95.0,2015.0,13.0,ＳＲＣ,１種住居,未改装,3300.0
7703,甲子園,19.0,5.0,４ＬＤＫ,90.0,2015.0,13.0,ＳＲＣ,１種住居,未改装,2200.0
7704,今津(阪神),10.0,4.0,３ＬＤＫ,70.0,2015.0,2.0,ＲＣ,準工業,未改装,3000.0
7705,夙川,4.0,4.0,３ＬＤＫ,90.0,2012.0,14.0,ＲＣ,２中住専,未改装,4700.0
7706,夙川,2.0,4.0,３ＬＤＫ,70.0,2012.0,14.0,ＲＣ,２中住専,未改装,4000.0
7707,西宮(阪神),6.0,4.0,３ＬＤＫ,65.0,2015.0,15.0,ＳＲＣ,近隣商業,未改装,2300.0
7708,西宮(阪神),6.0,4.0,３ＬＤＫ,65.0,2015.0,15.0,ＳＲＣ,近隣商業,未改装,2500.0
7709,洲先,3.0,4.0,３ＬＤＫ,75.0,2015.0,16.0,ＲＣ,１種住居,改装済み,2600.0
7710,香櫨園,15.0,4.0,３ＬＤＫ,60.0,2016.0,38.0,ＳＲＣ,準工業,未改装,1000.0
7711,香櫨園,15.0,3.0,２ＤＫ,60.0,2016.0,38.0,ＳＲＣ,準工業,改装済み,1700.0
7712,香櫨園,15.0,3.0,２ＬＤＫ,70.0,2016.0,38.0,ＳＲＣ,準工業,未改装,1400.0
7713,東鳴尾,4.0,4.0,３ＬＤＫ,65.0,2015.0,36.0,ＳＲＣ,１種住居,改装済み,1500.0
7714,東鳴尾,5.0,4.0,３ＬＤＫ,60.0,2015.0,38.0,ＲＣ,１種住居,改装済み,1500.0
7716,西宮(阪神),16.0,4.0,３ＬＤＫ,75.0,2016.0,11.0,ＲＣ,準工業,未改装,2800.0
7717,甲陽園,24.0,4.0,３ＬＤＫ,70.0,2016.0,36.0,ＲＣ,１中住専,改装済み,1500.0
7718,今津(阪神),15.0,4.0,３ＬＤＫ,70.0,2015.0,19.0,ＲＣ,準工業,未改装,1900.0
7719,今津(阪神),15.0,5.0,４ＬＤＫ,90.0,2015.0,9.0,ＲＣ,準工業,未改装,3300.0
7720,今津(阪神),15.0,4.0,３ＬＤＫ,75.0,2015.0,9.0,ＲＣ,準工業,未改装,2800.0
7722,甲東園,19.0,3.0,２ＬＤＫ,60.0,2016.0,39.0,ＲＣ,１中住専,未改装,820.0
7723,甲東園,20.0,4.0,３ＬＤＫ,70.0,2016.0,1.0,ＲＣ,１中住専,改装済み,2900.0
7724,甲東園,19.0,4.0,３ＬＤＫ,70.0,2016.0,18.0,ＲＣ,１中住専,改装済み,2900.0
7725,甲東園,19.0,4.0,３ＬＤＫ,70.0,2016.0,18.0,ＲＣ,１中住専,改装済み,2900.0
7726,甲東園,18.0,4.0,３ＬＤＫ,70.0,2016.0,17.0,ＲＣ,１中住専,改装済み,2800.0
7727,甲東園,19.0,4.0,３ＬＤＫ,70.0,2016.0,18.0,ＲＣ,１中住専,改装済み,2400.0
7728,西宮(阪神),20.0,4.0,３ＬＤＫ,80.0,2015.0,18.0,ＳＲＣ,準工業,未改装,2000.0
7729,甲東園,19.0,4.0,３ＬＤＫ,70.0,2016.0,18.0,ＲＣ,１中住専,改装済み,2800.0
7730,西宮(阪神),16.0,4.0,３ＬＤＫ,65.0,2015.0,18.0,ＲＣ,準工業,未改装,2000.0
7731,甲東園,19.0,4.0,３ＬＤＫ,70.0,2016.0,18.0,ＲＣ,１中住専,改装済み,2900.0
7732,西宮(阪神),20.0,4.0,３ＬＤＫ,70.0,2015.0,18.0,ＲＣ,準工業,未改装,1800.0
7733,西宮(阪神),20.0,4.0,３ＬＤＫ,65.0,2015.0,19.0,ＲＣ,準工業,未改装,2000.0
7734,仁川,24.0,4.0,３ＬＤＫ,70.0,2016.0,1.0,ＲＣ,１中住専,改装済み,2900.0
7735,西宮名塩,15.0,3.0,２ＬＤＫ,95.0,2015.0,21.0,ＲＣ,１中住専,未改装,1600.0
7736,西宮名塩,14.0,4.0,３ＬＤＫ,80.0,2015.0,18.0,ＲＣ,１中住専,未改装,1200.0
7737,西宮名塩,11.0,5.0,４ＬＤＫ,55.0,2015.0,12.0,ＲＣ,１中住専,未改装,2400.0
7738,西宮名塩,5.0,4.0,３ＬＤＫ,80.0,2015.0,19.0,ＲＣ,１中住専,未改装,1500.0
7739,西宮名塩,14.0,4.0,３ＬＤＫ,70.0,2015.0,18.0,ＲＣ,１中住専,改装済み,1200.0
7740,西宮(ＪＲ),2.0,4.0,３ＬＤＫ,90.0,2012.0,19.0,ＳＲＣ,近隣商業,未改装,3300.0
7741,西宮(ＪＲ),3.0,2.0,１Ｋ,20.0,2012.0,28.0,ＲＣ,近隣商業,改装済み,600.0
7743,久寿川,15.0,4.0,３ＬＤＫ,60.0,2016.0,18.0,ＳＲＣ,１種住居,改装済み,2200.0
7745,久寿川,13.0,4.0,３ＬＤＫ,70.0,2016.0,4.0,ＲＣ,準工業,未改装,2300.0
7746,西宮(ＪＲ),1.0,4.0,３ＬＤＫ,90.0,2012.0,19.0,ＳＲＣ,近隣商業,改装済み,3600.0
7748,久寿川,13.0,4.0,３ＬＤＫ,70.0,2016.0,19.0,ＳＲＣ,１種住居,未改装,2300.0
7749,今津(阪神),5.0,5.0,４ＬＤＫ,100.0,2016.0,27.0,ＲＣ,近隣商業,未改装,2500.0
7750,久寿川,18.0,5.0,４ＬＤＫ,90.0,2016.0,33.0,ＲＣ,１種住居,改装済み,1600.0
7751,苦楽園口,9.0,3.0,２ＬＤＫ,65.0,2015.0,41.0,ＲＣ,１種住居,未改装,1700.0
7752,苦楽園口,14.0,4.0,３ＤＫ,60.0,2015.0,43.0,ＲＣ,１中住専,未改装,1100.0
7753,苦楽園口,9.0,4.0,３ＬＤＫ,65.0,2015.0,41.0,ＲＣ,１種住居,未改装,1100.0
7754,苦楽園口,14.0,4.0,３ＬＤＫ,75.0,2015.0,18.0,ＲＣ,１中住専,未改装,2300.0
7755,苦楽園口,9.0,4.0,３ＬＤＫ,65.0,2015.0,41.0,ＲＣ,１種住居,未改装,1400.0
7756,苦楽園口,8.0,4.0,３ＬＤＫ,75.0,2015.0,4.0,ＲＣ,１種住居,未改装,5300.0
7757,苦楽園口,14.0,4.0,３ＬＤＫ,85.0,2015.0,7.0,ＲＣ,１中住専,改装済み,5200.0
7758,苦楽園口,16.0,5.0,３ＬＤＫ＋Ｓ,85.0,2015.0,33.0,ＲＣ,１中住専,未改装,2400.0
7759,香櫨園,15.0,4.0,３ＬＤＫ,60.0,2012.0,34.0,ＳＲＣ,準工業,改装済み,1400.0
7760,香櫨園,13.0,5.0,４ＬＤＫ,95.0,2012.0,9.0,ＲＣ,１種住居,未改装,2800.0
7761,香櫨園,14.0,3.0,２ＬＤＫ,65.0,2012.0,20.0,ＲＣ,１種住居,未改装,1300.0
7762,香櫨園,15.0,4.0,３ＬＤＫ,60.0,2012.0,34.0,ＳＲＣ,準工業,未改装,1100.0
7763,西宮(阪神),20.0,4.0,３ＬＤＫ,75.0,2012.0,10.0,ＲＣ,準工業,未改装,2900.0
7764,甲東園,18.0,4.0,３ＬＤＫ,80.0,2016.0,27.0,ＲＣ,１中住専,改装済み,2600.0
7765,苦楽園口,23.0,4.0,３ＬＤＫ,70.0,2012.0,17.0,ＲＣ,１中住専,改装済み,2100.0
7766,門戸厄神,15.0,4.0,３ＬＤＫ,75.0,2015.0,20.0,ＲＣ,１中住専,未改装,2300.0
7767,西宮北口,30.0,4.0,３ＬＤＫ,70.0,2016.0,19.0,ＲＣ,１中住専,未改装,1700.0
7768,西宮北口,19.0,2.0,１Ｋ,15.0,2015.0,29.0,ＲＣ,１中住専,未改装,600.0
7769,西宮北口,19.0,4.0,３ＬＤＫ,70.0,2015.0,15.0,ＲＣ,１中住専,未改装,2400.0
7770,久寿川,5.0,4.0,３ＬＤＫ,70.0,2012.0,27.0,ＳＲＣ,近隣商業,改装済み,1500.0
7771,甲陽園,16.0,4.0,３ＤＫ,75.0,2016.0,38.0,ＳＲＣ,１中住専,改装済み,1300.0
7772,甲陽園,16.0,4.0,３ＬＤＫ,60.0,2016.0,38.0,ＳＲＣ,１中住専,改装済み,970.0
7773,甲陽園,15.0,4.0,３ＬＤＫ,65.0,2016.0,38.0,ＲＣ,１中住専,改装済み,930.0
7774,西宮北口,6.0,1.0,１Ｒ,15.0,2015.0,28.0,ＲＣ,近隣商業,改装済み,500.0
7775,西宮北口,7.0,1.0,１Ｒ,15.0,2015.0,27.0,ＲＣ,２種住居,未改装,370.0
7776,久寿川,12.0,4.0,３ＬＤＫ,60.0,2012.0,16.0,ＳＲＣ,１種住居,未改装,1700.0
7777,久寿川,11.0,4.0,３ＬＤＫ,80.0,2012.0,16.0,ＲＣ,１種住居,未改装,2300.0
7778,西宮北口,12.0,4.0,３ＬＤＫ,75.0,2015.0,9.0,ＲＣ,１中住専,未改装,4000.0
7779,久寿川,20.0,5.0,４ＬＤＫ,90.0,2012.0,29.0,ＲＣ,１種住居,未改装,1000.0
7780,甲子園口,6.0,4.0,２ＬＤＫ＋Ｓ,70.0,2015.0,7.0,ＲＣ,１中住専,未改装,3900.0
7781,久寿川,18.0,4.0,３ＬＤＫ,70.0,2012.0,29.0,ＲＣ,１種住居,改装済み,1300.0
7782,甲子園口,6.0,4.0,３ＬＤＫ,100.0,2015.0,44.0,ＲＣ,１中住専,改装済み,2500.0
7783,甲子園口,6.0,5.0,３ＬＤＫ＋Ｓ,120.0,2015.0,47.0,ＲＣ,１中住専,未改装,3200.0
7784,甲子園口,2.0,5.0,４ＬＤＫ,110.0,2015.0,29.0,ＲＣ,近隣商業,未改装,3400.0
7785,鳴尾・武庫川女子大前,11.0,5.0,４ＬＤＫ,80.0,2015.0,36.0,ＳＲＣ,１中住専,改装済み,2000.0
7787,苦楽園口,4.0,3.0,２ＬＤＫ,70.0,2015.0,15.0,ＲＣ,１種住居,未改装,3700.0
7789,久寿川,5.0,4.0,３ＬＤＫ,65.0,2012.0,6.0,ＲＣ,１種住居,未改装,2400.0
7790,香櫨園,7.0,4.0,３ＬＤＫ,75.0,2015.0,7.0,ＲＣ,１中住専,未改装,3300.0
7791,甲東園,19.0,4.0,３ＬＤＫ,80.0,2012.0,23.0,ＲＣ,１中住専,改装済み,1700.0
7792,西宮(阪神),15.0,4.0,３ＬＤＫ,70.0,2015.0,2.0,ＲＣ,準工業,未改装,2700.0
7793,甲陽園,16.0,4.0,２ＬＤＫ＋Ｓ,60.0,2012.0,14.0,ＲＣ,１中住専,未改装,1300.0
7794,夙川,4.0,4.0,３ＬＤＫ,75.0,2015.0,18.0,ＲＣ,１中住専,未改装,3500.0
7796,甲東園,25.0,4.0,３ＬＤＫ,70.0,2012.0,15.0,ＲＣ,１中住専,改装済み,2100.0
7797,甲陽園,24.0,5.0,４ＬＤＫ,85.0,2012.0,15.0,ＲＣ,１中住専,未改装,2000.0
7798,香櫨園,3.0,4.0,３ＬＤＫ,85.0,2015.0,19.0,ＲＣ,１中住専,未改装,2700.0
7799,香櫨園,5.0,4.0,３ＬＤＫ,95.0,2015.0,26.0,ＲＣ,１中住専,改装済み,3400.0
7800,苦楽園口,16.0,5.0,４ＬＤＫ,80.0,2016.0,42.0,ＲＣ,１中住専,改装済み,2000.0
7801,苦楽園口,18.0,5.0,４ＬＤＫ,80.0,2016.0,21.0,ＲＣ,１中住専,未改装,2600.0
7802,さくら夙川,6.0,4.0,３ＬＤＫ,110.0,2015.0,26.0,ＲＣ,１中住専,未改装,3900.0
7803,苦楽園口,16.0,4.0,３ＬＤＫ,60.0,2016.0,41.0,鉄骨造,１低住専,未改装,420.0
7804,さくら夙川,7.0,4.0,３ＬＤＫ,95.0,2015.0,26.0,ＲＣ,１中住専,未改装,3600.0
7805,苦楽園口,18.0,3.0,２ＬＤＫ,55.0,2016.0,41.0,鉄骨造,１低住専,改装済み,700.0
7806,甲陽園,19.0,4.0,３ＬＤＫ,85.0,2012.0,18.0,ＲＣ,１中住専,未改装,2300.0
7807,夙川,8.0,4.0,３ＬＤＫ,70.0,2015.0,3.0,ＲＣ,１中住専,未改装,4800.0
7808,夙川,6.0,3.0,２ＬＤＫ,65.0,2015.0,9.0,ＲＣ,１中住専,未改装,4200.0
7809,夙川,20.0,3.0,２ＬＤＫ,70.0,2016.0,19.0,ＲＣ,１中住専,未改装,2500.0
7810,夙川,20.0,5.0,４ＬＤＫ,85.0,2016.0,19.0,ＲＣ,１中住専,未改装,2600.0
7811,甲陽園,16.0,4.0,３ＬＤＫ,65.0,2012.0,34.0,ＲＣ,１中住専,未改装,720.0
7812,甲子園口,9.0,4.0,３ＬＤＫ,70.0,2015.0,38.0,ＲＣ,１中住専,改装済み,2000.0
7813,甲陽園,16.0,4.0,３ＬＤＫ,75.0,2012.0,34.0,ＲＣ,１中住専,未改装,1100.0
7814,甲子園口,6.0,4.0,３ＬＤＫ,105.0,2015.0,22.0,ＲＣ,１中住専,未改装,3400.0
7815,甲子園口,7.0,4.0,３ＬＤＫ,75.0,2015.0,8.0,ＲＣ,１中住専,未改装,4100.0
7816,西宮(ＪＲ),4.0,4.0,３ＬＤＫ,60.0,2015.0,27.0,ＳＲＣ,近隣商業,未改装,1300.0
7817,甲子園口,13.0,4.0,３ＬＤＫ,80.0,2015.0,12.0,ＲＣ,１中住専,未改装,3900.0
7818,夙川,13.0,4.0,３ＬＤＫ,85.0,2016.0,4.0,ＲＣ,１中住専,未改装,5500.0
7819,甲子園口,15.0,4.0,３ＬＤＫ,80.0,2015.0,12.0,ＲＣ,１中住専,未改装,3700.0
7820,夙川,16.0,4.0,３ＬＤＫ,80.0,2016.0,42.0,ＲＣ,１中住専,未改装,1100.0
7821,武庫川団地前,2.0,5.0,４ＬＤＫ,80.0,2012.0,31.0,ＳＲＣ,準工業,改装済み,1500.0
7822,武庫川団地前,3.0,5.0,４ＬＤＫ,85.0,2012.0,31.0,ＳＲＣ,準工業,未改装,2000.0
7823,洲先,8.0,5.0,４ＬＤＫ,80.0,2012.0,31.0,ＲＣ,１種住居,未改装,1100.0
7824,西宮北口,16.0,4.0,３ＬＤＫ,75.0,2015.0,12.0,ＲＣ,１中住専,未改装,3000.0
7825,洲先,10.0,4.0,３ＬＤＫ,70.0,2012.0,11.0,ＲＣ,１種住居,改装済み,2800.0
7826,洲先,8.0,5.0,４ＬＤＫ,95.0,2012.0,31.0,ＲＣ,１種住居,改装済み,1900.0
7827,鳴尾・武庫川女子大前,15.0,4.0,３ＬＤＫ,70.0,2012.0,11.0,ＲＣ,１種住居,未改装,2300.0
7828,西宮北口,9.0,4.0,３ＬＤＫ,75.0,2016.0,5.0,ＲＣ,１中住専,未改装,4500.0
7829,西宮北口,13.0,3.0,２ＬＤＫ,60.0,2016.0,16.0,ＲＣ,準住居,未改装,2500.0
7830,西宮北口,11.0,4.0,３ＬＤＫ,70.0,2015.0,13.0,ＲＣ,１中住専,未改装,3200.0
7831,西宮北口,12.0,4.0,３ＬＤＫ,70.0,2015.0,13.0,ＲＣ,１中住専,改装済み,3400.0
7832,香櫨園,15.0,3.0,２ＬＤＫ,65.0,2016.0,16.0,ＲＣ,１種住居,改装済み,2400.0
7833,香櫨園,13.0,4.0,３ＬＤＫ,80.0,2016.0,5.0,ＲＣ,１種住居,未改装,3100.0
7834,門戸厄神,5.0,4.0,２ＬＤＫ＋Ｓ,70.0,2015.0,16.0,ＲＣ,２中住専,未改装,2300.0
7835,苦楽園口,18.0,4.0,３ＬＤＫ,90.0,2012.0,2.0,ＲＣ,１中住専,未改装,4200.0
7836,苦楽園口,18.0,4.0,３ＬＤＫ,85.0,2012.0,2.0,ＲＣ,１中住専,未改装,4000.0
7837,苦楽園口,18.0,5.0,４ＬＤＫ,85.0,2012.0,2.0,ＲＣ,１中住専,未改装,4000.0
7838,苦楽園口,18.0,4.0,３ＬＤＫ,70.0,2012.0,2.0,ＲＣ,１中住専,未改装,3500.0
7839,苦楽園口,29.0,4.0,３ＬＤＫ,60.0,2012.0,37.0,鉄骨造,１低住専,未改装,330.0
7840,苦楽園口,18.0,5.0,４ＬＤＫ,95.0,2012.0,15.0,ＲＣ,１中住専,改装済み,3300.0
7841,苦楽園口,18.0,3.0,２ＬＤＫ,65.0,2012.0,8.0,ＲＣ,１中住専,未改装,2600.0
7842,西宮北口,14.0,4.0,３ＬＤＫ,70.0,2016.0,19.0,ＲＣ,１中住専,未改装,3200.0
7843,苦楽園口,18.0,3.0,２ＬＤＫ,65.0,2012.0,8.0,ＲＣ,１中住専,未改装,2800.0
7844,西宮北口,14.0,4.0,３ＬＤＫ,85.0,2016.0,19.0,ＲＣ,１中住専,未改装,3800.0
7845,苦楽園口,14.0,4.0,３ＬＤＫ,70.0,2016.0,18.0,ＳＲＣ,１種住居,未改装,2000.0
7846,苦楽園口,14.0,4.0,３ＬＤＫ,70.0,2016.0,19.0,ＲＣ,１中住専,改装済み,2800.0
7848,鳴尾・武庫川女子大前,8.0,5.0,４ＬＤＫ,85.0,2016.0,19.0,ＲＣ,１中住専,改装済み,3700.0
7849,夙川,14.0,3.0,２ＬＤＫ,70.0,2012.0,38.0,ＲＣ,１中住専,未改装,900.0
7850,夙川,14.0,4.0,３ＬＤＫ,70.0,2012.0,38.0,ＲＣ,１中住専,改装済み,1500.0
7851,夙川,13.0,4.0,３ＬＤＫ,70.0,2012.0,38.0,ＲＣ,１中住専,未改装,970.0
7852,夙川,13.0,4.0,３ＬＤＫ,70.0,2012.0,38.0,ＲＣ,１中住専,未改装,1100.0
7853,夙川,9.0,4.0,３ＬＤＫ,65.0,2012.0,17.0,ＲＣ,１中住専,改装済み,2400.0
7854,甲子園,13.0,5.0,４ＬＤＫ,95.0,2015.0,10.0,ＲＣ,２種住居,未改装,4000.0
7855,甲子園,11.0,4.0,３ＬＤＫ,75.0,2015.0,13.0,ＲＣ,２中住専,未改装,3200.0
7856,さくら夙川,4.0,4.0,３ＬＤＫ,70.0,2016.0,37.0,ＳＲＣ,近隣商業,改装済み,2900.0
7857,さくら夙川,3.0,4.0,３ＬＤＫ,90.0,2016.0,37.0,ＳＲＣ,近隣商業,未改装,2400.0
7858,甲子園,13.0,5.0,４ＬＤＫ,95.0,2015.0,10.0,ＲＣ,２種住居,未改装,4100.0
7859,さくら夙川,3.0,4.0,３ＬＤＫ,60.0,2016.0,37.0,ＳＲＣ,近隣商業,未改装,2000.0
7860,甲子園,13.0,4.0,３ＬＤＫ,80.0,2015.0,10.0,ＲＣ,２種住居,未改装,3500.0
7862,西宮北口,13.0,4.0,３ＬＤＫ,60.0,2012.0,15.0,ＲＣ,１中住専,改装済み,2000.0
7863,香櫨園,13.0,4.0,３ＬＤＫ,75.0,2012.0,1.0,ＲＣ,１種住居,未改装,2400.0
7864,西宮北口,6.0,4.0,３ＬＤＫ,65.0,2015.0,17.0,ＳＲＣ,１中住専,未改装,2800.0
7865,西宮北口,7.0,4.0,３ＬＤＫ,65.0,2015.0,17.0,ＳＲＣ,１中住専,未改装,2500.0
7867,西宮北口,6.0,4.0,３ＬＤＫ,75.0,2015.0,1.0,ＲＣ,１種住居,未改装,5200.0
7868,西宮北口,6.0,4.0,３ＬＤＫ,75.0,2015.0,1.0,ＲＣ,１種住居,未改装,4700.0
7869,西宮北口,8.0,4.0,３ＬＤＫ,75.0,2015.0,1.0,ＲＣ,１種住居,未改装,5100.0
7871,夙川,7.0,2.0,１Ｋ,15.0,2016.0,32.0,ＲＣ,１中住専,未改装,530.0
7872,夙川,7.0,2.0,１Ｋ,15.0,2016.0,32.0,ＲＣ,１中住専,未改装,650.0
7873,苦楽園口,14.0,4.0,３ＬＤＫ,80.0,2012.0,14.0,ＳＲＣ,１種住居,未改装,2300.0
7874,さくら夙川,6.0,4.0,３ＬＤＫ,65.0,2012.0,16.0,ＲＣ,１中住専,未改装,2700.0
7875,さくら夙川,6.0,4.0,３ＬＤＫ,65.0,2012.0,16.0,ＲＣ,１中住専,未改装,2800.0
7876,さくら夙川,7.0,1.0,１Ｒ,20.0,2012.0,18.0,ＲＣ,１中住専,未改装,550.0
7877,甲東園,12.0,4.0,３ＬＤＫ,75.0,2016.0,38.0,ＳＲＣ,１種住居,未改装,1400.0
7878,さくら夙川,6.0,4.0,３ＬＤＫ,65.0,2012.0,16.0,ＲＣ,１中住専,未改装,2600.0
7879,門戸厄神,5.0,4.0,３ＬＤＫ,70.0,2015.0,15.0,ＲＣ,１中住専,未改装,2900.0
7880,門戸厄神,8.0,4.0,３ＬＤＫ,80.0,2015.0,18.0,ＲＣ,１中住専,未改装,3100.0
7881,苦楽園口,15.0,4.0,３ＬＤＫ,70.0,2016.0,9.0,ＲＣ,１中住専,未改装,1900.0
7882,苦楽園口,14.0,4.0,３ＬＤＫ,105.0,2016.0,29.0,ＲＣ,１中住専,改装済み,5000.0
7883,苦楽園口,14.0,4.0,３ＬＤＫ,85.0,2016.0,29.0,ＲＣ,１中住専,改装済み,3700.0
7884,苦楽園口,14.0,4.0,３ＬＤＫ,95.0,2016.0,29.0,ＲＣ,１中住専,改装済み,4200.0
7885,苦楽園口,15.0,4.0,３ＬＤＫ,90.0,2016.0,29.0,ＲＣ,１中住専,未改装,3600.0
7887,門戸厄神,4.0,4.0,３ＬＤＫ,70.0,2015.0,18.0,ＳＲＣ,１中住専,未改装,2900.0
7888,苦楽園口,14.0,4.0,３ＬＤＫ,95.0,2016.0,29.0,ＲＣ,１中住専,未改装,4000.0
7889,門戸厄神,3.0,4.0,３ＬＤＫ,70.0,2015.0,18.0,ＳＲＣ,１中住専,未改装,3200.0
7890,さくら夙川,4.0,4.0,３ＬＤＫ,65.0,2012.0,33.0,ＳＲＣ,近隣商業,改装済み,1900.0
7891,夙川,23.0,4.0,３ＬＤＫ,80.0,2016.0,12.0,ＲＣ,１中住専,未改装,3100.0
7892,さくら夙川,4.0,4.0,３ＬＤＫ,60.0,2012.0,33.0,ＳＲＣ,近隣商業,改装済み,1700.0
7893,さくら夙川,2.0,4.0,３ＬＤＫ,60.0,2012.0,15.0,ＲＣ,近隣商業,改装済み,2100.0
7894,東鳴尾,5.0,4.0,３ＬＤＫ,80.0,2012.0,21.0,ＳＲＣ,１種住居,未改装,1900.0
7895,西宮北口,20.0,3.0,２ＬＤＫ,60.0,2015.0,11.0,ＲＣ,２中住専,未改装,2600.0
7896,久寿川,10.0,4.0,３ＬＤＫ,70.0,2016.0,7.0,ＲＣ,準工業,未改装,3300.0
7897,門戸厄神,9.0,5.0,４ＬＤＫ,80.0,2015.0,11.0,ＲＣ,２中住専,改装済み,3100.0
7898,門戸厄神,9.0,4.0,３ＬＤＫ,70.0,2015.0,11.0,ＲＣ,２中住専,未改装,3200.0
7899,夙川,6.0,3.0,２ＬＤＫ,85.0,2012.0,13.0,ＲＣ,１中住専,未改装,4300.0
7900,門戸厄神,10.0,4.0,３ＬＤＫ,70.0,2015.0,9.0,ＲＣ,１中住専,未改装,4200.0
7901,西宮(ＪＲ),20.0,4.0,３ＬＤＫ,70.0,2015.0,17.0,ＲＣ,１種住居,改装済み,2400.0
7902,西宮北口,20.0,4.0,３ＬＤＫ,70.0,2015.0,17.0,ＲＣ,１種住居,未改装,2600.0
7903,甲子園口,20.0,4.0,３ＤＫ,50.0,2016.0,19.0,ＳＲＣ,近隣商業,改装済み,1500.0
7904,苦楽園口,13.0,3.0,２ＬＤＫ,85.0,2012.0,38.0,ＲＣ,１中住専,未改装,500.0
7905,苦楽園口,18.0,3.0,２ＬＤＫ,75.0,2012.0,9.0,ＲＣ,１中住専,未改装,2700.0
7906,苦楽園口,16.0,2.0,１ＬＤＫ,60.0,2012.0,8.0,ＲＣ,１中住専,未改装,1900.0
7907,甲東園,8.0,4.0,３ＬＤＫ,75.0,2016.0,16.0,ＲＣ,１低住専,未改装,3200.0
7908,西宮(阪神),18.0,4.0,３ＬＤＫ,60.0,2012.0,8.0,ＲＣ,１中住専,未改装,2100.0
7909,武庫之荘,25.0,4.0,３ＬＤＫ,70.0,2012.0,9.0,ＲＣ,１中住専,改装済み,2800.0
7910,久寿川,11.0,4.0,３ＬＤＫ,65.0,2012.0,3.0,ＲＣ,準工業,未改装,3000.0
7912,苦楽園口,9.0,4.0,３ＬＤＫ,75.0,2016.0,0.0,ＲＣ,１中住専,未改装,5100.0
7914,苦楽園口,9.0,4.0,３ＬＤＫ,75.0,2016.0,0.0,ＲＣ,１中住専,未改装,4500.0
7915,苦楽園口,9.0,4.0,３ＬＤＫ,100.0,2016.0,0.0,ＲＣ,１中住専,未改装,7000.0
7916,甲子園,9.0,4.0,３ＬＤＫ,70.0,2012.0,2.0,ＲＣ,１中住専,未改装,4000.0
7917,甲子園口,16.0,4.0,３ＤＫ,50.0,2012.0,15.0,ＳＲＣ,近隣商業,未改装,900.0
7918,甲子園口,12.0,3.0,２ＤＫ,40.0,2012.0,40.0,鉄骨造,２中住専,未改装,520.0
7919,甲子園口,13.0,5.0,４ＤＫ,60.0,2012.0,40.0,鉄骨造,２中住専,未改装,720.0
7920,甲子園口,13.0,3.0,２ＬＤＫ,55.0,2012.0,40.0,鉄骨造,２中住専,改装済み,780.0
7921,打出,9.0,5.0,４ＬＤＫ,180.0,2015.0,25.0,ＲＣ,１中住専,改装済み,6000.0
7922,阪神国道,13.0,4.0,３ＬＤＫ,75.0,2012.0,26.0,ＳＲＣ,１種住居,改装済み,1600.0
7923,苦楽園口,9.0,5.0,４ＬＤＫ,90.0,2012.0,11.0,ＲＣ,１中住専,未改装,5000.0
7924,甲陽園,3.0,2.0,１ＬＤＫ,40.0,2016.0,18.0,ＲＣ,１中住専,未改装,1800.0
7925,香櫨園,15.0,5.0,４ＬＤＫ,175.0,2015.0,24.0,ＲＣ,１種住居,未改装,4200.0
7927,香櫨園,10.0,4.0,３ＬＤＫ,70.0,2015.0,8.0,ＲＣ,近隣商業,未改装,3000.0
7928,香櫨園,11.0,4.0,３ＬＤＫ,55.0,2015.0,13.0,ＲＣ,近隣商業,未改装,2600.0
7929,香櫨園,8.0,3.0,２ＬＤＫ,85.0,2015.0,24.0,ＲＣ,１種住居,未改装,2600.0
7930,香櫨園,10.0,3.0,２ＬＤＫ,55.0,2015.0,13.0,ＲＣ,近隣商業,未改装,2500.0
7931,香櫨園,8.0,4.0,３ＬＤＫ,70.0,2015.0,9.0,ＲＣ,１種住居,未改装,3100.0
7932,西宮(ＪＲ),9.0,4.0,３ＬＤＫ,65.0,2015.0,12.0,ＲＣ,近隣商業,未改装,2700.0
7933,香櫨園,9.0,4.0,３ＬＤＫ,65.0,2016.0,16.0,ＲＣ,１中住専,未改装,2500.0
7935,香櫨園,14.0,5.0,４ＬＤＫ,95.0,2016.0,11.0,ＲＣ,１中住専,改装済み,4000.0
7936,甲東園,8.0,5.0,３ＬＤＫ＋Ｓ,80.0,2012.0,12.0,ＲＣ,１低住専,未改装,3200.0
7937,西宮北口,3.0,4.0,３ＬＤＫ,65.0,2015.0,10.0,ＲＣ,２種住居,未改装,3900.0
7938,西宮北口,3.0,4.0,３ＬＤＫ,65.0,2015.0,15.0,ＳＲＣ,２種住居,未改装,6300.0
7939,西宮北口,5.0,4.0,３ＬＤＫ,90.0,2015.0,15.0,ＳＲＣ,２種住居,未改装,5200.0
7940,西宮北口,3.0,3.0,２ＬＤＫ,75.0,2015.0,15.0,ＳＲＣ,２種住居,未改装,3600.0
7941,西宮北口,6.0,4.0,３ＬＤＫ,70.0,2015.0,10.0,ＲＣ,２種住居,未改装,4300.0
7942,西宮北口,3.0,4.0,３ＬＤＫ,80.0,2015.0,15.0,ＳＲＣ,２種住居,改装済み,4400.0
7943,甲東園,13.0,4.0,３ＬＤＫ,75.0,2012.0,6.0,ＲＣ,１低住専,未改装,3500.0
7944,西宮北口,3.0,3.0,２ＬＤＫ,85.0,2015.0,15.0,ＳＲＣ,２種住居,未改装,3300.0
7945,西宮北口,6.0,4.0,３ＬＤＫ,75.0,2015.0,4.0,ＲＣ,２種住居,未改装,4600.0
7946,西宮北口,3.0,4.0,３ＬＤＫ,80.0,2015.0,15.0,ＳＲＣ,２種住居,改装済み,5300.0
7947,打出,8.0,5.0,４ＬＤＫ,100.0,2016.0,13.0,ＲＣ,１中住専,未改装,4000.0
7949,西宮北口,5.0,4.0,３ＬＤＫ,80.0,2015.0,15.0,ＳＲＣ,２種住居,改装済み,4600.0
7950,西宮(阪神),6.0,5.0,４ＬＤＫ,105.0,2015.0,17.0,ＳＲＣ,近隣商業,未改装,4700.0
7951,香櫨園,12.0,5.0,４ＬＤＫ,100.0,2016.0,32.0,ＲＣ,１中住専,未改装,2000.0
7952,甲陽園,14.0,4.0,３ＬＤＫ,60.0,2015.0,39.0,ＲＣ,１中住専,改装済み,1400.0
7953,香櫨園,6.0,3.0,２ＬＤＫ,50.0,2016.0,18.0,ＲＣ,１中住専,未改装,1500.0
7954,香櫨園,2.0,4.0,３ＬＤＫ,85.0,2016.0,18.0,ＳＲＣ,１中住専,未改装,2700.0
7955,西宮北口,15.0,4.0,３ＬＤＫ,80.0,2016.0,3.0,ＲＣ,１中住専,未改装,5000.0
7956,香櫨園,14.0,5.0,４ＬＤＫ,95.0,2012.0,7.0,ＲＣ,１中住専,未改装,3800.0
7957,香櫨園,7.0,4.0,３ＬＤＫ,70.0,2012.0,14.0,ＲＣ,１中住専,未改装,2800.0
7958,香櫨園,12.0,3.0,２ＬＤＫ,95.0,2012.0,14.0,ＲＣ,１中住専,未改装,4100.0
7959,夙川,8.0,4.0,３ＬＤＫ,75.0,2015.0,18.0,ＲＣ,１中住専,未改装,3900.0
7960,門戸厄神,11.0,4.0,３ＬＤＫ,70.0,2015.0,15.0,ＲＣ,１中住専,未改装,2500.0
7962,西宮北口,7.0,3.0,２ＤＫ,45.0,2016.0,18.0,ＳＲＣ,１中住専,未改装,1900.0
7963,苦楽園口,7.0,4.0,３ＬＤＫ,75.0,2016.0,4.0,ＲＣ,１中住専,未改装,4600.0
7964,香櫨園,2.0,4.0,３ＬＤＫ,65.0,2012.0,14.0,ＳＲＣ,１中住専,未改装,2200.0
7965,香櫨園,2.0,4.0,３ＬＤＫ,75.0,2012.0,14.0,ＳＲＣ,準住居,改装済み,2700.0
7966,香櫨園,5.0,2.0,１ＤＫ,50.0,2012.0,14.0,ＲＣ,１中住専,改装済み,1800.0
7967,甲子園口,12.0,4.0,３ＬＤＫ,70.0,2012.0,7.0,ＲＣ,１種住居,未改装,2700.0
7968,甲陽園,10.0,3.0,２ＬＤＫ,65.0,2012.0,8.0,ＲＣ,１種住居,未改装,2200.0
7969,苦楽園口,5.0,3.0,２ＬＤＫ,75.0,2012.0,11.0,ＲＣ,１低住専,未改装,4200.0
7970,苦楽園口,6.0,3.0,２ＬＤＫ,80.0,2012.0,11.0,ＲＣ,１低住専,未改装,5200.0
7971,西宮北口,8.0,4.0,３ＬＤＫ,70.0,2012.0,14.0,ＲＣ,１中住専,未改装,2700.0
7972,西宮(阪神),12.0,4.0,３ＬＤＫ,65.0,2016.0,42.0,ＳＲＣ,準工業,改装済み,1500.0
7973,西宮(阪神),12.0,4.0,３ＬＤＫ,55.0,2016.0,42.0,ＳＲＣ,準工業,未改装,630.0
7974,西宮(阪神),12.0,4.0,３ＬＤＫ,55.0,2016.0,42.0,ＳＲＣ,準工業,未改装,550.0
7975,甲子園口,8.0,4.0,３ＬＤＫ,70.0,2016.0,43.0,ＲＣ,１中住専,未改装,1200.0
7976,甲子園口,6.0,4.0,３ＬＤＫ,70.0,2016.0,2.0,ＲＣ,１中住専,未改装,4700.0
7977,甲子園口,10.0,3.0,２ＬＤＫ,55.0,2016.0,39.0,ＲＣ,１中住専,改装済み,1400.0
7978,甲子園口,7.0,4.0,３ＬＤＫ,70.0,2016.0,9.0,ＲＣ,１中住専,未改装,3900.0
7979,甲子園口,10.0,3.0,２ＬＤＫ,55.0,2016.0,39.0,ＲＣ,１中住専,未改装,900.0
7980,甲子園口,5.0,4.0,３ＬＤＫ,70.0,2016.0,15.0,ＲＣ,１中住専,改装済み,3400.0
7981,西宮(阪神),18.0,4.0,３ＬＤＫ,65.0,2012.0,16.0,ＲＣ,準工業,改装済み,1700.0
7982,西宮(阪神),18.0,5.0,４ＬＤＫ,75.0,2012.0,16.0,ＲＣ,準工業,未改装,1900.0
7983,西宮(阪神),13.0,4.0,３ＬＤＫ,55.0,2012.0,38.0,ＳＲＣ,準工業,改装済み,1200.0
7984,西宮(阪神),13.0,4.0,３ＬＤＫ,70.0,2012.0,38.0,ＳＲＣ,準工業,改装済み,1500.0
7986,甲子園口,11.0,3.0,２ＬＤＫ,55.0,2012.0,35.0,ＲＣ,１中住専,未改装,1300.0
7987,甲子園口,9.0,3.0,２ＬＤＫ,55.0,2012.0,39.0,ＲＣ,１中住専,改装済み,1300.0
7988,甲子園口,12.0,4.0,３ＬＤＫ,70.0,2012.0,1.0,ＲＣ,１中住専,未改装,3700.0
7989,甲子園口,6.0,4.0,３ＬＤＫ,70.0,2012.0,11.0,ＲＣ,１中住専,未改装,3000.0
7990,苦楽園口,8.0,4.0,３ＬＤＫ,70.0,2016.0,14.0,ＲＣ,１中住専,未改装,4000.0
7991,夙川,8.0,4.0,３ＬＤＫ,75.0,2016.0,17.0,ＲＣ,１中住専,未改装,3700.0
7992,苦楽園口,14.0,3.0,２ＬＤＫ,85.0,2012.0,38.0,ＲＣ,１低住専,改装済み,2000.0
7993,甲子園口,14.0,5.0,４ＬＤＫ,70.0,2016.0,15.0,ＲＣ,１種住居,未改装,3400.0
7994,甲子園口,12.0,4.0,３ＬＤＫ,105.0,2016.0,25.0,ＲＣ,１中住専,未改装,3300.0
7995,甲子園,14.0,3.0,２ＬＤＫ,60.0,2016.0,16.0,ＲＣ,１中住専,未改装,2400.0
7996,甲子園,9.0,3.0,２ＬＤＫ,85.0,2016.0,15.0,ＲＣ,１中住専,未改装,4500.0
7997,甲子園,5.0,4.0,３ＬＤＫ,65.0,2016.0,47.0,ＲＣ,近隣商業,改装済み,1400.0
7998,甲子園,5.0,3.0,２ＬＤＫ,55.0,2016.0,47.0,ＲＣ,近隣商業,未改装,800.0
7999,甲子園,5.0,3.0,２ＬＤＫ,60.0,2016.0,42.0,ＲＣ,１種住居,改装済み,1300.0
8000,夙川,8.0,3.0,２ＤＫ,80.0,2012.0,13.0,ＲＣ,１中住専,未改装,4200.0
8001,夙川,8.0,3.0,２ＬＤＫ,80.0,2012.0,13.0,ＲＣ,１中住専,未改装,3500.0
8002,甲子園,14.0,5.0,４ＬＤＫ,90.0,2016.0,10.0,ＲＣ,２種住居,未改装,390.0
8004,甲子園,11.0,4.0,２ＬＤＫ＋Ｓ,60.0,2016.0,18.0,ＲＣ,１中住専,未改装,1900.0
8005,甲子園,10.0,5.0,３ＬＤＫ＋Ｓ,80.0,2016.0,16.0,ＲＣ,２中住専,未改装,2500.0
8006,鳴尾・武庫川女子大前,12.0,4.0,３ＬＤＫ,70.0,2016.0,10.0,ＲＣ,２種住居,改装済み,3200.0
8007,甲子園口,14.0,4.0,３ＬＤＫ,60.0,2012.0,11.0,ＲＣ,１種住居,未改装,2600.0
8008,甲子園口,10.0,5.0,４ＬＤＫ,75.0,2012.0,11.0,ＲＣ,近隣商業,未改装,2900.0
8009,甲子園口,11.0,4.0,３ＬＤＫ,80.0,2012.0,12.0,ＲＣ,１中住専,未改装,4000.0
8010,甲子園口,14.0,4.0,２ＬＤＫ＋Ｓ,65.0,2012.0,11.0,ＲＣ,１種住居,未改装,3100.0
8012,甲子園,15.0,4.0,３ＬＤＫ,65.0,2012.0,16.0,ＲＣ,１中住専,未改装,2700.0
8013,甲子園,11.0,4.0,３ＬＤＫ,65.0,2012.0,43.0,ＲＣ,１中住専,未改装,800.0
8014,甲子園,9.0,4.0,３ＬＤＫ,65.0,2012.0,43.0,ＲＣ,２中住専,改装済み,1700.0
8015,甲子園,6.0,3.0,２ＬＤＫ,70.0,2012.0,26.0,ＲＣ,２種住居,改装済み,2300.0
8016,甲子園,6.0,5.0,４ＬＤＫ,110.0,2012.0,26.0,ＲＣ,２種住居,未改装,3500.0
8017,甲子園,5.0,3.0,２ＬＤＫ,55.0,2012.0,43.0,ＲＣ,近隣商業,未改装,670.0
8018,甲子園,6.0,4.0,３ＬＤＫ,60.0,2012.0,39.0,ＲＣ,２種住居,未改装,1500.0
8019,甲子園,5.0,4.0,３ＬＤＫ,75.0,2012.0,43.0,ＲＣ,近隣商業,改装済み,1700.0
8020,甲子園,6.0,3.0,２ＬＤＫ,70.0,2012.0,26.0,ＲＣ,２種住居,未改装,2500.0
8021,甲子園,6.0,4.0,３ＬＤＫ,85.0,2012.0,26.0,ＲＣ,２種住居,未改装,3300.0
8022,甲子園,6.0,4.0,３ＬＤＫ,60.0,2012.0,39.0,ＲＣ,１種住居,改装済み,1400.0
8023,甲子園,6.0,4.0,３ＬＤＫ,85.0,2012.0,26.0,ＲＣ,２種住居,未改装,3000.0
8024,鳴尾・武庫川女子大前,8.0,4.0,３ＬＤＫ,100.0,2012.0,26.0,ＲＣ,２種住居,未改装,3000.0
8025,甲子園口,5.0,5.0,４ＬＤＫ,85.0,2016.0,4.0,ＲＣ,近隣商業,未改装,5400.0
8026,甲子園口,14.0,4.0,３ＬＤＫ,75.0,2016.0,13.0,ＲＣ,１種住居,未改装,2800.0
8027,甲子園口,7.0,2.0,１ＬＤＫ,40.0,2016.0,18.0,ＲＣ,近隣商業,未改装,1600.0
8028,甲子園口,8.0,4.0,３ＬＤＫ,85.0,2016.0,12.0,ＲＣ,１中住専,改装済み,4100.0
8029,甲子園,14.0,4.0,３ＬＤＫ,70.0,2012.0,6.0,ＲＣ,２種住居,未改装,3100.0
8030,鳴尾・武庫川女子大前,12.0,4.0,３ＬＤＫ,75.0,2012.0,6.0,ＲＣ,２種住居,改装済み,3200.0
8031,鳴尾・武庫川女子大前,12.0,5.0,４ＬＤＫ,110.0,2012.0,6.0,ＲＣ,２種住居,未改装,5200.0
8032,鳴尾・武庫川女子大前,12.0,4.0,３ＬＤＫ,70.0,2012.0,6.0,ＲＣ,２種住居,未改装,3000.0
8033,久寿川,5.0,4.0,３ＬＤＫ,85.0,2012.0,7.0,ＲＣ,２中住専,未改装,5300.0
8035,甲子園口,5.0,3.0,２ＬＤＫ,75.0,2016.0,46.0,ＳＲＣ,１中住専,未改装,1600.0
8036,甲子園口,3.0,5.0,４ＬＤＫ,110.0,2016.0,9.0,ＲＣ,１中住専,未改装,5200.0
8037,甲子園口,4.0,5.0,４ＬＤＫ,75.0,2016.0,38.0,ＲＣ,１中住専,改装済み,2200.0
8038,甲子園口,4.0,4.0,３ＬＤＫ,65.0,2016.0,4.0,ＲＣ,１中住専,未改装,4000.0
8039,甲子園,9.0,3.0,２ＬＤＫ,60.0,2016.0,21.0,ＲＣ,１種住居,改装済み,1700.0
8040,甲子園,7.0,3.0,２ＬＤＫ,55.0,2016.0,30.0,ＳＲＣ,近隣商業,改装済み,2600.0
8041,甲子園,4.0,4.0,３ＬＤＫ,70.0,2016.0,10.0,ＲＣ,近隣商業,改装済み,3500.0
8042,甲子園,13.0,3.0,２ＤＫ,55.0,2016.0,12.0,ＲＣ,近隣商業,未改装,2500.0
8043,甲子園,9.0,4.0,３ＬＤＫ,60.0,2016.0,43.0,ＲＣ,２種住居,未改装,750.0
8044,甲子園,10.0,4.0,３ＬＤＫ,65.0,2016.0,10.0,ＲＣ,１種住居,未改装,3200.0
8045,甲子園口,11.0,4.0,３ＬＤＫ,60.0,2012.0,6.0,ＲＣ,近隣商業,未改装,2100.0
8046,甲子園口,2.0,4.0,３ＬＤＫ,75.0,2012.0,12.0,ＲＣ,近隣商業,未改装,3900.0
8047,甲子園口,9.0,4.0,３ＬＤＫ,65.0,2012.0,40.0,ＲＣ,１中住専,改装済み,1500.0
8048,甲子園口,4.0,3.0,２ＬＤＫ,60.0,2012.0,15.0,ＲＣ,近隣商業,改装済み,2200.0
8049,甲子園口,9.0,4.0,３ＬＤＫ,65.0,2012.0,40.0,ＲＣ,１中住専,改装済み,1000.0
8050,甲子園口,4.0,4.0,３ＬＤＫ,60.0,2012.0,16.0,ＲＣ,近隣商業,未改装,2000.0
8051,甲子園口,6.0,2.0,１Ｋ,15.0,2012.0,28.0,ＲＣ,近隣商業,改装済み,260.0
8052,甲子園口,9.0,4.0,３ＬＤＫ,65.0,2012.0,40.0,ＲＣ,１中住専,改装済み,1400.0
8053,甲東園,2.0,3.0,２ＬＤＫ,65.0,2016.0,28.0,ＲＣ,近隣商業,未改装,2100.0
8055,甲子園口,5.0,5.0,４ＬＤＫ,75.0,2012.0,42.0,ＳＲＣ,１中住専,改装済み,1600.0
8056,甲子園口,3.0,5.0,４ＬＤＫ,100.0,2012.0,5.0,ＲＣ,１中住専,未改装,5000.0
8058,甲子園口,6.0,4.0,３ＬＤＫ,80.0,2012.0,34.0,ＲＣ,１中住専,未改装,1900.0
8059,甲子園口,2.0,4.0,３ＬＤＫ,75.0,2012.0,16.0,ＲＣ,近隣商業,未改装,3600.0
8060,甲子園口,5.0,4.0,３ＬＤＫ,90.0,2012.0,42.0,ＳＲＣ,１中住専,未改装,1600.0
8061,甲子園口,5.0,4.0,３ＬＤＫ,75.0,2012.0,42.0,ＳＲＣ,１中住専,改装済み,1700.0
8062,甲子園口,4.0,4.0,３ＬＤＫ,70.0,2012.0,42.0,ＳＲＣ,１中住専,未改装,860.0
8063,香櫨園,12.0,4.0,３ＬＤＫ,70.0,2016.0,16.0,ＲＣ,１中住専,改装済み,3000.0
8065,甲陽園,9.0,4.0,３ＬＤＫ,70.0,2016.0,17.0,ＲＣ,１低住専,未改装,1700.0
8066,甲陽園,1.0,4.0,３ＬＤＫ,70.0,2016.0,16.0,ＲＣ,２低住専,未改装,3200.0
8067,甲陽園,3.0,4.0,３ＬＤＫ,70.0,2016.0,16.0,ＲＣ,近隣商業,未改装,3300.0
8069,甲子園,9.0,4.0,３ＤＫ,65.0,2012.0,39.0,ＲＣ,２種住居,未改装,900.0
8070,甲子園,11.0,3.0,２ＬＤＫ,55.0,2012.0,8.0,ＲＣ,近隣商業,未改装,2600.0
8071,甲子園,10.0,4.0,３ＬＤＫ,75.0,2012.0,9.0,ＲＣ,２中住専,未改装,3000.0
8072,甲子園,11.0,4.0,３ＬＤＫ,95.0,2012.0,6.0,ＲＣ,１種住居,改装済み,5000.0
8074,甲陽園,6.0,4.0,３ＬＤＫ,70.0,2016.0,10.0,ＲＣ,１中住専,未改装,2800.0
8075,甲陽園,6.0,3.0,２ＬＤＫ,60.0,2016.0,4.0,ＲＣ,１中住専,未改装,3100.0
8076,甲東園,3.0,4.0,３ＬＤＫ,85.0,2012.0,39.0,ＳＲＣ,近隣商業,未改装,1100.0
8077,甲東園,3.0,4.0,３ＬＤＫ,85.0,2012.0,39.0,ＳＲＣ,近隣商業,改装済み,2400.0
8078,甲東園,1.0,5.0,４ＬＤＫ,85.0,2012.0,13.0,ＳＲＣ,近隣商業,未改装,4500.0
8079,西宮北口,4.0,4.0,３ＬＤＫ,75.0,2012.0,9.0,ＲＣ,近隣商業,未改装,4200.0
8080,西宮北口,4.0,3.0,２ＬＤＫ,90.0,2012.0,9.0,ＲＣ,近隣商業,改装済み,5500.0
8081,甲陽園,1.0,3.0,２ＤＫ,50.0,2016.0,45.0,ＲＣ,近隣商業,未改装,900.0
8082,甲陽園,1.0,3.0,２ＬＤＫ,70.0,2016.0,45.0,ＲＣ,近隣商業,改装済み,1800.0
8083,甲陽園,3.0,4.0,３ＬＤＫ,75.0,2016.0,39.0,ＳＲＣ,近隣商業,未改装,1300.0
8084,甲陽園,3.0,3.0,２ＬＤＫ,80.0,2016.0,39.0,ＳＲＣ,近隣商業,改装済み,2000.0
8085,甲陽園,1.0,4.0,３ＬＤＫ,55.0,2016.0,45.0,ＲＣ,近隣商業,未改装,1200.0
8086,甲陽園,1.0,4.0,３ＬＤＫ,70.0,2016.0,45.0,ＲＣ,近隣商業,未改装,1500.0
8087,甲陽園,4.0,3.0,２ＬＤＫ,55.0,2016.0,39.0,ＳＲＣ,近隣商業,改装済み,1500.0
8088,香櫨園,11.0,4.0,３ＬＤＫ,70.0,2012.0,12.0,ＲＣ,近隣商業,未改装,2000.0
8089,香櫨園,11.0,4.0,３ＬＤＫ,70.0,2012.0,12.0,ＲＣ,近隣商業,改装済み,2600.0
8090,さくら夙川,11.0,4.0,３ＬＤＫ,70.0,2012.0,6.0,ＲＣ,１中住専,未改装,3300.0
8091,甲陽園,4.0,4.0,３ＬＤＫ,70.0,2016.0,16.0,ＲＣ,１中住専,未改装,2600.0
8092,苦楽園口,14.0,4.0,３ＬＤＫ,75.0,2016.0,18.0,ＲＣ,１中住専,改装済み,2600.0
8093,甲陽園,9.0,4.0,３ＬＤＫ,75.0,2016.0,20.0,ＲＣ,１中住専,改装済み,1800.0
8094,甲陽園,3.0,4.0,３ＬＤＫ,80.0,2012.0,12.0,ＲＣ,２低住専,未改装,3800.0
8095,西宮(阪神),10.0,5.0,４ＬＤＫ,85.0,2016.0,10.0,ＲＣ,近隣商業,未改装,3800.0
8097,甲陽園,12.0,4.0,３ＬＤＫ,75.0,2012.0,7.0,ＲＣ,１低住専,改装済み,2500.0
8098,さくら夙川,7.0,3.0,２ＬＤＫ,90.0,2016.0,14.0,ＲＣ,１中住専,未改装,4900.0
8099,甲陽園,16.0,4.0,３ＬＤＫ,120.0,2012.0,21.0,ＲＣ,１中住専,未改装,2900.0
8100,甲陽園,15.0,4.0,３ＬＤＫ,75.0,2012.0,14.0,ＲＣ,１中住専,未改装,1900.0
8101,甲陽園,5.0,4.0,３ＬＤＫ,70.0,2012.0,13.0,ＲＣ,近隣商業,未改装,2300.0
8102,武庫川,14.0,5.0,４ＬＤＫ,95.0,2016.0,12.0,ＲＣ,２中住専,未改装,4200.0
8103,武庫川,12.0,4.0,３ＬＤＫ,75.0,2016.0,1.0,ＲＣ,２中住専,改装済み,3900.0
8104,武庫川,13.0,4.0,３ＬＤＫ,75.0,2016.0,19.0,ＲＣ,２中住専,改装済み,4100.0
8105,武庫川,14.0,4.0,３ＬＤＫ,75.0,2016.0,19.0,ＲＣ,２中住専,改装済み,3900.0
8106,武庫川,13.0,5.0,４ＬＤＫ,75.0,2016.0,19.0,ＲＣ,２中住専,改装済み,4000.0
8107,武庫川,13.0,4.0,３ＬＤＫ,75.0,2016.0,19.0,ＲＣ,２中住専,改装済み,4100.0
8108,武庫川,13.0,4.0,３ＬＤＫ,75.0,2016.0,19.0,ＲＣ,２中住専,改装済み,4300.0
8109,武庫川,12.0,4.0,３ＬＤＫ,75.0,2016.0,19.0,ＲＣ,２中住専,改装済み,3900.0
8110,鳴尾・武庫川女子大前,8.0,4.0,３ＬＤＫ,100.0,2016.0,26.0,ＲＣ,１種住居,未改装,2000.0
8111,鳴尾・武庫川女子大前,9.0,3.0,２ＬＤＫ,55.0,2016.0,44.0,ＳＲＣ,１種住居,未改装,800.0
8112,甲陽園,3.0,4.0,３ＬＤＫ,75.0,2012.0,35.0,ＳＲＣ,近隣商業,改装済み,1600.0
8113,鳴尾・武庫川女子大前,9.0,3.0,２ＬＤＫ,55.0,2016.0,42.0,ＳＲＣ,１中住専,改装済み,1300.0
8115,甲陽園,9.0,4.0,３ＬＤＫ,75.0,2012.0,16.0,ＲＣ,１中住専,改装済み,1700.0
8116,甲陽園,12.0,6.0,４ＬＤＫ＋Ｓ,110.0,2012.0,22.0,ＲＣ,１中住専,改装済み,2100.0
8117,武庫川,10.0,4.0,３ＬＤＫ,70.0,2016.0,12.0,ＲＣ,１種住居,未改装,2900.0
8118,西宮(阪神),11.0,5.0,４ＬＤＫ,80.0,2012.0,6.0,ＲＣ,近隣商業,未改装,3200.0
8119,甲子園口,11.0,4.0,３ＬＤＫ,70.0,2012.0,13.0,ＲＣ,２種住居,未改装,3300.0
8120,甲子園口,15.0,4.0,３ＬＤＫ,85.0,2012.0,8.0,ＲＣ,２中住専,改装済み,3400.0
8121,苦楽園口,10.0,3.0,２ＬＤＫ,85.0,2016.0,12.0,ＲＣ,１低住専,未改装,5300.0
8122,さくら夙川,7.0,4.0,３ＬＤＫ,80.0,2012.0,10.0,ＲＣ,１中住専,未改装,4200.0
8123,夙川,8.0,4.0,３ＬＤＫ,90.0,2012.0,10.0,ＲＣ,１中住専,未改装,5100.0
8124,武庫川,14.0,4.0,３ＬＤＫ,70.0,2012.0,8.0,ＲＣ,２中住専,未改装,2800.0
8125,さくら夙川,6.0,2.0,１Ｋ,20.0,2016.0,9.0,ＲＣ,近隣商業,未改装,1400.0
8126,さくら夙川,4.0,3.0,２ＬＤＫ,70.0,2016.0,11.0,ＲＣ,１種住居,未改装,3900.0
8127,生瀬,15.0,4.0,３ＬＤＫ,75.0,2016.0,24.0,ＲＣ,１中住専,未改装,500.0
8128,鳴尾・武庫川女子大前,6.0,2.0,１ＬＤＫ,55.0,2012.0,40.0,ＳＲＣ,１種住居,未改装,950.0
8129,武庫川,8.0,4.0,３ＬＤＫ,55.0,2012.0,22.0,ＲＣ,１種住居,改装済み,1500.0
8130,武庫川,11.0,3.0,２ＬＤＫ,65.0,2012.0,40.0,ＳＲＣ,１種住居,改装済み,830.0
8131,西宮名塩,8.0,4.0,３ＬＤＫ,70.0,2016.0,17.0,ＲＣ,１中住専,未改装,1200.0
8132,苦楽園口,9.0,4.0,３ＬＤＫ,70.0,2016.0,19.0,ＲＣ,１中住専,未改装,1800.0
8133,武庫川,8.0,4.0,３ＬＤＫ,65.0,2012.0,8.0,ＲＣ,１種住居,未改装,3000.0
8134,香櫨園,11.0,4.0,３ＬＤＫ,70.0,2016.0,9.0,ＲＣ,１中住専,未改装,3200.0
8135,香櫨園,11.0,4.0,３ＬＤＫ,70.0,2016.0,9.0,ＲＣ,１中住専,未改装,3300.0
8136,西宮(ＪＲ),9.0,3.0,２ＬＤＫ,55.0,2016.0,18.0,ＲＣ,近隣商業,未改装,2300.0
8137,苦楽園口,9.0,4.0,３ＬＤＫ,105.0,2012.0,8.0,ＲＣ,１低住専,未改装,6300.0
8138,苦楽園口,9.0,4.0,３ＬＤＫ,100.0,2012.0,8.0,ＲＣ,１低住専,改装済み,6600.0
8139,苦楽園口,9.0,3.0,２ＬＤＫ,100.0,2012.0,8.0,ＲＣ,１低住専,未改装,6100.0
8140,苦楽園口,11.0,4.0,３ＬＤＫ,85.0,2016.0,11.0,ＲＣ,１低住専,未改装,4100.0
8141,西宮(ＪＲ),8.0,4.0,３ＬＤＫ,70.0,2016.0,2.0,ＲＣ,準工業,未改装,4300.0
8142,西宮(ＪＲ),9.0,4.0,３ＬＤＫ,65.0,2016.0,2.0,ＲＣ,準工業,未改装,3800.0
8143,西宮北口,9.0,4.0,３ＬＤＫ,70.0,2016.0,2.0,ＲＣ,準工業,未改装,2800.0
8144,西宮北口,9.0,4.0,３ＬＤＫ,70.0,2016.0,2.0,ＲＣ,準工業,未改装,4100.0
8145,阪神国道,4.0,4.0,３ＬＤＫ,60.0,2016.0,3.0,ＲＣ,工業,未改装,3500.0
8146,西宮(阪神),6.0,2.0,１Ｋ,20.0,2012.0,5.0,ＲＣ,近隣商業,未改装,1700.0
8147,生瀬,14.0,4.0,３ＬＤＫ,80.0,2012.0,20.0,ＲＣ,１中住専,改装済み,850.0
8148,西宮名塩,8.0,4.0,３ＬＤＫ,80.0,2012.0,13.0,ＲＣ,１中住専,未改装,1.4
8149,甲陽園,23.0,4.0,３ＬＤＫ,105.0,2016.0,13.0,ＲＣ,１低住専,未改装,3500.0
8150,苦楽園口,10.0,4.0,３ＬＤＫ,65.0,2012.0,8.0,ＲＣ,１中住専,未改装,2400.0
8151,苦楽園口,9.0,4.0,３ＬＤＫ,65.0,2012.0,15.0,ＲＣ,１中住専,改装済み,3000.0
8152,西宮(ＪＲ),9.0,4.0,３ＬＤＫ,60.0,2016.0,19.0,ＲＣ,近隣商業,改装済み,2100.0
8153,甲陽園,11.0,4.0,３ＬＤＫ,65.0,2012.0,12.0,ＲＣ,１中住専,未改装,2200.0
8154,苦楽園口,18.0,4.0,３ＬＤＫ,85.0,2016.0,15.0,ＲＣ,１中住専,未改装,2700.0
8155,西宮北口,13.0,4.0,３ＬＤＫ,75.0,2016.0,13.0,ＲＣ,１中住専,未改装,5200.0
8156,甲陽園,23.0,4.0,３ＬＤＫ,70.0,2016.0,27.0,ＲＣ,１中住専,改装済み,2200.0
8159,西宮北口,28.0,5.0,４ＬＤＫ,90.0,2016.0,27.0,ＲＣ,１中住専,未改装,1300.0
8160,香櫨園,14.0,4.0,３ＬＤＫ,70.0,2012.0,5.0,ＲＣ,１中住専,未改装,3300.0
8161,香櫨園,10.0,4.0,３ＬＤＫ,75.0,2012.0,5.0,ＲＣ,１中住専,未改装,3400.0
8163,甲東園,5.0,4.0,３ＬＤＫ,65.0,2012.0,15.0,ＲＣ,１中住専,未改装,2900.0
8164,苦楽園口,11.0,3.0,２ＤＫ,80.0,2012.0,10.0,ＲＣ,１低住専,未改装,3300.0
8166,武庫川団地前,6.0,4.0,３ＬＤＫ,75.0,2016.0,12.0,ＲＣ,１中住専,改装済み,2800.0
8167,武庫川団地前,6.0,5.0,４ＬＤＫ,90.0,2016.0,27.0,ＳＲＣ,１中住専,未改装,2100.0
8168,武庫川団地前,10.0,3.0,２ＬＤＫ,65.0,2016.0,31.0,ＳＲＣ,１中住専,未改装,1000.0
8169,武庫川団地前,8.0,4.0,３ＬＤＫ,90.0,2016.0,21.0,ＲＣ,１中住専,未改装,2000.0
8170,武庫川団地前,11.0,5.0,４ＬＤＫ,65.0,2016.0,31.0,ＳＲＣ,１中住専,改装済み,1700.0
8171,武庫川団地前,5.0,4.0,３ＬＤＫ,80.0,2016.0,24.0,ＲＣ,１中住専,未改装,1700.0
8174,武庫川団地前,11.0,4.0,３ＬＤＫ,70.0,2016.0,26.0,ＳＲＣ,１中住専,未改装,1400.0
8175,夙川,13.0,3.0,２ＬＤＫ,60.0,2016.0,48.0,ＲＣ,１中住専,改装済み,1300.0
8176,夙川,11.0,2.0,１ＬＤＫ,60.0,2016.0,29.0,ＲＣ,１中住専,改装済み,1400.0
8177,西宮北口,11.0,4.0,３ＬＤＫ,60.0,2016.0,41.0,ＳＲＣ,準工業,未改装,1200.0
8178,西宮北口,16.0,3.0,２ＤＫ,65.0,2016.0,41.0,ＳＲＣ,準工業,未改装,1600.0
8179,甲陽園,12.0,4.0,３ＬＤＫ,75.0,2012.0,12.0,ＲＣ,１低住専,未改装,2800.0
8180,夙川,9.0,1.0,１Ｒ,15.0,2012.0,28.0,ＲＣ,１種住居,未改装,350.0
8181,西宮北口,4.0,3.0,２ＬＤＫ,80.0,2016.0,8.0,ＲＣ,商業,未改装,4300.0
8182,西宮北口,2.0,3.0,２ＬＤＫ,70.0,2016.0,8.0,ＲＣ,商業,未改装,5800.0
8183,西宮北口,3.0,2.0,１ＬＤＫ,60.0,2016.0,8.0,ＳＲＣ,商業,未改装,4000.0
8184,西宮北口,3.0,3.0,２ＬＤＫ,75.0,2016.0,8.0,ＲＣ,商業,改装済み,6300.0
8185,西宮北口,4.0,4.0,３ＬＤＫ,70.0,2016.0,8.0,ＲＣ,商業,未改装,5500.0
8187,甲陽園,18.0,3.0,２ＬＤＫ,100.0,2012.0,9.0,ＲＣ,１低住専,改装済み,4200.0
8188,西宮北口,10.0,3.0,２ＬＤＫ,55.0,2016.0,17.0,ＳＲＣ,１種住居,改装済み,2700.0
8189,西宮北口,10.0,3.0,２ＬＤＫ,55.0,2016.0,17.0,ＳＲＣ,１種住居,未改装,1800.0
8190,苦楽園口,18.0,4.0,３ＬＤＫ,70.0,2012.0,11.0,ＲＣ,１中住専,未改装,2200.0
8191,苦楽園口,16.0,4.0,３ＬＤＫ,70.0,2012.0,11.0,ＲＣ,１中住専,未改装,2200.0
8192,苦楽園口,18.0,4.0,３ＬＤＫ,75.0,2012.0,11.0,ＲＣ,１中住専,改装済み,2400.0
8193,苦楽園口,18.0,4.0,３ＬＤＫ,70.0,2012.0,11.0,ＲＣ,１中住専,未改装,2200.0
8194,苦楽園口,18.0,4.0,３ＬＤＫ,75.0,2012.0,11.0,ＲＣ,１中住専,未改装,2500.0
8196,香櫨園,11.0,4.0,３ＬＤＫ,65.0,2016.0,19.0,ＲＣ,１種住居,未改装,2000.0
8197,西宮北口,25.0,4.0,３ＬＤＫ,95.0,2012.0,35.0,ＳＲＣ,１中住専,改装済み,1000.0
8198,西宮(阪神),3.0,3.0,２ＬＤＫ,65.0,2016.0,10.0,ＲＣ,商業,未改装,3700.0
8199,西宮北口,12.0,4.0,３ＬＤＫ,65.0,2012.0,39.0,ＲＣ,１中住専,未改装,1300.0
8200,西宮北口,11.0,3.0,２ＬＤＫ,65.0,2012.0,36.0,ＲＣ,１中住専,改装済み,1300.0
8201,甲東園,8.0,3.0,２ＬＤＫ,60.0,2016.0,14.0,ＲＣ,１中住専,未改装,2500.0
8202,甲東園,7.0,4.0,３ＬＤＫ,95.0,2016.0,13.0,ＲＣ,１中住専,未改装,3900.0
8203,甲東園,8.0,4.0,３ＬＤＫ,65.0,2016.0,14.0,ＲＣ,１中住専,未改装,2400.0
8204,甲東園,9.0,4.0,３ＬＤＫ,65.0,2016.0,14.0,ＲＣ,１中住専,未改装,2700.0
8205,門戸厄神,28.0,4.0,３ＬＤＫ,75.0,2012.0,27.0,ＲＣ,１中住専,未改装,1100.0
8206,武庫川,5.0,4.0,３ＬＤＫ,80.0,2012.0,20.0,ＲＣ,１中住専,改装済み,1800.0
8207,武庫川団地前,6.0,4.0,３ＬＤＫ,75.0,2012.0,8.0,ＲＣ,１中住専,未改装,2200.0
8208,武庫川団地前,10.0,4.0,３ＬＤＫ,95.0,2012.0,27.0,ＳＲＣ,１中住専,改装済み,1900.0
8209,武庫川団地前,6.0,4.0,３ＬＤＫ,75.0,2012.0,21.0,ＲＣ,１中住専,未改装,1400.0
8210,武庫川団地前,5.0,4.0,３ＬＤＫ,80.0,2012.0,20.0,ＲＣ,１中住専,未改装,1500.0
8211,武庫川団地前,6.0,4.0,３ＬＤＫ,75.0,2012.0,21.0,ＲＣ,１中住専,改装済み,1500.0
8212,仁川,8.0,4.0,３ＬＤＫ,75.0,2016.0,6.0,ＲＣ,１中住専,未改装,4300.0
8213,仁川,8.0,5.0,４ＬＤＫ,85.0,2016.0,8.0,ＲＣ,２中住専,未改装,3600.0
8214,武庫川団地前,13.0,4.0,３ＬＤＫ,100.0,2012.0,27.0,ＳＲＣ,１中住専,未改装,1700.0
8215,武庫川団地前,9.0,4.0,３ＬＤＫ,95.0,2012.0,27.0,ＳＲＣ,１中住専,未改装,1200.0
8216,武庫川団地前,6.0,5.0,４ＬＤＫ,90.0,2012.0,21.0,ＲＣ,１中住専,未改装,2300.0
8217,仁川,11.0,4.0,３ＬＤＫ,65.0,2016.0,13.0,ＲＣ,１中住専,改装済み,3000.0
8218,武庫川団地前,10.0,4.0,３ＬＤＫ,95.0,2012.0,27.0,ＳＲＣ,１中住専,未改装,1500.0
8219,武庫川団地前,8.0,5.0,４ＬＤＫ,95.0,2012.0,29.0,ＳＲＣ,１中住専,改装済み,1900.0
8220,武庫川団地前,6.0,5.0,４ＬＤＫ,90.0,2012.0,23.0,ＳＲＣ,１中住専,改装済み,2100.0
8221,さくら夙川,5.0,4.0,３ＬＤＫ,80.0,2016.0,29.0,ＲＣ,１中住専,未改装,3200.0
8222,さくら夙川,3.0,3.0,２ＬＤＫ,75.0,2016.0,18.0,ＲＣ,１中住専,未改装,4200.0
8223,西宮北口,2.0,3.0,２ＬＤＫ,55.0,2012.0,12.0,ＳＲＣ,商業,未改装,3000.0
8224,今津(阪神),9.0,4.0,３ＬＤＫ,70.0,2016.0,2.0,ＲＣ,準工業,改装済み,2800.0
8225,阪神国道,6.0,4.0,３ＬＤＫ,70.0,2016.0,18.0,ＲＣ,準工業,改装済み,2500.0
8226,阪神国道,6.0,3.0,２ＬＤＫ,70.0,2016.0,18.0,ＲＣ,準工業,改装済み,2500.0
8227,西宮北口,9.0,5.0,４ＬＤＫ,80.0,2012.0,7.0,ＲＣ,１種住居,未改装,3500.0
8228,西宮北口,9.0,4.0,３ＬＤＫ,70.0,2012.0,7.0,ＲＣ,１種住居,未改装,3000.0
8229,仁川,20.0,4.0,３ＬＤＫ,70.0,2012.0,26.0,ＲＣ,１種住居,未改装,950.0
8230,西宮(ＪＲ),7.0,4.0,３ＬＤＫ,70.0,2016.0,3.0,ＲＣ,準工業,未改装,3400.0
8231,阪神国道,2.0,4.0,３ＬＤＫ,70.0,2016.0,8.0,ＲＣ,近隣商業,未改装,3200.0
8233,香櫨園,9.0,4.0,３ＬＤＫ,80.0,2012.0,14.0,ＲＣ,１種住居,未改装,2800.0
8234,香櫨園,10.0,4.0,３ＬＤＫ,80.0,2012.0,11.0,ＲＣ,準工業,未改装,3400.0
8235,西宮(阪神),1.0,3.0,２ＬＤＫ,55.0,2012.0,6.0,ＲＣ,商業,未改装,2600.0
8236,西宮(阪神),2.0,4.0,３ＬＤＫ,75.0,2012.0,9.0,ＳＲＣ,商業,未改装,3700.0
8237,西宮(阪神),2.0,5.0,４ＬＤＫ,125.0,2012.0,9.0,ＲＣ,商業,未改装,7100.0
8238,今津(阪神),2.0,4.0,３ＬＤＫ,65.0,2016.0,12.0,ＲＣ,商業,未改装,2600.0
8239,今津(阪神),3.0,4.0,３ＬＤＫ,65.0,2016.0,2.0,ＲＣ,近隣商業,未改装,2900.0
8240,今津(阪神),3.0,4.0,３ＬＤＫ,70.0,2016.0,11.0,ＲＣ,近隣商業,未改装,3000.0
8241,今津(阪神),2.0,4.0,３ＬＤＫ,65.0,2016.0,12.0,ＲＣ,商業,未改装,2700.0
8242,今津(阪神),2.0,4.0,３ＬＤＫ,55.0,2016.0,11.0,ＲＣ,近隣商業,改装済み,2700.0
8243,今津(阪神),2.0,3.0,２ＬＤＫ,50.0,2016.0,19.0,ＲＣ,近隣商業,改装済み,1700.0
8244,今津(阪神),1.0,4.0,３ＬＤＫ,65.0,2016.0,16.0,ＳＲＣ,商業,未改装,2400.0
8246,西宮(阪神),8.0,3.0,２ＬＤＫ,55.0,2016.0,27.0,ＳＲＣ,１種住居,未改装,500.0
8247,甲東園,12.0,4.0,３ＬＤＫ,65.0,2012.0,6.0,ＲＣ,１中住専,未改装,2700.0
8248,甲東園,18.0,4.0,３ＬＤＫ,75.0,2012.0,33.0,ＲＣ,１中住専,未改装,1300.0
8249,西宮(ＪＲ),8.0,4.0,３ＬＤＫ,70.0,2016.0,4.0,ＲＣ,１種住居,未改装,3500.0
8250,甲東園,8.0,4.0,３ＬＤＫ,60.0,2012.0,10.0,ＲＣ,１中住専,未改装,2500.0
8251,甲東園,7.0,5.0,４ＬＤＫ,90.0,2012.0,9.0,ＲＣ,１中住専,未改装,3900.0
8252,甲子園口,7.0,3.0,２ＬＤＫ,70.0,2016.0,7.0,ＲＣ,１中住専,未改装,3800.0
8253,西宮(阪神),8.0,4.0,３ＬＤＫ,80.0,2016.0,23.0,ＲＣ,近隣商業,未改装,3000.0
8254,甲子園口,8.0,3.0,２ＤＫ,45.0,2016.0,44.0,ＲＣ,１中住専,改装済み,1300.0
8255,仁川,11.0,4.0,３ＬＤＫ,70.0,2012.0,9.0,ＲＣ,１中住専,未改装,2900.0
8256,仁川,9.0,4.0,３ＬＤＫ,70.0,2012.0,6.0,ＲＣ,１中住専,未改装,3100.0
8257,仁川,15.0,4.0,３ＬＤＫ,70.0,2012.0,9.0,ＲＣ,１中住専,未改装,2400.0
8258,西宮(阪神),3.0,4.0,３ＬＤＫ,65.0,2016.0,10.0,ＲＣ,商業,未改装,3400.0
8259,香櫨園,5.0,5.0,４ＬＤＫ,85.0,2016.0,14.0,ＲＣ,１中住専,未改装,3600.0
8261,西宮(ＪＲ),10.0,4.0,３ＬＤＫ,65.0,2016.0,12.0,ＲＣ,１種住居,未改装,3000.0
8262,西宮(ＪＲ),4.0,4.0,３ＬＤＫ,60.0,2012.0,17.0,ＲＣ,２種住居,未改装,2100.0
8263,西宮(ＪＲ),7.0,3.0,２ＬＤＫ,75.0,2012.0,13.0,ＲＣ,近隣商業,改装済み,3000.0
8264,西宮(ＪＲ),4.0,3.0,２ＬＤＫ,60.0,2012.0,5.0,ＲＣ,２種住居,未改装,2500.0
8265,西宮(ＪＲ),7.0,4.0,３ＬＤＫ,80.0,2012.0,13.0,ＲＣ,近隣商業,未改装,3000.0
8266,今津(阪神),1.0,3.0,２ＬＤＫ,60.0,2012.0,8.0,ＲＣ,商業,未改装,2300.0
8267,今津(阪神),2.0,4.0,３ＬＤＫ,55.0,2012.0,8.0,ＲＣ,商業,改装済み,2100.0
8268,今津(阪神),2.0,4.0,３ＬＤＫ,65.0,2012.0,8.0,ＲＣ,商業,未改装,2600.0
8269,今津(阪神),15.0,2.0,１ＤＫ,25.0,2012.0,23.0,ＲＣ,商業,未改装,360.0
8270,今津(阪神),3.0,2.0,１ＤＫ,25.0,2012.0,23.0,ＲＣ,商業,未改装,410.0
8271,今津(阪神),3.0,2.0,１ＤＫ,25.0,2012.0,23.0,ＲＣ,商業,未改装,110.0
8272,今津(阪神),8.0,4.0,３ＬＤＫ,55.0,2012.0,16.0,ＳＲＣ,１種住居,改装済み,2100.0
8273,今津(阪神),7.0,4.0,３ＬＤＫ,60.0,2012.0,16.0,ＲＣ,１種住居,未改装,2000.0
8274,今津(阪神),7.0,4.0,３ＬＤＫ,60.0,2012.0,16.0,ＲＣ,１種住居,未改装,1900.0
8275,西宮名塩,25.0,4.0,３ＬＤＫ,70.0,2016.0,21.0,ＲＣ,１低住専,未改装,540.0
8277,西宮名塩,6.0,5.0,４ＬＤＫ,95.0,2016.0,10.0,ＲＣ,１中住専,改装済み,2400.0
8278,甲子園口,8.0,4.0,３ＬＤＫ,70.0,2012.0,11.0,ＲＣ,１中住専,未改装,2800.0
8279,甲子園口,8.0,5.0,４ＬＤＫ,95.0,2012.0,25.0,ＲＣ,１中住専,未改装,2900.0
8281,甲子園口,8.0,4.0,３ＬＤＫ,65.0,2012.0,40.0,ＲＣ,１中住専,未改装,950.0
8282,甲子園口,9.0,5.0,４ＬＤＫ,90.0,2012.0,4.0,ＲＣ,１中住専,未改装,4000.0
8283,甲子園口,9.0,4.0,３ＬＤＫ,105.0,2012.0,24.0,ＲＣ,１中住専,未改装,2500.0
8285,西宮(阪神),3.0,4.0,３ＬＤＫ,65.0,2012.0,6.0,ＲＣ,商業,未改装,2700.0
8286,夙川,9.0,2.0,１ＤＫ,35.0,2012.0,15.0,ＲＣ,１低住専,未改装,920.0
8287,甲子園口,12.0,3.0,２ＤＫ,35.0,2012.0,24.0,ＲＣ,１種住居,未改装,500.0
8288,西宮(ＪＲ),9.0,4.0,３ＬＤＫ,70.0,2012.0,14.0,ＲＣ,１種住居,未改装,1700.0
8289,生瀬,13.0,4.0,３ＬＤＫ,90.0,2016.0,12.0,ＲＣ,１種住居,未改装,2900.0
8290,香櫨園,5.0,5.0,３ＬＤＫ＋Ｓ,85.0,2012.0,10.0,ＲＣ,１中住専,未改装,3600.0
8291,甲子園口,12.0,4.0,３ＬＤＫ,65.0,2012.0,14.0,ＳＲＣ,近隣商業,改装済み,2400.0
8292,西宮(ＪＲ),11.0,4.0,３ＬＤＫ,65.0,2012.0,12.0,ＲＣ,近隣商業,改装済み,2500.0
8293,西宮(ＪＲ),13.0,2.0,１Ｋ,15.0,2012.0,26.0,ＲＣ,近隣商業,改装済み,380.0
8294,西宮(ＪＲ),11.0,4.0,３ＬＤＫ,65.0,2012.0,12.0,ＲＣ,近隣商業,未改装,1900.0
8295,西宮(ＪＲ),13.0,2.0,１Ｋ,15.0,2012.0,26.0,ＲＣ,近隣商業,未改装,280.0
8296,西宮北口,19.0,4.0,３ＬＤＫ,65.0,2012.0,15.0,ＲＣ,１種住居,未改装,2300.0
8297,西宮北口,19.0,3.0,２ＬＤＫ,70.0,2012.0,15.0,ＲＣ,１種住居,未改装,2100.0
8298,西宮名塩,6.0,4.0,３ＬＤＫ,65.0,2012.0,16.0,ＲＣ,２中住専,未改装,820.0
8299,鳴尾・武庫川女子大前,6.0,4.0,３ＬＤＫ,80.0,2016.0,19.0,ＲＣ,２種住居,未改装,3000.0
8300,鳴尾・武庫川女子大前,4.0,4.0,３ＬＤＫ,70.0,2016.0,12.0,ＲＣ,近隣商業,未改装,2900.0
8301,鳴尾・武庫川女子大前,6.0,3.0,２ＤＫ,45.0,2016.0,45.0,鉄骨造,１種住居,未改装,1100.0
8302,夙川,8.0,4.0,３ＬＤＫ,75.0,2016.0,12.0,ＲＣ,１中住専,未改装,2600.0
8303,仁川,9.0,4.0,３ＬＤＫ,70.0,2016.0,15.0,ＲＣ,１低住専,未改装,3100.0
8304,仁川,3.0,4.0,３ＬＤＫ,80.0,2016.0,7.0,ＲＣ,２低住専,未改装,4200.0
8305,仁川,6.0,4.0,３ＬＤＫ,75.0,2016.0,8.0,ＲＣ,２低住専,未改装,4000.0
8306,西宮名塩,30.0,4.0,３ＬＤＫ,65.0,2012.0,17.0,ＲＣ,１低住専,未改装,580.0
8307,西宮名塩,29.0,4.0,３ＬＤＫ,65.0,2012.0,17.0,ＲＣ,１低住専,改装済み,490.0
8308,仁川,2.0,4.0,３ＬＤＫ,70.0,2016.0,14.0,ＲＣ,１中住専,未改装,2700.0
8309,仁川,4.0,4.0,３ＬＤＫ,80.0,2016.0,7.0,ＲＣ,２低住専,未改装,4200.0
8310,西宮(阪神),30.0,4.0,３ＬＤＫ,80.0,2016.0,18.0,ＳＲＣ,１中住専,改装済み,2300.0
8311,西宮(阪神),30.0,4.0,３ＬＤＫ,70.0,2016.0,18.0,ＳＲＣ,１中住専,未改装,1300.0
8312,西宮(阪神),30.0,4.0,３ＬＤＫ,70.0,2016.0,18.0,ＳＲＣ,１中住専,未改装,1400.0
8313,西宮(阪神),30.0,4.0,３ＬＤＫ,65.0,2016.0,17.0,ＲＣ,近隣商業,改装済み,2200.0
8314,西宮(阪神),30.0,4.0,３ＬＤＫ,65.0,2016.0,17.0,ＳＲＣ,近隣商業,未改装,1800.0
8315,西宮(阪神),30.0,3.0,２ＬＤＫ,120.0,2016.0,12.0,ＳＲＣ,１中住専,未改装,3100.0
8316,西宮(阪神),30.0,4.0,３ＬＤＫ,70.0,2016.0,18.0,ＲＣ,１中住専,未改装,1200.0
8317,西宮(阪神),30.0,4.0,３ＬＤＫ,70.0,2016.0,18.0,ＳＲＣ,１中住専,未改装,1300.0
8318,西宮(阪神),30.0,4.0,３ＬＤＫ,70.0,2016.0,18.0,ＳＲＣ,１中住専,改装済み,1700.0
8319,西宮(阪神),30.0,5.0,４ＬＤＫ,85.0,2016.0,18.0,ＲＣ,１中住専,改装済み,1800.0
8320,西宮(阪神),30.0,5.0,４ＬＤＫ,85.0,2016.0,18.0,ＲＣ,１中住専,改装済み,2100.0
8321,西宮(阪神),30.0,5.0,４ＬＤＫ,105.0,2016.0,18.0,ＳＲＣ,１中住専,改装済み,2400.0
8323,苦楽園口,15.0,4.0,３ＬＤＫ,100.0,2016.0,9.0,ＲＣ,１中住専,未改装,4800.0
8324,宝塚,15.0,4.0,３ＬＤＫ,70.0,2012.0,15.0,ＳＲＣ,２中住専,改装済み,1500.0
8325,宝塚,18.0,4.0,３ＬＤＫ,75.0,2012.0,13.0,ＳＲＣ,２中住専,改装済み,1600.0
8326,宝塚,15.0,4.0,３ＬＤＫ,75.0,2012.0,15.0,ＳＲＣ,２中住専,改装済み,1600.0
8327,生瀬,9.0,5.0,４ＬＤＫ,85.0,2012.0,15.0,ＳＲＣ,２中住専,未改装,1700.0
8328,生瀬,12.0,4.0,３ＬＤＫ,75.0,2012.0,15.0,ＲＣ,２中住専,改装済み,1600.0
8330,門戸厄神,4.0,4.0,３ＬＤＫ,70.0,2016.0,21.0,ＲＣ,１中住専,改装済み,4400.0
8331,門戸厄神,4.0,3.0,２ＬＤＫ,70.0,2016.0,21.0,ＲＣ,１中住専,改装済み,4800.0
8332,門戸厄神,5.0,3.0,２ＬＤＫ,75.0,2016.0,21.0,ＲＣ,１中住専,改装済み,5000.0
8333,門戸厄神,5.0,4.0,３ＬＤＫ,75.0,2016.0,21.0,ＲＣ,１中住専,改装済み,4300.0
8334,門戸厄神,4.0,4.0,３ＬＤＫ,75.0,2016.0,21.0,ＲＣ,１中住専,改装済み,5000.0
8335,門戸厄神,4.0,4.0,３ＬＤＫ,70.0,2016.0,21.0,ＲＣ,１中住専,改装済み,4100.0
8336,門戸厄神,5.0,4.0,３ＬＤＫ,75.0,2016.0,30.0,ＲＣ,１中住専,未改装,2500.0
8337,門戸厄神,6.0,4.0,３ＬＤＫ,70.0,2016.0,14.0,ＲＣ,１中住専,改装済み,4100.0
8338,門戸厄神,6.0,3.0,２ＬＤＫ,80.0,2016.0,6.0,ＲＣ,１中住専,未改装,4600.0
8339,鳴尾・武庫川女子大前,6.0,3.0,２ＬＤＫ,45.0,2012.0,41.0,鉄骨造,１種住居,改装済み,980.0
8340,鳴尾・武庫川女子大前,6.0,4.0,３ＬＤＫ,40.0,2012.0,41.0,鉄骨造,１種住居,未改装,790.0
8341,鳴尾・武庫川女子大前,7.0,4.0,３ＬＤＫ,60.0,2012.0,14.0,ＲＣ,２種住居,未改装,1900.0
8342,西宮(ＪＲ),6.0,4.0,３ＬＤＫ,70.0,2016.0,15.0,ＲＣ,１種住居,未改装,2600.0
8343,甲子園,11.0,4.0,３ＬＤＫ,65.0,2016.0,15.0,ＲＣ,１中住専,未改装,3300.0
8344,甲子園,10.0,4.0,２ＬＤＫ＋Ｓ,70.0,2016.0,20.0,ＲＣ,１中住専,改装済み,2900.0
8345,西宮(阪神),3.0,3.0,２ＬＤＫ,55.0,2016.0,17.0,ＲＣ,商業,未改装,2400.0
8346,西宮(阪神),3.0,3.0,２ＬＤＫ,50.0,2016.0,10.0,ＲＣ,商業,未改装,2400.0
8347,西宮(阪神),3.0,3.0,２ＬＤＫ,60.0,2016.0,10.0,ＲＣ,商業,未改装,2800.0
8348,仁川,11.0,5.0,４ＬＤＫ,70.0,2012.0,24.0,ＲＣ,１低住専,未改装,1600.0
8349,甲子園,15.0,5.0,４ＬＤＫ,105.0,2016.0,14.0,ＳＲＣ,１種住居,未改装,3700.0
8350,仁川,9.0,4.0,３ＤＫ,55.0,2012.0,14.0,ＲＣ,１種住居,改装済み,1900.0
8351,仁川,10.0,4.0,３ＬＤＫ,80.0,2012.0,11.0,ＲＣ,１低住専,未改装,3300.0
8352,今津(阪神),11.0,4.0,３ＬＤＫ,75.0,2016.0,5.0,ＲＣ,準工業,未改装,3500.0
8353,今津(阪神),12.0,4.0,３ＬＤＫ,70.0,2016.0,5.0,ＲＣ,準工業,未改装,3100.0
8354,仁川,16.0,4.0,３ＬＤＫ,75.0,2012.0,11.0,ＲＣ,１低住専,未改装,3000.0
8355,西宮(阪神),6.0,4.0,３ＬＤＫ,65.0,2016.0,16.0,ＳＲＣ,近隣商業,改装済み,2900.0
8356,洲先,4.0,3.0,２ＬＤＫ,65.0,2016.0,17.0,ＲＣ,１種住居,未改装,2200.0
8357,東鳴尾,3.0,4.0,３ＬＤＫ,70.0,2016.0,34.0,ＲＣ,１種住居,未改装,1400.0
8358,東鳴尾,5.0,5.0,４ＤＫ,70.0,2016.0,34.0,ＲＣ,１種住居,未改装,1000.0
8359,西宮(阪神),30.0,4.0,３ＬＤＫ,70.0,2012.0,13.0,ＳＲＣ,１中住専,改装済み,1600.0
8360,西宮(阪神),30.0,4.0,３ＬＤＫ,65.0,2012.0,14.0,ＳＲＣ,１中住専,未改装,1500.0
8361,西宮(阪神),30.0,4.0,３ＬＤＫ,65.0,2012.0,14.0,ＳＲＣ,１中住専,未改装,1700.0
8362,西宮(阪神),30.0,4.0,３ＬＤＫ,80.0,2012.0,13.0,ＳＲＣ,近隣商業,未改装,2200.0
8363,西宮(阪神),30.0,4.0,３ＬＤＫ,70.0,2012.0,14.0,ＳＲＣ,１中住専,未改装,1600.0
8364,西宮(阪神),30.0,4.0,３ＬＤＫ,75.0,2012.0,14.0,ＳＲＣ,１中住専,未改装,1700.0
8365,西宮(阪神),15.0,4.0,３ＬＤＫ,70.0,2016.0,12.0,ＲＣ,準工業,未改装,2600.0
8366,西宮(阪神),23.0,4.0,３ＬＤＫ,75.0,2016.0,10.0,ＲＣ,準工業,未改装,2500.0
8367,西宮北口,14.0,4.0,３ＬＤＫ,90.0,2012.0,2.0,ＲＣ,２中住専,未改装,3700.0
8368,門戸厄神,5.0,4.0,３ＬＤＫ,95.0,2012.0,26.0,ＲＣ,１中住専,未改装,1800.0
8369,門戸厄神,6.0,4.0,３ＬＤＫ,70.0,2012.0,10.0,ＲＣ,１中住専,未改装,3200.0
8370,西宮名塩,7.0,4.0,３ＬＤＫ,85.0,2016.0,23.0,ＲＣ,１中住専,改装済み,1100.0
8371,西宮名塩,6.0,4.0,３ＬＤＫ,90.0,2016.0,13.0,ＲＣ,１中住専,未改装,2400.0
8372,西宮名塩,8.0,4.0,３ＬＤＫ,80.0,2016.0,13.0,ＲＣ,１中住専,未改装,2000.0
8373,西宮名塩,15.0,4.0,３ＬＤＫ,75.0,2016.0,19.0,ＲＣ,１中住専,未改装,1300.0
8374,西宮名塩,6.0,5.0,４ＬＤＫ,80.0,2016.0,13.0,ＲＣ,１中住専,未改装,1500.0
8375,西宮(阪神),8.0,4.0,３ＬＤＫ,75.0,2012.0,3.0,ＲＣ,近隣商業,未改装,3400.0
8376,甲子園,12.0,4.0,３ＬＤＫ,70.0,2012.0,11.0,ＲＣ,１中住専,未改装,3300.0
8377,西宮(阪神),3.0,3.0,２ＬＤＫ,50.0,2012.0,6.0,ＲＣ,商業,未改装,2100.0
8378,西宮(阪神),3.0,4.0,３ＬＤＫ,65.0,2012.0,7.0,ＲＣ,商業,未改装,2400.0
8380,西宮(阪神),5.0,4.0,３ＬＤＫ,65.0,2012.0,8.0,ＳＲＣ,商業,改装済み,2800.0
8381,苦楽園口,12.0,4.0,３ＬＤＫ,70.0,2016.0,16.0,ＲＣ,１中住専,改装済み,3400.0
8382,西宮(阪神),4.0,4.0,３ＬＤＫ,65.0,2012.0,11.0,ＳＲＣ,商業,未改装,2800.0
8383,苦楽園口,13.0,4.0,３ＬＤＫ,70.0,2016.0,16.0,ＲＣ,１中住専,未改装,3400.0
8384,西宮(阪神),5.0,4.0,３ＬＤＫ,70.0,2012.0,8.0,ＳＲＣ,商業,未改装,3100.0
8385,西宮(阪神),4.0,4.0,３ＬＤＫ,65.0,2012.0,11.0,ＲＣ,商業,未改装,3200.0
8386,苦楽園口,9.0,4.0,３ＬＤＫ,65.0,2016.0,42.0,ＲＣ,１種住居,未改装,1500.0
8387,西宮(阪神),3.0,2.0,１ＬＤＫ,60.0,2012.0,7.0,ＲＣ,商業,改装済み,2200.0
8388,苦楽園口,12.0,4.0,３ＬＤＫ,65.0,2016.0,16.0,ＲＣ,１中住専,改装済み,3400.0
8389,苦楽園口,15.0,5.0,４ＬＤＫ,85.0,2016.0,34.0,ＲＣ,１中住専,改装済み,2400.0
8390,苦楽園口,12.0,5.0,３ＬＤＫ＋Ｓ,85.0,2016.0,16.0,ＲＣ,１中住専,未改装,4200.0
8391,門戸厄神,16.0,4.0,３ＬＤＫ,75.0,2016.0,21.0,ＲＣ,１中住専,改装済み,2100.0
8392,甲子園,19.0,4.0,３ＬＤＫ,85.0,2012.0,10.0,ＳＲＣ,１種住居,改装済み,2800.0
8393,甲子園,16.0,2.0,１ＬＤＫ,95.0,2012.0,10.0,ＳＲＣ,１種住居,未改装,3100.0
8394,甲子園,16.0,4.0,３ＬＤＫ,95.0,2012.0,10.0,ＳＲＣ,１種住居,未改装,3700.0
8395,西宮北口,20.0,4.0,３ＬＤＫ,70.0,2016.0,17.0,ＲＣ,１中住専,未改装,2300.0
8397,西宮北口,9.0,4.0,３ＬＤＫ,60.0,2016.0,6.0,ＲＣ,工業,未改装,2800.0
8398,西宮北口,9.0,4.0,３ＬＤＫ,60.0,2016.0,6.0,ＲＣ,工業,未改装,3600.0
8399,西宮北口,9.0,5.0,４ＬＤＫ,70.0,2016.0,6.0,ＲＣ,２種住居,未改装,3700.0
8400,阪神国道,5.0,5.0,４ＬＤＫ,85.0,2016.0,6.0,ＲＣ,工業,未改装,4200.0
8401,西宮北口,15.0,4.0,３ＬＤＫ,75.0,2016.0,13.0,ＲＣ,１中住専,未改装,4300.0
8402,西宮北口,12.0,4.0,３ＬＤＫ,70.0,2016.0,10.0,ＲＣ,１中住専,未改装,4300.0
8403,東鳴尾,5.0,4.0,３ＬＤＫ,80.0,2012.0,30.0,ＲＣ,１種住居,改装済み,1600.0
8404,甲子園口,6.0,3.0,２ＬＤＫ,100.0,2016.0,48.0,ＲＣ,１中住専,未改装,2500.0
8406,今津(阪神),18.0,4.0,３ＬＤＫ,80.0,2012.0,25.0,ＲＣ,準工業,未改装,1600.0
8407,西宮(阪神),9.0,4.0,３ＬＤＫ,65.0,2016.0,16.0,ＲＣ,近隣商業,未改装,2700.0
8408,西宮(阪神),19.0,4.0,３ＬＤＫ,60.0,2012.0,16.0,ＲＣ,準工業,未改装,1700.0
8410,苦楽園口,9.0,3.0,２ＬＤＫ,40.0,2016.0,31.0,鉄骨造,１低住専,未改装,600.0
8411,西宮(阪神),19.0,4.0,３ＬＤＫ,65.0,2012.0,15.0,ＳＲＣ,準工業,未改装,1800.0
8412,西宮(阪神),19.0,4.0,３ＬＤＫ,60.0,2012.0,16.0,ＲＣ,準工業,改装済み,1700.0
8413,西宮(阪神),5.0,3.0,２ＬＤＫ,50.0,2016.0,20.0,ＲＣ,近隣商業,改装済み,2500.0
8414,香櫨園,12.0,4.0,３ＬＤＫ,70.0,2016.0,15.0,ＲＣ,１種住居,未改装,2500.0
8415,西宮(阪神),18.0,4.0,３ＬＤＫ,70.0,2016.0,3.0,ＲＣ,準工業,未改装,3100.0
8416,西宮名塩,6.0,4.0,３ＬＤＫ,85.0,2012.0,18.0,ＲＣ,１中住専,改装済み,1400.0
8417,西宮名塩,9.0,4.0,３ＬＤＫ,80.0,2012.0,16.0,ＲＣ,１中住専,改装済み,1700.0
8418,苦楽園口,7.0,3.0,２ＬＤＫ,65.0,2016.0,14.0,ＲＣ,１中住専,未改装,2600.0
8419,苦楽園口,7.0,4.0,３ＬＤＫ,55.0,2016.0,13.0,ＲＣ,１中住専,未改装,2500.0
8420,西宮名塩,4.0,4.0,３ＬＤＫ,80.0,2012.0,16.0,ＲＣ,１中住専,未改装,1200.0
8421,西宮名塩,9.0,4.0,３ＬＤＫ,80.0,2012.0,16.0,ＲＣ,１中住専,未改装,1400.0
8422,西宮名塩,13.0,4.0,３ＬＤＫ,75.0,2012.0,9.0,ＲＣ,１中住専,未改装,1900.0
8423,西宮名塩,13.0,5.0,４ＬＤＫ,95.0,2012.0,18.0,ＲＣ,１中住専,未改装,1900.0
8424,香櫨園,4.0,4.0,３ＬＤＫ,110.0,2016.0,27.0,ＲＣ,１中住専,未改装,3900.0
8426,夙川,7.0,4.0,３ＬＤＫ,70.0,2016.0,4.0,ＲＣ,１中住専,未改装,5000.0
8427,甲子園口,6.0,4.0,３ＬＤＫ,75.0,2016.0,12.0,ＲＣ,１中住専,未改装,4400.0
8428,甲子園口,6.0,4.0,３ＬＤＫ,105.0,2016.0,23.0,ＲＣ,１中住専,未改装,4500.0
8429,甲子園口,7.0,4.0,３ＬＤＫ,75.0,2016.0,9.0,ＲＣ,１中住専,未改装,4900.0
8430,甲子園口,8.0,4.0,３ＬＤＫ,60.0,2016.0,21.0,ＲＣ,１中住専,未改装,2500.0
8431,甲子園口,7.0,4.0,３ＬＤＫ,70.0,2016.0,12.0,ＲＣ,１中住専,未改装,4400.0
8432,苦楽園口,13.0,4.0,３ＬＤＫ,65.0,2012.0,40.0,ＲＣ,１中住専,改装済み,1300.0
8433,苦楽園口,13.0,5.0,４ＬＤＫ,90.0,2012.0,14.0,ＲＣ,１中住専,未改装,4000.0
8434,西宮(ＪＲ),4.0,4.0,３ＬＤＫ,65.0,2016.0,5.0,ＲＣ,近隣商業,未改装,3700.0
8435,苦楽園口,14.0,5.0,４ＬＤＫ,95.0,2012.0,15.0,ＲＣ,１中住専,未改装,4200.0
8436,西宮(ＪＲ),4.0,4.0,３ＬＤＫ,65.0,2016.0,18.0,ＲＣ,近隣商業,未改装,3000.0
8437,西宮(ＪＲ),4.0,5.0,４ＬＤＫ,85.0,2016.0,21.0,ＲＣ,近隣商業,未改装,3200.0
8438,西宮(ＪＲ),5.0,5.0,４ＬＤＫ,85.0,2016.0,21.0,ＲＣ,近隣商業,未改装,3000.0
8439,苦楽園口,14.0,4.0,３ＬＤＫ,75.0,2012.0,5.0,ＲＣ,１中住専,未改装,4200.0
8440,西宮(ＪＲ),5.0,4.0,３ＬＤＫ,65.0,2016.0,18.0,ＲＣ,近隣商業,改装済み,3000.0
8441,苦楽園口,18.0,5.0,４ＬＤＫ,85.0,2012.0,30.0,ＲＣ,１中住専,未改装,2000.0
8442,苦楽園口,11.0,4.0,３ＬＤＫ,70.0,2012.0,12.0,ＲＣ,１中住専,未改装,2900.0
8444,苦楽園口,13.0,4.0,３ＬＤＫ,80.0,2012.0,14.0,ＲＣ,１中住専,改装済み,3000.0
8445,西宮北口,19.0,4.0,３ＬＤＫ,70.0,2016.0,13.0,ＲＣ,１中住専,未改装,3500.0
8446,門戸厄神,16.0,4.0,３ＬＤＫ,65.0,2012.0,18.0,ＲＣ,１中住専,改装済み,2200.0
8447,門戸厄神,18.0,4.0,３ＬＤＫ,75.0,2012.0,17.0,ＲＣ,１中住専,未改装,2500.0
8448,西宮北口,7.0,4.0,３ＬＤＫ,65.0,2016.0,20.0,ＲＣ,１中住専,未改装,3100.0
8449,門戸厄神,5.0,4.0,３ＬＤＫ,70.0,2016.0,17.0,ＲＣ,２中住専,改装済み,2900.0
8450,門戸厄神,5.0,4.0,３ＬＤＫ,70.0,2016.0,17.0,ＲＣ,２中住専,未改装,2400.0
8451,西宮北口,19.0,2.0,１Ｋ,15.0,2012.0,26.0,ＲＣ,１中住専,未改装,50.0
8452,西宮北口,19.0,2.0,１Ｋ,15.0,2012.0,26.0,ＲＣ,１中住専,未改装,50.0
8453,西宮北口,19.0,5.0,４ＬＤＫ,95.0,2012.0,12.0,ＲＣ,１中住専,未改装,2700.0
8454,西宮北口,16.0,4.0,３ＬＤＫ,70.0,2012.0,9.0,ＲＣ,２中住専,未改装,2200.0
8455,西宮北口,15.0,2.0,１Ｋ,15.0,2012.0,26.0,ＲＣ,２中住専,未改装,250.0
8456,西宮北口,9.0,4.0,２ＬＤＫ＋Ｓ,65.0,2012.0,2.0,ＲＣ,工業,未改装,3100.0
8457,西宮北口,6.0,1.0,１Ｒ,15.0,2012.0,25.0,ＲＣ,２種住居,未改装,380.0
8458,西宮北口,12.0,4.0,３ＬＤＫ,70.0,2012.0,6.0,ＲＣ,１中住専,未改装,4000.0
8459,門戸厄神,5.0,4.0,３ＬＤＫ,65.0,2012.0,6.0,ＲＣ,１中住専,未改装,3400.0
8460,門戸厄神,8.0,4.0,３ＬＤＫ,75.0,2012.0,9.0,ＲＣ,１中住専,未改装,3800.0
8461,門戸厄神,4.0,3.0,２ＬＤＫ,65.0,2012.0,6.0,ＲＣ,１中住専,未改装,3200.0
8462,門戸厄神,5.0,4.0,３ＬＤＫ,80.0,2012.0,6.0,ＲＣ,１中住専,未改装,3700.0
8463,甲子園,11.0,4.0,３ＬＤＫ,75.0,2016.0,14.0,ＲＣ,２中住専,未改装,3300.0
8464,甲子園,13.0,4.0,３ＬＤＫ,75.0,2016.0,11.0,ＲＣ,２種住居,未改装,3600.0
8465,甲子園,11.0,5.0,４ＬＤＫ,105.0,2016.0,11.0,ＲＣ,２種住居,未改装,4500.0
8466,甲子園,13.0,4.0,３ＬＤＫ,75.0,2016.0,11.0,ＲＣ,２種住居,未改装,3500.0
8467,甲子園口,6.0,4.0,３ＬＤＫ,100.0,2012.0,44.0,ＲＣ,１中住専,改装済み,2500.0
8468,甲子園口,6.0,3.0,２ＬＤＫ,100.0,2012.0,44.0,ＲＣ,１中住専,未改装,2100.0
8469,甲子園口,5.0,4.0,３ＬＤＫ,75.0,2012.0,11.0,ＲＣ,１中住専,未改装,3700.0
8470,甲子園口,6.0,5.0,４ＬＤＫ,90.0,2012.0,9.0,ＲＣ,１中住専,未改装,4200.0
8471,夙川,13.0,4.0,３ＬＤＫ,75.0,2012.0,12.0,ＳＲＣ,近隣商業,改装済み,2800.0
8472,夙川,13.0,4.0,３ＬＤＫ,70.0,2012.0,12.0,ＳＲＣ,近隣商業,未改装,2900.0
8473,西宮(阪神),9.0,4.0,３ＬＤＫ,70.0,2012.0,12.0,ＳＲＣ,近隣商業,未改装,2600.0
8475,西宮北口,6.0,4.0,３ＬＤＫ,65.0,2016.0,18.0,ＳＲＣ,１中住専,未改装,3500.0
8476,香櫨園,3.0,4.0,３ＬＤＫ,70.0,2016.0,19.0,ＲＣ,１種住居,未改装,3900.0
8477,苦楽園口,9.0,3.0,２ＤＫ,45.0,2012.0,42.0,鉄骨造,１低住専,改装済み,730.0
8478,苦楽園口,9.0,4.0,３ＤＫ,45.0,2012.0,42.0,鉄骨造,１低住専,未改装,600.0
8479,香櫨園,12.0,4.0,３ＬＤＫ,105.0,2012.0,44.0,ＲＣ,１中住専,改装済み,1400.0
8480,門戸厄神,9.0,4.0,３ＬＤＫ,70.0,2016.0,2.0,ＲＣ,１中住専,未改装,3900.0
8481,門戸厄神,11.0,4.0,３ＬＤＫ,75.0,2016.0,21.0,ＲＣ,１中住専,未改装,2600.0
8482,夙川,4.0,4.0,３ＬＤＫ,80.0,2012.0,15.0,ＲＣ,１中住専,未改装,3200.0
8483,甲東園,12.0,4.0,３ＬＤＫ,70.0,2016.0,17.0,ＲＣ,１中住専,未改装,2500.0
8484,門戸厄神,15.0,4.0,３ＬＤＫ,65.0,2016.0,17.0,ＲＣ,１中住専,改装済み,2200.0
8485,香櫨園,4.0,5.0,４ＬＤＫ,105.0,2012.0,23.0,ＲＣ,１中住専,未改装,3400.0
8486,さくら夙川,7.0,4.0,３ＬＤＫ,110.0,2012.0,23.0,ＲＣ,１中住専,未改装,4500.0
8487,さくら夙川,7.0,5.0,４ＬＤＫ,105.0,2012.0,23.0,ＲＣ,１中住専,未改装,3600.0
8488,夙川,9.0,5.0,４ＬＤＫ,85.0,2012.0,15.0,ＲＣ,１中住専,未改装,2800.0
8489,門戸厄神,10.0,4.0,３ＬＤＫ,90.0,2016.0,10.0,ＲＣ,１中住専,未改装,4800.0
8490,門戸厄神,9.0,3.0,２ＤＫ,60.0,2016.0,12.0,ＲＣ,１中住専,未改装,3100.0
8491,甲子園口,7.0,5.0,４ＬＤＫ,90.0,2012.0,24.0,ＲＣ,１中住専,未改装,2800.0
8492,甲子園口,8.0,4.0,３ＬＤＫ,80.0,2012.0,24.0,ＲＣ,１中住専,未改装,2400.0
8493,甲子園口,7.0,4.0,３ＬＤＫ,75.0,2012.0,8.0,ＲＣ,１中住専,未改装,3800.0
8494,西宮(ＪＲ),4.0,4.0,３ＬＤＫ,70.0,2012.0,14.0,ＲＣ,近隣商業,改装済み,3000.0
8495,甲子園口,13.0,4.0,３ＬＤＫ,70.0,2012.0,9.0,ＲＣ,１中住専,未改装,3000.0
8496,西宮北口,8.0,3.0,２ＬＤＫ,65.0,2012.0,11.0,ＲＣ,１中住専,未改装,2500.0
8497,西宮北口,11.0,3.0,２ＬＤＫ,60.0,2012.0,10.0,ＲＣ,１中住専,未改装,2400.0
8498,西宮北口,11.0,4.0,３ＬＤＫ,70.0,2012.0,10.0,ＲＣ,１中住専,未改装,3100.0
8499,西宮北口,8.0,4.0,３ＬＤＫ,65.0,2012.0,16.0,ＲＣ,１中住専,未改装,2600.0
8500,西宮北口,8.0,5.0,４ＬＤＫ,75.0,2012.0,16.0,ＲＣ,１中住専,改装済み,3500.0
8501,門戸厄神,5.0,5.0,４ＬＤＫ,85.0,2012.0,13.0,ＲＣ,２種住居,未改装,3500.0
8502,夙川,12.0,4.0,３ＬＤＫ,75.0,2012.0,41.0,ＲＣ,１中住専,未改装,1100.0
8503,二郎,20.0,5.0,４ＬＤＫ,80.0,2016.0,25.0,ＲＣ,２中住専,未改装,750.0
8504,甲子園,11.0,4.0,３ＬＤＫ,70.0,2012.0,10.0,ＲＣ,２中住専,未改装,2900.0
8505,甲子園,13.0,4.0,３ＬＤＫ,120.0,2012.0,7.0,ＲＣ,２種住居,未改装,4800.0
8506,甲子園,12.0,4.0,３ＬＤＫ,75.0,2012.0,7.0,ＲＣ,２種住居,未改装,2800.0
8507,香櫨園,11.0,4.0,３ＬＤＫ,125.0,2016.0,26.0,ＲＣ,１中住専,未改装,4100.0
8508,香櫨園,10.0,3.0,２ＬＤＫ,70.0,2016.0,9.0,ＲＣ,１中住専,未改装,3100.0
8509,西宮(阪神),11.0,4.0,３ＬＤＫ,70.0,2016.0,31.0,ＳＲＣ,近隣商業,改装済み,1900.0
8510,西宮(阪神),3.0,4.0,３ＬＤＫ,65.0,2016.0,3.0,ＲＣ,近隣商業,未改装,3900.0
8511,西宮北口,6.0,4.0,３ＬＤＫ,80.0,2012.0,14.0,ＳＲＣ,１中住専,未改装,3800.0
8512,西宮北口,6.0,4.0,３ＬＤＫ,65.0,2012.0,14.0,ＳＲＣ,１中住専,未改装,3300.0
8513,西宮北口,9.0,2.0,１ＬＤＫ,55.0,2012.0,11.0,ＲＣ,１種住居,未改装,2200.0
8514,西宮北口,6.0,4.0,３ＬＤＫ,65.0,2012.0,14.0,ＳＲＣ,１中住専,未改装,3000.0
8516,西宮北口,5.0,2.0,１ＬＤＫ,60.0,2016.0,16.0,ＳＲＣ,２種住居,未改装,3100.0
8517,西宮北口,5.0,4.0,３ＬＤＫ,70.0,2016.0,11.0,ＲＣ,２種住居,改装済み,1400.0
8518,西宮(ＪＲ),16.0,4.0,２ＬＤＫ＋Ｓ,65.0,2012.0,15.0,ＲＣ,１種住居,未改装,2100.0
8519,西宮北口,3.0,4.0,３ＬＤＫ,80.0,2016.0,16.0,ＳＲＣ,２種住居,改装済み,4800.0
8520,西宮北口,3.0,4.0,２ＬＤＫ＋Ｓ,80.0,2016.0,16.0,ＳＲＣ,２種住居,未改装,3800.0
8521,西宮北口,6.0,3.0,２ＬＤＫ,70.0,2016.0,5.0,ＲＣ,２種住居,未改装,4300.0
8522,西宮北口,3.0,4.0,３ＬＤＫ,80.0,2016.0,16.0,ＳＲＣ,２種住居,未改装,4900.0
8523,西宮北口,5.0,5.0,４ＬＤＫ,80.0,2016.0,11.0,ＲＣ,２種住居,未改装,4900.0
8525,門戸厄神,10.0,4.0,３ＬＤＫ,70.0,2012.0,17.0,ＲＣ,１中住専,未改装,2500.0
8526,甲陽園,16.0,4.0,３ＬＤＫ,60.0,2016.0,40.0,ＲＣ,１中住専,改装済み,1200.0
8527,門戸厄神,9.0,5.0,４ＬＤＫ,95.0,2012.0,8.0,ＲＣ,１中住専,未改装,4300.0
8528,門戸厄神,6.0,4.0,３ＬＤＫ,70.0,2012.0,12.0,ＲＣ,１中住専,未改装,3400.0
8530,門戸厄神,7.0,5.0,４ＬＤＫ,95.0,2012.0,15.0,ＲＣ,１中住専,未改装,5000.0
8531,門戸厄神,4.0,4.0,３ＬＤＫ,80.0,2012.0,15.0,ＳＲＣ,１中住専,未改装,2900.0
8532,鳴尾・武庫川女子大前,18.0,4.0,３ＬＤＫ,70.0,2016.0,16.0,ＲＣ,１中住専,未改装,3100.0
8533,甲東園,15.0,4.0,３ＬＤＫ,75.0,2012.0,13.0,ＲＣ,１中住専,未改装,2700.0
8534,夙川,7.0,4.0,３ＬＤＫ,80.0,2016.0,5.0,ＲＣ,１中住専,未改装,5200.0
8535,夙川,8.0,4.0,３ＬＤＫ,70.0,2016.0,19.0,ＲＣ,１中住専,改装済み,3600.0
8538,西宮(阪神),4.0,2.0,１Ｋ,15.0,2016.0,20.0,ＳＲＣ,商業,未改装,690.0
8539,西宮(阪神),5.0,4.0,３ＬＤＫ,60.0,2016.0,16.0,ＲＣ,商業,未改装,1800.0
8540,門戸厄神,9.0,4.0,３ＬＤＫ,75.0,2012.0,6.0,ＲＣ,１種住居,未改装,3500.0
8541,門戸厄神,8.0,5.0,４ＬＤＫ,75.0,2012.0,10.0,ＲＣ,１中住専,未改装,3600.0
8542,香櫨園,6.0,4.0,３ＬＤＫ,65.0,2012.0,13.0,ＲＣ,近隣商業,改装済み,3200.0
8543,さくら夙川,2.0,4.0,３ＬＤＫ,75.0,2012.0,15.0,ＲＣ,１中住専,改装済み,4200.0
8544,西宮北口,20.0,4.0,３ＬＤＫ,65.0,2012.0,14.0,ＲＣ,１種住居,未改装,1900.0
8545,香櫨園,11.0,4.0,３ＬＤＫ,130.0,2012.0,22.0,ＲＣ,１中住専,未改装,1000.0
8546,香櫨園,9.0,5.0,４ＬＤＫ,95.0,2012.0,6.0,ＲＣ,１種住居,未改装,3900.0
8547,香櫨園,7.0,4.0,３ＬＤＫ,80.0,2012.0,6.0,ＲＣ,１種住居,未改装,3500.0
8548,香櫨園,11.0,4.0,３ＬＤＫ,125.0,2012.0,22.0,ＲＣ,１中住専,未改装,4000.0
8549,西宮(阪神),9.0,4.0,３ＬＤＫ,65.0,2012.0,5.0,ＲＣ,近隣商業,未改装,2700.0
8550,西宮北口,8.0,6.0,４ＬＤＫ＋Ｓ,95.0,2012.0,30.0,ＲＣ,２種住居,未改装,2600.0
8551,西宮北口,5.0,4.0,３ＬＤＫ,65.0,2012.0,7.0,ＲＣ,２種住居,未改装,3800.0
8552,西宮北口,8.0,5.0,４ＬＤＫ,80.0,2012.0,30.0,ＲＣ,２種住居,未改装,1700.0
8553,西宮北口,8.0,4.0,３ＬＤＫ,75.0,2012.0,30.0,ＲＣ,２種住居,改装済み,2500.0
8554,西宮北口,6.0,4.0,３ＬＤＫ,65.0,2012.0,1.0,ＲＣ,２種住居,未改装,3600.0
8555,西宮北口,3.0,4.0,３ＬＤＫ,80.0,2012.0,12.0,ＳＲＣ,２種住居,未改装,3700.0
8556,西宮(ＪＲ),7.0,3.0,２ＬＤＫ,70.0,2012.0,14.0,ＳＲＣ,近隣商業,未改装,2800.0
8557,西宮(ＪＲ),7.0,4.0,３ＬＤＫ,85.0,2012.0,14.0,ＳＲＣ,近隣商業,改装済み,3600.0
8558,西宮(ＪＲ),7.0,3.0,２ＬＤＫ,70.0,2012.0,14.0,ＳＲＣ,近隣商業,未改装,3200.0
8559,西宮(ＪＲ),7.0,4.0,３ＬＤＫ,80.0,2012.0,14.0,ＳＲＣ,近隣商業,未改装,3500.0
8560,西宮(阪神),5.0,4.0,３ＬＤＫ,85.0,2012.0,14.0,ＳＲＣ,近隣商業,未改装,3700.0
8561,西宮(阪神),4.0,3.0,２ＬＤＫ,70.0,2012.0,14.0,ＳＲＣ,近隣商業,未改装,2500.0
8562,甲陽園,14.0,4.0,３ＬＤＫ,60.0,2012.0,36.0,ＲＣ,１中住専,改装済み,960.0
8563,夙川,6.0,4.0,３ＬＤＫ,70.0,2012.0,8.0,ＲＣ,１中住専,未改装,3700.0
8564,夙川,6.0,3.0,２ＬＤＫ,70.0,2012.0,8.0,ＲＣ,１中住専,未改装,3600.0
8565,夙川,9.0,4.0,３ＬＤＫ,75.0,2012.0,13.0,ＲＣ,１中住専,未改装,4000.0
8567,西宮(阪神),3.0,2.0,１Ｋ,25.0,2012.0,7.0,ＲＣ,商業,未改装,1100.0
8568,西宮(阪神),5.0,4.0,３ＬＤＫ,55.0,2012.0,12.0,ＲＣ,商業,未改装,2200.0
8569,西宮北口,15.0,4.0,３ＬＤＫ,65.0,2013.0,28.0,ＲＣ,１種住居,改装済み,1500.0
8570,甲子園,6.0,4.0,３ＬＤＫ,80.0,2013.0,25.0,ＲＣ,１中住専,未改装,1400.0
8571,鳴尾・武庫川女子大前,5.0,5.0,４ＬＤＫ,85.0,2013.0,16.0,ＲＣ,１種住居,未改装,3000.0
8572,西宮北口,6.0,5.0,４ＬＤＫ,85.0,2013.0,1.0,ＲＣ,近隣商業,未改装,5100.0
8573,西宮北口,8.0,3.0,２ＬＤＫ,75.0,2013.0,1.0,ＲＣ,２種住居,改装済み,3800.0
8574,西宮北口,6.0,4.0,３ＬＤＫ,70.0,2013.0,1.0,ＲＣ,近隣商業,未改装,3600.0
8575,香櫨園,6.0,2.0,１Ｋ,15.0,2013.0,24.0,ＲＣ,１種住居,改装済み,460.0
8576,香櫨園,9.0,4.0,３ＬＤＫ,55.0,2013.0,15.0,ＲＣ,１種住居,未改装,1600.0
8577,西宮(ＪＲ),4.0,4.0,３ＬＤＫ,55.0,2013.0,37.0,ＳＲＣ,近隣商業,未改装,1600.0
8578,西宮(ＪＲ),3.0,2.0,１Ｋ,20.0,2013.0,29.0,ＲＣ,近隣商業,未改装,450.0
8579,香櫨園,15.0,4.0,３ＬＤＫ,65.0,2013.0,35.0,ＳＲＣ,準工業,改装済み,1400.0
8580,香櫨園,13.0,2.0,１ＬＤＫ,65.0,2013.0,21.0,ＲＣ,１種住居,改装済み,1800.0
8581,香櫨園,16.0,4.0,３ＬＤＫ,65.0,2013.0,8.0,ＲＣ,準工業,未改装,2200.0
8582,香櫨園,16.0,4.0,３ＬＤＫ,75.0,2013.0,8.0,ＲＣ,準工業,改装済み,2700.0
8583,香櫨園,15.0,4.0,３ＬＤＫ,70.0,2013.0,11.0,ＲＣ,準工業,未改装,2600.0
8584,西宮(阪神),19.0,4.0,３ＬＤＫ,70.0,2013.0,8.0,ＲＣ,準工業,未改装,2400.0
8585,門戸厄神,29.0,4.0,３ＬＤＫ,65.0,2013.0,33.0,ＲＣ,１中住専,未改装,1200.0
8587,久寿川,9.0,4.0,３ＬＤＫ,60.0,2013.0,17.0,ＲＣ,１種住居,未改装,1800.0
8588,久寿川,13.0,4.0,３ＬＤＫ,80.0,2013.0,17.0,ＲＣ,準工業,改装済み,2600.0
8590,久寿川,10.0,4.0,３ＬＤＫ,60.0,2013.0,17.0,ＳＲＣ,１種住居,未改装,2000.0
8591,久寿川,12.0,4.0,３ＬＤＫ,60.0,2013.0,16.0,ＳＲＣ,準工業,未改装,1400.0
8592,久寿川,13.0,4.0,３ＬＤＫ,60.0,2013.0,15.0,ＳＲＣ,１種住居,未改装,1800.0
8593,今津(阪神),4.0,5.0,４ＬＤＫ,80.0,2013.0,3.0,ＲＣ,近隣商業,未改装,3300.0
8594,久寿川,5.0,4.0,３ＬＤＫ,60.0,2013.0,7.0,ＲＣ,１種住居,未改装,2300.0
8596,門戸厄神,19.0,4.0,３ＬＤＫ,65.0,2013.0,15.0,ＲＣ,１中住専,改装済み,2000.0
8597,甲陽園,24.0,4.0,３ＬＤＫ,75.0,2013.0,15.0,ＲＣ,１中住専,改装済み,1900.0
8598,甲陽園,24.0,4.0,３ＬＤＫ,75.0,2013.0,15.0,ＲＣ,１中住専,未改装,1800.0
8599,甲陽園,16.0,4.0,３ＬＤＫ,60.0,2013.0,35.0,ＲＣ,１中住専,未改装,790.0
8600,甲陽園,16.0,4.0,３ＬＤＫ,70.0,2013.0,35.0,ＳＲＣ,１中住専,未改装,890.0
8601,甲陽園,16.0,4.0,３ＬＤＫ,65.0,2013.0,35.0,ＲＣ,１中住専,改装済み,1200.0
8602,甲陽園,16.0,3.0,２ＬＤＫ,55.0,2013.0,35.0,ＳＲＣ,１中住専,未改装,600.0
8603,甲陽園,18.0,5.0,４ＬＤＫ,95.0,2013.0,28.0,ＲＣ,１中住専,改装済み,3200.0
8604,武庫川団地前,2.0,5.0,４ＬＤＫ,80.0,2013.0,32.0,ＳＲＣ,準工業,改装済み,1400.0
8605,洲先,10.0,4.0,３ＬＤＫ,70.0,2013.0,12.0,ＲＣ,１種住居,未改装,2100.0
8606,鳴尾・武庫川女子大前,14.0,5.0,４ＬＤＫ,85.0,2013.0,12.0,ＲＣ,１種住居,未改装,3100.0
8607,鳴尾・武庫川女子大前,15.0,4.0,３ＬＤＫ,75.0,2013.0,32.0,ＲＣ,１種住居,改装済み,1500.0
8608,苦楽園口,18.0,4.0,３ＬＤＫ,80.0,2013.0,19.0,ＲＣ,１中住専,未改装,2200.0
8609,苦楽園口,16.0,5.0,４ＬＤＫ,80.0,2013.0,39.0,ＲＣ,１中住専,未改装,1300.0
8610,苦楽園口,18.0,2.0,１ＬＤＫ,55.0,2013.0,38.0,鉄骨造,１低住専,未改装,780.0
8611,苦楽園口,16.0,4.0,３ＬＤＫ,70.0,2013.0,3.0,ＲＣ,１中住専,未改装,3600.0
8612,夙川,4.0,4.0,３ＬＤＫ,70.0,2013.0,13.0,ＲＣ,１中住専,未改装,3900.0
8613,夙川,5.0,4.0,３ＬＤＫ,80.0,2013.0,17.0,ＲＣ,１中住専,未改装,3900.0
8614,夙川,14.0,4.0,３ＬＤＫ,70.0,2013.0,39.0,ＲＣ,１中住専,未改装,1500.0
8616,夙川,14.0,4.0,３ＬＤＫ,70.0,2013.0,39.0,ＲＣ,１中住専,改装済み,1600.0
8617,夙川,14.0,4.0,３ＬＤＫ,70.0,2013.0,39.0,ＲＣ,１中住専,未改装,800.0
8618,夙川,16.0,3.0,２ＬＤＫ,70.0,2013.0,39.0,ＲＣ,１中住専,改装済み,1400.0
8619,夙川,14.0,4.0,３ＬＤＫ,70.0,2013.0,39.0,ＲＣ,１中住専,未改装,780.0
8620,西宮北口,9.0,5.0,４ＬＤＫ,100.0,2013.0,2.0,ＲＣ,１中住専,未改装,5500.0
8621,西宮北口,10.0,4.0,３ＬＤＫ,75.0,2013.0,2.0,ＲＣ,１中住専,未改装,3900.0
8622,香櫨園,13.0,4.0,３ＬＤＫ,80.0,2013.0,2.0,ＲＣ,１種住居,未改装,3300.0
8623,西宮北口,13.0,4.0,３ＬＤＫ,70.0,2013.0,16.0,ＲＣ,１中住専,未改装,2500.0
8624,苦楽園口,12.0,5.0,４ＬＤＫ,85.0,2013.0,16.0,ＲＣ,１中住専,未改装,2300.0
8625,さくら夙川,6.0,4.0,３ＬＤＫ,65.0,2013.0,17.0,ＲＣ,１中住専,改装済み,2900.0
8627,さくら夙川,4.0,4.0,３ＬＤＫ,70.0,2013.0,14.0,ＲＣ,１種住居,未改装,3400.0
8628,さくら夙川,4.0,4.0,３ＬＤＫ,75.0,2013.0,14.0,ＲＣ,１種住居,未改装,3500.0
8629,さくら夙川,3.0,4.0,３ＬＤＫ,65.0,2013.0,34.0,ＳＲＣ,近隣商業,改装済み,2000.0
8630,東鳴尾,6.0,4.0,３ＬＤＫ,75.0,2013.0,22.0,ＲＣ,１種住居,未改装,2000.0
8631,さくら夙川,10.0,4.0,３ＬＤＫ,75.0,2013.0,14.0,ＲＣ,１中住専,未改装,4000.0
8632,苦楽園口,18.0,5.0,４ＬＤＫ,90.0,2013.0,10.0,ＲＣ,１中住専,改装済み,3400.0
8633,苦楽園口,16.0,4.0,３ＬＤＫ,65.0,2013.0,9.0,ＲＣ,１中住専,未改装,2200.0
8634,苦楽園口,13.0,2.0,１ＬＤＫ,75.0,2013.0,39.0,ＲＣ,１中住専,改装済み,1900.0
8635,苦楽園口,14.0,4.0,３ＬＤＫ,75.0,2013.0,39.0,ＲＣ,１中住専,未改装,950.0
8636,苦楽園口,18.0,4.0,３ＬＤＫ,85.0,2013.0,6.0,ＲＣ,１中住専,未改装,2800.0
8638,苦楽園口,16.0,4.0,３ＬＤＫ,60.0,2013.0,10.0,ＲＣ,１中住専,未改装,2400.0
8639,夙川,18.0,5.0,４ＬＤＫ,90.0,2013.0,10.0,ＲＣ,１中住専,未改装,2800.0
8640,夙川,18.0,4.0,３ＬＤＫ,90.0,2013.0,10.0,ＲＣ,１中住専,未改装,3300.0
8641,久寿川,13.0,4.0,３ＬＤＫ,65.0,2013.0,11.0,ＲＣ,準工業,未改装,2500.0
8642,甲子園,18.0,4.0,３ＬＤＫ,70.0,2013.0,27.0,ＳＲＣ,１種住居,改装済み,2000.0
8643,甲子園口,20.0,2.0,１ＤＫ,25.0,2013.0,25.0,ＲＣ,１中住専,未改装,440.0
8644,甲子園口,12.0,3.0,２ＬＤＫ,45.0,2013.0,41.0,鉄骨造,２中住専,未改装,710.0
8645,阪神国道,12.0,4.0,３ＬＤＫ,75.0,2013.0,4.0,ＲＣ,準工業,未改装,3100.0
8646,阪神国道,12.0,4.0,３ＬＤＫ,75.0,2013.0,4.0,ＲＣ,準工業,未改装,3200.0
8647,苦楽園口,9.0,4.0,３ＬＤＫ,70.0,2013.0,12.0,ＲＣ,１中住専,未改装,3300.0
8648,甲東園,13.0,4.0,３ＬＤＫ,75.0,2013.0,7.0,ＲＣ,１低住専,未改装,3700.0
8649,甲東園,4.0,4.0,３ＬＤＫ,75.0,2013.0,12.0,ＲＣ,１中住専,未改装,3600.0
8650,甲東園,9.0,5.0,４ＬＤＫ,90.0,2013.0,13.0,ＲＣ,２低住専,未改装,3700.0
8651,甲東園,9.0,3.0,２ＬＤＫ,70.0,2013.0,13.0,ＲＣ,２低住専,未改装,2900.0
8652,香櫨園,14.0,5.0,４ＬＤＫ,95.0,2013.0,8.0,ＲＣ,１中住専,未改装,3800.0
8655,香櫨園,13.0,5.0,４ＬＤＫ,85.0,2013.0,29.0,ＲＣ,１中住専,未改装,1700.0
8657,香櫨園,5.0,3.0,２ＬＤＫ,55.0,2013.0,15.0,ＲＣ,１中住専,未改装,1600.0
8658,甲子園口,12.0,4.0,３ＬＤＫ,60.0,2013.0,8.0,ＲＣ,１種住居,未改装,2700.0
8659,甲陽園,9.0,4.0,３ＬＤＫ,75.0,2013.0,13.0,ＲＣ,１中住専,未改装,2900.0
8660,西宮北口,4.0,5.0,４ＬＤＫ,80.0,2013.0,14.0,ＲＣ,１中住専,未改装,4500.0
8661,西宮北口,4.0,5.0,４ＬＤＫ,80.0,2013.0,14.0,ＲＣ,１中住専,未改装,2600.0
8662,西宮(阪神),19.0,3.0,２ＬＤＫ,65.0,2013.0,17.0,ＲＣ,準工業,改装済み,1600.0
8663,西宮(阪神),13.0,4.0,３ＬＤＫ,70.0,2013.0,39.0,ＳＲＣ,準工業,未改装,890.0
8664,西宮(阪神),13.0,4.0,３ＬＤＫ,75.0,2013.0,39.0,ＳＲＣ,準工業,未改装,650.0
8665,西宮(阪神),14.0,4.0,３ＬＤＫ,55.0,2013.0,39.0,ＳＲＣ,準工業,未改装,800.0
8666,西宮(阪神),12.0,3.0,２ＬＤＫ,45.0,2013.0,39.0,ＳＲＣ,準工業,未改装,520.0
8668,甲子園口,8.0,4.0,３ＬＤＫ,70.0,2013.0,6.0,ＲＣ,１中住専,未改装,4100.0
8669,甲子園口,6.0,4.0,２ＬＤＫ＋Ｓ,70.0,2013.0,12.0,ＲＣ,１中住専,未改装,2900.0
8670,甲子園口,9.0,4.0,３ＬＤＫ,70.0,2013.0,6.0,ＲＣ,１中住専,未改装,3300.0
8671,甲子園口,7.0,5.0,４ＬＤＫ,90.0,2013.0,7.0,ＲＣ,１中住専,未改装,4700.0
8672,苦楽園口,14.0,2.0,１ＬＤＫ,55.0,2013.0,15.0,ＲＣ,１低住専,未改装,1900.0
8673,苦楽園口,16.0,4.0,３ＬＤＫ,80.0,2013.0,5.0,ＲＣ,１低住専,未改装,4500.0
8674,苦楽園口,8.0,4.0,３ＬＤＫ,75.0,2013.0,2.0,ＲＣ,１中住専,未改装,5000.0
8675,夙川,8.0,4.0,３ＬＤＫ,75.0,2013.0,14.0,ＲＣ,１中住専,改装済み,4000.0
8676,甲子園,10.0,4.0,３ＬＤＫ,65.0,2013.0,44.0,ＲＣ,２中住専,改装済み,2000.0
8677,甲子園,6.0,5.0,４ＬＤＫ,115.0,2013.0,8.0,ＲＣ,１中住専,未改装,5000.0
8678,甲子園,10.0,4.0,３ＬＤＫ,70.0,2013.0,12.0,ＲＣ,１中住専,未改装,2700.0
8679,甲子園,5.0,2.0,１Ｋ,20.0,2013.0,44.0,ＲＣ,近隣商業,改装済み,450.0
8681,甲子園,6.0,4.0,３ＬＤＫ,100.0,2013.0,27.0,ＲＣ,２種住居,未改装,2900.0
8682,甲子園,6.0,4.0,３ＬＤＫ,90.0,2013.0,27.0,ＲＣ,２種住居,未改装,2600.0
8683,甲子園,6.0,4.0,３ＬＤＫ,100.0,2013.0,27.0,ＲＣ,２種住居,未改装,2800.0
8684,甲子園,5.0,3.0,２ＤＫ,55.0,2013.0,44.0,ＲＣ,近隣商業,改装済み,1100.0
8685,甲子園,6.0,5.0,４ＬＤＫ,115.0,2013.0,27.0,ＲＣ,２種住居,未改装,3500.0
8686,甲子園,6.0,4.0,３ＬＤＫ,95.0,2013.0,27.0,ＲＣ,２種住居,改装済み,3400.0
8687,甲子園,4.0,6.0,５ＤＫ,75.0,2013.0,44.0,ＲＣ,１種住居,未改装,1600.0
8688,甲子園,6.0,4.0,３ＬＤＫ,100.0,2013.0,27.0,ＲＣ,２種住居,改装済み,3500.0
8689,甲子園,6.0,4.0,３ＬＤＫ,90.0,2013.0,23.0,ＲＣ,２種住居,改装済み,2900.0
8690,甲子園,6.0,4.0,３ＬＤＫ,90.0,2013.0,27.0,ＲＣ,２種住居,未改装,2700.0
8691,甲子園,6.0,4.0,３ＬＤＫ,80.0,2013.0,27.0,ＲＣ,２種住居,未改装,2800.0
8692,甲子園,15.0,4.0,３ＬＤＫ,75.0,2013.0,7.0,ＲＣ,２種住居,未改装,3300.0
8693,鳴尾・武庫川女子大前,12.0,4.0,３ＬＤＫ,65.0,2013.0,7.0,ＲＣ,２種住居,未改装,3200.0
8694,甲子園口,1.0,4.0,３ＬＤＫ,60.0,2013.0,13.0,ＲＣ,近隣商業,未改装,2700.0
8695,甲子園口,7.0,4.0,３ＬＤＫ,75.0,2013.0,12.0,ＲＣ,１中住専,未改装,3800.0
8696,甲子園口,4.0,4.0,３ＬＤＫ,65.0,2013.0,16.0,ＲＣ,近隣商業,未改装,2200.0
8697,甲子園口,8.0,4.0,３ＬＤＫ,90.0,2013.0,12.0,ＲＣ,１中住専,改装済み,4100.0
8698,甲子園口,9.0,5.0,４ＤＫ,65.0,2013.0,41.0,ＲＣ,１中住専,未改装,1400.0
8699,甲子園口,6.0,2.0,１Ｋ,15.0,2013.0,29.0,ＲＣ,近隣商業,未改装,270.0
8700,甲子園口,9.0,4.0,３ＬＤＫ,65.0,2013.0,16.0,ＲＣ,近隣商業,未改装,1900.0
8701,甲子園口,5.0,4.0,３ＬＤＫ,80.0,2013.0,43.0,ＳＲＣ,１中住専,未改装,1400.0
8702,甲子園口,2.0,4.0,３ＬＤＫ,90.0,2013.0,17.0,ＲＣ,近隣商業,未改装,3700.0
8703,甲子園口,2.0,4.0,３ＬＤＫ,85.0,2013.0,17.0,ＲＣ,近隣商業,未改装,3800.0
8704,甲子園口,5.0,4.0,３ＬＤＫ,70.0,2013.0,43.0,ＳＲＣ,１中住専,改装済み,1700.0
8705,甲子園,8.0,4.0,３ＬＤＫ,85.0,2013.0,17.0,ＲＣ,１種住居,改装済み,2500.0
8706,甲子園,5.0,4.0,３ＬＤＫ,70.0,2013.0,13.0,ＳＲＣ,近隣商業,未改装,2200.0
8707,甲子園,9.0,5.0,４ＬＤＫ,75.0,2013.0,11.0,ＲＣ,１種住居,未改装,2600.0
8708,甲子園,8.0,5.0,４ＬＤＫ,85.0,2013.0,17.0,ＲＣ,１種住居,未改装,2100.0
8709,甲子園,4.0,4.0,３ＬＤＫ,60.0,2013.0,7.0,ＲＣ,近隣商業,改装済み,2800.0
8710,甲子園,8.0,4.0,３ＬＤＫ,65.0,2013.0,15.0,ＳＲＣ,近隣商業,未改装,2100.0
8711,甲子園,10.0,3.0,２ＬＤＫ,55.0,2013.0,9.0,ＲＣ,近隣商業,未改装,2200.0
8712,甲子園,11.0,4.0,３ＬＤＫ,65.0,2013.0,40.0,ＲＣ,２種住居,改装済み,1400.0
8713,甲子園,11.0,4.0,３ＬＤＫ,75.0,2013.0,12.0,ＲＣ,２中住専,未改装,3300.0
8714,甲子園,9.0,4.0,３ＬＤＫ,65.0,2013.0,40.0,ＲＣ,２種住居,改装済み,1600.0
8715,甲子園,10.0,3.0,１ＬＤＫ＋Ｓ,50.0,2013.0,9.0,ＲＣ,近隣商業,未改装,2000.0
8716,甲子園,9.0,4.0,３ＬＤＫ,65.0,2013.0,7.0,ＲＣ,１種住居,未改装,3100.0
8717,甲子園,10.0,4.0,３ＬＤＫ,90.0,2013.0,14.0,ＲＣ,１中住専,未改装,3100.0
8718,西宮北口,4.0,3.0,２ＬＤＫ,90.0,2013.0,10.0,ＲＣ,近隣商業,未改装,5300.0
8719,香櫨園,11.0,4.0,３ＬＤＫ,70.0,2013.0,13.0,ＲＣ,近隣商業,未改装,2200.0
8720,さくら夙川,9.0,4.0,３ＬＤＫ,70.0,2013.0,7.0,ＲＣ,１中住専,未改装,3000.0
8721,甲陽園,9.0,4.0,３ＬＤＫ,70.0,2013.0,14.0,ＲＣ,１低住専,改装済み,2200.0
8722,甲陽園,3.0,4.0,３ＬＤＫ,70.0,2013.0,13.0,ＲＣ,近隣商業,未改装,3200.0
8724,甲陽園,15.0,4.0,３ＬＤＫ,90.0,2013.0,15.0,ＲＣ,１中住専,改装済み,2200.0
8725,甲陽園,12.0,4.0,３ＬＤＫ,70.0,2013.0,17.0,ＲＣ,１中住専,改装済み,2400.0
8726,甲陽園,12.0,4.0,３ＬＤＫ,70.0,2013.0,17.0,ＲＣ,１中住専,改装済み,2300.0
8727,甲陽園,1.0,4.0,３ＬＤＫ,55.0,2013.0,42.0,ＲＣ,近隣商業,未改装,900.0
8728,甲陽園,3.0,3.0,２ＤＫ,50.0,2013.0,36.0,ＳＲＣ,近隣商業,改装済み,1000.0
8729,甲陽園,3.0,3.0,２ＤＫ,50.0,2013.0,36.0,ＳＲＣ,近隣商業,未改装,530.0
8730,甲陽園,12.0,5.0,４ＬＤＫ,110.0,2013.0,23.0,ＲＣ,１中住専,未改装,3000.0
8731,西宮(阪神),11.0,3.0,２ＬＤＫ,70.0,2013.0,7.0,ＲＣ,近隣商業,未改装,2700.0
8732,鳴尾・武庫川女子大前,8.0,3.0,２ＬＤＫ,55.0,2013.0,41.0,ＳＲＣ,１種住居,改装済み,1200.0
8733,鳴尾・武庫川女子大前,9.0,3.0,２ＬＤＫ,70.0,2013.0,26.0,ＳＲＣ,１種住居,未改装,920.0
8734,鳴尾・武庫川女子大前,9.0,3.0,２ＬＤＫ,60.0,2013.0,22.0,ＲＣ,１種住居,未改装,1500.0
8735,鳴尾・武庫川女子大前,9.0,3.0,２ＬＤＫ,60.0,2013.0,41.0,ＳＲＣ,１種住居,改装済み,1000.0
8736,武庫川,9.0,5.0,４ＬＤＫ,85.0,2013.0,4.0,ＲＣ,２中住専,未改装,3800.0
8737,武庫川,6.0,5.0,４ＬＤＫ,85.0,2013.0,5.0,ＲＣ,２中住専,未改装,3700.0
8740,苦楽園口,9.0,5.0,４ＬＤＫ,135.0,2013.0,9.0,ＲＣ,１低住専,未改装,6500.0
8741,甲陽園,11.0,4.0,３ＬＤＫ,80.0,2013.0,22.0,ＲＣ,１中住専,未改装,2100.0
8743,西宮(阪神),4.0,4.0,３ＬＤＫ,65.0,2013.0,15.0,ＳＲＣ,近隣商業,未改装,2600.0
8744,生瀬,16.0,3.0,２ＬＤＫ,70.0,2013.0,21.0,ＲＣ,１中住専,未改装,790.0
8745,西宮名塩,8.0,4.0,３ＬＤＫ,75.0,2013.0,14.0,ＲＣ,１中住専,未改装,1300.0
8746,甲陽園,11.0,4.0,３ＬＤＫ,75.0,2013.0,13.0,ＲＣ,１中住専,改装済み,2600.0
8747,香櫨園,10.0,5.0,４ＬＤＫ,80.0,2013.0,6.0,ＲＣ,１中住専,未改装,3500.0
8748,香櫨園,9.0,4.0,２ＬＤＫ＋Ｓ,80.0,2013.0,16.0,ＲＣ,１中住専,未改装,3000.0
8749,香櫨園,14.0,4.0,３ＬＤＫ,70.0,2013.0,6.0,ＲＣ,１中住専,未改装,2800.0
8750,香櫨園,13.0,4.0,３ＬＤＫ,70.0,2013.0,6.0,ＲＣ,１中住専,未改装,3000.0
8751,香櫨園,14.0,4.0,３ＬＤＫ,70.0,2013.0,6.0,ＲＣ,１中住専,改装済み,2900.0
8752,香櫨園,9.0,4.0,３ＬＤＫ,70.0,2013.0,16.0,ＲＣ,１中住専,未改装,2100.0
8753,甲東園,4.0,4.0,３ＬＤＫ,65.0,2013.0,16.0,ＲＣ,１中住専,未改装,2900.0
8755,苦楽園口,12.0,4.0,３ＬＤＫ,125.0,2013.0,8.0,ＲＣ,１低住専,未改装,5100.0
8756,甲陽園,10.0,4.0,３ＬＤＫ,80.0,2013.0,26.0,ＲＣ,１低住専,改装済み,1800.0
8757,甲陽園,12.0,4.0,３ＬＤＫ,65.0,2013.0,12.0,ＲＣ,１低住専,未改装,2000.0
8758,甲陽園,13.0,3.0,２ＬＤＫ,70.0,2013.0,13.0,ＲＣ,１低住専,未改装,2500.0
8759,西宮(阪神),6.0,4.0,３ＬＤＫ,70.0,2013.0,16.0,ＲＣ,近隣商業,未改装,2100.0
8760,苦楽園口,18.0,5.0,４ＬＤＫ,90.0,2013.0,12.0,ＲＣ,１中住専,未改装,2700.0
8761,苦楽園口,17.0,5.0,４ＬＤＫ,85.0,2013.0,8.0,ＲＣ,１中住専,未改装,2900.0
8762,西宮北口,11.0,4.0,３ＬＤＫ,60.0,2013.0,40.0,ＲＣ,１中住専,改装済み,1800.0
8763,西宮北口,11.0,2.0,１ＬＤＫ,35.0,2013.0,40.0,ＲＣ,１中住専,改装済み,700.0
8764,西宮北口,10.0,4.0,３ＬＤＫ,60.0,2013.0,40.0,ＲＣ,１中住専,未改装,1200.0
8765,西宮北口,28.0,4.0,３ＬＤＫ,70.0,2013.0,24.0,ＲＣ,１中住専,未改装,1400.0
8766,門戸厄神,28.0,5.0,４ＬＤＫ,85.0,2013.0,24.0,ＲＣ,１中住専,未改装,2000.0
8767,武庫川団地前,6.0,5.0,４ＬＤＫ,100.0,2013.0,9.0,ＲＣ,１中住専,未改装,2800.0
8768,武庫川団地前,5.0,4.0,３ＬＤＫ,70.0,2013.0,24.0,ＳＲＣ,１中住専,未改装,1300.0
8770,武庫川団地前,8.0,4.0,３ＬＤＫ,85.0,2013.0,13.0,ＲＣ,１中住専,未改装,1700.0
8771,武庫川団地前,4.0,4.0,３ＬＤＫ,80.0,2013.0,21.0,ＲＣ,１中住専,未改装,1600.0
8772,武庫川団地前,8.0,4.0,３ＬＤＫ,90.0,2013.0,18.0,ＲＣ,１中住専,未改装,1900.0
8773,武庫川団地前,13.0,4.0,３ＬＤＫ,70.0,2013.0,23.0,ＳＲＣ,１中住専,未改装,1300.0
8775,武庫川団地前,6.0,4.0,３ＬＤＫ,85.0,2013.0,17.0,ＲＣ,１中住専,改装済み,2300.0
8776,西宮北口,11.0,5.0,４ＬＤＫ,80.0,2013.0,16.0,ＲＣ,準工業,未改装,2800.0
8777,西宮北口,3.0,4.0,３ＬＤＫ,85.0,2013.0,5.0,ＲＣ,商業,未改装,6000.0
8778,西宮北口,2.0,3.0,２ＤＫ,60.0,2013.0,5.0,ＲＣ,商業,未改装,4100.0
8780,西宮北口,9.0,4.0,３ＬＤＫ,60.0,2013.0,8.0,ＲＣ,１種住居,未改装,2600.0
8781,西宮北口,8.0,4.0,３ＬＤＫ,65.0,2013.0,8.0,ＲＣ,１種住居,未改装,2700.0
8782,香櫨園,12.0,5.0,４ＬＤＫ,70.0,2013.0,16.0,ＲＣ,１種住居,未改装,2500.0
8783,西宮(阪神),2.0,4.0,３ＬＤＫ,80.0,2013.0,10.0,ＲＣ,商業,未改装,3900.0
8784,甲東園,7.0,5.0,４ＬＤＫ,95.0,2013.0,10.0,ＲＣ,１中住専,未改装,4100.0
8785,仁川,11.0,5.0,４ＬＤＫ,65.0,2013.0,29.0,ＲＣ,１中住専,未改装,1600.0
8787,仁川,9.0,4.0,３ＬＤＫ,80.0,2013.0,7.0,ＲＣ,２中住専,未改装,3000.0
8788,さくら夙川,4.0,5.0,４ＬＤＫ,85.0,2013.0,26.0,ＲＣ,１中住専,未改装,3400.0
8790,西宮(ＪＲ),6.0,4.0,３ＬＤＫ,85.0,2013.0,14.0,ＲＣ,近隣商業,未改装,2700.0
8791,西宮(ＪＲ),4.0,4.0,３ＬＤＫ,65.0,2013.0,18.0,ＲＣ,２種住居,改装済み,2600.0
8792,西宮(ＪＲ),8.0,5.0,４ＬＤＫ,80.0,2013.0,18.0,ＲＣ,２種住居,改装済み,3100.0
8793,西宮(ＪＲ),4.0,5.0,４ＬＤＫ,80.0,2013.0,18.0,ＲＣ,２種住居,未改装,2500.0
8794,西宮(ＪＲ),5.0,3.0,２ＬＤＫ,60.0,2013.0,14.0,ＲＣ,近隣商業,改装済み,2300.0
8795,西宮(ＪＲ),4.0,4.0,３ＬＤＫ,65.0,2013.0,18.0,ＲＣ,２種住居,未改装,2300.0
8796,阪神国道,2.0,3.0,２ＬＤＫ,70.0,2013.0,5.0,ＲＣ,近隣商業,未改装,3200.0
8797,今津(阪神),2.0,4.0,３ＬＤＫ,60.0,2013.0,16.0,ＲＣ,近隣商業,改装済み,1500.0
8798,今津(阪神),2.0,4.0,３ＬＤＫ,60.0,2013.0,9.0,ＲＣ,商業,未改装,2200.0
8799,今津(阪神),1.0,5.0,４ＬＤＫ,75.0,2013.0,9.0,ＲＣ,商業,改装済み,2900.0
8800,今津(阪神),2.0,3.0,２ＬＤＫ,60.0,2013.0,9.0,ＲＣ,商業,未改装,2100.0
8801,今津(阪神),2.0,3.0,２ＬＤＫ,55.0,2013.0,9.0,ＲＣ,商業,未改装,1900.0
8802,今津(阪神),2.0,5.0,４ＬＤＫ,75.0,2013.0,9.0,ＲＣ,商業,未改装,2000.0
8803,今津(阪神),2.0,4.0,３ＬＤＫ,55.0,2013.0,16.0,ＲＣ,近隣商業,未改装,1500.0
8806,今津(阪神),6.0,3.0,２ＬＤＫ,55.0,2013.0,17.0,ＳＲＣ,１種住居,改装済み,1800.0
8807,西宮(ＪＲ),7.0,4.0,２ＬＤＫ＋Ｓ,75.0,2013.0,12.0,ＲＣ,１中住専,未改装,2700.0
8808,甲子園口,9.0,3.0,２ＤＫ,65.0,2013.0,41.0,ＲＣ,１中住専,改装済み,1900.0
8809,西宮(阪神),3.0,3.0,２ＬＤＫ,55.0,2013.0,13.0,ＳＲＣ,商業,改装済み,2000.0
8810,甲子園口,10.0,3.0,２ＬＤＫ,55.0,2013.0,16.0,ＲＣ,１種住居,未改装,1400.0
8811,香櫨園,5.0,4.0,３ＬＤＫ,70.0,2013.0,11.0,ＲＣ,１中住専,改装済み,2900.0
8812,香櫨園,6.0,5.0,４ＬＤＫ,110.0,2013.0,22.0,ＲＣ,１中住専,未改装,2900.0
8813,香櫨園,4.0,4.0,３ＬＤＫ,70.0,2013.0,11.0,ＲＣ,１中住専,未改装,3200.0
8814,西宮(ＪＲ),13.0,2.0,１Ｋ,15.0,2013.0,27.0,ＲＣ,近隣商業,未改装,390.0
8815,西宮(ＪＲ),10.0,4.0,３ＬＤＫ,75.0,2013.0,9.0,ＲＣ,１種住居,未改装,2900.0
8816,西宮(ＪＲ),10.0,4.0,３ＬＤＫ,60.0,2013.0,9.0,ＲＣ,１種住居,未改装,2700.0
8817,西宮(ＪＲ),10.0,4.0,３ＬＤＫ,60.0,2013.0,9.0,ＲＣ,１種住居,未改装,2300.0
8818,西宮(阪神),13.0,2.0,１Ｋ,15.0,2013.0,27.0,ＲＣ,近隣商業,未改装,260.0
8819,西宮名塩,30.0,4.0,３ＬＤＫ,75.0,2013.0,18.0,ＲＣ,１低住専,改装済み,680.0
8821,生瀬,13.0,4.0,３ＬＤＫ,75.0,2013.0,16.0,ＳＲＣ,２中住専,未改装,1500.0
8822,生瀬,11.0,4.0,３ＬＤＫ,70.0,2013.0,15.0,ＳＲＣ,２中住専,未改装,1500.0
8823,生瀬,11.0,5.0,４ＬＤＫ,75.0,2013.0,15.0,ＳＲＣ,２中住専,未改装,1600.0
8824,鳴尾・武庫川女子大前,6.0,4.0,３ＬＤＫ,70.0,2013.0,9.0,ＲＣ,近隣商業,未改装,2900.0
8825,鳴尾・武庫川女子大前,7.0,4.0,３ＬＤＫ,65.0,2013.0,13.0,ＲＣ,１種住居,未改装,2200.0
8826,鳴尾・武庫川女子大前,7.0,4.0,３ＬＤＫ,70.0,2013.0,13.0,ＲＣ,１種住居,未改装,2500.0
8827,鳴尾・武庫川女子大前,10.0,4.0,３ＬＤＫ,80.0,2013.0,18.0,ＲＣ,１種住居,未改装,2500.0
8828,鳴尾・武庫川女子大前,7.0,3.0,２ＤＫ,40.0,2013.0,42.0,鉄骨造,１種住居,改装済み,900.0
8829,苦楽園口,6.0,2.0,１ＬＤＫ,40.0,2013.0,5.0,ＲＣ,１中住専,未改装,1800.0
8830,夙川,9.0,4.0,３ＬＤＫ,85.0,2013.0,29.0,ＲＣ,１低住専,未改装,2300.0
8831,仁川,10.0,4.0,３ＬＤＫ,95.0,2013.0,15.0,ＲＣ,１低住専,未改装,2400.0
8832,仁川,1.0,5.0,４ＬＤＫ,85.0,2013.0,11.0,ＲＣ,１中住専,改装済み,2900.0
8833,西宮(阪神),12.0,2.0,１Ｋ,25.0,2013.0,5.0,ＲＣ,近隣商業,未改装,990.0
8834,西宮(阪神),30.0,4.0,３ＬＤＫ,70.0,2013.0,15.0,ＳＲＣ,１中住専,改装済み,1700.0
8836,西宮(阪神),30.0,4.0,３ＬＤＫ,70.0,2013.0,15.0,ＳＲＣ,１中住専,改装済み,1400.0
8837,西宮(阪神),30.0,5.0,４ＬＤＫ,105.0,2013.0,15.0,ＳＲＣ,１中住専,未改装,2800.0
8838,西宮(阪神),30.0,4.0,３ＬＤＫ,70.0,2013.0,15.0,ＳＲＣ,１中住専,未改装,1500.0
8839,西宮(阪神),30.0,5.0,４ＬＤＫ,85.0,2013.0,15.0,ＳＲＣ,１中住専,未改装,1800.0
8840,西宮(阪神),30.0,4.0,３ＬＤＫ,85.0,2013.0,9.0,ＳＲＣ,１中住専,未改装,2500.0
8841,西宮(阪神),30.0,5.0,４ＬＤＫ,85.0,2013.0,15.0,ＳＲＣ,１中住専,改装済み,2100.0
8842,西宮北口,14.0,4.0,３ＬＤＫ,70.0,2013.0,3.0,ＲＣ,２中住専,未改装,3300.0
8843,門戸厄神,10.0,4.0,３ＬＤＫ,70.0,2013.0,16.0,ＲＣ,２中住専,未改装,2400.0
8844,門戸厄神,5.0,4.0,３ＬＤＫ,75.0,2013.0,3.0,ＲＣ,１中住専,未改装,3900.0
8845,門戸厄神,5.0,5.0,４ＬＤＫ,85.0,2013.0,4.0,ＲＣ,１中住専,未改装,4300.0
8846,夙川,4.0,3.0,２ＬＤＫ,95.0,2013.0,29.0,ＲＣ,近隣商業,未改装,4200.0
8847,夙川,3.0,2.0,１Ｋ,25.0,2013.0,29.0,ＲＣ,近隣商業,改装済み,630.0
8848,西宮(ＪＲ),7.0,4.0,３ＬＤＫ,65.0,2013.0,12.0,ＲＣ,１種住居,未改装,2200.0
8849,西宮(ＪＲ),9.0,4.0,３ＬＤＫ,65.0,2013.0,9.0,ＲＣ,近隣商業,未改装,2800.0
8850,甲子園,12.0,4.0,３ＬＤＫ,65.0,2013.0,12.0,ＲＣ,１中住専,未改装,3100.0
8851,鳴尾・武庫川女子大前,10.0,5.0,４ＬＤＫ,80.0,2013.0,12.0,ＲＣ,１中住専,未改装,3800.0
8852,西宮(阪神),3.0,4.0,３ＬＤＫ,65.0,2013.0,8.0,ＲＣ,商業,未改装,2400.0
8853,西宮(阪神),3.0,4.0,３ＬＤＫ,65.0,2013.0,7.0,ＲＣ,商業,未改装,3700.0
8854,甲子園,16.0,5.0,４ＬＤＫ,95.0,2013.0,11.0,ＳＲＣ,１種住居,未改装,2700.0
8855,甲子園,20.0,3.0,２ＬＤＫ,70.0,2013.0,13.0,ＲＣ,１種住居,改装済み,1900.0
8856,甲子園,16.0,3.0,２ＬＤＫ,95.0,2013.0,11.0,ＳＲＣ,１種住居,未改装,3000.0
8857,甲子園,21.0,4.0,３ＬＤＫ,70.0,2013.0,13.0,ＲＣ,１種住居,改装済み,2100.0
8858,甲子園,19.0,4.0,３ＬＤＫ,90.0,2013.0,11.0,ＳＲＣ,１種住居,改装済み,2900.0
8859,西宮(阪神),11.0,3.0,２ＬＤＫ,65.0,2013.0,10.0,ＳＲＣ,準工業,未改装,2700.0
8860,洲先,3.0,4.0,３ＬＤＫ,70.0,2013.0,15.0,ＲＣ,１種住居,未改装,2700.0
8861,今津(阪神),16.0,4.0,３ＬＤＫ,70.0,2013.0,7.0,ＲＣ,準工業,未改装,2500.0
8862,今津(阪神),15.0,4.0,３ＬＤＫ,80.0,2013.0,8.0,ＲＣ,準工業,未改装,2400.0
8863,西宮(阪神),16.0,4.0,３ＬＤＫ,70.0,2013.0,9.0,ＲＣ,準工業,未改装,2500.0
8864,西宮(阪神),16.0,5.0,４ＬＤＫ,90.0,2013.0,9.0,ＲＣ,準工業,未改装,3000.0
8865,西宮(阪神),19.0,4.0,２ＬＤＫ＋Ｓ,60.0,2013.0,16.0,ＳＲＣ,準工業,改装済み,1900.0
8866,西宮(阪神),18.0,5.0,４ＬＤＫ,80.0,2013.0,9.0,ＲＣ,準工業,改装済み,2900.0
8867,西宮名塩,11.0,3.0,２ＬＤＫ,65.0,2013.0,21.0,ＲＣ,１中住専,未改装,920.0
8868,西宮名塩,5.0,5.0,４ＬＤＫ,95.0,2013.0,19.0,ＲＣ,１中住専,未改装,1700.0
8869,西宮名塩,8.0,3.0,２ＬＤＫ,95.0,2013.0,19.0,ＲＣ,１中住専,未改装,1800.0
8870,西宮名塩,3.0,5.0,４ＬＤＫ,90.0,2013.0,17.0,ＲＣ,１中住専,改装済み,1700.0
8871,西宮名塩,8.0,4.0,３ＬＤＫ,95.0,2013.0,19.0,ＲＣ,１中住専,未改装,1900.0
8872,西宮名塩,6.0,4.0,３ＬＤＫ,80.0,2013.0,10.0,ＲＣ,１中住専,未改装,1700.0
8873,西宮名塩,15.0,4.0,３ＬＤＫ,90.0,2013.0,19.0,ＲＣ,１中住専,未改装,830.0
8874,西宮名塩,14.0,4.0,３ＬＤＫ,70.0,2013.0,16.0,ＲＣ,１中住専,未改装,1400.0
8875,西宮名塩,8.0,4.0,３ＬＤＫ,95.0,2013.0,19.0,ＲＣ,１中住専,未改装,1900.0
8876,西宮名塩,3.0,5.0,４ＬＤＫ,90.0,2013.0,17.0,ＲＣ,１中住専,未改装,1300.0
8877,西宮名塩,11.0,4.0,３ＬＤＫ,85.0,2013.0,21.0,ＲＣ,１中住専,改装済み,1500.0
8878,西宮名塩,19.0,4.0,３ＬＤＫ,80.0,2013.0,19.0,ＲＣ,１中住専,未改装,770.0
8879,西宮名塩,8.0,4.0,３ＬＤＫ,90.0,2013.0,19.0,ＲＣ,１中住専,改装済み,1500.0
8880,西宮名塩,14.0,5.0,４ＬＤＫ,85.0,2013.0,16.0,ＲＣ,１中住専,未改装,1200.0
8881,苦楽園口,8.0,4.0,３ＬＤＫ,100.0,2013.0,2.0,ＲＣ,１種住居,未改装,7000.0
8882,苦楽園口,15.0,4.0,３ＬＤＫ,80.0,2013.0,5.0,ＲＣ,１中住専,未改装,4600.0
8884,苦楽園口,16.0,4.0,３ＬＤＫ,65.0,2013.0,15.0,ＲＣ,１中住専,未改装,2400.0
8885,苦楽園口,13.0,5.0,４ＬＤＫ,85.0,2013.0,13.0,ＲＣ,１中住専,改装済み,4100.0
8886,苦楽園口,13.0,5.0,４ＬＤＫ,100.0,2013.0,16.0,ＲＣ,１中住専,未改装,3500.0
8887,苦楽園口,14.0,5.0,４ＬＤＫ,85.0,2013.0,15.0,ＲＣ,１中住専,改装済み,3300.0
8888,西宮北口,16.0,4.0,３ＬＤＫ,75.0,2013.0,18.0,ＲＣ,１中住専,未改装,2300.0
8889,門戸厄神,16.0,5.0,４ＬＤＫ,80.0,2013.0,19.0,ＲＣ,１中住専,未改装,2700.0
8890,門戸厄神,16.0,5.0,４ＬＤＫ,70.0,2013.0,10.0,ＲＣ,１中住専,未改装,2800.0
8891,西宮北口,6.0,3.0,２ＬＤＫ,50.0,2013.0,8.0,ＲＣ,１種住居,未改装,2200.0
8892,西宮(ＪＲ),20.0,5.0,４ＬＤＫ,75.0,2013.0,10.0,ＲＣ,２中住専,未改装,2700.0
8893,西宮北口,19.0,5.0,４ＬＤＫ,75.0,2013.0,14.0,ＲＣ,１中住専,未改装,2400.0
8894,門戸厄神,13.0,4.0,３ＬＤＫ,75.0,2013.0,14.0,ＲＣ,１中住専,未改装,2400.0
8895,西宮北口,11.0,4.0,３ＬＤＫ,60.0,2013.0,3.0,ＲＣ,工業,未改装,2400.0
8897,西宮北口,25.0,2.0,１Ｋ,15.0,2013.0,25.0,ＲＣ,２種住居,改装済み,470.0
8898,西宮北口,10.0,2.0,１Ｋ,15.0,2013.0,25.0,ＲＣ,２種住居,未改装,500.0
8899,西宮北口,6.0,2.0,１Ｋ,15.0,2013.0,26.0,ＲＣ,近隣商業,未改装,400.0
8900,西宮北口,11.0,5.0,４ＬＤＫ,90.0,2013.0,7.0,ＲＣ,１中住専,改装済み,5100.0
8901,甲子園口,6.0,4.0,３ＬＤＫ,100.0,2013.0,45.0,ＲＣ,１中住専,未改装,2400.0
8902,甲子園口,6.0,4.0,３ＬＤＫ,100.0,2013.0,45.0,ＲＣ,１中住専,未改装,2400.0
8903,甲子園口,6.0,3.0,２ＬＤＫ,70.0,2013.0,45.0,ＲＣ,１中住専,未改装,1900.0
8904,甲子園口,6.0,4.0,３ＬＤＫ,90.0,2013.0,10.0,ＲＣ,１中住専,未改装,4300.0
8905,甲子園口,6.0,4.0,３ＬＤＫ,100.0,2013.0,45.0,ＲＣ,１中住専,未改装,2400.0
8906,甲子園口,4.0,4.0,３ＬＤＫ,95.0,2013.0,12.0,ＲＣ,１中住専,未改装,4200.0
8907,甲子園口,7.0,3.0,１ＬＤＫ＋Ｓ,65.0,2013.0,5.0,ＲＣ,１中住専,未改装,3100.0
8908,夙川,13.0,4.0,３ＬＤＫ,75.0,2013.0,13.0,ＳＲＣ,近隣商業,未改装,3100.0
8909,香櫨園,11.0,4.0,３ＬＤＫ,70.0,2013.0,16.0,ＲＣ,１中住専,未改装,2200.0
8910,夙川,5.0,4.0,３ＬＤＫ,70.0,2013.0,16.0,ＲＣ,１中住専,未改装,3500.0
8911,苦楽園口,6.0,3.0,２ＬＤＫ,60.0,2013.0,11.0,ＲＣ,１中住専,未改装,2900.0
8912,苦楽園口,6.0,4.0,３ＬＤＫ,70.0,2013.0,11.0,ＲＣ,１中住専,未改装,2900.0
8913,甲子園口,8.0,4.0,３ＬＤＫ,80.0,2013.0,7.0,ＲＣ,１中住専,未改装,4500.0
8914,甲子園口,7.0,4.0,３ＬＤＫ,70.0,2013.0,6.0,ＲＣ,１中住専,未改装,3600.0
8915,甲子園口,9.0,4.0,３ＬＤＫ,70.0,2013.0,36.0,ＲＣ,１中住専,未改装,1400.0
8917,西宮(ＪＲ),3.0,4.0,３ＬＤＫ,65.0,2013.0,11.0,ＲＣ,近隣商業,未改装,2200.0
8918,西宮北口,15.0,4.0,３ＬＤＫ,60.0,2013.0,40.0,ＲＣ,１中住専,未改装,950.0
8919,西宮北口,11.0,4.0,３ＬＤＫ,65.0,2013.0,11.0,ＲＣ,２中住専,未改装,2000.0
8920,西宮北口,11.0,4.0,３ＬＤＫ,70.0,2013.0,11.0,ＲＣ,１中住専,未改装,3200.0
8921,西宮北口,11.0,4.0,３ＬＤＫ,70.0,2013.0,11.0,ＲＣ,１中住専,未改装,3200.0
8922,門戸厄神,6.0,4.0,３ＬＤＫ,70.0,2013.0,14.0,ＲＣ,２中住専,未改装,2700.0
8923,苦楽園口,2.0,4.0,３ＬＤＫ,70.0,2013.0,12.0,ＲＣ,１中住専,未改装,3900.0
8924,西宮北口,6.0,4.0,３ＬＤＫ,65.0,2013.0,15.0,ＳＲＣ,１中住専,未改装,2600.0
8925,西宮北口,6.0,1.0,１Ｒ,25.0,2013.0,15.0,ＳＲＣ,１中住専,未改装,1200.0
8926,香櫨園,9.0,4.0,３ＬＤＫ,70.0,2013.0,12.0,ＲＣ,１種住居,未改装,2500.0
8927,門戸厄神,6.0,4.0,３ＬＤＫ,75.0,2013.0,16.0,ＲＣ,１中住専,未改装,3400.0
8928,門戸厄神,6.0,4.0,３ＬＤＫ,75.0,2013.0,16.0,ＲＣ,１中住専,未改装,3200.0
8929,門戸厄神,2.0,4.0,３ＬＤＫ,65.0,2013.0,16.0,ＳＲＣ,１中住専,改装済み,2600.0
8930,門戸厄神,4.0,3.0,２ＬＤＫ,70.0,2013.0,14.0,ＲＣ,１中住専,未改装,2800.0
8932,西宮北口,15.0,5.0,４ＬＤＫ,90.0,2013.0,7.0,ＲＣ,１中住専,未改装,4900.0
8933,門戸厄神,9.0,4.0,３ＬＤＫ,60.0,2013.0,9.0,ＲＣ,１中住専,未改装,2900.0
8934,さくら夙川,3.0,4.0,３ＬＤＫ,70.0,2013.0,16.0,ＲＣ,１中住専,未改装,3500.0
8935,田尾寺,24.0,5.0,４ＬＤＫ,80.0,2013.0,22.0,ＲＣ,２中住専,改装済み,780.0
8936,西宮(阪神),7.0,3.0,２ＬＤＫ,60.0,2013.0,10.0,ＲＣ,近隣商業,未改装,2200.0
8937,西宮北口,3.0,3.0,２ＬＤＫ,75.0,2013.0,13.0,ＳＲＣ,２種住居,改装済み,4100.0
8938,西宮北口,5.0,4.0,３ＬＤＫ,80.0,2013.0,13.0,ＳＲＣ,２種住居,未改装,2700.0
8939,西宮北口,5.0,4.0,３ＬＤＫ,80.0,2013.0,13.0,ＳＲＣ,２種住居,未改装,4300.0
8940,西宮北口,6.0,4.0,３ＬＤＫ,95.0,2013.0,2.0,ＲＣ,２種住居,未改装,6200.0
8941,西宮北口,5.0,4.0,３ＬＤＫ,65.0,2013.0,8.0,ＲＣ,２種住居,未改装,3100.0
8942,西宮北口,3.0,4.0,３ＬＤＫ,80.0,2013.0,13.0,ＳＲＣ,２種住居,改装済み,4400.0
8943,西宮北口,3.0,4.0,３ＬＤＫ,80.0,2013.0,13.0,ＳＲＣ,２種住居,改装済み,4500.0
8944,西宮北口,5.0,3.0,２ＬＤＫ,75.0,2013.0,13.0,ＳＲＣ,２種住居,改装済み,4000.0
8945,西宮北口,3.0,4.0,３ＬＤＫ,80.0,2013.0,13.0,ＳＲＣ,２種住居,改装済み,4700.0
8946,西宮北口,3.0,4.0,３ＬＤＫ,80.0,2013.0,13.0,ＳＲＣ,２種住居,改装済み,3800.0
8947,西宮北口,5.0,4.0,３ＬＤＫ,80.0,2013.0,13.0,ＳＲＣ,２種住居,改装済み,4700.0
8948,西宮北口,3.0,3.0,２ＬＤＫ,80.0,2013.0,13.0,ＳＲＣ,２種住居,未改装,4100.0
8949,西宮北口,8.0,5.0,４ＬＤＫ,80.0,2013.0,31.0,ＲＣ,２種住居,未改装,2400.0
8950,西宮北口,3.0,4.0,３ＬＤＫ,80.0,2013.0,13.0,ＳＲＣ,２種住居,未改装,3500.0
8951,西宮北口,3.0,4.0,３ＬＤＫ,80.0,2013.0,13.0,ＳＲＣ,２種住居,未改装,4300.0
8952,西宮北口,3.0,4.0,３ＬＤＫ,80.0,2013.0,13.0,ＳＲＣ,２種住居,未改装,3600.0
8953,門戸厄神,9.0,4.0,３ＬＤＫ,55.0,2013.0,11.0,ＲＣ,１中住専,未改装,2300.0
8954,門戸厄神,11.0,5.0,４ＬＤＫ,80.0,2013.0,13.0,ＲＣ,１中住専,未改装,3100.0
8955,門戸厄神,11.0,4.0,３ＬＤＫ,70.0,2013.0,13.0,ＲＣ,１中住専,未改装,2700.0
8956,西宮(阪神),5.0,4.0,３ＬＤＫ,50.0,2013.0,13.0,ＲＣ,商業,改装済み,2000.0
8957,西宮(阪神),1.0,4.0,３ＬＤＫ,75.0,2013.0,17.0,ＲＣ,商業,未改装,3900.0
8958,西宮(阪神),3.0,2.0,１ＬＤＫ,60.0,2013.0,5.0,ＲＣ,商業,未改装,3000.0
8960,西宮北口,13.0,4.0,３ＬＤＫ,75.0,2009.0,22.0,ＲＣ,１種住居,未改装,1500.0
8961,西宮(ＪＲ),0.0,3.0,２ＬＤＫ,65.0,2009.0,14.0,ＳＲＣ,近隣商業,未改装,2100.0
8962,西宮(ＪＲ),1.0,3.0,２ＬＤＫ,65.0,2009.0,16.0,ＳＲＣ,近隣商業,改装済み,2400.0
8964,西宮(ＪＲ),1.0,3.0,２ＬＤＫ,60.0,2009.0,16.0,ＳＲＣ,近隣商業,未改装,2100.0
8965,香櫨園,14.0,4.0,３ＬＤＫ,80.0,2009.0,37.0,ＲＣ,１種住居,未改装,660.0
8966,香櫨園,12.0,4.0,３ＬＤＫ,95.0,2009.0,6.0,ＲＣ,準工業,未改装,3100.0
8967,香櫨園,13.0,4.0,３ＬＤＫ,85.0,2009.0,6.0,ＲＣ,１種住居,改装済み,3100.0
8968,香櫨園,12.0,5.0,４ＬＤＫ,95.0,2009.0,6.0,ＲＣ,準工業,未改装,3400.0
8969,香櫨園,13.0,4.0,３ＬＤＫ,90.0,2009.0,17.0,ＲＣ,１種住居,未改装,1800.0
8970,香櫨園,13.0,4.0,３ＬＤＫ,110.0,2009.0,17.0,ＲＣ,１種住居,改装済み,3100.0
8971,さくら夙川,22.0,4.0,３ＬＤＫ,60.0,2009.0,28.0,ＳＲＣ,準工業,改装済み,1200.0
8972,甲東園,30.0,3.0,２ＤＫ,65.0,2009.0,29.0,ＲＣ,１中住専,未改装,1200.0
8973,甲陽園,16.0,4.0,３ＬＤＫ,70.0,2009.0,10.0,ＲＣ,１中住専,改装済み,2800.0
8974,甲陽園,19.0,4.0,３ＬＤＫ,70.0,2009.0,29.0,ＲＣ,１中住専,改装済み,1100.0
8975,西宮北口,30.0,4.0,３ＬＤＫ,70.0,2009.0,14.0,ＲＣ,１中住専,未改装,2000.0
8976,西宮北口,30.0,4.0,３ＬＤＫ,70.0,2009.0,14.0,ＲＣ,１中住専,改装済み,1600.0
8977,西宮北口,30.0,5.0,４ＬＤＫ,95.0,2009.0,6.0,ＲＣ,１中住専,未改装,3300.0
8979,仁川,23.0,5.0,４ＬＤＫ,75.0,2009.0,8.0,ＲＣ,１中住専,未改装,2700.0
8980,久寿川,13.0,4.0,３ＬＤＫ,75.0,2009.0,13.0,ＳＲＣ,１種住居,未改装,2300.0
8981,久寿川,5.0,4.0,３ＬＤＫ,65.0,2009.0,14.0,ＲＣ,１種住居,未改装,1700.0
8982,久寿川,13.0,4.0,３ＬＤＫ,70.0,2009.0,13.0,ＲＣ,１種住居,未改装,2400.0
8983,久寿川,10.0,4.0,３ＬＤＫ,60.0,2009.0,12.0,ＳＲＣ,１種住居,未改装,1700.0
8984,門戸厄神,20.0,4.0,３ＬＤＫ,60.0,2009.0,11.0,ＲＣ,１中住専,改装済み,1400.0
8985,甲東園,23.0,4.0,３ＬＤＫ,70.0,2009.0,12.0,ＲＣ,１中住専,未改装,1500.0
8986,甲陽園,18.0,4.0,３ＬＤＫ,80.0,2009.0,15.0,ＲＣ,１中住専,未改装,2300.0
8987,甲陽園,16.0,4.0,３ＬＤＫ,60.0,2009.0,31.0,ＲＣ,１中住専,改装済み,750.0
8988,甲陽園,15.0,4.0,３ＬＤＫ,60.0,2009.0,31.0,ＳＲＣ,１中住専,改装済み,840.0
8989,甲陽園,14.0,4.0,３ＬＤＫ,65.0,2009.0,31.0,ＲＣ,１中住専,未改装,1000.0
8990,甲陽園,16.0,4.0,３ＬＤＫ,60.0,2009.0,31.0,ＳＲＣ,１中住専,未改装,390.0
8991,甲陽園,16.0,4.0,３ＬＤＫ,65.0,2009.0,31.0,ＲＣ,１中住専,未改装,800.0
8992,武庫川団地前,2.0,5.0,４ＬＤＫ,80.0,2009.0,28.0,ＳＲＣ,準工業,改装済み,1700.0
8993,洲先,8.0,4.0,３ＬＤＫ,75.0,2009.0,28.0,ＲＣ,１種住居,改装済み,1300.0
8994,洲先,8.0,5.0,４ＬＤＫ,75.0,2009.0,23.0,ＲＣ,１種住居,未改装,1400.0
8996,武庫川団地前,4.0,5.0,４ＬＤＫ,70.0,2009.0,34.0,ＲＣ,１種住居,未改装,850.0
8997,苦楽園口,16.0,4.0,３ＬＤＫ,75.0,2009.0,4.0,ＲＣ,１中住専,改装済み,3300.0
8998,苦楽園口,18.0,4.0,３ＬＤＫ,55.0,2009.0,34.0,鉄骨造,１低住専,未改装,600.0
8999,苦楽園口,16.0,4.0,３ＬＤＫ,70.0,2009.0,34.0,鉄骨造,１低住専,未改装,1000.0
9000,苦楽園口,17.0,3.0,２ＬＤＫ,60.0,2009.0,34.0,鉄骨造,１低住専,未改装,600.0
9001,夙川,11.0,2.0,１ＬＤＫ,50.0,2009.0,1.0,ＲＣ,１中住専,未改装,2600.0
9002,夙川,11.0,2.0,１ＬＤＫ,55.0,2009.0,1.0,ＲＣ,１中住専,未改装,2800.0
9003,夙川,11.0,2.0,１ＬＤＫ,55.0,2009.0,1.0,ＲＣ,１中住専,未改装,2500.0
9004,香櫨園,14.0,4.0,３ＬＤＫ,65.0,2009.0,9.0,ＲＣ,１種住居,未改装,2000.0
9005,香櫨園,14.0,4.0,３ＬＤＫ,70.0,2009.0,9.0,ＲＣ,１種住居,未改装,2000.0
9006,西宮北口,15.0,4.0,３ＬＤＫ,70.0,2009.0,14.0,ＲＣ,１中住専,改装済み,2400.0
9007,西宮北口,14.0,4.0,３ＬＤＫ,70.0,2009.0,14.0,ＲＣ,１中住専,未改装,1900.0
9008,西宮北口,9.0,4.0,３ＬＤＫ,70.0,2009.0,5.0,ＲＣ,２中住専,未改装,3600.0
9009,西宮北口,9.0,4.0,３ＬＤＫ,70.0,2009.0,12.0,ＲＣ,１種住居,未改装,2700.0
9010,さくら夙川,7.0,1.0,１Ｒ,20.0,2009.0,15.0,ＲＣ,１中住専,未改装,510.0
9011,鳴尾・武庫川女子大前,7.0,5.0,４ＬＤＫ,65.0,2009.0,9.0,ＲＣ,２種住居,未改装,2900.0
9012,鳴尾・武庫川女子大前,8.0,5.0,４ＬＤＫ,85.0,2009.0,7.0,ＲＣ,１中住専,未改装,3300.0
9013,さくら夙川,4.0,4.0,３ＬＤＫ,70.0,2009.0,30.0,ＳＲＣ,近隣商業,改装済み,1900.0
9014,甲東園,14.0,4.0,３ＬＤＫ,70.0,2009.0,32.0,ＳＲＣ,１種住居,未改装,1300.0
9015,苦楽園口,15.0,4.0,３ＬＤＫ,75.0,2009.0,13.0,ＲＣ,１中住専,未改装,2400.0
9016,さくら夙川,20.0,4.0,３ＬＤＫ,85.0,2009.0,6.0,ＲＣ,１中住専,未改装,2900.0
9017,西宮(阪神),18.0,3.0,２ＬＤＫ,60.0,2009.0,5.0,ＲＣ,１中住専,未改装,1500.0
9018,西宮(阪神),19.0,5.0,４ＬＤＫ,90.0,2009.0,6.0,ＲＣ,１中住専,未改装,3400.0
9020,甲東園,7.0,4.0,３ＬＤＫ,65.0,2009.0,9.0,ＲＣ,１低住専,未改装,2900.0
9021,甲東園,4.0,4.0,３ＬＤＫ,75.0,2009.0,8.0,ＲＣ,１中住専,未改装,3600.0
9022,甲東園,5.0,4.0,３ＬＤＫ,70.0,2009.0,8.0,ＲＣ,１中住専,未改装,3400.0
9023,甲東園,7.0,4.0,３ＬＤＫ,65.0,2009.0,9.0,ＲＣ,１低住専,未改装,2600.0
9024,甲東園,7.0,4.0,３ＬＤＫ,65.0,2009.0,9.0,ＲＣ,１低住専,未改装,3000.0
9025,甲陽園,4.0,4.0,３ＬＤＫ,75.0,2009.0,3.0,ＲＣ,１低住専,未改装,3600.0
9026,香櫨園,11.0,4.0,３ＬＤＫ,95.0,2009.0,0.0,ＲＣ,１中住専,未改装,4400.0
9027,香櫨園,10.0,4.0,３ＬＤＫ,65.0,2009.0,9.0,ＲＣ,１中住専,未改装,2100.0
9028,香櫨園,9.0,4.0,３ＬＤＫ,75.0,2009.0,6.0,ＲＣ,１中住専,未改装,3200.0
9029,香櫨園,5.0,3.0,２ＤＫ,50.0,2009.0,11.0,ＲＣ,１中住専,未改装,1500.0
9030,香櫨園,2.0,4.0,３ＬＤＫ,75.0,2009.0,11.0,ＳＲＣ,１中住専,未改装,2600.0
9031,香櫨園,5.0,4.0,３ＤＫ,50.0,2009.0,11.0,ＲＣ,１中住専,改装済み,1700.0
9032,香櫨園,3.0,4.0,３ＬＤＫ,75.0,2009.0,11.0,ＳＲＣ,準住居,未改装,2400.0
9033,香櫨園,4.0,5.0,４ＬＤＫ,95.0,2009.0,20.0,ＲＣ,１中住専,未改装,2700.0
9034,香櫨園,4.0,3.0,２ＤＫ,45.0,2009.0,29.0,ＲＣ,１中住専,未改装,1000.0
9035,香櫨園,2.0,4.0,３ＬＤＫ,60.0,2009.0,11.0,ＳＲＣ,準住居,未改装,2100.0
9036,苦楽園口,8.0,4.0,３ＬＤＫ,70.0,2009.0,9.0,ＲＣ,１中住専,未改装,2900.0
9037,苦楽園口,8.0,4.0,３ＬＤＫ,70.0,2009.0,9.0,ＲＣ,１中住専,未改装,2600.0
9038,甲陽園,9.0,4.0,３ＬＤＫ,70.0,2009.0,9.0,ＲＣ,１種住居,未改装,2900.0
9039,西宮北口,2.0,4.0,３ＬＤＫ,55.0,2009.0,8.0,ＳＲＣ,商業,未改装,5100.0
9040,西宮(阪神),18.0,3.0,２ＬＤＫ,65.0,2009.0,13.0,ＲＣ,準工業,未改装,1500.0
9041,西宮(阪神),12.0,2.0,１ＬＤＫ,65.0,2009.0,35.0,ＳＲＣ,準工業,未改装,800.0
9042,西宮(阪神),11.0,4.0,３ＬＤＫ,55.0,2009.0,35.0,ＳＲＣ,準工業,未改装,800.0
9043,西宮(阪神),17.0,4.0,３ＬＤＫ,65.0,2009.0,13.0,ＲＣ,準工業,未改装,1400.0
9044,甲子園口,10.0,5.0,４ＬＤＫ,80.0,2009.0,32.0,ＲＣ,１中住専,未改装,2100.0
9045,甲子園口,9.0,4.0,３ＬＤＫ,55.0,2009.0,36.0,ＲＣ,１中住専,改装済み,1400.0
9046,甲子園口,7.0,4.0,３ＬＤＫ,75.0,2009.0,3.0,ＲＣ,１中住専,未改装,3200.0
9047,苦楽園口,6.0,3.0,２ＬＤＫ,65.0,2009.0,9.0,ＲＣ,１中住専,未改装,3500.0
9048,苦楽園口,6.0,4.0,３ＬＤＫ,70.0,2009.0,10.0,ＲＣ,１中住専,未改装,3200.0
9049,苦楽園口,6.0,4.0,３ＬＤＫ,75.0,2009.0,9.0,ＲＣ,１中住専,未改装,3600.0
9050,夙川,8.0,4.0,３ＬＤＫ,75.0,2009.0,10.0,ＲＣ,１中住専,未改装,3200.0
9051,甲子園口,16.0,4.0,３ＬＤＫ,65.0,2009.0,8.0,ＲＣ,１種住居,未改装,2900.0
9052,甲子園口,11.0,4.0,３ＬＤＫ,80.0,2009.0,6.0,ＲＣ,１中住専,未改装,3600.0
9053,甲子園,13.0,5.0,４ＬＤＫ,95.0,2009.0,13.0,ＲＣ,１中住専,未改装,4000.0
9054,甲子園,9.0,4.0,３ＬＤＫ,65.0,2009.0,40.0,ＲＣ,２中住専,改装済み,1700.0
9055,甲子園,4.0,4.0,３ＬＤＫ,65.0,2009.0,40.0,ＲＣ,近隣商業,未改装,950.0
9056,甲子園,14.0,3.0,２ＬＤＫ,65.0,2009.0,3.0,ＲＣ,２種住居,未改装,2800.0
9057,甲子園口,7.0,4.0,３ＬＤＫ,70.0,2009.0,11.0,ＲＣ,近隣商業,未改装,3100.0
9058,甲子園,8.0,4.0,３ＬＤＫ,70.0,2009.0,9.0,ＳＲＣ,１種住居,未改装,2300.0
9059,甲子園,9.0,4.0,３ＬＤＫ,65.0,2009.0,7.0,ＲＣ,１種住居,未改装,2300.0
9060,甲子園,6.0,5.0,４ＬＤＫ,55.0,2009.0,23.0,ＳＲＣ,近隣商業,未改装,1400.0
9061,甲子園,8.0,3.0,２ＬＤＫ,65.0,2009.0,8.0,ＲＣ,２中住専,改装済み,2400.0
9062,甲子園,9.0,3.0,２ＬＤＫ,50.0,2009.0,36.0,ＲＣ,近隣商業,未改装,1200.0
9063,甲子園,8.0,4.0,３ＬＤＫ,85.0,2009.0,6.0,ＲＣ,２中住専,未改装,3300.0
9064,甲子園,7.0,4.0,３ＬＤＫ,70.0,2009.0,8.0,ＲＣ,１中住専,未改装,2800.0
9065,甲東園,1.0,3.0,２ＬＤＫ,65.0,2009.0,21.0,ＲＣ,近隣商業,未改装,1900.0
9066,甲東園,2.0,4.0,３ＬＤＫ,65.0,2009.0,9.0,ＲＣ,１中住専,未改装,2700.0
9067,香櫨園,11.0,4.0,３ＬＤＫ,70.0,2009.0,9.0,ＲＣ,近隣商業,未改装,2300.0
9068,甲陽園,1.0,3.0,２ＬＤＫ,80.0,2009.0,9.0,ＲＣ,２低住専,未改装,3400.0
9069,甲陽園,10.0,4.0,３ＬＤＫ,75.0,2009.0,10.0,ＲＣ,１低住専,改装済み,2400.0
9070,甲陽園,9.0,3.0,２ＬＤＫ,110.0,2009.0,10.0,ＲＣ,１低住専,未改装,2500.0
9071,甲陽園,18.0,5.0,４ＬＤＫ,140.0,2009.0,18.0,ＲＣ,１中住専,改装済み,3500.0
9072,甲陽園,18.0,6.0,５ＬＤＫ,140.0,2009.0,18.0,ＲＣ,１中住専,改装済み,3500.0
9073,甲陽園,15.0,4.0,３ＬＤＫ,70.0,2009.0,11.0,ＲＣ,１中住専,未改装,2200.0
9074,甲陽園,4.0,4.0,３ＬＤＫ,65.0,2009.0,10.0,ＲＣ,近隣商業,未改装,2800.0
9075,甲陽園,7.0,4.0,３ＬＤＫ,70.0,2009.0,3.0,ＲＣ,１中住専,未改装,3100.0
9076,甲陽園,3.0,4.0,３ＬＤＫ,75.0,2009.0,32.0,ＳＲＣ,近隣商業,未改装,1200.0
9077,甲陽園,1.0,4.0,３ＬＤＫ,60.0,2009.0,38.0,ＲＣ,近隣商業,改装済み,970.0
9078,甲陽園,3.0,5.0,４ＬＤＫ,75.0,2009.0,32.0,ＳＲＣ,近隣商業,未改装,1900.0
9079,甲陽園,3.0,3.0,２ＬＤＫ,75.0,2009.0,32.0,ＳＲＣ,近隣商業,未改装,1500.0
9080,甲陽園,11.0,5.0,４ＬＤＫ,75.0,2009.0,0.0,ＲＣ,１中住専,未改装,3300.0
9081,甲陽園,11.0,5.0,４ＬＤＫ,110.0,2009.0,19.0,ＲＣ,１中住専,改装済み,2400.0
9082,甲陽園,9.0,4.0,３ＬＤＫ,80.0,2009.0,0.0,ＲＣ,１中住専,未改装,3700.0
9083,甲陽園,13.0,4.0,３ＬＤＫ,80.0,2009.0,0.0,ＲＣ,１中住専,未改装,3600.0
9084,甲子園口,13.0,5.0,４ＬＤＫ,85.0,2009.0,5.0,ＲＣ,１種住居,未改装,3400.0
9085,夙川,6.0,4.0,３ＬＤＫ,70.0,2009.0,4.0,ＲＣ,１種住居,改装済み,3700.0
9086,鳴尾・武庫川女子大前,2.0,2.0,１ＬＤＫ,70.0,2009.0,18.0,ＲＣ,１種住居,未改装,1500.0
9087,さくら夙川,4.0,4.0,３ＬＤＫ,55.0,2009.0,9.0,ＲＣ,近隣商業,未改装,2100.0
9089,西宮(阪神),3.0,4.0,３ＬＤＫ,65.0,2009.0,11.0,ＳＲＣ,近隣商業,改装済み,2500.0
9090,生瀬,17.0,4.0,３ＬＤＫ,80.0,2009.0,17.0,ＲＣ,１中住専,未改装,850.0
9091,西宮名塩,8.0,4.0,３ＬＤＫ,75.0,2009.0,10.0,ＲＣ,１中住専,未改装,1400.0
9092,苦楽園口,9.0,5.0,４ＬＤＫ,85.0,2009.0,4.0,ＲＣ,１中住専,未改装,3000.0
9093,苦楽園口,15.0,4.0,３ＬＤＫ,65.0,2009.0,9.0,ＲＣ,１中住専,未改装,2100.0
9094,苦楽園口,8.0,4.0,３ＬＤＫ,75.0,2009.0,4.0,ＲＣ,１中住専,改装済み,3000.0
9095,香櫨園,11.0,4.0,３ＬＤＫ,85.0,2009.0,13.0,ＲＣ,１中住専,改装済み,2900.0
9096,香櫨園,14.0,4.0,３ＬＤＫ,75.0,2009.0,2.0,ＲＣ,１中住専,未改装,3300.0
9097,香櫨園,11.0,4.0,３ＬＤＫ,75.0,2009.0,2.0,ＲＣ,１中住専,未改装,3800.0
9098,香櫨園,11.0,4.0,３ＬＤＫ,75.0,2009.0,2.0,ＲＣ,１中住専,未改装,3400.0
9099,甲東園,4.0,3.0,２ＬＤＫ,60.0,2009.0,12.0,ＲＣ,１中住専,未改装,1900.0
9100,苦楽園口,10.0,4.0,３ＬＤＫ,95.0,2009.0,3.0,ＲＣ,１低住専,未改装,5000.0
9101,西宮(阪神),10.0,4.0,３ＬＤＫ,70.0,2009.0,10.0,ＲＣ,近隣商業,未改装,2800.0
9102,苦楽園口,15.0,4.0,３ＬＤＫ,70.0,2009.0,7.0,ＲＣ,１中住専,未改装,2000.0
9103,苦楽園口,18.0,5.0,４ＬＤＫ,75.0,2009.0,8.0,ＲＣ,１中住専,未改装,2100.0
9104,甲陽園,19.0,4.0,３ＬＤＫ,70.0,2009.0,8.0,ＲＣ,１中住専,未改装,2200.0
9105,西宮北口,25.0,3.0,２ＬＤＫ,65.0,2009.0,32.0,ＳＲＣ,１中住専,未改装,800.0
9106,西宮北口,25.0,3.0,２ＬＤＫ,75.0,2009.0,32.0,ＳＲＣ,１中住専,未改装,980.0
9107,西宮北口,11.0,4.0,３ＬＤＫ,60.0,2009.0,36.0,ＲＣ,１中住専,未改装,850.0
9108,西宮北口,11.0,4.0,３ＬＤＫ,60.0,2009.0,33.0,ＲＣ,１中住専,未改装,1100.0
9109,武庫川団地前,9.0,4.0,３ＬＤＫ,80.0,2009.0,13.0,ＲＣ,１中住専,未改装,2100.0
9110,武庫川団地前,10.0,4.0,３ＬＤＫ,70.0,2009.0,26.0,ＳＲＣ,１中住専,未改装,1400.0
9111,武庫川団地前,10.0,4.0,３ＬＤＫ,70.0,2009.0,26.0,ＳＲＣ,１中住専,改装済み,1400.0
9112,武庫川団地前,5.0,4.0,３ＬＤＫ,75.0,2009.0,18.0,ＲＣ,１中住専,未改装,1800.0
9113,武庫川団地前,10.0,3.0,２ＬＤＫ,75.0,2009.0,26.0,ＳＲＣ,１中住専,未改装,1100.0
9114,武庫川団地前,12.0,4.0,３ＬＤＫ,70.0,2009.0,19.0,ＳＲＣ,１中住専,改装済み,1400.0
9115,武庫川団地前,7.0,4.0,３ＬＤＫ,80.0,2009.0,7.0,ＲＣ,１中住専,未改装,2100.0
9116,武庫川団地前,9.0,4.0,３ＬＤＫ,95.0,2009.0,24.0,ＳＲＣ,１中住専,改装済み,1700.0
9117,武庫川団地前,8.0,4.0,３ＬＤＫ,95.0,2009.0,26.0,ＳＲＣ,１中住専,改装済み,1700.0
9118,夙川,12.0,4.0,３ＬＤＫ,75.0,2009.0,41.0,ＲＣ,１中住専,未改装,1300.0
9119,西宮北口,4.0,4.0,３ＬＤＫ,90.0,2009.0,1.0,ＲＣ,商業,未改装,7100.0
9120,西宮北口,10.0,4.0,３ＬＤＫ,75.0,2009.0,10.0,ＳＲＣ,１種住居,未改装,3000.0
9121,甲東園,21.0,4.0,３ＬＤＫ,65.0,2009.0,30.0,ＲＣ,１中住専,改装済み,1400.0
9122,仁川,16.0,5.0,３ＬＤＫ＋Ｓ,75.0,2009.0,23.0,ＲＣ,１中住専,改装済み,1800.0
9123,仁川,15.0,4.0,３ＬＤＫ,75.0,2009.0,6.0,ＲＣ,１中住専,未改装,2900.0
9124,今津(阪神),8.0,4.0,３ＬＤＫ,65.0,2009.0,8.0,ＲＣ,１種住居,未改装,2500.0
9125,西宮(ＪＲ),5.0,4.0,２ＬＤＫ＋Ｓ,65.0,2009.0,15.0,ＲＣ,準工業,未改装,2100.0
9126,西宮(ＪＲ),6.0,3.0,２ＬＤＫ,55.0,2009.0,10.0,ＲＣ,近隣商業,未改装,1800.0
9127,西宮(ＪＲ),5.0,5.0,４ＬＤＫ,80.0,2009.0,15.0,ＲＣ,準工業,未改装,2900.0
9128,西宮(ＪＲ),8.0,4.0,３ＬＤＫ,65.0,2009.0,8.0,ＲＣ,準工業,未改装,2400.0
9129,西宮(ＪＲ),6.0,4.0,３ＬＤＫ,70.0,2009.0,10.0,ＲＣ,近隣商業,未改装,2400.0
9130,西宮(ＪＲ),3.0,4.0,３ＬＤＫ,65.0,2009.0,14.0,ＲＣ,準工業,未改装,2500.0
9131,今津(阪神),2.0,4.0,３ＬＤＫ,50.0,2009.0,12.0,ＲＣ,商業,未改装,1700.0
9132,今津(阪神),2.0,4.0,３ＬＤＫ,70.0,2009.0,5.0,ＲＣ,近隣商業,未改装,2700.0
9133,今津(阪神),2.0,2.0,１ＤＫ,25.0,2009.0,20.0,ＲＣ,商業,改装済み,370.0
9134,今津(阪神),3.0,2.0,１ＤＫ,25.0,2009.0,20.0,ＲＣ,商業,改装済み,390.0
9135,今津(阪神),6.0,4.0,３ＬＤＫ,60.0,2009.0,13.0,ＳＲＣ,１種住居,未改装,1400.0
9136,今津(阪神),6.0,4.0,３ＬＤＫ,55.0,2009.0,13.0,ＳＲＣ,１種住居,未改装,1600.0
9137,西宮(阪神),8.0,4.0,３ＬＤＫ,65.0,2009.0,16.0,ＲＣ,近隣商業,未改装,2400.0
9138,甲子園口,9.0,4.0,３ＬＤＫ,95.0,2009.0,21.0,ＲＣ,１中住専,改装済み,2700.0
9139,西宮(阪神),3.0,3.0,２ＬＤＫ,60.0,2009.0,3.0,ＲＣ,商業,未改装,2600.0
9140,西宮(阪神),3.0,3.0,２ＬＤＫ,65.0,2009.0,9.0,ＳＲＣ,商業,未改装,2600.0
9141,甲子園口,11.0,4.0,３ＬＤＫ,75.0,2009.0,23.0,ＲＣ,１種住居,改装済み,2500.0
9142,甲子園口,12.0,4.0,３ＬＤＫ,65.0,2009.0,11.0,ＳＲＣ,近隣商業,未改装,2300.0
9143,西宮北口,20.0,4.0,３ＬＤＫ,70.0,2009.0,12.0,ＲＣ,１種住居,改装済み,2300.0
9145,西宮名塩,26.0,4.0,３ＬＤＫ,65.0,2009.0,14.0,ＲＣ,１低住専,未改装,270.0
9146,西宮名塩,30.0,4.0,３ＬＤＫ,65.0,2009.0,7.0,ＲＣ,１低住専,未改装,490.0
9147,西宮名塩,30.0,4.0,３ＬＤＫ,65.0,2009.0,14.0,ＲＣ,１低住専,改装済み,450.0
9148,宝塚,9.0,5.0,４ＬＤＫ,105.0,2009.0,5.0,ＲＣ,１種住居,未改装,3400.0
9149,生瀬,13.0,5.0,４ＬＤＫ,75.0,2009.0,12.0,ＳＲＣ,２中住専,未改装,1400.0
9150,生瀬,13.0,4.0,３ＬＤＫ,75.0,2009.0,10.0,ＳＲＣ,２中住専,改装済み,1500.0
9151,生瀬,11.0,5.0,４ＬＤＫ,75.0,2009.0,10.0,ＳＲＣ,２中住専,未改装,1600.0
9152,生瀬,13.0,4.0,３ＬＤＫ,75.0,2009.0,10.0,ＳＲＣ,２中住専,未改装,1700.0
9154,鳴尾・武庫川女子大前,7.0,4.0,３ＬＤＫ,60.0,2009.0,11.0,ＲＣ,２種住居,未改装,1900.0
9155,鳴尾・武庫川女子大前,5.0,3.0,２ＬＤＫ,40.0,2009.0,38.0,鉄骨造,１種住居,未改装,800.0
9156,鳴尾・武庫川女子大前,6.0,4.0,３ＤＫ,40.0,2009.0,38.0,鉄骨造,１種住居,未改装,470.0
9157,鳴尾・武庫川女子大前,5.0,4.0,３ＬＤＫ,75.0,2009.0,6.0,ＲＣ,２種住居,未改装,2700.0
9158,鳴尾・武庫川女子大前,3.0,4.0,３ＬＤＫ,65.0,2009.0,5.0,ＲＣ,近隣商業,未改装,2700.0
9159,鳴尾・武庫川女子大前,7.0,4.0,３ＬＤＫ,65.0,2009.0,9.0,ＲＣ,１種住居,未改装,2500.0
9160,苦楽園口,6.0,2.0,１ＤＫ,40.0,2009.0,1.0,ＲＣ,１中住専,未改装,2500.0
9161,苦楽園口,6.0,2.0,１ＬＤＫ,40.0,2009.0,1.0,ＲＣ,１中住専,未改装,2500.0
9162,苦楽園口,6.0,2.0,１ＬＤＫ,40.0,2009.0,1.0,ＲＣ,１中住専,未改装,2600.0
9163,苦楽園口,6.0,2.0,１ＤＫ,40.0,2009.0,1.0,ＲＣ,１中住専,未改装,2500.0
9164,苦楽園口,7.0,2.0,１ＬＤＫ,40.0,2009.0,1.0,ＲＣ,１中住専,未改装,2600.0
9165,苦楽園口,5.0,2.0,１ＬＤＫ,40.0,2009.0,1.0,ＲＣ,１中住専,未改装,2600.0
9166,苦楽園口,6.0,2.0,１ＬＤＫ,40.0,2009.0,1.0,ＲＣ,１中住専,改装済み,2600.0
9167,夙川,8.0,4.0,３ＬＤＫ,85.0,2009.0,5.0,ＲＣ,１中住専,未改装,4600.0
9168,仁川,10.0,4.0,３ＬＤＫ,90.0,2009.0,21.0,ＲＣ,１低住専,未改装,2700.0
9169,仁川,9.0,4.0,３ＬＤＫ,60.0,2009.0,11.0,ＲＣ,１低住専,未改装,2200.0
9170,西宮(阪神),11.0,2.0,１ＬＤＫ,25.0,2009.0,1.0,ＲＣ,近隣商業,未改装,1800.0
9171,西宮(阪神),9.0,2.0,１Ｋ,25.0,2009.0,1.0,ＲＣ,近隣商業,未改装,2000.0
9172,西宮(阪神),11.0,2.0,１Ｋ,25.0,2009.0,1.0,ＲＣ,近隣商業,未改装,2000.0
9173,西宮(阪神),12.0,2.0,１ＤＫ,25.0,2009.0,1.0,ＲＣ,近隣商業,未改装,1900.0
9174,西宮(阪神),30.0,5.0,４ＬＤＫ,85.0,2009.0,11.0,ＳＲＣ,１中住専,改装済み,2200.0
9175,西宮(阪神),30.0,4.0,３ＬＤＫ,70.0,2009.0,11.0,ＲＣ,１中住専,未改装,1500.0
9176,西宮(阪神),30.0,5.0,４ＬＤＫ,105.0,2009.0,11.0,ＳＲＣ,１中住専,未改装,3100.0
9177,西宮(阪神),30.0,3.0,２ＬＤＫ,150.0,2009.0,5.0,ＳＲＣ,１中住専,改装済み,7300.0
9178,西宮(阪神),30.0,4.0,３ＬＤＫ,75.0,2009.0,10.0,ＳＲＣ,近隣商業,未改装,2300.0
9180,西宮(阪神),30.0,5.0,４ＬＤＫ,85.0,2009.0,11.0,ＳＲＣ,１中住専,改装済み,2600.0
9181,西宮(阪神),30.0,4.0,３ＬＤＫ,70.0,2009.0,11.0,ＳＲＣ,１中住専,改装済み,1800.0
9182,西宮(阪神),30.0,4.0,３ＬＤＫ,150.0,2009.0,5.0,ＳＲＣ,１中住専,未改装,4300.0
9183,西宮(阪神),30.0,4.0,３ＬＤＫ,70.0,2009.0,11.0,ＳＲＣ,１中住専,未改装,1400.0
9184,夙川,2.0,2.0,１ＤＫ,50.0,2009.0,9.0,ＲＣ,近隣商業,改装済み,2400.0
9185,夙川,2.0,4.0,３ＬＤＫ,75.0,2009.0,23.0,ＲＣ,近隣商業,未改装,2100.0
9186,夙川,3.0,4.0,３ＬＤＫ,95.0,2009.0,13.0,ＲＣ,１中住専,未改装,5300.0
9188,西宮(ＪＲ),6.0,4.0,３ＬＤＫ,70.0,2009.0,8.0,ＲＣ,１種住居,未改装,2500.0
9189,西宮(阪神),9.0,5.0,４ＬＤＫ,80.0,2009.0,5.0,ＲＣ,近隣商業,未改装,3200.0
9190,西宮(阪神),8.0,3.0,２ＬＤＫ,60.0,2009.0,12.0,ＲＣ,近隣商業,未改装,2100.0
9191,甲子園,11.0,4.0,３ＬＤＫ,65.0,2009.0,8.0,ＲＣ,１中住専,改装済み,2800.0
9192,西宮(阪神),3.0,4.0,３ＬＤＫ,65.0,2009.0,4.0,ＳＲＣ,商業,未改装,2600.0
9193,西宮(阪神),4.0,4.0,３ＬＤＫ,70.0,2009.0,11.0,ＳＲＣ,商業,未改装,2900.0
9194,西宮(阪神),2.0,4.0,３ＬＤＫ,70.0,2009.0,8.0,ＳＲＣ,商業,未改装,2500.0
9195,西宮(阪神),3.0,4.0,３ＬＤＫ,70.0,2009.0,19.0,ＳＲＣ,商業,未改装,2200.0
9196,西宮(阪神),14.0,5.0,４ＬＤＫ,75.0,2009.0,8.0,ＲＣ,準工業,未改装,2700.0
9197,西宮(阪神),14.0,3.0,２ＬＤＫ,65.0,2009.0,8.0,ＲＣ,準工業,未改装,2900.0
9198,西宮(阪神),6.0,5.0,４ＬＤＫ,80.0,2009.0,9.0,ＳＲＣ,近隣商業,未改装,2600.0
9199,洲先,3.0,4.0,３ＬＤＫ,70.0,2009.0,11.0,ＲＣ,１種住居,未改装,2300.0
9200,東鳴尾,4.0,4.0,３ＬＤＫ,75.0,2009.0,30.0,ＳＲＣ,１種住居,未改装,850.0
9201,東鳴尾,6.0,4.0,３ＬＤＫ,60.0,2009.0,32.0,ＲＣ,１種住居,改装済み,1400.0
9202,今津(阪神),14.0,4.0,３ＬＤＫ,85.0,2009.0,4.0,ＲＣ,準工業,未改装,2800.0
9203,今津(阪神),15.0,4.0,３ＬＤＫ,80.0,2009.0,4.0,ＲＣ,準工業,未改装,2800.0
9204,西宮(阪神),18.0,4.0,３ＬＤＫ,65.0,2009.0,12.0,ＲＣ,準工業,改装済み,2100.0
9205,西宮(阪神),19.0,4.0,３ＬＤＫ,65.0,2009.0,13.0,ＲＣ,準工業,改装済み,1800.0
9206,西宮(阪神),16.0,4.0,３ＬＤＫ,70.0,2009.0,5.0,ＲＣ,準工業,未改装,2100.0
9207,西宮(阪神),16.0,4.0,３ＬＤＫ,55.0,2009.0,12.0,ＲＣ,準工業,改装済み,1300.0
9208,西宮(阪神),20.0,4.0,３ＬＤＫ,60.0,2009.0,13.0,ＲＣ,準工業,改装済み,1600.0
9209,西宮(阪神),18.0,5.0,４ＬＤＫ,90.0,2009.0,5.0,ＲＣ,準工業,未改装,3100.0
9210,西宮(阪神),16.0,4.0,３ＬＤＫ,70.0,2009.0,5.0,ＲＣ,準工業,未改装,2500.0
9211,西宮名塩,4.0,4.0,３ＬＤＫ,80.0,2009.0,15.0,ＲＣ,１中住専,改装済み,2000.0
9212,西宮名塩,15.0,4.0,３ＬＤＫ,90.0,2009.0,15.0,ＲＣ,１中住専,改装済み,1600.0
9213,西宮名塩,8.0,4.0,３ＬＤＫ,95.0,2009.0,15.0,ＲＣ,１中住専,未改装,2000.0
9214,西宮名塩,13.0,4.0,３ＬＤＫ,70.0,2009.0,12.0,ＲＣ,１中住専,改装済み,1400.0
9215,苦楽園口,16.0,4.0,３ＬＤＫ,75.0,2009.0,7.0,ＲＣ,１種住居,未改装,3500.0
9216,苦楽園口,11.0,4.0,３ＬＤＫ,70.0,2009.0,9.0,ＲＣ,１中住専,未改装,2800.0
9217,苦楽園口,14.0,5.0,４ＬＤＫ,90.0,2009.0,11.0,ＲＣ,１中住専,未改装,4100.0
9218,苦楽園口,17.0,4.0,３ＬＤＫ,85.0,2009.0,27.0,ＲＣ,１中住専,未改装,2000.0
9219,門戸厄神,17.0,5.0,４ＬＤＫ,75.0,2009.0,23.0,ＲＣ,１中住専,未改装,1400.0
9220,西宮北口,8.0,4.0,３ＬＤＫ,70.0,2009.0,4.0,ＲＣ,１種住居,未改装,3600.0
9221,西宮北口,6.0,4.0,３ＬＤＫ,70.0,2009.0,11.0,ＲＣ,１中住専,改装済み,3200.0
9222,西宮(阪神),6.0,2.0,１ＬＤＫ,60.0,2009.0,14.0,ＳＲＣ,近隣商業,未改装,1800.0
9223,西宮北口,23.0,5.0,４ＬＤＫ,100.0,2009.0,10.0,ＲＣ,１中住専,未改装,3300.0
9224,西宮北口,4.0,2.0,１Ｋ,15.0,2009.0,22.0,ＲＣ,近隣商業,未改装,300.0
9225,西宮北口,6.0,2.0,１Ｋ,15.0,2009.0,22.0,ＲＣ,近隣商業,未改装,280.0
9226,西宮北口,6.0,2.0,１Ｋ,15.0,2009.0,22.0,ＲＣ,近隣商業,未改装,280.0
9227,門戸厄神,10.0,4.0,３ＬＤＫ,65.0,2009.0,3.0,ＲＣ,１中住専,未改装,3300.0
9228,門戸厄神,5.0,4.0,３ＬＤＫ,65.0,2009.0,3.0,ＲＣ,１中住専,未改装,3300.0
9230,門戸厄神,8.0,5.0,４ＬＤＫ,90.0,2009.0,6.0,ＲＣ,１中住専,未改装,4200.0
9231,甲子園口,6.0,4.0,３ＬＤＫ,120.0,2009.0,41.0,ＲＣ,１中住専,未改装,2300.0
9232,甲子園口,6.0,3.0,２ＬＤＫ,70.0,2009.0,41.0,ＲＣ,１中住専,改装済み,1000.0
9234,苦楽園口,8.0,3.0,２ＬＤＫ,40.0,2009.0,39.0,鉄骨造,１低住専,改装済み,950.0
9235,苦楽園口,8.0,4.0,３ＤＫ,45.0,2009.0,39.0,鉄骨造,１低住専,未改装,600.0
9236,苦楽園口,9.0,3.0,２ＬＤＫ,45.0,2009.0,39.0,鉄骨造,１低住専,未改装,640.0
9237,苦楽園口,4.0,4.0,３ＬＤＫ,70.0,2009.0,9.0,ＲＣ,１種住居,改装済み,3700.0
9238,香櫨園,9.0,5.0,４ＬＤＫ,115.0,2009.0,1.0,ＲＣ,１中住専,未改装,4700.0
9239,夙川,6.0,4.0,３ＬＤＫ,85.0,2009.0,3.0,ＲＣ,１中住専,未改装,6000.0
9240,西宮(ＪＲ),2.0,4.0,３ＬＤＫ,70.0,2009.0,7.0,ＲＣ,近隣商業,未改装,2800.0
9241,西宮(ＪＲ),4.0,4.0,３ＬＤＫ,65.0,2009.0,14.0,ＲＣ,近隣商業,改装済み,1800.0
9242,西宮(ＪＲ),4.0,4.0,３ＬＤＫ,65.0,2009.0,14.0,ＲＣ,近隣商業,改装済み,2500.0
9243,甲子園口,13.0,4.0,３ＬＤＫ,70.0,2009.0,6.0,ＲＣ,１中住専,未改装,3000.0
9244,西宮北口,8.0,4.0,３ＬＤＫ,70.0,2009.0,13.0,ＲＣ,１中住専,未改装,2900.0
9246,西宮北口,7.0,4.0,３ＬＤＫ,70.0,2009.0,13.0,ＲＣ,１中住専,未改装,3200.0
9247,門戸厄神,6.0,4.0,３ＬＤＫ,70.0,2009.0,10.0,ＲＣ,２中住専,未改装,2500.0
9248,西宮北口,7.0,3.0,２ＤＫ,50.0,2009.0,11.0,ＳＲＣ,１中住専,未改装,2200.0
9249,香櫨園,1.0,5.0,４ＬＤＫ,80.0,2009.0,12.0,ＲＣ,１種住居,未改装,3200.0
9250,西宮北口,15.0,3.0,２ＬＤＫ,65.0,2009.0,12.0,ＲＣ,１種住居,未改装,1800.0
9251,門戸厄神,7.0,5.0,４ＬＤＫ,110.0,2009.0,12.0,ＲＣ,１中住専,改装済み,3600.0
9252,門戸厄神,5.0,4.0,３ＬＤＫ,65.0,2009.0,12.0,ＳＲＣ,１中住専,未改装,2900.0
9253,門戸厄神,13.0,4.0,３ＬＤＫ,75.0,2009.0,10.0,ＲＣ,１中住専,未改装,2600.0
9254,門戸厄神,4.0,4.0,３ＬＤＫ,75.0,2009.0,10.0,ＲＣ,１中住専,未改装,3400.0
9255,さくら夙川,8.0,3.0,２ＬＤＫ,55.0,2009.0,10.0,ＲＣ,近隣商業,未改装,2000.0
9256,さくら夙川,8.0,4.0,３ＬＤＫ,75.0,2009.0,10.0,ＲＣ,近隣商業,未改装,3000.0
9257,さくら夙川,4.0,4.0,３ＬＤＫ,75.0,2009.0,11.0,ＲＣ,１中住専,未改装,3300.0
9258,西宮(ＪＲ),18.0,3.0,２ＬＤＫ,55.0,2009.0,12.0,ＳＲＣ,１種住居,未改装,1300.0
9259,岡場,30.0,3.0,２ＬＤＫ,60.0,2009.0,10.0,ＲＣ,１中住専,未改装,280.0
9260,二郎,19.0,5.0,４ＬＤＫ,85.0,2009.0,19.0,ＲＣ,２中住専,未改装,900.0
9261,西宮(阪神),6.0,2.0,１ＤＫ,25.0,2009.0,0.0,ＲＣ,近隣商業,未改装,2000.0
9262,西宮(阪神),8.0,2.0,１Ｋ,25.0,2009.0,0.0,ＲＣ,近隣商業,未改装,1900.0
9264,西宮北口,5.0,4.0,３ＬＤＫ,70.0,2009.0,4.0,ＲＣ,２中住専,未改装,4500.0
9265,西宮北口,7.0,4.0,３ＬＤＫ,80.0,2009.0,27.0,ＲＣ,２種住居,未改装,2100.0
9266,西宮北口,9.0,5.0,４ＬＤＫ,80.0,2009.0,27.0,ＲＣ,２種住居,改装済み,2500.0
9267,西宮北口,3.0,4.0,３ＬＤＫ,80.0,2009.0,9.0,ＳＲＣ,２種住居,未改装,4300.0
9268,西宮(阪神),6.0,5.0,４ＬＤＫ,110.0,2009.0,11.0,ＳＲＣ,近隣商業,未改装,4800.0
9269,西宮(阪神),6.0,4.0,３ＬＤＫ,85.0,2009.0,11.0,ＳＲＣ,近隣商業,改装済み,3700.0
9270,西宮(阪神),5.0,5.0,４ＬＤＫ,105.0,2009.0,11.0,ＳＲＣ,近隣商業,未改装,4200.0
9271,甲子園口,15.0,4.0,３ＬＤＫ,80.0,2009.0,9.0,ＲＣ,１種住居,未改装,3400.0
9272,鳴尾・武庫川女子大前,13.0,4.0,３ＬＤＫ,75.0,2009.0,7.0,ＲＣ,１中住専,未改装,3600.0
9273,鳴尾・武庫川女子大前,13.0,4.0,３ＬＤＫ,75.0,2009.0,15.0,ＲＣ,１種住居,未改装,2500.0
9274,夙川,8.0,4.0,３ＬＤＫ,70.0,2009.0,5.0,ＲＣ,１中住専,未改装,3800.0
9275,門戸厄神,11.0,4.0,３ＬＤＫ,70.0,2009.0,7.0,ＲＣ,準住居,未改装,2500.0
9277,甲子園,4.0,5.0,４ＬＤＫ,95.0,2008.0,20.0,ＲＣ,１中住専,未改装,1800.0
9278,甲子園,4.0,4.0,３ＬＤＫ,80.0,2007.0,19.0,ＲＣ,１中住専,改装済み,1800.0
9279,甲子園,7.0,3.0,２ＤＫ,45.0,2007.0,36.0,ＲＣ,２中住専,未改装,400.0
9280,鳴尾・武庫川女子大前,3.0,5.0,４ＬＤＫ,85.0,2008.0,11.0,ＲＣ,１種住居,未改装,3000.0
9281,西宮(ＪＲ),3.0,2.0,１Ｋ,15.0,2007.0,23.0,ＲＣ,近隣商業,未改装,330.0
9282,西宮(ＪＲ),1.0,4.0,３ＬＤＫ,75.0,2007.0,14.0,ＳＲＣ,近隣商業,未改装,3300.0
9283,西宮(ＪＲ),4.0,4.0,３ＬＤＫ,60.0,2007.0,31.0,ＳＲＣ,近隣商業,改装済み,1500.0
9284,西宮(ＪＲ),4.0,4.0,３ＬＤＫ,60.0,2007.0,31.0,ＳＲＣ,近隣商業,未改装,1100.0
9285,西宮(ＪＲ),3.0,3.0,２ＬＤＫ,55.0,2007.0,31.0,ＳＲＣ,近隣商業,改装済み,1300.0
9286,香櫨園,15.0,5.0,４ＬＤＫ,85.0,2008.0,30.0,ＳＲＣ,準工業,未改装,1800.0
9287,香櫨園,12.0,4.0,３ＬＤＫ,90.0,2008.0,16.0,ＲＣ,準工業,未改装,2700.0
9288,香櫨園,15.0,4.0,３ＬＤＫ,60.0,2008.0,30.0,ＳＲＣ,準工業,改装済み,1400.0
9289,香櫨園,14.0,4.0,３ＬＤＫ,60.0,2008.0,36.0,ＲＣ,１種住居,改装済み,1200.0
9290,香櫨園,14.0,4.0,３ＬＤＫ,60.0,2008.0,30.0,ＳＲＣ,準工業,改装済み,1300.0
9291,香櫨園,16.0,5.0,４ＬＤＫ,80.0,2008.0,3.0,ＲＣ,準工業,未改装,3000.0
9292,香櫨園,18.0,4.0,３ＬＤＫ,80.0,2008.0,3.0,ＲＣ,準住居,未改装,2500.0
9293,香櫨園,13.0,4.0,３ＬＤＫ,85.0,2008.0,16.0,ＲＣ,準工業,改装済み,2800.0
9294,香櫨園,15.0,4.0,３ＬＤＫ,60.0,2008.0,30.0,ＳＲＣ,準工業,未改装,750.0
9295,香櫨園,13.0,4.0,３ＬＤＫ,85.0,2007.0,15.0,ＲＣ,１種住居,未改装,2100.0
9296,香櫨園,15.0,4.0,３ＬＤＫ,65.0,2007.0,5.0,ＲＣ,準工業,未改装,2400.0
9297,香櫨園,13.0,5.0,４ＬＤＫ,85.0,2007.0,29.0,ＳＲＣ,準工業,未改装,1000.0
9298,香櫨園,15.0,5.0,４ＬＤＫ,95.0,2007.0,5.0,ＲＣ,準工業,未改装,3400.0
9299,香櫨園,12.0,4.0,３ＬＤＫ,85.0,2007.0,29.0,ＳＲＣ,準工業,改装済み,2000.0
9300,香櫨園,14.0,3.0,２ＬＤＫ,80.0,2007.0,15.0,ＲＣ,１種住居,未改装,2200.0
9301,香櫨園,13.0,3.0,２ＬＤＫ,65.0,2007.0,15.0,ＲＣ,１種住居,改装済み,2000.0
9302,西宮(阪神),15.0,3.0,２ＬＤＫ,75.0,2008.0,6.0,ＲＣ,準工業,未改装,2900.0
9303,西宮(阪神),21.0,4.0,３ＬＤＫ,60.0,2008.0,30.0,ＳＲＣ,準工業,改装済み,750.0
9304,西宮(阪神),20.0,3.0,２ＬＤＫ,65.0,2008.0,30.0,ＳＲＣ,準工業,改装済み,1400.0
9305,西宮(阪神),16.0,4.0,３ＬＤＫ,70.0,2007.0,5.0,ＲＣ,準工業,未改装,2300.0
9306,甲陽園,24.0,4.0,３ＬＤＫ,70.0,2008.0,28.0,ＲＣ,１中住専,未改装,1500.0
9307,甲陽園,18.0,5.0,４ＬＤＫ,95.0,2007.0,4.0,ＲＣ,１中住専,未改装,3300.0
9308,西宮北口,30.0,4.0,３ＬＤＫ,65.0,2008.0,28.0,ＲＣ,１中住専,未改装,1300.0
9309,西宮北口,23.0,4.0,３ＬＤＫ,70.0,2007.0,27.0,ＲＣ,１中住専,未改装,1300.0
9310,甲東園,23.0,4.0,３ＬＤＫ,70.0,2008.0,13.0,ＲＣ,１中住専,改装済み,1400.0
9311,仁川,18.0,4.0,３ＬＤＫ,70.0,2008.0,31.0,ＲＣ,１中住専,未改装,900.0
9312,仁川,19.0,4.0,３ＬＤＫ,70.0,2007.0,30.0,ＲＣ,１中住専,未改装,1100.0
9313,久寿川,5.0,4.0,３ＬＤＫ,65.0,2007.0,15.0,ＳＲＣ,近隣商業,未改装,1300.0
9314,久寿川,11.0,4.0,３ＬＤＫ,65.0,2007.0,9.0,ＳＲＣ,１種住居,未改装,1800.0
9315,久寿川,13.0,4.0,３ＬＤＫ,60.0,2007.0,9.0,ＳＲＣ,１種住居,未改装,1800.0
9316,久寿川,14.0,5.0,４ＬＤＫ,80.0,2007.0,9.0,ＳＲＣ,１種住居,改装済み,2500.0
9317,久寿川,7.0,4.0,３ＬＤＫ,65.0,2008.0,9.0,ＲＣ,準工業,未改装,2300.0
9318,今津(阪急),4.0,4.0,３ＬＤＫ,75.0,2007.0,18.0,ＲＣ,１種住居,未改装,1800.0
9319,久寿川,19.0,5.0,４ＬＤＫ,80.0,2008.0,25.0,ＲＣ,１種住居,未改装,1500.0
9320,久寿川,18.0,5.0,４ＬＤＫ,90.0,2008.0,25.0,ＲＣ,１種住居,改装済み,1300.0
9321,久寿川,1.0,1.0,１Ｒ,15.0,2007.0,18.0,ＲＣ,近隣商業,改装済み,340.0
9322,甲東園,19.0,5.0,４ＬＤＫ,100.0,2007.0,18.0,ＲＣ,１中住専,未改装,2800.0
9323,門戸厄神,15.0,4.0,３ＬＤＫ,80.0,2008.0,19.0,ＲＣ,１中住専,未改装,1800.0
9324,門戸厄神,24.0,4.0,３ＬＤＫ,60.0,2008.0,10.0,ＲＣ,１中住専,未改装,1600.0
9325,甲東園,23.0,4.0,３ＬＤＫ,65.0,2008.0,12.0,ＲＣ,１中住専,未改装,1600.0
9326,甲東園,23.0,5.0,４ＬＤＫ,85.0,2008.0,11.0,ＲＣ,１中住専,未改装,2600.0
9327,甲陽園,23.0,4.0,３ＬＤＫ,70.0,2008.0,11.0,ＲＣ,１中住専,未改装,1900.0
9328,甲陽園,15.0,4.0,３ＬＤＫ,75.0,2008.0,30.0,ＳＲＣ,１中住専,未改装,650.0
9329,甲陽園,16.0,4.0,３ＬＤＫ,65.0,2008.0,30.0,ＲＣ,１中住専,改装済み,950.0
9330,甲陽園,17.0,3.0,２ＬＤＫ,75.0,2008.0,30.0,ＳＲＣ,１中住専,未改装,1300.0
9331,甲陽園,20.0,3.0,２ＬＤＫ,60.0,2007.0,29.0,ＳＲＣ,１中住専,未改装,800.0
9332,甲陽園,16.0,4.0,３ＬＤＫ,60.0,2007.0,29.0,ＳＲＣ,１中住専,未改装,400.0
9333,洲先,4.0,4.0,３ＬＤＫ,75.0,2007.0,2.0,ＲＣ,１種住居,未改装,2700.0
9335,洲先,9.0,4.0,３ＬＤＫ,75.0,2008.0,27.0,ＲＣ,１種住居,未改装,900.0
9337,洲先,9.0,5.0,４ＬＤＫ,75.0,2007.0,26.0,ＲＣ,１種住居,改装済み,1600.0
9338,鳴尾・武庫川女子大前,14.0,4.0,３ＬＤＫ,70.0,2008.0,7.0,ＲＣ,１種住居,未改装,2300.0
9339,武庫川団地前,3.0,4.0,３ＬＤＫ,70.0,2008.0,33.0,ＲＣ,１種住居,未改装,1000.0
9340,武庫川団地前,3.0,4.0,３ＬＤＫ,70.0,2007.0,32.0,ＲＣ,１種住居,改装済み,980.0
9341,西宮(阪神),5.0,4.0,３ＬＤＫ,65.0,2007.0,6.0,ＲＣ,近隣商業,未改装,1900.0
9342,苦楽園口,16.0,4.0,３ＬＤＫ,55.0,2008.0,33.0,鉄骨造,１低住専,未改装,500.0
9343,苦楽園口,18.0,4.0,３ＬＤＫ,60.0,2008.0,33.0,鉄骨造,１低住専,未改装,580.0
9344,苦楽園口,16.0,4.0,３ＬＤＫ,70.0,2008.0,11.0,ＲＣ,１中住専,改装済み,2900.0
9345,苦楽園口,17.0,4.0,３ＬＤＫ,100.0,2008.0,34.0,ＲＣ,１中住専,未改装,1700.0
9347,苦楽園口,20.0,4.0,３ＬＤＫ,70.0,2007.0,32.0,鉄骨造,１中住専,未改装,680.0
9348,夙川,23.0,5.0,４ＬＤＫ,75.0,2008.0,4.0,ＲＣ,２中住専,未改装,3400.0
9349,夙川,4.0,3.0,２ＬＤＫ,55.0,2007.0,7.0,ＲＣ,１中住専,未改装,2900.0
9350,芦屋(ＪＲ),16.0,4.0,３ＬＤＫ,70.0,2007.0,33.0,ＲＣ,１中住専,未改装,1100.0
9352,夙川,13.0,4.0,３ＬＤＫ,70.0,2008.0,34.0,ＲＣ,１中住専,改装済み,1100.0
9353,夙川,15.0,4.0,３ＬＤＫ,70.0,2008.0,34.0,ＲＣ,１中住専,改装済み,1300.0
9354,夙川,19.0,4.0,３ＬＤＫ,70.0,2007.0,33.0,ＲＣ,１中住専,改装済み,1600.0
9355,夙川,11.0,4.0,３ＬＤＫ,70.0,2007.0,33.0,ＲＣ,１中住専,未改装,900.0
9356,夙川,13.0,3.0,２ＬＤＫ,70.0,2007.0,33.0,ＲＣ,１中住専,改装済み,1200.0
9357,夙川,16.0,4.0,３ＬＤＫ,70.0,2007.0,33.0,ＲＣ,１中住専,改装済み,1200.0
9358,西宮北口,13.0,5.0,３ＬＤＫ＋Ｓ,75.0,2007.0,10.0,ＲＣ,準住居,改装済み,2400.0
9359,香櫨園,15.0,4.0,３ＬＤＫ,75.0,2008.0,24.0,ＲＣ,１種住居,未改装,2400.0
9360,西宮北口,16.0,4.0,３ＬＤＫ,70.0,2008.0,13.0,ＲＣ,１中住専,未改装,3500.0
9361,西宮北口,13.0,4.0,３ＬＤＫ,70.0,2007.0,12.0,ＲＣ,１中住専,未改装,2500.0
9362,西宮北口,17.0,4.0,３ＬＤＫ,75.0,2007.0,12.0,ＲＣ,１中住専,未改装,1800.0
9363,苦楽園口,13.0,5.0,４ＬＤＫ,90.0,2008.0,11.0,ＲＣ,１中住専,未改装,3100.0
9364,鳴尾・武庫川女子大前,6.0,4.0,３ＬＤＫ,75.0,2008.0,6.0,ＲＣ,１中住専,未改装,3900.0
9365,さくら夙川,2.0,5.0,４ＬＤＫ,90.0,2008.0,29.0,ＲＣ,近隣商業,未改装,2100.0
9366,さくら夙川,4.0,3.0,２ＬＤＫ,65.0,2008.0,10.0,ＲＣ,１種住居,未改装,2700.0
9367,さくら夙川,3.0,3.0,２ＬＤＫ,60.0,2008.0,11.0,ＲＣ,１種住居,未改装,2300.0
9368,さくら夙川,3.0,3.0,２ＬＤＫ,60.0,2008.0,29.0,ＳＲＣ,近隣商業,未改装,1500.0
9369,さくら夙川,3.0,3.0,２ＬＤＫ,70.0,2007.0,28.0,ＳＲＣ,近隣商業,未改装,1700.0
9370,さくら夙川,2.0,3.0,２ＬＤＫ,60.0,2007.0,28.0,ＳＲＣ,近隣商業,未改装,1900.0
9371,夙川,7.0,1.0,１Ｒ,15.0,2008.0,24.0,ＲＣ,１中住専,未改装,220.0
9372,夙川,6.0,4.0,３ＬＤＫ,80.0,2008.0,9.0,ＲＣ,１中住専,未改装,4500.0
9373,夙川,8.0,3.0,２ＬＤＫ,65.0,2007.0,10.0,ＲＣ,１中住専,改装済み,4100.0
9374,甲東園,14.0,4.0,３ＬＤＫ,70.0,2008.0,30.0,ＳＲＣ,１種住居,改装済み,1600.0
9375,甲東園,14.0,2.0,１ＬＤＫ,75.0,2008.0,30.0,ＳＲＣ,１種住居,改装済み,1300.0
9376,甲東園,12.0,4.0,３ＬＤＫ,70.0,2007.0,29.0,ＳＲＣ,１種住居,未改装,1400.0
9377,苦楽園口,14.0,5.0,４ＬＤＫ,95.0,2008.0,14.0,ＲＣ,１中住専,未改装,2800.0
9378,苦楽園口,15.0,4.0,３ＬＤＫ,90.0,2008.0,12.0,ＲＣ,１中住専,未改装,3100.0
9379,苦楽園口,13.0,6.0,４ＬＤＫ＋Ｓ,115.0,2007.0,33.0,ＲＣ,１中住専,改装済み,1400.0
9380,甲子園,18.0,4.0,３ＬＤＫ,70.0,2008.0,22.0,ＳＲＣ,準工業,未改装,1700.0
9381,甲子園,16.0,4.0,３ＬＤＫ,70.0,2008.0,22.0,ＲＣ,準工業,未改装,1600.0
9382,甲子園,14.0,4.0,３ＬＤＫ,60.0,2008.0,36.0,鉄骨造,１中住専,未改装,970.0
9383,甲子園,15.0,4.0,３ＬＤＫ,75.0,2008.0,22.0,ＳＲＣ,準工業,未改装,1800.0
9384,甲子園,18.0,3.0,２ＤＫ,40.0,2007.0,35.0,鉄骨造,２中住専,未改装,500.0
9385,甲子園口,21.0,4.0,３ＬＤＫ,70.0,2008.0,22.0,ＲＣ,準工業,改装済み,1700.0
9388,甲子園口,14.0,4.0,３ＬＤＫ,70.0,2008.0,7.0,ＳＲＣ,１種住居,未改装,2900.0
9389,甲子園口,16.0,4.0,３ＬＤＫ,50.0,2008.0,11.0,ＳＲＣ,近隣商業,未改装,1300.0
9390,甲子園口,13.0,3.0,２ＤＫ,45.0,2007.0,35.0,鉄骨造,２中住専,改装済み,1100.0
9391,甲東園,9.0,4.0,３ＬＤＫ,75.0,2008.0,8.0,ＲＣ,１低住専,未改装,3400.0
9392,甲東園,13.0,5.0,４ＬＤＫ,85.0,2008.0,2.0,ＲＣ,１低住専,未改装,4000.0
9393,甲東園,9.0,4.0,３ＬＤＫ,75.0,2007.0,7.0,ＲＣ,１中住専,未改装,3600.0
9394,甲東園,9.0,5.0,４ＬＤＫ,85.0,2007.0,7.0,ＲＣ,１中住専,未改装,3900.0
9395,香櫨園,8.0,4.0,３ＬＤＫ,70.0,2008.0,10.0,ＲＣ,１中住専,改装済み,2700.0
9396,香櫨園,8.0,5.0,４ＬＤＫ,90.0,2008.0,1.0,ＲＣ,１中住専,未改装,5700.0
9397,香櫨園,11.0,5.0,４ＬＤＫ,95.0,2008.0,2.0,ＲＣ,１中住専,未改装,4200.0
9398,香櫨園,11.0,5.0,４ＬＤＫ,100.0,2007.0,9.0,ＲＣ,１中住専,未改装,4000.0
9399,香櫨園,10.0,4.0,３ＬＤＫ,85.0,2007.0,10.0,ＲＣ,１中住専,未改装,3700.0
9400,香櫨園,11.0,3.0,２ＬＤＫ,75.0,2007.0,9.0,ＲＣ,１中住専,未改装,3000.0
9401,香櫨園,10.0,4.0,３ＬＤＫ,80.0,2008.0,2.0,ＲＣ,１中住専,未改装,3600.0
9402,香櫨園,2.0,3.0,２ＬＤＫ,60.0,2008.0,10.0,ＳＲＣ,準住居,改装済み,2200.0
9403,香櫨園,5.0,2.0,１ＤＫ,30.0,2007.0,9.0,ＲＣ,１中住専,未改装,780.0
9405,甲陽園,8.0,4.0,３ＬＤＫ,70.0,2007.0,7.0,ＲＣ,１種住居,未改装,3100.0
9407,西宮北口,1.0,4.0,３ＬＤＫ,70.0,2008.0,7.0,ＳＲＣ,商業,未改装,5000.0
9409,苦楽園口,5.0,4.0,３ＬＤＫ,85.0,2007.0,8.0,ＲＣ,１低住専,未改装,3900.0
9410,西宮(阪神),12.0,5.0,４ＤＫ,65.0,2008.0,34.0,ＳＲＣ,準工業,改装済み,1100.0
9411,西宮(阪神),17.0,4.0,３ＬＤＫ,65.0,2008.0,12.0,ＲＣ,準工業,改装済み,1900.0
9412,西宮(阪神),19.0,4.0,３ＬＤＫ,65.0,2008.0,12.0,ＲＣ,準工業,未改装,1400.0
9413,西宮(阪神),17.0,4.0,３ＬＤＫ,65.0,2007.0,11.0,ＲＣ,準工業,未改装,1600.0
9414,西宮(阪神),8.0,4.0,３ＬＤＫ,65.0,2007.0,33.0,ＳＲＣ,準工業,改装済み,960.0
9415,西宮(阪神),13.0,5.0,３ＬＤＫ＋Ｓ,65.0,2007.0,33.0,ＳＲＣ,準工業,未改装,980.0
9416,甲子園口,7.0,4.0,３ＬＤＫ,75.0,2008.0,1.0,ＲＣ,１中住専,未改装,3700.0
9417,甲子園口,9.0,2.0,１ＬＤＫ,70.0,2008.0,35.0,ＲＣ,１中住専,未改装,1200.0
9418,甲子園口,7.0,4.0,３ＬＤＫ,75.0,2008.0,2.0,ＲＣ,１中住専,未改装,3400.0
9419,甲子園口,9.0,4.0,３ＬＤＫ,70.0,2007.0,34.0,ＲＣ,１中住専,改装済み,1500.0
9420,甲子園口,10.0,4.0,３ＬＤＫ,55.0,2007.0,30.0,ＲＣ,１中住専,未改装,1100.0
9421,甲子園口,9.0,4.0,３ＬＤＫ,70.0,2007.0,34.0,ＲＣ,１中住専,改装済み,1500.0
9422,苦楽園口,15.0,4.0,３ＬＤＫ,85.0,2008.0,34.0,ＲＣ,１低住専,未改装,1400.0
9423,苦楽園口,14.0,4.0,３ＬＤＫ,70.0,2008.0,10.0,ＲＣ,１低住専,未改装,2900.0
9424,苦楽園口,15.0,4.0,３ＬＤＫ,75.0,2008.0,34.0,ＲＣ,１低住専,未改装,1200.0
9425,苦楽園口,13.0,4.0,３ＬＤＫ,75.0,2007.0,9.0,ＲＣ,１低住専,未改装,3300.0
9426,夙川,7.0,4.0,３ＬＤＫ,65.0,2007.0,9.0,ＲＣ,１中住専,未改装,3200.0
9427,夙川,7.0,2.0,１ＬＤＫ,75.0,2007.0,8.0,ＲＣ,１中住専,改装済み,3200.0
9428,甲子園口,11.0,5.0,４ＬＤＫ,85.0,2007.0,7.0,ＲＣ,１中住専,未改装,3700.0
9429,甲子園口,13.0,4.0,３ＬＤＫ,95.0,2007.0,7.0,ＲＣ,１中住専,未改装,4800.0
9430,甲子園口,8.0,4.0,３ＬＤＫ,75.0,2007.0,7.0,ＲＣ,１中住専,未改装,3500.0
9431,甲子園,10.0,5.0,４ＤＫ,70.0,2008.0,39.0,ＲＣ,１中住専,未改装,1600.0
9432,甲子園,8.0,4.0,３ＬＤＫ,75.0,2008.0,11.0,ＲＣ,１中住専,未改装,3800.0
9433,甲子園,6.0,4.0,３ＬＤＫ,85.0,2008.0,11.0,ＲＣ,１中住専,改装済み,3200.0
9434,甲子園,5.0,4.0,３ＬＤＫ,65.0,2008.0,39.0,ＲＣ,近隣商業,改装済み,1400.0
9435,甲子園,5.0,3.0,２ＤＫ,55.0,2008.0,39.0,ＲＣ,近隣商業,改装済み,1100.0
9436,甲子園,5.0,3.0,２ＬＤＫ,55.0,2008.0,39.0,ＲＣ,近隣商業,改装済み,1300.0
9437,甲子園,6.0,4.0,３ＬＤＫ,90.0,2007.0,34.0,ＲＣ,２種住居,改装済み,2100.0
9438,甲子園,16.0,4.0,３ＬＤＫ,65.0,2008.0,31.0,ＲＣ,２種住居,未改装,1100.0
9439,甲子園,23.0,4.0,３ＬＤＫ,65.0,2008.0,31.0,ＲＣ,２種住居,改装済み,1800.0
9440,甲子園,15.0,4.0,３ＬＤＫ,65.0,2008.0,31.0,ＲＣ,２種住居,未改装,1100.0
9441,甲子園,11.0,4.0,３ＬＤＫ,60.0,2008.0,10.0,ＲＣ,１中住専,未改装,2100.0
9442,甲子園,13.0,4.0,３ＬＤＫ,65.0,2007.0,1.0,ＲＣ,２種住居,未改装,2700.0
9443,甲子園,5.0,4.0,３ＬＤＫ,95.0,2007.0,10.0,ＲＣ,１中住専,未改装,2700.0
9444,甲子園口,4.0,5.0,４ＬＤＫ,80.0,2008.0,10.0,ＲＣ,近隣商業,未改装,3000.0
9445,甲子園口,10.0,3.0,２ＬＤＫ,65.0,2008.0,36.0,ＲＣ,１中住専,改装済み,1300.0
9446,甲子園口,7.0,4.0,３ＬＤＫ,75.0,2008.0,7.0,ＲＣ,１中住専,未改装,4200.0
9447,甲子園口,6.0,4.0,３ＬＤＫ,65.0,2008.0,12.0,ＲＣ,近隣商業,改装済み,2600.0
9448,甲子園口,8.0,4.0,３ＬＤＫ,80.0,2007.0,6.0,ＲＣ,１中住専,未改装,4200.0
9449,甲子園口,5.0,3.0,２ＬＤＫ,75.0,2007.0,12.0,ＲＣ,１中住専,未改装,3500.0
9450,甲子園口,1.0,4.0,３ＬＤＫ,90.0,2008.0,10.0,ＳＲＣ,近隣商業,未改装,3800.0
9451,甲子園口,4.0,3.0,２ＬＤＫ,75.0,2008.0,38.0,ＳＲＣ,１中住専,未改装,1700.0
9452,甲子園口,6.0,5.0,４ＬＤＫ,85.0,2008.0,30.0,ＲＣ,１中住専,未改装,2300.0
9453,甲子園口,4.0,4.0,３ＬＤＫ,70.0,2007.0,37.0,ＳＲＣ,１中住専,改装済み,1900.0
9455,甲子園口,4.0,5.0,４ＬＤＫ,130.0,2007.0,7.0,ＲＣ,１中住専,未改装,4100.0
9456,甲子園,6.0,4.0,３ＬＤＫ,60.0,2008.0,22.0,ＳＲＣ,近隣商業,改装済み,2000.0
9457,甲子園,6.0,4.0,３ＬＤＫ,65.0,2008.0,10.0,ＳＲＣ,近隣商業,未改装,1700.0
9458,甲子園,4.0,2.0,１ＬＤＫ,60.0,2007.0,1.0,ＲＣ,近隣商業,未改装,2800.0
9459,甲子園,6.0,4.0,３ＬＤＫ,60.0,2007.0,21.0,ＳＲＣ,近隣商業,未改装,1100.0
9460,甲子園,10.0,3.0,２ＬＤＫ,75.0,2008.0,5.0,ＲＣ,２中住専,未改装,3500.0
9461,甲子園,11.0,4.0,３ＬＤＫ,80.0,2008.0,7.0,ＲＣ,２中住専,改装済み,3300.0
9462,甲子園,11.0,4.0,３ＬＤＫ,70.0,2008.0,7.0,ＲＣ,２中住専,改装済み,3100.0
9463,甲子園,9.0,3.0,２ＬＤＫ,60.0,2007.0,3.0,ＲＣ,近隣商業,未改装,2600.0
9464,甲子園,10.0,4.0,３ＬＤＫ,105.0,2007.0,34.0,ＲＣ,近隣商業,改装済み,2100.0
9465,甲子園,9.0,3.0,２ＬＤＫ,50.0,2007.0,34.0,ＲＣ,近隣商業,未改装,1300.0
9466,久寿川,5.0,4.0,２ＬＤＫ＋Ｓ,60.0,2008.0,8.0,ＲＣ,１種住居,未改装,2200.0
9467,甲東園,1.0,5.0,４ＬＤＫ,85.0,2008.0,20.0,ＲＣ,近隣商業,未改装,3000.0
9468,甲東園,3.0,3.0,２ＬＤＫ,60.0,2008.0,35.0,ＳＲＣ,近隣商業,改装済み,1500.0
9469,甲東園,4.0,4.0,３ＬＤＫ,60.0,2008.0,35.0,ＳＲＣ,近隣商業,未改装,800.0
9470,甲東園,1.0,3.0,２ＤＫ,50.0,2008.0,9.0,ＳＲＣ,近隣商業,改装済み,2100.0
9471,甲東園,2.0,4.0,３ＬＤＫ,85.0,2008.0,35.0,ＳＲＣ,近隣商業,未改装,1500.0
9472,甲東園,2.0,4.0,３ＬＤＫ,75.0,2007.0,34.0,ＳＲＣ,近隣商業,未改装,1800.0
9473,甲東園,3.0,4.0,３ＬＤＫ,65.0,2007.0,7.0,ＲＣ,１中住専,未改装,3100.0
9474,甲東園,3.0,4.0,３ＬＤＫ,70.0,2007.0,34.0,ＳＲＣ,１中住専,改装済み,1400.0
9475,甲東園,2.0,4.0,３ＬＤＫ,60.0,2007.0,9.0,ＲＣ,近隣商業,改装済み,2100.0
9476,甲東園,3.0,4.0,３ＬＤＫ,80.0,2007.0,34.0,ＳＲＣ,近隣商業,未改装,1900.0
9478,香櫨園,8.0,4.0,３ＬＤＫ,70.0,2007.0,7.0,ＲＣ,１中住専,未改装,2600.0
9479,さくら夙川,10.0,4.0,３ＬＤＫ,70.0,2007.0,1.0,ＲＣ,１中住専,未改装,3100.0
9480,甲陽園,13.0,4.0,３ＬＤＫ,75.0,2008.0,9.0,ＲＣ,１低住専,未改装,1100.0
9481,甲陽園,2.0,4.0,３ＬＤＫ,75.0,2008.0,8.0,ＲＣ,２低住専,未改装,3700.0
9482,甲陽園,3.0,4.0,３ＬＤＫ,70.0,2007.0,7.0,ＲＣ,２低住専,未改装,3200.0
9483,甲陽園,2.0,3.0,２ＬＤＫ,70.0,2007.0,7.0,ＲＣ,２低住専,未改装,3600.0
9484,甲陽園,2.0,4.0,３ＬＤＫ,70.0,2007.0,7.0,ＲＣ,２低住専,未改装,3700.0
9485,甲陽園,10.0,4.0,３ＬＤＫ,70.0,2007.0,8.0,ＲＣ,１低住専,改装済み,2600.0
9486,甲陽園,3.0,4.0,３ＬＤＫ,70.0,2007.0,7.0,ＲＣ,１低住専,未改装,3200.0
9488,甲陽園,20.0,5.0,４ＬＤＫ,140.0,2008.0,17.0,ＲＣ,１中住専,未改装,2800.0
9489,甲陽園,18.0,4.0,３ＬＤＫ,70.0,2008.0,10.0,ＲＣ,１中住専,改装済み,2600.0
9490,甲陽園,7.0,3.0,２ＬＤＫ,75.0,2008.0,2.0,ＲＣ,１中住専,未改装,3100.0
9491,甲陽園,10.0,4.0,３ＬＤＫ,70.0,2007.0,11.0,ＲＣ,１中住専,未改装,2100.0
9492,甲陽園,3.0,3.0,２ＬＤＫ,75.0,2008.0,31.0,ＳＲＣ,近隣商業,未改装,1500.0
9493,甲陽園,3.0,4.0,３ＬＤＫ,85.0,2008.0,20.0,ＲＣ,近隣商業,未改装,2900.0
9494,甲陽園,3.0,5.0,４ＬＤＫ,75.0,2007.0,30.0,ＳＲＣ,近隣商業,未改装,1600.0
9495,甲陽園,1.0,2.0,１ＬＤＫ,50.0,2007.0,36.0,ＲＣ,近隣商業,未改装,890.0
9496,甲陽園,4.0,4.0,３ＬＤＫ,70.0,2008.0,8.0,ＲＣ,１中住専,未改装,3000.0
9497,苦楽園口,19.0,4.0,３ＬＤＫ,75.0,2007.0,11.0,ＲＣ,１中住専,未改装,1800.0
9498,甲陽園,9.0,4.0,３ＬＤＫ,75.0,2008.0,12.0,ＲＣ,１中住専,改装済み,1800.0
9499,甲陽園,10.0,4.0,３ＬＤＫ,70.0,2007.0,11.0,ＲＣ,１中住専,改装済み,1700.0
9500,西宮(阪神),17.0,4.0,３ＬＤＫ,70.0,2008.0,10.0,ＲＣ,１中住専,未改装,2300.0
9501,甲子園口,13.0,4.0,３ＬＤＫ,75.0,2008.0,4.0,ＲＣ,２中住専,改装済み,3200.0
9502,夙川,6.0,4.0,３ＬＤＫ,70.0,2008.0,3.0,ＲＣ,１種住居,未改装,3800.0
9503,夙川,4.0,4.0,３ＬＤＫ,70.0,2007.0,7.0,ＲＣ,１種住居,未改装,4200.0
9504,武庫川,13.0,5.0,４ＬＤＫ,85.0,2008.0,4.0,ＲＣ,２中住専,未改装,3200.0
9505,鳴尾・武庫川女子大前,10.0,3.0,２ＬＤＫ,55.0,2008.0,36.0,ＳＲＣ,１種住居,未改装,990.0
9506,鳴尾・武庫川女子大前,9.0,3.0,２ＬＤＫ,55.0,2008.0,36.0,ＳＲＣ,１種住居,未改装,900.0
9507,鳴尾・武庫川女子大前,9.0,3.0,２ＬＤＫ,55.0,2008.0,36.0,ＳＲＣ,１種住居,改装済み,1100.0
9508,鳴尾・武庫川女子大前,8.0,4.0,３ＬＤＫ,55.0,2008.0,18.0,ＲＣ,１種住居,改装済み,1900.0
9509,鳴尾・武庫川女子大前,9.0,3.0,２ＬＤＫ,55.0,2007.0,35.0,ＳＲＣ,１種住居,未改装,1000.0
9510,鳴尾・武庫川女子大前,9.0,3.0,２ＬＤＫ,60.0,2007.0,35.0,ＳＲＣ,１種住居,改装済み,1000.0
9511,武庫川,9.0,4.0,３ＬＤＫ,55.0,2007.0,17.0,ＲＣ,１種住居,未改装,1400.0
9512,武庫川,7.0,4.0,３ＬＤＫ,85.0,2008.0,4.0,ＲＣ,１種住居,未改装,3200.0
9513,苦楽園口,10.0,4.0,３ＬＤＫ,100.0,2008.0,4.0,ＲＣ,１低住専,未改装,6800.0
9514,苦楽園口,9.0,3.0,２ＬＤＫ,100.0,2008.0,4.0,ＲＣ,１低住専,改装済み,6900.0
9515,苦楽園口,10.0,4.0,３ＬＤＫ,80.0,2007.0,7.0,ＲＣ,１低住専,未改装,3900.0
9516,甲陽園,9.0,5.0,４ＬＤＫ,110.0,2008.0,17.0,ＲＣ,１中住専,未改装,3400.0
9517,さくら夙川,3.0,4.0,２ＬＤＫ＋Ｓ,60.0,2008.0,8.0,ＲＣ,近隣商業,未改装,2000.0
9518,生瀬,13.0,3.0,２ＬＤＫ,70.0,2008.0,16.0,ＲＣ,１中住専,未改装,780.0
9519,甲陽園,11.0,4.0,３ＬＤＫ,70.0,2008.0,4.0,ＲＣ,１中住専,未改装,3400.0
9520,夙川,6.0,4.0,３ＬＤＫ,80.0,2008.0,12.0,ＲＣ,１中住専,未改装,3500.0
9521,香櫨園,11.0,4.0,３ＬＤＫ,75.0,2007.0,0.0,ＲＣ,１中住専,未改装,3800.0
9522,香櫨園,13.0,4.0,３ＬＤＫ,70.0,2007.0,0.0,ＲＣ,１中住専,未改装,3800.0
9523,香櫨園,10.0,4.0,３ＬＤＫ,75.0,2007.0,10.0,ＲＣ,１中住専,未改装,2600.0
9525,西宮(阪神),10.0,5.0,４ＬＤＫ,85.0,2007.0,12.0,ＲＣ,近隣商業,未改装,3100.0
9526,甲東園,2.0,4.0,３ＬＤＫ,70.0,2008.0,9.0,ＲＣ,近隣商業,未改装,3800.0
9527,苦楽園口,11.0,4.0,３ＬＤＫ,70.0,2008.0,6.0,ＲＣ,１低住専,未改装,3400.0
9528,苦楽園口,11.0,4.0,３ＬＤＫ,85.0,2007.0,5.0,ＲＣ,１低住専,未改装,4400.0
9529,甲陽園,11.0,4.0,３ＬＤＫ,65.0,2008.0,7.0,ＲＣ,１低住専,未改装,1500.0
9530,甲陽園,12.0,4.0,３ＬＤＫ,70.0,2008.0,9.0,ＲＣ,１低住専,未改装,2800.0
9531,夙川,13.0,4.0,３ＬＤＫ,70.0,2008.0,10.0,ＲＣ,近隣商業,未改装,2300.0
9532,甲陽園,17.0,4.0,３ＬＤＫ,85.0,2008.0,5.0,ＲＣ,１低住専,未改装,3600.0
9533,西宮(ＪＲ),8.0,4.0,３ＬＤＫ,70.0,2007.0,10.0,ＲＣ,近隣商業,改装済み,2500.0
9534,西宮(阪神),6.0,4.0,３ＬＤＫ,70.0,2008.0,11.0,ＲＣ,近隣商業,改装済み,2600.0
9535,苦楽園口,13.0,5.0,４ＬＤＫ,80.0,2008.0,12.0,ＲＣ,１中住専,未改装,2100.0
9536,苦楽園口,19.0,4.0,３ＬＤＫ,80.0,2008.0,7.0,ＲＣ,１中住専,未改装,2700.0
9537,苦楽園口,12.0,4.0,３ＬＤＫ,70.0,2008.0,7.0,ＲＣ,１中住専,未改装,2300.0
9538,苦楽園口,15.0,4.0,３ＬＤＫ,75.0,2007.0,30.0,ＲＣ,１中住専,未改装,700.0
9539,苦楽園口,14.0,4.0,３ＬＤＫ,60.0,2007.0,30.0,ＲＣ,１中住専,未改装,1300.0
9540,甲陽園,14.0,4.0,３ＬＤＫ,75.0,2007.0,6.0,ＲＣ,１中住専,未改装,1900.0
9541,西宮北口,25.0,4.0,３ＬＤＫ,60.0,2007.0,30.0,ＳＲＣ,１中住専,未改装,880.0
9542,西宮北口,10.0,4.0,３ＬＤＫ,70.0,2008.0,5.0,ＲＣ,１中住専,未改装,4300.0
9543,西宮北口,15.0,3.0,２ＬＤＫ,65.0,2007.0,5.0,ＲＣ,１中住専,未改装,3100.0
9544,甲陽園,16.0,3.0,２ＬＤＫ,65.0,2008.0,19.0,ＲＣ,１中住専,未改装,1200.0
9545,甲陽園,29.0,5.0,４ＬＤＫ,75.0,2007.0,22.0,ＲＣ,１中住専,未改装,1600.0
9546,西宮北口,25.0,4.0,３ＬＤＫ,70.0,2008.0,19.0,ＲＣ,１中住専,未改装,1300.0
9547,西宮北口,26.0,5.0,４ＬＤＫ,90.0,2007.0,18.0,ＲＣ,１中住専,未改装,2000.0
9548,門戸厄神,24.0,4.0,３ＬＤＫ,75.0,2007.0,22.0,ＲＣ,１中住専,改装済み,1500.0
9549,門戸厄神,15.0,5.0,４ＬＤＫ,115.0,2007.0,22.0,ＲＣ,１中住専,改装済み,2700.0
9550,武庫川団地前,10.0,4.0,３ＬＤＫ,70.0,2008.0,25.0,ＳＲＣ,１中住専,改装済み,1400.0
9551,武庫川団地前,13.0,3.0,２ＬＤＫ,65.0,2008.0,23.0,ＳＲＣ,１中住専,改装済み,1100.0
9552,武庫川団地前,13.0,4.0,３ＬＤＫ,95.0,2008.0,23.0,ＳＲＣ,１中住専,改装済み,1600.0
9553,武庫川団地前,8.0,5.0,４ＬＤＫ,95.0,2008.0,12.0,ＲＣ,１中住専,改装済み,2700.0
9554,武庫川団地前,6.0,4.0,３ＬＤＫ,75.0,2008.0,17.0,ＲＣ,１中住専,未改装,1500.0
9555,武庫川団地前,9.0,4.0,３ＬＤＫ,65.0,2008.0,23.0,ＳＲＣ,１中住専,改装済み,1800.0
9556,武庫川団地前,13.0,5.0,４ＬＤＫ,95.0,2008.0,18.0,ＳＲＣ,１中住専,未改装,1800.0
9557,武庫川団地前,6.0,4.0,３ＬＤＫ,95.0,2008.0,25.0,ＳＲＣ,１中住専,改装済み,1900.0
9558,武庫川団地前,6.0,5.0,４ＬＤＫ,95.0,2008.0,8.0,ＲＣ,１中住専,未改装,2500.0
9559,武庫川団地前,3.0,4.0,３ＬＤＫ,80.0,2008.0,16.0,ＲＣ,１中住専,未改装,2000.0
9560,武庫川団地前,5.0,4.0,３ＬＤＫ,80.0,2007.0,15.0,ＲＣ,１中住専,未改装,1700.0
9561,武庫川団地前,10.0,5.0,４ＬＤＫ,95.0,2007.0,17.0,ＳＲＣ,１中住専,未改装,2600.0
9562,武庫川団地前,9.0,4.0,３ＬＤＫ,70.0,2007.0,24.0,ＳＲＣ,１中住専,未改装,1100.0
9563,武庫川団地前,4.0,4.0,３ＬＤＫ,80.0,2007.0,15.0,ＲＣ,１中住専,未改装,1600.0
9564,武庫川団地前,6.0,5.0,４ＬＤＫ,85.0,2007.0,3.0,ＲＣ,１中住専,未改装,2700.0
9565,武庫川団地前,8.0,4.0,３ＬＤＫ,80.0,2007.0,5.0,ＲＣ,１中住専,未改装,2200.0
9566,武庫川団地前,11.0,5.0,４ＬＤＫ,65.0,2007.0,22.0,ＳＲＣ,１中住専,未改装,1200.0
9567,夙川,11.0,3.0,２ＬＤＫ,60.0,2008.0,43.0,ＲＣ,１中住専,改装済み,1100.0
9568,夙川,9.0,3.0,２ＬＤＫ,60.0,2008.0,27.0,ＲＣ,１低住専,未改装,500.0
9569,西宮(ＪＲ),15.0,3.0,２ＬＤＫ,60.0,2007.0,32.0,ＳＲＣ,工業,改装済み,1200.0
9570,西宮北口,13.0,4.0,３ＬＤＫ,60.0,2008.0,33.0,ＳＲＣ,準工業,未改装,1300.0
9571,西宮北口,11.0,3.0,２ＬＤＫ,65.0,2007.0,8.0,ＲＣ,準工業,未改装,2300.0
9572,阪神国道,13.0,4.0,３ＬＤＫ,65.0,2007.0,32.0,ＳＲＣ,準工業,未改装,1200.0
9573,西宮北口,3.0,5.0,４ＬＤＫ,85.0,2008.0,8.0,ＳＲＣ,商業,未改装,4300.0
9574,西宮北口,11.0,4.0,３ＬＤＫ,75.0,2008.0,9.0,ＳＲＣ,１種住居,未改装,2800.0
9575,西宮北口,7.0,5.0,４ＬＤＫ,75.0,2008.0,3.0,ＲＣ,１種住居,未改装,3900.0
9576,香櫨園,9.0,3.0,２ＬＤＫ,60.0,2008.0,10.0,ＲＣ,１種住居,未改装,2100.0
9577,香櫨園,9.0,4.0,３ＬＤＫ,60.0,2007.0,10.0,ＲＣ,準工業,未改装,1500.0
9578,香櫨園,11.0,5.0,４ＬＤＫ,70.0,2007.0,10.0,ＲＣ,準工業,改装済み,2700.0
9579,西宮(阪神),1.0,3.0,２ＬＤＫ,80.0,2008.0,5.0,ＲＣ,商業,未改装,4600.0
9580,西宮(阪神),1.0,4.0,３ＬＤＫ,75.0,2007.0,1.0,ＲＣ,商業,未改装,4300.0
9581,甲東園,16.0,3.0,２ＬＤＫ,65.0,2008.0,29.0,ＲＣ,１中住専,未改装,830.0
9582,仁川,7.0,3.0,２ＬＤＫ,60.0,2008.0,0.0,ＲＣ,２中住専,未改装,3000.0
9583,仁川,7.0,4.0,３ＬＤＫ,70.0,2008.0,0.0,ＲＣ,２中住専,未改装,3700.0
9584,仁川,7.0,5.0,４ＬＤＫ,85.0,2008.0,0.0,ＲＣ,２中住専,未改装,4300.0
9585,仁川,9.0,4.0,３ＬＤＫ,65.0,2007.0,23.0,ＲＣ,１中住専,未改装,1200.0
9586,仁川,11.0,5.0,４ＬＤＫ,65.0,2007.0,23.0,ＲＣ,１中住専,改装済み,1800.0
9587,仁川,16.0,4.0,３ＬＤＫ,70.0,2007.0,21.0,ＲＣ,１中住専,未改装,1600.0
9588,仁川,14.0,4.0,３ＬＤＫ,70.0,2007.0,4.0,ＲＣ,１中住専,改装済み,2600.0
9589,阪神国道,2.0,4.0,３ＬＤＫ,70.0,2008.0,12.0,ＲＣ,近隣商業,未改装,2500.0
9590,今津(阪神),12.0,4.0,３ＬＤＫ,65.0,2008.0,7.0,ＲＣ,工業,未改装,2000.0
9591,阪神国道,9.0,3.0,２ＬＤＫ,65.0,2008.0,7.0,ＲＣ,工業,未改装,2500.0
9592,西宮(ＪＲ),3.0,4.0,３ＬＤＫ,65.0,2008.0,13.0,ＲＣ,準工業,未改装,2900.0
9593,西宮(ＪＲ),5.0,4.0,３ＬＤＫ,65.0,2008.0,14.0,ＲＣ,準工業,未改装,2200.0
9594,西宮(ＪＲ),3.0,4.0,３ＬＤＫ,65.0,2007.0,12.0,ＲＣ,準工業,未改装,3100.0
9595,西宮(ＪＲ),5.0,4.0,３ＬＤＫ,65.0,2007.0,8.0,ＲＣ,工業,未改装,2500.0
9596,阪神国道,3.0,4.0,３ＬＤＫ,75.0,2008.0,7.0,ＲＣ,準工業,未改装,3100.0
9597,阪神国道,3.0,4.0,３ＬＤＫ,70.0,2007.0,6.0,ＲＣ,準工業,未改装,2700.0
9598,今津(阪神),1.0,4.0,３ＬＤＫ,60.0,2008.0,4.0,ＲＣ,商業,改装済み,2200.0
9599,今津(阪神),2.0,4.0,３ＬＤＫ,55.0,2007.0,10.0,ＲＣ,近隣商業,未改装,1600.0
9601,今津(阪神),1.0,4.0,３ＬＤＫ,60.0,2008.0,8.0,ＳＲＣ,商業,未改装,2100.0
9602,今津(阪神),3.0,2.0,１ＤＫ,25.0,2007.0,18.0,ＲＣ,商業,改装済み,420.0
9603,今津(阪神),9.0,3.0,２ＬＤＫ,60.0,2008.0,12.0,ＳＲＣ,準工業,未改装,1400.0
9604,今津(阪神),8.0,4.0,３ＬＤＫ,60.0,2007.0,11.0,ＳＲＣ,１種住居,未改装,1700.0
9605,西宮(ＪＲ),7.0,3.0,２ＬＤＫ,60.0,2007.0,18.0,ＳＲＣ,１種住居,未改装,1100.0
9606,甲子園口,7.0,5.0,４ＬＤＫ,95.0,2008.0,21.0,ＲＣ,１中住専,未改装,2800.0
9607,甲子園口,7.0,4.0,３ＬＤＫ,70.0,2007.0,6.0,ＲＣ,１中住専,未改装,3000.0
9608,西宮(阪神),7.0,3.0,２ＬＤＫ,60.0,2007.0,9.0,ＲＣ,近隣商業,未改装,2300.0
9609,甲子園口,8.0,3.0,２ＬＤＫ,60.0,2008.0,36.0,ＲＣ,１中住専,改装済み,1500.0
9610,甲子園口,8.0,4.0,３ＬＤＫ,65.0,2007.0,35.0,ＲＣ,１中住専,未改装,1200.0
9611,西宮(阪神),3.0,3.0,２ＬＤＫ,65.0,2008.0,8.0,ＳＲＣ,商業,未改装,2300.0
9612,西宮(阪神),3.0,4.0,３ＬＤＫ,60.0,2007.0,7.0,ＳＲＣ,商業,未改装,1800.0
9614,甲子園口,9.0,4.0,３ＬＤＫ,75.0,2007.0,3.0,ＲＣ,１種住居,未改装,3500.0
9615,香櫨園,4.0,5.0,４ＬＤＫ,85.0,2008.0,6.0,ＲＣ,１中住専,未改装,3700.0
9616,西宮(ＪＲ),10.0,4.0,３ＬＤＫ,60.0,2007.0,3.0,ＲＣ,１種住居,未改装,2600.0
9617,西宮(ＪＲ),19.0,4.0,３ＬＤＫ,70.0,2008.0,11.0,ＲＣ,１種住居,改装済み,2500.0
9618,西宮北口,17.0,4.0,３ＬＤＫ,65.0,2008.0,11.0,ＲＣ,１種住居,未改装,2100.0
9619,西宮北口,20.0,4.0,３ＬＤＫ,70.0,2007.0,10.0,ＲＣ,１種住居,未改装,2100.0
9620,西宮名塩,5.0,5.0,４ＬＤＫ,95.0,2008.0,2.0,ＲＣ,近隣商業,未改装,2700.0
9621,生瀬,13.0,5.0,４ＬＤＫ,95.0,2008.0,4.0,ＲＣ,１種住居,未改装,2800.0
9622,宝塚,14.0,4.0,３ＬＤＫ,70.0,2007.0,10.0,ＳＲＣ,２中住専,改装済み,1800.0
9623,生瀬,13.0,4.0,３ＬＤＫ,75.0,2007.0,8.0,ＳＲＣ,２中住専,改装済み,1700.0
9624,鳴尾・武庫川女子大前,7.0,3.0,２ＤＫ,40.0,2008.0,43.0,鉄骨造,１種住居,未改装,590.0
9625,鳴尾・武庫川女子大前,6.0,4.0,３ＬＤＫ,65.0,2008.0,11.0,ＲＣ,２種住居,未改装,2700.0
9626,鳴尾・武庫川女子大前,5.0,4.0,３ＬＤＫ,80.0,2007.0,10.0,ＲＣ,近隣商業,未改装,2800.0
9627,仁川,12.0,4.0,３ＬＤＫ,70.0,2008.0,11.0,ＲＣ,１中住専,改装済み,2800.0
9628,仁川,9.0,4.0,３ＬＤＫ,55.0,2008.0,10.0,ＲＣ,１低住専,未改装,1900.0
9629,仁川,11.0,4.0,３ＤＫ,55.0,2008.0,10.0,ＲＣ,１低住専,未改装,1900.0
9630,仁川,4.0,5.0,４ＬＤＫ,85.0,2008.0,6.0,ＲＣ,１中住専,未改装,3600.0
9631,仁川,14.0,4.0,３ＬＤＫ,60.0,2007.0,11.0,ＲＣ,１低住専,未改装,2200.0
9632,西宮(阪神),9.0,2.0,１ＬＤＫ,25.0,2008.0,0.0,ＲＣ,近隣商業,未改装,2000.0
9633,西宮(阪神),9.0,2.0,１Ｋ,25.0,2008.0,0.0,ＲＣ,近隣商業,未改装,2000.0
9634,打出,30.0,5.0,４ＬＤＫ,85.0,2007.0,9.0,ＳＲＣ,１中住専,改装済み,2800.0
9635,西宮(阪神),30.0,4.0,３ＬＤＫ,70.0,2008.0,10.0,ＲＣ,１中住専,改装済み,1700.0
9636,西宮(阪神),30.0,4.0,３ＬＤＫ,70.0,2008.0,10.0,ＳＲＣ,１中住専,未改装,1700.0
9637,西宮(阪神),30.0,4.0,３ＬＤＫ,100.0,2008.0,4.0,ＳＲＣ,１中住専,未改装,3000.0
9638,西宮(阪神),30.0,3.0,２ＬＤＫ,70.0,2008.0,10.0,ＳＲＣ,１中住専,未改装,1600.0
9639,西宮(阪神),30.0,4.0,３ＬＤＫ,70.0,2008.0,10.0,ＳＲＣ,１中住専,未改装,1500.0
9640,西宮(阪神),30.0,3.0,２ＬＤＫ,65.0,2008.0,10.0,ＳＲＣ,１中住専,改装済み,1800.0
9641,西宮(阪神),30.0,4.0,３ＬＤＫ,80.0,2008.0,10.0,ＳＲＣ,１中住専,未改装,2100.0
9642,西宮(阪神),30.0,4.0,３ＬＤＫ,70.0,2008.0,10.0,ＳＲＣ,１中住専,未改装,1800.0
9643,西宮(阪神),30.0,5.0,４ＬＤＫ,80.0,2008.0,10.0,ＲＣ,１中住専,未改装,2100.0
9644,西宮(阪神),30.0,5.0,４ＬＤＫ,90.0,2008.0,10.0,ＲＣ,１中住専,未改装,2800.0
9645,西宮(阪神),30.0,4.0,３ＬＤＫ,85.0,2008.0,4.0,ＳＲＣ,１中住専,未改装,3400.0
9646,西宮(阪神),30.0,3.0,２ＬＤＫ,75.0,2008.0,9.0,ＳＲＣ,１中住専,未改装,2700.0
9647,西宮(阪神),30.0,4.0,３ＬＤＫ,70.0,2007.0,9.0,ＳＲＣ,１中住専,改装済み,1800.0
9648,西宮(阪神),30.0,3.0,２ＤＫ,65.0,2007.0,9.0,ＲＣ,１中住専,未改装,1500.0
9649,西宮(阪神),30.0,4.0,３ＬＤＫ,70.0,2007.0,9.0,ＳＲＣ,１中住専,未改装,1900.0
9650,門戸厄神,7.0,5.0,４ＬＤＫ,85.0,2008.0,6.0,ＲＣ,１中住専,改装済み,4600.0
9651,門戸厄神,7.0,4.0,３ＬＤＫ,75.0,2007.0,21.0,ＲＣ,１中住専,未改装,1800.0
9652,夙川,2.0,2.0,１ＤＫ,35.0,2008.0,23.0,ＲＣ,近隣商業,未改装,840.0
9653,夙川,2.0,1.0,１Ｒ,20.0,2008.0,22.0,ＲＣ,近隣商業,未改装,700.0
9654,夙川,3.0,2.0,１Ｋ,25.0,2008.0,8.0,ＲＣ,近隣商業,未改装,840.0
9655,夙川,3.0,2.0,１Ｋ,25.0,2008.0,8.0,ＲＣ,近隣商業,未改装,840.0
9656,夙川,3.0,4.0,３ＬＤＫ,95.0,2008.0,24.0,ＲＣ,近隣商業,未改装,2600.0
9657,西宮(ＪＲ),8.0,4.0,３ＬＤＫ,60.0,2008.0,11.0,ＲＣ,近隣商業,未改装,1900.0
9658,西宮(ＪＲ),7.0,4.0,３ＬＤＫ,75.0,2007.0,6.0,ＲＣ,１種住居,未改装,2900.0
9659,西宮(阪神),7.0,4.0,３ＬＤＫ,65.0,2008.0,7.0,ＲＣ,１種住居,未改装,2400.0
9660,甲子園,8.0,4.0,３ＬＤＫ,70.0,2008.0,7.0,ＲＣ,１中住専,未改装,3400.0
9661,甲子園,14.0,5.0,４ＬＤＫ,95.0,2007.0,6.0,ＲＣ,１中住専,未改装,4700.0
9662,鳴尾・武庫川女子大前,11.0,4.0,３ＬＤＫ,70.0,2007.0,6.0,ＲＣ,１中住専,未改装,3200.0
9663,西宮(阪神),3.0,4.0,３ＬＤＫ,65.0,2008.0,7.0,ＳＲＣ,商業,未改装,2700.0
9665,西宮(阪神),3.0,4.0,３ＬＤＫ,70.0,2007.0,6.0,ＳＲＣ,商業,改装済み,3200.0
9666,西宮(阪神),2.0,4.0,３ＬＤＫ,70.0,2007.0,8.0,ＳＲＣ,商業,改装済み,2600.0
9667,西宮(阪神),4.0,4.0,３ＬＤＫ,65.0,2007.0,9.0,ＳＲＣ,商業,未改装,2300.0
9668,西宮(阪神),3.0,4.0,３ＬＤＫ,100.0,2007.0,6.0,ＳＲＣ,商業,改装済み,2900.0
9669,久寿川,23.0,5.0,４ＬＤＫ,75.0,2008.0,8.0,ＲＣ,１種住居,未改装,2600.0
9670,甲子園,19.0,5.0,４ＬＤＫ,105.0,2008.0,6.0,ＲＣ,１種住居,未改装,3500.0
9671,甲子園,15.0,4.0,３ＬＤＫ,80.0,2008.0,6.0,ＳＲＣ,１種住居,未改装,3300.0
9672,甲子園,15.0,4.0,３ＬＤＫ,85.0,2008.0,6.0,ＳＲＣ,１中住専,未改装,3200.0
9673,甲子園,16.0,4.0,３ＬＤＫ,90.0,2008.0,6.0,ＳＲＣ,１種住居,未改装,3200.0
9674,甲子園,17.0,5.0,４ＬＤＫ,130.0,2007.0,5.0,ＳＲＣ,１種住居,改装済み,5500.0
9675,甲子園,16.0,4.0,３ＬＤＫ,110.0,2007.0,5.0,ＳＲＣ,１種住居,未改装,3600.0
9676,西宮(阪神),13.0,4.0,３ＬＤＫ,75.0,2008.0,5.0,ＳＲＣ,準工業,未改装,2700.0
9677,西宮(阪神),11.0,4.0,３ＬＤＫ,75.0,2008.0,5.0,ＳＲＣ,準工業,未改装,3000.0
9678,西宮(阪神),9.0,4.0,３ＬＤＫ,70.0,2008.0,5.0,ＳＲＣ,準工業,未改装,3100.0
9679,西宮(阪神),14.0,4.0,３ＬＤＫ,65.0,2007.0,6.0,ＲＣ,準工業,未改装,2400.0
9680,西宮(阪神),14.0,4.0,３ＬＤＫ,65.0,2007.0,6.0,ＲＣ,準工業,改装済み,2300.0
9681,西宮(阪神),11.0,4.0,３ＬＤＫ,65.0,2007.0,6.0,ＲＣ,準工業,未改装,1900.0
9682,西宮(阪神),5.0,4.0,３ＬＤＫ,65.0,2008.0,8.0,ＳＲＣ,近隣商業,未改装,2300.0
9683,洲先,3.0,4.0,３ＬＤＫ,75.0,2007.0,9.0,ＲＣ,１種住居,未改装,2700.0
9684,東鳴尾,4.0,5.0,４ＬＤＫ,95.0,2008.0,29.0,ＳＲＣ,１種住居,改装済み,2700.0
9685,東鳴尾,4.0,4.0,３ＬＤＫ,60.0,2008.0,31.0,ＲＣ,１種住居,未改装,1100.0
9686,今津(阪神),16.0,5.0,４ＬＤＫ,80.0,2008.0,21.0,ＲＣ,工業,未改装,1500.0
9687,今津(阪神),18.0,4.0,３ＬＤＫ,65.0,2008.0,12.0,ＲＣ,準工業,未改装,1600.0
9688,今津(阪神),13.0,5.0,４ＬＤＫ,80.0,2008.0,21.0,ＲＣ,準工業,改装済み,2000.0
9689,今津(阪神),11.0,5.0,４ＬＤＫ,75.0,2008.0,12.0,ＲＣ,準工業,改装済み,2000.0
9690,今津(阪神),19.0,4.0,３ＬＤＫ,65.0,2007.0,11.0,ＲＣ,準工業,未改装,1900.0
9691,今津(阪神),15.0,4.0,３ＬＤＫ,70.0,2007.0,3.0,ＲＣ,準工業,未改装,2500.0
9692,西宮(阪神),14.0,4.0,３ＬＤＫ,75.0,2008.0,12.0,ＲＣ,準工業,未改装,1900.0
9693,西宮(阪神),15.0,4.0,３ＬＤＫ,70.0,2008.0,4.0,ＲＣ,準工業,未改装,2600.0
9694,西宮(阪神),16.0,4.0,３ＬＤＫ,70.0,2008.0,4.0,ＲＣ,準工業,未改装,2700.0
9695,西宮(阪神),19.0,4.0,３ＬＤＫ,60.0,2008.0,11.0,ＳＲＣ,準工業,改装済み,1700.0
9696,西宮(阪神),16.0,5.0,４ＬＤＫ,80.0,2008.0,21.0,ＲＣ,準工業,改装済み,1900.0
9697,西宮(阪神),20.0,5.0,４ＬＤＫ,80.0,2008.0,21.0,ＲＣ,準工業,改装済み,2000.0
9699,西宮(阪神),20.0,5.0,４ＬＤＫ,80.0,2008.0,21.0,ＲＣ,準工業,未改装,1600.0
9700,西宮(阪神),15.0,5.0,４ＬＤＫ,90.0,2008.0,4.0,ＲＣ,準工業,未改装,3200.0
9701,西宮(阪神),18.0,4.0,３ＬＤＫ,65.0,2008.0,4.0,ＲＣ,準工業,未改装,2700.0
9702,西宮(阪神),19.0,5.0,４ＬＤＫ,80.0,2007.0,10.0,ＲＣ,準工業,未改装,2400.0
9703,西宮名塩,4.0,4.0,３ＬＤＫ,80.0,2008.0,12.0,ＲＣ,１中住専,改装済み,1600.0
9704,西宮名塩,10.0,4.0,３ＬＤＫ,80.0,2008.0,14.0,ＲＣ,１中住専,改装済み,1600.0
9705,西宮名塩,8.0,5.0,４ＬＤＫ,100.0,2008.0,14.0,ＲＣ,１中住専,未改装,1900.0
9706,西宮名塩,12.0,4.0,３ＬＤＫ,90.0,2008.0,15.0,ＲＣ,１中住専,未改装,2000.0
9707,西宮名塩,11.0,4.0,３ＬＤＫ,95.0,2008.0,14.0,ＲＣ,１中住専,未改装,2000.0
9708,西宮名塩,11.0,5.0,４ＬＤＫ,95.0,2008.0,14.0,ＲＣ,１中住専,未改装,2000.0
9709,西宮名塩,8.0,4.0,３ＬＤＫ,95.0,2007.0,13.0,ＲＣ,１中住専,未改装,2100.0
9711,西宮名塩,12.0,5.0,４ＬＤＫ,80.0,2007.0,4.0,ＲＣ,１中住専,未改装,2000.0
9712,西宮名塩,13.0,4.0,３ＬＤＫ,70.0,2007.0,10.0,ＲＣ,１中住専,未改装,1200.0
9713,苦楽園口,14.0,4.0,３ＬＤＫ,65.0,2008.0,36.0,ＲＣ,１中住専,改装済み,1400.0
9714,苦楽園口,16.0,3.0,２ＬＤＫ,75.0,2008.0,6.0,ＲＣ,１種住居,未改装,3600.0
9715,苦楽園口,16.0,4.0,３ＬＤＫ,75.0,2008.0,11.0,ＲＣ,１中住専,未改装,3200.0
9716,苦楽園口,16.0,4.0,３ＬＤＫ,55.0,2008.0,10.0,ＲＣ,１中住専,未改装,2100.0
9717,苦楽園口,15.0,4.0,３ＬＤＫ,85.0,2008.0,26.0,ＲＣ,１中住専,改装済み,2800.0
9718,苦楽園口,13.0,4.0,３ＬＤＫ,75.0,2007.0,9.0,ＲＣ,１中住専,未改装,3200.0
9720,苦楽園口,17.0,4.0,３ＬＤＫ,75.0,2007.0,5.0,ＲＣ,１中住専,未改装,3600.0
9721,苦楽園口,14.0,4.0,３ＬＤＫ,70.0,2007.0,10.0,ＲＣ,１中住専,未改装,3000.0
9722,苦楽園口,13.0,4.0,３ＬＤＫ,75.0,2007.0,9.0,ＲＣ,１中住専,改装済み,3300.0
9723,夙川,21.0,4.0,３ＬＤＫ,80.0,2007.0,25.0,ＲＣ,１種住居,改装済み,2800.0
9724,甲東園,16.0,3.0,２ＬＤＫ,70.0,2008.0,14.0,ＲＣ,１中住専,未改装,2300.0
9725,門戸厄神,16.0,4.0,３ＬＤＫ,65.0,2008.0,5.0,ＲＣ,１中住専,未改装,2400.0
9726,門戸厄神,15.0,4.0,３ＬＤＫ,70.0,2007.0,13.0,ＲＣ,１中住専,改装済み,2500.0
9727,門戸厄神,15.0,4.0,３ＬＤＫ,70.0,2007.0,13.0,ＲＣ,１中住専,未改装,2000.0
9728,西宮(阪神),7.0,4.0,３ＬＤＫ,90.0,2008.0,13.0,ＳＲＣ,近隣商業,未改装,3300.0
9729,西宮北口,14.0,5.0,４ＬＤＫ,75.0,2008.0,5.0,ＲＣ,２中住専,未改装,2800.0
9730,門戸厄神,15.0,4.0,３ＬＤＫ,60.0,2008.0,5.0,ＲＣ,１中住専,改装済み,2000.0
9731,夙川,13.0,4.0,３ＬＤＫ,80.0,2008.0,6.0,ＲＣ,１低住専,改装済み,3500.0
9732,西宮北口,11.0,4.0,３ＬＤＫ,65.0,2007.0,5.0,ＲＣ,１中住専,未改装,3500.0
9733,門戸厄神,6.0,4.0,３ＬＤＫ,70.0,2008.0,6.0,ＲＣ,１中住専,未改装,3300.0
9734,甲子園口,4.0,4.0,３ＬＤＫ,90.0,2008.0,5.0,ＲＣ,１中住専,未改装,4900.0
9735,甲子園口,6.0,3.0,２ＬＤＫ,95.0,2008.0,40.0,ＲＣ,１中住専,改装済み,2500.0
9736,甲子園口,8.0,4.0,３ＬＤＫ,100.0,2008.0,40.0,ＲＣ,１中住専,未改装,2500.0
9737,甲子園口,8.0,4.0,３ＬＤＫ,100.0,2007.0,39.0,ＲＣ,１中住専,未改装,2600.0
9738,甲子園口,5.0,4.0,３ＬＤＫ,80.0,2007.0,4.0,ＲＣ,１中住専,未改装,4800.0
9739,西宮北口,19.0,4.0,３ＬＤＫ,100.0,2008.0,40.0,ＲＣ,１中住専,未改装,2200.0
9740,鳴尾・武庫川女子大前,11.0,5.0,４ＬＤＫ,80.0,2007.0,28.0,ＳＲＣ,１中住専,未改装,1600.0
9741,夙川,12.0,4.0,３ＬＤＫ,70.0,2008.0,8.0,ＲＣ,１中住専,未改装,2800.0
9742,夙川,13.0,4.0,３ＬＤＫ,70.0,2007.0,7.0,ＳＲＣ,近隣商業,未改装,2900.0
9743,西宮(阪神),6.0,3.0,２ＬＤＫ,70.0,2008.0,8.0,ＳＲＣ,近隣商業,未改装,2900.0
9744,西宮(阪神),8.0,4.0,３ＬＤＫ,65.0,2007.0,7.0,ＲＣ,近隣商業,未改装,2400.0
9745,苦楽園口,8.0,4.0,３Ｋ,45.0,2008.0,38.0,鉄骨造,１低住専,未改装,500.0
9746,苦楽園口,4.0,4.0,３ＬＤＫ,65.0,2007.0,7.0,ＲＣ,１種住居,未改装,3100.0
9747,香櫨園,11.0,4.0,３ＬＤＫ,60.0,2007.0,10.0,ＲＣ,１中住専,未改装,2000.0
9748,西宮(阪神),4.0,4.0,３ＤＫ,50.0,2007.0,11.0,ＲＣ,近隣商業,改装済み,1500.0
9749,香櫨園,13.0,4.0,３ＬＤＫ,75.0,2007.0,6.0,ＲＣ,１種住居,未改装,3200.0
9750,苦楽園口,6.0,5.0,４ＬＤＫ,85.0,2008.0,7.0,ＲＣ,１中住専,未改装,4200.0
9751,苦楽園口,5.0,3.0,２ＬＤＫ,55.0,2008.0,7.0,ＲＣ,１中住専,未改装,2300.0
9752,香櫨園,4.0,4.0,３ＬＤＫ,110.0,2008.0,19.0,ＲＣ,１中住専,未改装,3700.0
9753,さくら夙川,8.0,4.0,３ＬＤＫ,110.0,2008.0,19.0,ＲＣ,１中住専,未改装,3700.0
9754,夙川,8.0,3.0,２ＬＤＫ,70.0,2008.0,2.0,ＲＣ,１中住専,未改装,4900.0
9755,夙川,10.0,5.0,４ＬＤＫ,85.0,2008.0,9.0,ＲＣ,１中住専,未改装,4200.0
9756,甲子園口,5.0,5.0,４ＬＤＫ,135.0,2008.0,15.0,ＲＣ,１中住専,未改装,6500.0
9757,甲子園口,9.0,4.0,３ＬＤＫ,70.0,2008.0,7.0,ＲＣ,１中住専,未改装,3200.0
9758,甲子園口,8.0,4.0,３ＬＤＫ,80.0,2007.0,19.0,ＲＣ,１中住専,未改装,2300.0
9759,甲子園口,9.0,4.0,３ＬＤＫ,60.0,2007.0,30.0,ＲＣ,１中住専,改装済み,1200.0
9760,西宮(ＪＲ),4.0,3.0,２ＬＤＫ,50.0,2008.0,2.0,ＲＣ,近隣商業,未改装,220.0
9762,西宮(ＪＲ),4.0,4.0,３ＬＤＫ,60.0,2007.0,19.0,ＲＣ,近隣商業,未改装,1400.0
9764,甲子園口,13.0,4.0,３ＬＤＫ,70.0,2007.0,4.0,ＲＣ,１中住専,未改装,3300.0
9765,西宮北口,9.0,4.0,３ＬＤＫ,70.0,2008.0,6.0,ＲＣ,１中住専,未改装,3100.0
9766,西宮北口,8.0,4.0,３ＬＤＫ,70.0,2008.0,12.0,ＲＣ,１中住専,改装済み,3000.0
9767,西宮北口,8.0,3.0,２ＬＤＫ,55.0,2008.0,8.0,ＲＣ,準住居,未改装,2600.0
9768,西宮北口,7.0,3.0,２ＬＤＫ,55.0,2007.0,11.0,ＲＣ,１中住専,未改装,2300.0
9769,西宮北口,7.0,3.0,２ＬＤＫ,55.0,2007.0,11.0,ＲＣ,１中住専,改装済み,2800.0
9770,西宮北口,8.0,4.0,３ＬＤＫ,70.0,2007.0,11.0,ＲＣ,１中住専,未改装,2800.0
9771,門戸厄神,8.0,4.0,３ＬＤＫ,70.0,2007.0,8.0,ＲＣ,２中住専,改装済み,2600.0
9772,甲子園,11.0,5.0,４ＬＤＫ,95.0,2008.0,6.0,ＲＣ,２中住専,未改装,3900.0
9773,甲子園,11.0,4.0,３ＬＤＫ,75.0,2008.0,6.0,ＲＣ,２中住専,未改装,3200.0
9774,甲子園,11.0,4.0,３ＬＤＫ,70.0,2008.0,6.0,ＲＣ,２中住専,未改装,2500.0
9775,甲子園,15.0,5.0,４ＬＤＫ,105.0,2008.0,3.0,ＲＣ,２中住専,未改装,4000.0
9776,甲子園,11.0,4.0,３ＬＤＫ,85.0,2008.0,3.0,ＲＣ,２種住居,未改装,3700.0
9777,甲子園,15.0,4.0,３ＬＤＫ,70.0,2008.0,7.0,ＲＣ,１中住専,未改装,2300.0
9778,甲子園,11.0,4.0,３ＬＤＫ,75.0,2007.0,2.0,ＲＣ,２種住居,未改装,2800.0
9779,甲子園,12.0,4.0,３ＬＤＫ,75.0,2007.0,2.0,ＲＣ,２種住居,未改装,3500.0
9780,苦楽園口,2.0,4.0,３ＬＤＫ,70.0,2008.0,7.0,ＲＣ,１中住専,未改装,4400.0
9781,香櫨園,3.0,5.0,４ＬＤＫ,80.0,2008.0,11.0,ＲＣ,１種住居,改装済み,3600.0
9782,西宮(ＪＲ),16.0,5.0,４ＬＤＫ,85.0,2008.0,11.0,ＲＣ,１種住居,未改装,2700.0
9783,西宮(ＪＲ),13.0,4.0,３ＬＤＫ,65.0,2007.0,10.0,ＲＣ,１種住居,未改装,1800.0
9784,西宮北口,12.0,5.0,４ＬＤＫ,75.0,2008.0,11.0,ＲＣ,１種住居,未改装,2500.0
9785,門戸厄神,12.0,5.0,４ＬＤＫ,75.0,2008.0,10.0,ＲＣ,１中住専,未改装,3100.0
9786,門戸厄神,3.0,4.0,３ＬＤＫ,65.0,2008.0,11.0,ＳＲＣ,１中住専,未改装,3000.0
9787,門戸厄神,5.0,4.0,３ＬＤＫ,65.0,2008.0,11.0,ＳＲＣ,１中住専,未改装,2800.0
9788,門戸厄神,1.0,4.0,３ＬＤＫ,65.0,2007.0,10.0,ＳＲＣ,１中住専,未改装,3300.0
9789,門戸厄神,4.0,4.0,３ＬＤＫ,65.0,2007.0,10.0,ＳＲＣ,１中住専,未改装,2500.0
9791,門戸厄神,7.0,4.0,３ＬＤＫ,70.0,2008.0,6.0,ＲＣ,１中住専,未改装,3600.0
9792,門戸厄神,3.0,4.0,３ＬＤＫ,75.0,2008.0,9.0,ＲＣ,１中住専,未改装,2900.0
9793,西宮北口,20.0,4.0,３ＬＤＫ,65.0,2007.0,9.0,ＲＣ,１種住居,未改装,2000.0
9794,打出,9.0,4.0,３ＬＤＫ,120.0,2007.0,17.0,ＲＣ,１中住専,未改装,3700.0
9795,西宮北口,4.0,3.0,２ＬＤＫ,75.0,2008.0,8.0,ＳＲＣ,２種住居,未改装,3500.0
9796,西宮北口,5.0,4.0,３ＬＤＫ,80.0,2008.0,8.0,ＳＲＣ,２種住居,未改装,4300.0
9797,西宮北口,4.0,3.0,２ＬＤＫ,50.0,2008.0,3.0,ＲＣ,２種住居,未改装,2900.0
9798,西宮北口,5.0,4.0,３ＬＤＫ,80.0,2008.0,8.0,ＳＲＣ,２種住居,未改装,3700.0
9799,西宮北口,4.0,4.0,３ＬＤＫ,80.0,2007.0,7.0,ＳＲＣ,２種住居,改装済み,4900.0
9800,西宮北口,2.0,4.0,３ＬＤＫ,80.0,2007.0,7.0,ＳＲＣ,２種住居,未改装,3900.0
9802,西宮北口,4.0,5.0,４ＬＤＫ,100.0,2007.0,7.0,ＳＲＣ,２種住居,未改装,5500.0
9803,西宮北口,3.0,3.0,２ＬＤＫ,65.0,2007.0,7.0,ＳＲＣ,２種住居,未改装,3700.0
9804,西宮北口,2.0,4.0,３ＬＤＫ,95.0,2007.0,7.0,ＳＲＣ,２種住居,未改装,5000.0
9805,西宮北口,4.0,2.0,１ＬＤＫ,50.0,2007.0,7.0,ＳＲＣ,２種住居,未改装,2500.0
9806,西宮(阪神),3.0,4.0,３ＬＤＫ,80.0,2008.0,10.0,ＳＲＣ,商業,未改装,3400.0
9807,甲陽園,14.0,4.0,３ＬＤＫ,60.0,2008.0,32.0,ＲＣ,１中住専,改装済み,1100.0
9808,甲陽園,15.0,4.0,３ＬＤＫ,60.0,2008.0,32.0,ＲＣ,１中住専,未改装,550.0
9809,甲子園,21.0,4.0,３ＬＤＫ,85.0,2008.0,8.0,ＲＣ,１中住専,未改装,3100.0
9810,甲子園,17.0,4.0,３ＬＤＫ,70.0,2007.0,9.0,ＲＣ,１中住専,未改装,2700.0
9812,鳴尾・武庫川女子大前,18.0,5.0,４ＬＤＫ,85.0,2008.0,8.0,ＲＣ,１中住専,未改装,3400.0
9813,鳴尾・武庫川女子大前,13.0,4.0,３ＬＤＫ,75.0,2007.0,13.0,ＲＣ,１中住専,未改装,2500.0
9814,武庫川,18.0,4.0,３ＬＤＫ,75.0,2008.0,14.0,ＲＣ,１種住居,未改装,2400.0
9815,夙川,8.0,4.0,３ＬＤＫ,75.0,2008.0,11.0,ＲＣ,１中住専,未改装,4000.0
9816,夙川,7.0,4.0,３ＬＤＫ,70.0,2007.0,10.0,ＲＣ,１中住専,未改装,2600.0
9817,門戸厄神,11.0,4.0,３ＬＤＫ,70.0,2008.0,8.0,ＲＣ,１中住専,未改装,2600.0
9819,西宮(阪神),4.0,2.0,１Ｋ,20.0,2008.0,23.0,ＲＣ,商業,改装済み,310.0
