,station,to_station,#_of_rooms,floor_plan,area,tx.yr.,age,bldg.struct.,LUZ,renovation,price
0,夙川,2.0,3.0,２ＬＤＫ,55.0,2022.0,24.0,ＲＣ,２中住専,未改装,4200.0
1,夙川,3.0,5.0,４ＬＤＫ,85.0,2021.0,23.0,ＲＣ,２中住専,未改装,5800.0
2,夙川,3.0,5.0,４ＬＤＫ,90.0,2020.0,22.0,ＲＣ,２中住専,未改装,6000.0
3,夙川,3.0,4.0,３ＬＤＫ,70.0,2020.0,22.0,ＲＣ,２中住専,改装済み,5400.0
6,西宮(ＪＲ),11.0,4.0,３ＬＤＫ,65.0,2023.0,7.0,ＲＣ,１種住居,未改装,4700.0
7,西宮(ＪＲ),13.0,4.0,３ＬＤＫ,75.0,2022.0,35.0,ＲＣ,１種住居,改装済み,2600.0
8,西宮(ＪＲ),10.0,5.0,４ＬＤＫ,75.0,2021.0,5.0,ＲＣ,１種住居,未改装,4500.0
9,西宮北口,13.0,4.0,３ＬＤＫ,80.0,2022.0,35.0,ＲＣ,１種住居,改装済み,2900.0
10,西宮北口,13.0,4.0,３ＬＤＫ,75.0,2022.0,35.0,ＲＣ,１種住居,改装済み,2700.0
11,西宮北口,14.0,4.0,３ＬＤＫ,65.0,2021.0,36.0,ＲＣ,１種住居,改装済み,3000.0
12,西宮北口,14.0,3.0,２ＬＤＫ,55.0,2020.0,4.0,ＲＣ,１種住居,未改装,3200.0
14,甲子園,8.0,4.0,３ＬＤＫ,75.0,2023.0,32.0,ＲＣ,１中住専,改装済み,3100.0
16,甲子園,5.0,4.0,３ＬＤＫ,80.0,2022.0,34.0,ＲＣ,１中住専,未改装,2700.0
17,甲子園,7.0,4.0,３ＬＤＫ,75.0,2022.0,51.0,ＲＣ,１中住専,改装済み,2300.0
19,甲子園,6.0,4.0,３ＬＤＫ,70.0,2020.0,32.0,ＲＣ,１中住専,改装済み,2600.0
20,甲子園,6.0,4.0,３ＬＤＫ,80.0,2020.0,32.0,ＲＣ,１中住専,改装済み,3200.0
21,鳴尾・武庫川女子大前,4.0,3.0,２ＤＫ,60.0,2020.0,23.0,ＲＣ,１種住居,改装済み,3200.0
22,鳴尾・武庫川女子大前,4.0,3.0,２ＬＤＫ,60.0,2020.0,23.0,ＲＣ,１種住居,改装済み,2000.0
23,西宮北口,6.0,5.0,４ＬＤＫ,80.0,2024.0,12.0,ＲＣ,近隣商業,改装済み,7800.0
25,西宮北口,7.0,2.0,１ＬＤＫ,65.0,2024.0,12.0,ＲＣ,近隣商業,未改装,5300.0
27,西宮北口,7.0,4.0,３ＬＤＫ,65.0,2020.0,8.0,ＲＣ,近隣商業,未改装,4700.0
28,西宮北口,8.0,4.0,３ＬＤＫ,80.0,2020.0,8.0,ＲＣ,２種住居,未改装,5500.0
29,西宮北口,6.0,3.0,２ＬＤＫ,65.0,2020.0,8.0,ＲＣ,近隣商業,未改装,4800.0
32,門戸厄神,13.0,4.0,３ＬＤＫ,65.0,2021.0,20.0,ＲＣ,１中住専,未改装,2500.0
33,香櫨園,6.0,2.0,１Ｋ,20.0,2023.0,34.0,ＲＣ,１種住居,未改装,250.0
34,香櫨園,6.0,2.0,１Ｋ,15.0,2022.0,34.0,ＲＣ,１種住居,未改装,570.0
38,香櫨園,6.0,2.0,１Ｋ,15.0,2020.0,31.0,ＲＣ,１種住居,改装済み,530.0
39,西宮(ＪＲ),4.0,4.0,３ＬＤＫ,60.0,2025.0,49.0,ＳＲＣ,近隣商業,改装済み,2600.0
40,西宮(ＪＲ),4.0,4.0,３ＬＤＫ,60.0,2024.0,48.0,ＳＲＣ,近隣商業,未改装,1600.0
42,西宮(ＪＲ),3.0,4.0,３ＬＤＫ,100.0,2023.0,30.0,ＳＲＣ,近隣商業,未改装,4700.0
43,西宮(ＪＲ),4.0,3.0,２ＤＫ,55.0,2023.0,47.0,ＳＲＣ,近隣商業,未改装,2100.0
44,西宮(ＪＲ),4.0,2.0,１Ｋ,20.0,2023.0,39.0,ＲＣ,近隣商業,未改装,430.0
45,西宮(ＪＲ),2.0,4.0,３ＬＤＫ,75.0,2022.0,29.0,ＳＲＣ,近隣商業,改装済み,4400.0
46,西宮(ＪＲ),1.0,2.0,１ＬＤＫ,50.0,2022.0,27.0,ＳＲＣ,近隣商業,未改装,2600.0
47,西宮(ＪＲ),3.0,3.0,２ＤＫ,35.0,2022.0,38.0,ＲＣ,近隣商業,改装済み,1300.0
48,西宮(ＪＲ),3.0,4.0,２ＬＤＫ＋Ｓ,85.0,2022.0,29.0,ＳＲＣ,近隣商業,改装済み,4400.0
49,西宮(ＪＲ),3.0,4.0,３ＬＤＫ,90.0,2022.0,29.0,ＳＲＣ,近隣商業,未改装,4300.0
50,西宮(ＪＲ),4.0,4.0,３ＬＤＫ,90.0,2021.0,28.0,ＳＲＣ,近隣商業,未改装,3800.0
51,西宮(ＪＲ),3.0,3.0,２ＬＤＫ,60.0,2021.0,28.0,ＳＲＣ,近隣商業,改装済み,3400.0
52,西宮(ＪＲ),4.0,2.0,１ＬＤＫ,50.0,2021.0,45.0,ＳＲＣ,近隣商業,改装済み,2200.0
53,西宮(ＪＲ),1.0,3.0,２ＬＤＫ,75.0,2021.0,28.0,ＳＲＣ,近隣商業,未改装,3600.0
56,西宮(ＪＲ),2.0,4.0,３ＬＤＫ,90.0,2020.0,27.0,ＳＲＣ,近隣商業,改装済み,4900.0
57,武庫川,4.0,3.0,２ＬＤＫ,65.0,2023.0,39.0,ＲＣ,１種住居,改装済み,2600.0
61,香櫨園,15.0,4.0,３ＬＤＫ,60.0,2024.0,46.0,ＳＲＣ,準工業,未改装,1400.0
63,香櫨園,15.0,4.0,３ＬＤＫ,60.0,2024.0,46.0,ＳＲＣ,準工業,改装済み,1600.0
64,香櫨園,15.0,4.0,３ＬＤＫ,65.0,2024.0,22.0,ＲＣ,準工業,改装済み,3800.0
67,香櫨園,15.0,4.0,３ＬＤＫ,60.0,2023.0,45.0,ＳＲＣ,準工業,未改装,1600.0
70,香櫨園,15.0,4.0,３ＤＫ,60.0,2021.0,43.0,ＳＲＣ,準工業,未改装,1000.0
71,香櫨園,15.0,4.0,３ＬＤＫ,60.0,2021.0,43.0,ＳＲＣ,準工業,改装済み,1600.0
73,香櫨園,15.0,4.0,３ＤＫ,60.0,2021.0,43.0,ＳＲＣ,準工業,未改装,1000.0
74,香櫨園,15.0,3.0,２ＬＤＫ,60.0,2021.0,43.0,ＳＲＣ,準工業,改装済み,1600.0
75,香櫨園,14.0,3.0,２ＬＤＫ,60.0,2021.0,49.0,ＲＣ,１種住居,改装済み,1600.0
76,香櫨園,16.0,4.0,３ＬＤＫ,85.0,2021.0,16.0,ＲＣ,準工業,未改装,3700.0
80,香櫨園,16.0,4.0,３ＬＤＫ,60.0,2020.0,42.0,ＳＲＣ,準工業,改装済み,1700.0
81,香櫨園,13.0,4.0,３ＬＤＫ,130.0,2020.0,28.0,ＲＣ,１種住居,改装済み,3100.0
83,香櫨園,14.0,3.0,２ＬＤＫ,60.0,2020.0,48.0,ＲＣ,１種住居,改装済み,1800.0
84,香櫨園,16.0,4.0,３ＬＤＫ,60.0,2020.0,48.0,ＲＣ,１種住居,改装済み,1000.0
85,香櫨園,15.0,3.0,２ＬＤＫ,60.0,2020.0,42.0,ＳＲＣ,準工業,改装済み,1800.0
86,西宮(阪神),18.0,4.0,３ＬＤＫ,90.0,2024.0,22.0,ＲＣ,準工業,改装済み,3900.0
87,西宮(阪神),15.0,3.0,２ＬＤＫ,60.0,2022.0,44.0,ＳＲＣ,準工業,未改装,1000.0
88,甲陽園,20.0,3.0,２ＬＤＫ,65.0,2025.0,26.0,ＲＣ,１中住専,未改装,2300.0
89,甲陽園,21.0,4.0,３ＬＤＫ,70.0,2025.0,30.0,ＲＣ,１中住専,改装済み,3000.0
90,甲陽園,24.0,4.0,３ＬＤＫ,65.0,2025.0,45.0,ＲＣ,１中住専,未改装,1100.0
91,甲陽園,24.0,4.0,２ＬＤＫ＋Ｓ,70.0,2024.0,44.0,ＲＣ,１中住専,未改装,1200.0
92,甲陽園,24.0,4.0,３ＬＤＫ,65.0,2023.0,43.0,ＲＣ,１中住専,未改装,1200.0
93,甲陽園,20.0,5.0,４ＬＤＫ,85.0,2023.0,12.0,ＲＣ,１中住専,未改装,3200.0
94,甲陽園,20.0,4.0,３ＬＤＫ,75.0,2023.0,12.0,ＲＣ,１中住専,未改装,2700.0
95,甲陽園,20.0,3.0,２ＬＤＫ,70.0,2023.0,24.0,ＲＣ,１中住専,未改装,1700.0
96,甲陽園,20.0,4.0,３ＬＤＫ,65.0,2023.0,37.0,ＲＣ,１中住専,未改装,1100.0
97,甲陽園,20.0,4.0,３ＬＤＫ,70.0,2022.0,23.0,ＲＣ,１中住専,改装済み,2500.0
98,甲陽園,24.0,4.0,３ＬＤＫ,85.0,2022.0,42.0,ＲＣ,１中住専,未改装,3300.0
100,甲陽園,23.0,4.0,３ＬＤＫ,85.0,2021.0,18.0,ＲＣ,１中住専,未改装,3500.0
102,甲陽園,23.0,4.0,３ＬＤＫ,70.0,2021.0,10.0,ＲＣ,１中住専,未改装,2800.0
105,甲陽園,24.0,3.0,２ＬＤＫ,65.0,2020.0,40.0,ＲＣ,１中住専,未改装,1200.0
106,甲陽園,24.0,4.0,３ＬＤＫ,65.0,2020.0,40.0,ＲＣ,１中住専,改装済み,1700.0
108,甲陽園,24.0,4.0,３ＬＤＫ,70.0,2020.0,40.0,ＲＣ,１中住専,改装済み,2100.0
109,甲陽園,20.0,4.0,３ＬＤＫ,75.0,2020.0,9.0,ＲＣ,１中住専,未改装,2800.0
110,甲陽園,24.0,3.0,２ＬＤＫ,65.0,2020.0,40.0,ＲＣ,１中住専,未改装,1100.0
111,甲東園,19.0,4.0,３ＬＤＫ,70.0,2024.0,26.0,ＲＣ,１中住専,未改装,3000.0
112,甲東園,19.0,4.0,３ＬＤＫ,65.0,2023.0,46.0,ＲＣ,１中住専,未改装,600.0
113,甲東園,19.0,4.0,３ＬＤＫ,70.0,2023.0,8.0,ＲＣ,１中住専,未改装,3200.0
115,甲東園,19.0,4.0,３ＬＤＫ,70.0,2022.0,24.0,ＲＣ,１中住専,改装済み,2700.0
116,仁川,23.0,4.0,３ＬＤＫ,70.0,2022.0,7.0,ＲＣ,１中住専,未改装,2700.0
118,仁川,23.0,3.0,２ＬＤＫ,80.0,2020.0,19.0,ＲＣ,１中住専,未改装,2400.0
119,久寿川,5.0,5.0,４ＬＤＫ,80.0,2022.0,37.0,ＳＲＣ、ＲＣ,近隣商業,改装済み,2600.0
121,久寿川,13.0,4.0,３ＬＤＫ,60.0,2025.0,28.0,ＳＲＣ,１種住居,改装済み,3100.0
122,久寿川,12.0,4.0,３ＬＤＫ,60.0,2024.0,28.0,ＳＲＣ,１種住居,未改装,2700.0
127,久寿川,13.0,4.0,３ＬＤＫ,60.0,2023.0,25.0,ＳＲＣ,１種住居,未改装,2200.0
128,久寿川,13.0,4.0,３ＬＤＫ,60.0,2023.0,25.0,ＳＲＣ,１種住居,改装済み,3000.0
131,久寿川,10.0,4.0,３ＬＤＫ,65.0,2022.0,26.0,ＲＣ,１種住居,改装済み,3000.0
132,久寿川,12.0,5.0,４ＬＤＫ,75.0,2021.0,25.0,ＳＲＣ,１種住居,未改装,2900.0
133,久寿川,13.0,4.0,３ＬＤＫ,60.0,2021.0,23.0,ＳＲＣ,１種住居,改装済み,2900.0
134,久寿川,12.0,4.0,３ＬＤＫ,65.0,2021.0,25.0,ＳＲＣ,１種住居,未改装,2100.0
135,久寿川,11.0,4.0,３ＬＤＫ,60.0,2021.0,25.0,ＲＣ,１種住居,未改装,1900.0
136,久寿川,13.0,4.0,３ＬＤＫ,60.0,2020.0,23.0,ＳＲＣ,１種住居,未改装,2000.0
137,久寿川,13.0,4.0,３ＬＤＫ,60.0,2020.0,22.0,ＳＲＣ,１種住居,未改装,1700.0
138,久寿川,12.0,5.0,４ＬＤＫ,85.0,2020.0,22.0,ＳＲＣ,１種住居,未改装,2700.0
139,甲子園,20.0,5.0,４ＬＤＫ,80.0,2024.0,12.0,ＲＣ,準工業,未改装,3000.0
140,甲子園,20.0,4.0,３ＬＤＫ,70.0,2022.0,10.0,ＲＣ,準工業,未改装,2800.0
144,久寿川,18.0,4.0,３ＬＤＫ,75.0,2024.0,41.0,ＲＣ,１種住居,未改装,1200.0
145,久寿川,18.0,4.0,３ＬＤＫ,70.0,2022.0,39.0,ＲＣ,１種住居,未改装,900.0
146,久寿川,18.0,4.0,３ＬＤＫ,70.0,2021.0,38.0,ＲＣ,１種住居,未改装,1200.0
147,久寿川,18.0,4.0,３ＬＤＫ,70.0,2020.0,37.0,ＲＣ,１種住居,未改装,1200.0
148,久寿川,20.0,5.0,４ＬＤＫ,90.0,2020.0,37.0,ＲＣ,１種住居,未改装,1300.0
149,甲子園,21.0,4.0,３ＬＤＫ,70.0,2024.0,41.0,ＲＣ,１種住居,未改装,1200.0
150,甲子園,23.0,5.0,４ＬＤＫ,90.0,2023.0,40.0,ＲＣ,１種住居,未改装,1800.0
151,甲子園,21.0,3.0,２ＬＤＫ,80.0,2021.0,38.0,ＲＣ,１種住居,改装済み,1600.0
152,甲子園,23.0,4.0,３ＬＤＫ,70.0,2021.0,38.0,ＲＣ,１種住居,改装済み,1400.0
153,久寿川,1.0,2.0,１Ｋ,15.0,2022.0,33.0,ＲＣ,近隣商業,未改装,360.0
154,久寿川,3.0,1.0,１Ｒ,15.0,2022.0,33.0,ＲＣ,近隣商業,改装済み,360.0
155,久寿川,2.0,2.0,１Ｋ,15.0,2020.0,31.0,ＲＣ,近隣商業,未改装,350.0
159,甲東園,15.0,5.0,４ＬＤＫ,100.0,2023.0,34.0,ＲＣ,１中住専,改装済み,3900.0
160,門戸厄神,24.0,4.0,３ＬＤＫ,65.0,2022.0,24.0,ＲＣ,１中住専,改装済み,1500.0
161,甲陽園,16.0,4.0,３ＬＤＫ,65.0,2023.0,25.0,ＲＣ,１中住専,改装済み,1200.0
162,門戸厄神,24.0,4.0,３ＬＤＫ,60.0,2023.0,25.0,ＲＣ,１中住専,改装済み,1700.0
163,甲東園,28.0,3.0,２ＬＤＫ,65.0,2024.0,26.0,ＲＣ,１中住専,未改装,1900.0
164,甲陽園,24.0,5.0,４ＬＤＫ,85.0,2023.0,26.0,ＲＣ,１中住専,未改装,2500.0
165,甲陽園,24.0,4.0,３ＬＤＫ,70.0,2023.0,26.0,ＲＣ,１中住専,未改装,2000.0
166,甲陽園,24.0,4.0,３ＬＤＫ,65.0,2022.0,25.0,ＲＣ,１中住専,未改装,1800.0
167,甲陽園,25.0,4.0,３ＬＤＫ,65.0,2021.0,24.0,ＲＣ,１中住専,未改装,1600.0
168,甲陽園,24.0,4.0,３ＬＤＫ,65.0,2021.0,24.0,ＲＣ,１中住専,未改装,1600.0
169,甲陽園,24.0,4.0,３ＬＤＫ,70.0,2021.0,24.0,ＲＣ,１中住専,未改装,1700.0
173,甲陽園,23.0,4.0,３ＬＤＫ,80.0,2025.0,31.0,ＲＣ,１中住専,未改装,1700.0
175,甲陽園,23.0,4.0,３ＬＤＫ,90.0,2023.0,29.0,ＲＣ,１中住専,改装済み,2200.0
176,甲陽園,16.0,3.0,２ＬＤＫ,85.0,2020.0,26.0,ＲＣ,１中住専,改装済み,1800.0
177,甲陽園,15.0,5.0,３ＬＤＫ＋Ｓ,80.0,2020.0,26.0,ＲＣ,１中住専,改装済み,2000.0
178,甲陽園,16.0,4.0,３ＬＤＫ,65.0,2025.0,47.0,ＲＣ,１中住専,未改装,360.0
179,甲陽園,16.0,4.0,３ＬＤＫ,65.0,2025.0,47.0,ＲＣ,１中住専,未改装,500.0
180,甲陽園,16.0,4.0,３ＬＤＫ,60.0,2024.0,46.0,ＳＲＣ,１中住専,未改装,700.0
181,甲陽園,16.0,3.0,２ＬＤＫ,60.0,2024.0,46.0,ＳＲＣ,１中住専,未改装,990.0
182,甲陽園,16.0,3.0,２ＬＤＫ,65.0,2024.0,46.0,ＲＣ,１中住専,改装済み,1300.0
183,甲陽園,15.0,5.0,４ＬＤＫ,100.0,2023.0,38.0,ＲＣ,１中住専,改装済み,2500.0
184,甲陽園,16.0,4.0,３ＬＤＫ,60.0,2023.0,45.0,ＳＲＣ,１中住専,未改装,850.0
185,甲陽園,16.0,4.0,３ＬＤＫ,60.0,2023.0,45.0,ＲＣ,１中住専,改装済み,1300.0
187,甲陽園,15.0,3.0,２ＬＤＫ,65.0,2022.0,44.0,ＲＣ,１中住専,未改装,770.0
188,甲陽園,16.0,4.0,３ＬＤＫ,60.0,2022.0,44.0,ＳＲＣ,１中住専,未改装,500.0
190,甲陽園,15.0,4.0,３ＬＤＫ,65.0,2021.0,43.0,ＲＣ,１中住専,改装済み,1300.0
193,洲先,4.0,3.0,２ＬＤＫ,70.0,2024.0,7.0,ＲＣ,１種住居,未改装,3300.0
194,洲先,4.0,4.0,３ＬＤＫ,65.0,2023.0,6.0,ＲＣ,１種住居,改装済み,3100.0
195,洲先,5.0,4.0,３ＬＤＫ,75.0,2020.0,15.0,ＲＣ,１種住居,改装済み,2600.0
196,武庫川団地前,3.0,5.0,４ＬＤＫ,80.0,2022.0,41.0,ＳＲＣ,準工業,未改装,1800.0
197,武庫川団地前,2.0,4.0,３ＬＤＫ,80.0,2020.0,39.0,ＳＲＣ,準工業,改装済み,1900.0
198,洲先,9.0,4.0,３ＬＤＫ,75.0,2025.0,39.0,ＲＣ,１種住居,未改装,1300.0
201,洲先,9.0,4.0,３ＬＤＫ,85.0,2024.0,43.0,ＲＣ,１種住居,改装済み,2100.0
202,洲先,8.0,4.0,３ＬＤＫ,85.0,2023.0,42.0,ＲＣ,１種住居,未改装,1400.0
204,洲先,11.0,4.0,３ＬＤＫ,90.0,2020.0,34.0,ＲＣ,１種住居,改装済み,2000.0
209,鳴尾・武庫川女子大前,14.0,3.0,２ＬＤＫ,65.0,2022.0,21.0,ＲＣ,１種住居,改装済み,2700.0
210,鳴尾・武庫川女子大前,14.0,4.0,３ＬＤＫ,70.0,2020.0,19.0,ＲＣ,１種住居,改装済み,2800.0
211,武庫川団地前,3.0,4.0,３ＬＤＫ,70.0,2025.0,50.0,ＲＣ,１種住居,改装済み,1200.0
213,武庫川団地前,3.0,4.0,３ＬＤＫ,70.0,2023.0,48.0,ＲＣ,１種住居,未改装,490.0
216,西宮(阪神),6.0,4.0,３ＬＤＫ,65.0,2021.0,20.0,ＲＣ,近隣商業,未改装,2600.0
217,甲子園,23.0,4.0,３ＬＤＫ,70.0,2024.0,3.0,ＲＣ,１中住専,未改装,4000.0
218,甲子園,26.0,4.0,３ＬＤＫ,70.0,2024.0,5.0,ＲＣ,１中住専,改装済み,3400.0
219,甲子園,26.0,4.0,３ＬＤＫ,70.0,2023.0,4.0,ＲＣ,１中住専,未改装,3300.0
220,甲子園,26.0,3.0,２ＬＤＫ,70.0,2023.0,4.0,ＲＣ,１中住専,未改装,3100.0
221,甲子園,21.0,4.0,２ＬＤＫ＋Ｓ,70.0,2023.0,2.0,ＲＣ,１中住専,未改装,3500.0
222,甲子園,21.0,4.0,３ＬＤＫ,70.0,2023.0,2.0,ＲＣ,１中住専,未改装,3400.0
223,甲子園,21.0,3.0,２ＬＤＫ,70.0,2023.0,2.0,ＲＣ,１中住専,未改装,3700.0
224,甲子園,26.0,4.0,３ＬＤＫ,70.0,2023.0,4.0,ＲＣ,１中住専,未改装,3400.0
225,甲子園,24.0,4.0,３ＬＤＫ,80.0,2022.0,5.0,ＲＣ,１中住専,未改装,3900.0
226,甲子園,23.0,4.0,３ＬＤＫ,70.0,2022.0,5.0,ＲＣ,１中住専,改装済み,3200.0
230,甲子園,23.0,4.0,３ＬＤＫ,75.0,2021.0,4.0,ＲＣ,１中住専,未改装,3400.0
237,苦楽園口,29.0,3.0,２ＬＤＫ,55.0,2025.0,50.0,鉄骨造,１低住専,改装済み,1400.0
238,苦楽園口,16.0,4.0,３ＬＤＫ,70.0,2025.0,15.0,ＲＣ,１中住専,改装済み,3900.0
239,苦楽園口,16.0,3.0,２ＬＤＫ,65.0,2025.0,15.0,ＲＣ,１中住専,未改装,3000.0
240,苦楽園口,29.0,4.0,３ＬＤＫ,60.0,2024.0,49.0,鉄骨造,１低住専,未改装,400.0
242,苦楽園口,18.0,4.0,３ＬＤＫ,80.0,2024.0,50.0,ＲＣ,１中住専,改装済み,1900.0
243,苦楽園口,29.0,4.0,３ＬＤＫ,60.0,2023.0,48.0,鉄骨造,１低住専,改装済み,1000.0
244,苦楽園口,16.0,4.0,３ＬＤＫ,90.0,2023.0,13.0,ＲＣ,１中住専,未改装,4800.0
245,苦楽園口,18.0,5.0,４ＬＤＫ,85.0,2023.0,26.0,ＲＣ,１中住専,改装済み,3600.0
250,苦楽園口,18.0,3.0,２ＬＤＫ,80.0,2022.0,48.0,ＲＣ,１中住専,未改装,1200.0
251,苦楽園口,18.0,3.0,２ＬＤＫ,70.0,2021.0,24.0,ＲＣ,１中住専,未改装,2500.0
252,苦楽園口,18.0,5.0,４ＬＤＫ,95.0,2021.0,27.0,ＲＣ,１中住専,改装済み,3300.0
255,苦楽園口,29.0,3.0,２ＬＤＫ,60.0,2021.0,46.0,鉄骨造,１低住専,改装済み,730.0
256,苦楽園口,16.0,3.0,２ＬＤＫ,85.0,2020.0,10.0,ＲＣ,１中住専,未改装,3700.0
257,苦楽園口,18.0,4.0,３ＬＤＫ,60.0,2020.0,45.0,鉄骨造,１低住専,未改装,830.0
259,苦楽園口,18.0,4.0,３ＬＤＫ,70.0,2020.0,45.0,鉄骨造,１低住専,未改装,9000.0
260,苦楽園口,18.0,4.0,３ＬＤＫ,70.0,2020.0,10.0,ＲＣ,１中住専,未改装,3100.0
263,夙川,21.0,4.0,３ＬＤＫ,85.0,2021.0,16.0,ＲＣ,１中住専,改装済み,3500.0
264,夙川,16.0,3.0,２ＬＤＫ,80.0,2020.0,7.0,ＲＣ,１中住専,未改装,4800.0
265,夙川,4.0,4.0,３ＬＤＫ,60.0,2024.0,24.0,ＲＣ,１中住専,未改装,5500.0
266,夙川,4.0,4.0,３ＬＤＫ,70.0,2024.0,24.0,ＲＣ,１中住専,改装済み,6000.0
271,夙川,13.0,4.0,３ＬＤＫ,80.0,2024.0,12.0,ＲＣ,１中住専,未改装,6000.0
274,夙川,13.0,5.0,４ＬＤＫ,105.0,2023.0,11.0,ＲＣ,１中住専,未改装,6400.0
275,夙川,14.0,5.0,４ＬＤＫ,90.0,2023.0,49.0,ＲＣ,１中住専,改装済み,2600.0
276,夙川,11.0,4.0,３ＬＤＫ,70.0,2023.0,10.0,ＲＣ,１中住専,未改装,4600.0
277,夙川,13.0,4.0,３ＬＤＫ,75.0,2022.0,10.0,ＲＣ,１中住専,未改装,4400.0
278,夙川,16.0,5.0,４ＬＤＫ,95.0,2022.0,48.0,ＲＣ,１中住専,未改装,2200.0
279,夙川,14.0,4.0,３ＬＤＫ,85.0,2022.0,48.0,ＲＣ,１中住専,未改装,2200.0
280,夙川,13.0,4.0,３ＬＤＫ,90.0,2022.0,12.0,ＲＣ,１中住専,未改装,5800.0
281,夙川,13.0,5.0,４ＬＤＫ,105.0,2022.0,10.0,ＲＣ,１中住専,未改装,5600.0
282,夙川,13.0,4.0,３ＬＤＫ,85.0,2021.0,9.0,ＲＣ,１中住専,未改装,5300.0
283,夙川,13.0,4.0,３ＬＤＫ,75.0,2021.0,9.0,ＲＣ,１中住専,未改装,4400.0
285,夙川,13.0,4.0,３ＬＤＫ,75.0,2021.0,11.0,ＲＣ,１中住専,未改装,4000.0
287,夙川,13.0,4.0,３ＬＤＫ,85.0,2020.0,10.0,ＲＣ,１中住専,改装済み,5700.0
288,西宮北口,9.0,4.0,３ＬＤＫ,80.0,2025.0,14.0,ＲＣ,１中住専,未改装,6300.0
289,西宮北口,9.0,4.0,３ＬＤＫ,75.0,2024.0,13.0,ＲＣ,１中住専,未改装,4500.0
292,西宮北口,11.0,4.0,３ＬＤＫ,75.0,2021.0,24.0,ＲＣ,準住居,改装済み,3500.0
293,西宮北口,12.0,5.0,４ＬＤＫ,80.0,2020.0,22.0,ＲＣ,１中住専,改装済み,3800.0
294,香櫨園,14.0,5.0,４ＬＤＫ,75.0,2024.0,40.0,ＲＣ,１種住居,改装済み,3000.0
295,香櫨園,15.0,2.0,１ＬＤＫ,50.0,2023.0,39.0,ＲＣ,１種住居,未改装,1700.0
296,香櫨園,13.0,5.0,４ＬＤＫ,90.0,2022.0,11.0,ＲＣ,１種住居,未改装,4300.0
298,香櫨園,11.0,4.0,３ＬＤＫ,70.0,2022.0,16.0,ＲＣ,１種住居,未改装,3400.0
299,香櫨園,12.0,4.0,３ＬＤＫ,80.0,2021.0,10.0,ＲＣ,１種住居,未改装,3600.0
300,香櫨園,12.0,4.0,３ＬＤＫ,70.0,2021.0,15.0,ＲＣ,１種住居,未改装,3100.0
301,香櫨園,13.0,4.0,３ＬＤＫ,70.0,2021.0,10.0,ＲＣ,１種住居,未改装,3400.0
303,香櫨園,13.0,4.0,３ＬＤＫ,70.0,2021.0,10.0,ＲＣ,１種住居,未改装,3500.0
304,香櫨園,14.0,2.0,１ＬＤＫ,75.0,2021.0,37.0,ＲＣ,１種住居,改装済み,3100.0
305,香櫨園,13.0,4.0,３ＬＤＫ,75.0,2021.0,15.0,ＲＣ,１種住居,改装済み,3200.0
306,香櫨園,11.0,4.0,３ＬＤＫ,80.0,2021.0,15.0,ＲＣ,１種住居,未改装,3300.0
307,香櫨園,15.0,4.0,３ＬＤＫ,75.0,2020.0,20.0,ＲＣ,１種住居,改装済み,2500.0
308,香櫨園,13.0,4.0,３ＬＤＫ,80.0,2020.0,9.0,ＲＣ,１種住居,未改装,3500.0
309,香櫨園,13.0,4.0,３ＬＤＫ,70.0,2020.0,9.0,ＲＣ,１種住居,未改装,3300.0
310,西宮北口,13.0,4.0,３ＬＤＫ,85.0,2023.0,26.0,ＲＣ,１中住専,未改装,4200.0
311,西宮北口,13.0,4.0,３ＬＤＫ,75.0,2023.0,26.0,ＲＣ,１中住専,未改装,3300.0
313,西宮北口,16.0,4.0,３ＬＤＫ,75.0,2020.0,25.0,ＲＣ,１中住専,改装済み,3900.0
314,西宮北口,13.0,4.0,３ＬＤＫ,65.0,2024.0,26.0,ＲＣ,１種住居,改装済み,3000.0
316,西宮北口,9.0,4.0,３ＬＤＫ,70.0,2021.0,24.0,ＲＣ,１種住居,改装済み,4300.0
318,苦楽園口,14.0,2.0,１ＬＤＫ,45.0,2025.0,3.0,ＲＣ,１種住居,改装済み,3100.0
319,苦楽園口,14.0,3.0,２ＬＤＫ,80.0,2025.0,3.0,ＲＣ,１種住居,未改装,8600.0
320,苦楽園口,14.0,3.0,２ＬＤＫ,55.0,2025.0,3.0,ＲＣ,１種住居,未改装,5400.0
322,苦楽園口,14.0,3.0,２ＬＤＫ,55.0,2024.0,2.0,ＲＣ,１種住居,改装済み,4500.0
324,苦楽園口,14.0,3.0,２ＬＤＫ,65.0,2023.0,1.0,ＲＣ,１種住居,未改装,6000.0
327,苦楽園口,12.0,4.0,３ＬＤＫ,70.0,2023.0,26.0,ＲＣ,１中住専,改装済み,3200.0
329,苦楽園口,12.0,4.0,３ＬＤＫ,70.0,2022.0,25.0,ＲＣ,１中住専,改装済み,3200.0
331,苦楽園口,12.0,4.0,３ＬＤＫ,70.0,2021.0,24.0,ＲＣ,１中住専,未改装,2800.0
332,苦楽園口,14.0,4.0,３ＬＤＫ,70.0,2020.0,22.0,ＳＲＣ,１種住居,未改装,2100.0
334,甲陽園,15.0,4.0,３ＬＤＫ,75.0,2024.0,29.0,ＲＣ,１種住居,改装済み,2900.0
336,鳴尾・武庫川女子大前,8.0,4.0,３ＬＤＫ,75.0,2022.0,20.0,ＲＣ,１中住専,改装済み,4800.0
337,鳴尾・武庫川女子大前,8.0,5.0,４ＬＤＫ,95.0,2021.0,19.0,ＲＣ,１中住専,未改装,4500.0
338,鳴尾・武庫川女子大前,8.0,4.0,３ＬＤＫ,75.0,2020.0,23.0,ＲＣ,１中住専,改装済み,3200.0
340,さくら夙川,4.0,4.0,３ＬＤＫ,70.0,2024.0,45.0,ＳＲＣ,近隣商業,改装済み,3000.0
341,さくら夙川,4.0,3.0,２ＬＤＫ,60.0,2024.0,45.0,ＳＲＣ,近隣商業,改装済み,2900.0
344,さくら夙川,4.0,4.0,３ＬＤＫ,60.0,2022.0,43.0,ＳＲＣ,近隣商業,改装済み,2900.0
345,さくら夙川,4.0,3.0,２ＬＤＫ,50.0,2021.0,23.0,ＲＣ,近隣商業,改装済み,2800.0
348,さくら夙川,2.0,4.0,２ＬＤＫ＋Ｓ,35.0,2021.0,24.0,ＲＣ,近隣商業,改装済み,4100.0
349,さくら夙川,4.0,3.0,２ＬＤＫ,75.0,2021.0,22.0,ＲＣ,１種住居,未改装,4200.0
350,さくら夙川,4.0,3.0,２ＬＤＫ,60.0,2021.0,42.0,ＳＲＣ,近隣商業,改装済み,2300.0
351,さくら夙川,3.0,5.0,４ＬＤＫ,90.0,2020.0,41.0,ＳＲＣ,近隣商業,改装済み,3200.0
352,東鳴尾,7.0,2.0,１ＬＤＫ,40.0,2025.0,28.0,ＲＣ,近隣商業,未改装,1200.0
354,東鳴尾,8.0,4.0,３ＬＤＫ,70.0,2024.0,23.0,ＳＲＣ,近隣商業,改装済み,3900.0
355,東鳴尾,6.0,4.0,３ＬＤＫ,70.0,2024.0,8.0,ＳＲＣ,近隣商業,未改装,3600.0
356,東鳴尾,7.0,3.0,２ＬＤＫ,60.0,2023.0,26.0,ＲＣ,近隣商業,未改装,2500.0
357,東鳴尾,6.0,4.0,３ＬＤＫ,65.0,2022.0,6.0,ＲＣ,近隣商業,未改装,3300.0
358,東鳴尾,6.0,4.0,３ＬＤＫ,65.0,2022.0,6.0,ＳＲＣ,近隣商業,未改装,3000.0
360,東鳴尾,6.0,4.0,３ＬＤＫ,65.0,2021.0,5.0,ＲＣ,近隣商業,未改装,3500.0
361,東鳴尾,5.0,4.0,３ＬＤＫ,75.0,2021.0,30.0,ＳＲＣ,１種住居,未改装,2200.0
365,夙川,5.0,4.0,３ＬＤＫ,80.0,2024.0,26.0,ＲＣ,１中住専,改装済み,5700.0
368,夙川,6.0,3.0,２ＬＤＫ,65.0,2024.0,25.0,ＲＣ,１中住専,改装済み,4000.0
369,夙川,6.0,4.0,３ＬＤＫ,65.0,2023.0,24.0,ＲＣ,１中住専,未改装,3100.0
370,夙川,5.0,4.0,３ＬＤＫ,90.0,2022.0,24.0,ＲＣ,１中住専,改装済み,5800.0
372,夙川,6.0,1.0,１Ｒ,25.0,2022.0,38.0,ＲＣ,１中住専,未改装,650.0
373,夙川,6.0,2.0,１ＬＤＫ,55.0,2021.0,22.0,ＲＣ,１中住専,未改装,3500.0
376,夙川,5.0,4.0,３ＬＤＫ,80.0,2020.0,22.0,ＲＣ,１中住専,未改装,4900.0
377,甲東園,7.0,4.0,３ＬＤＫ,85.0,2025.0,5.0,ＲＣ,１中住専,未改装,6700.0
379,甲東園,13.0,4.0,３ＬＤＫ,70.0,2022.0,44.0,ＳＲＣ,１種住居,未改装,1500.0
380,甲東園,13.0,4.0,３ＬＤＫ,65.0,2022.0,1.0,ＲＣ,１中住専,改装済み,4500.0
381,甲東園,13.0,4.0,３ＬＤＫ,65.0,2021.0,0.0,ＲＣ,１中住専,未改装,4900.0
382,甲東園,13.0,5.0,４ＬＤＫ,80.0,2021.0,0.0,ＲＣ,１低住専,未改装,5300.0
383,門戸厄神,11.0,4.0,３ＬＤＫ,65.0,2022.0,26.0,ＲＣ,１中住専,改装済み,3300.0
384,苦楽園口,13.0,4.0,３ＬＤＫ,85.0,2024.0,50.0,ＲＣ,１中住専,未改装,950.0
387,苦楽園口,15.0,4.0,３ＬＤＫ,90.0,2022.0,26.0,ＲＣ,１中住専,改装済み,3400.0
389,夙川,23.0,4.0,３ＬＤＫ,65.0,2024.0,20.0,ＲＣ,１中住専,改装済み,3700.0
390,夙川,21.0,4.0,３ＬＤＫ,60.0,2023.0,20.0,ＲＣ,１中住専,未改装,2700.0
391,夙川,23.0,4.0,３ＬＤＫ,60.0,2023.0,19.0,ＲＣ,１中住専,未改装,2800.0
392,夙川,20.0,5.0,４ＬＤＫ,85.0,2023.0,37.0,ＲＣ,１中住専,改装済み,3400.0
395,夙川,18.0,4.0,３ＬＤＫ,85.0,2021.0,18.0,ＲＣ,１中住専,未改装,3700.0
396,夙川,18.0,5.0,４ＬＤＫ,90.0,2021.0,18.0,ＲＣ,１中住専,未改装,2900.0
397,西宮北口,30.0,3.0,２ＬＤＫ,85.0,2021.0,49.0,ＲＣ,１中住専,改装済み,2500.0
398,今津(阪神),14.0,5.0,４ＬＤＫ,70.0,2021.0,12.0,ＲＣ,準工業,未改装,3600.0
399,久寿川,11.0,3.0,２ＬＤＫ,80.0,2022.0,13.0,ＲＣ,準工業,未改装,4000.0
400,久寿川,11.0,5.0,４ＬＤＫ,85.0,2022.0,3.0,ＲＣ,準工業,未改装,5200.0
401,久寿川,11.0,5.0,４ＬＤＫ,85.0,2022.0,3.0,ＲＣ,準工業,未改装,4700.0
403,久寿川,11.0,4.0,３ＬＤＫ,80.0,2021.0,2.0,ＲＣ,準工業,未改装,4300.0
404,久寿川,11.0,4.0,３ＬＤＫ,70.0,2020.0,11.0,ＲＣ,準工業,未改装,3400.0
405,甲子園,11.0,4.0,３ＬＤＫ,65.0,2025.0,25.0,ＲＣ,１中住専,改装済み,3400.0
406,甲子園,11.0,3.0,２ＬＤＫ,55.0,2025.0,25.0,ＲＣ,１中住専,未改装,2500.0
407,甲子園,9.0,4.0,３ＬＤＫ,75.0,2024.0,14.0,ＲＣ,１中住専,未改装,5400.0
408,甲子園,11.0,4.0,３ＬＤＫ,95.0,2024.0,14.0,ＲＣ,１中住専,未改装,6500.0
409,甲子園,10.0,4.0,３ＬＤＫ,70.0,2024.0,14.0,ＲＣ,１中住専,改装済み,4700.0
410,甲子園,18.0,4.0,３ＬＤＫ,70.0,2024.0,38.0,ＳＲＣ,準工業,未改装,1900.0
412,甲子園,11.0,4.0,３ＬＤＫ,70.0,2023.0,13.0,ＲＣ,１中住専,未改装,4800.0
413,甲子園,18.0,4.0,３ＬＤＫ,70.0,2023.0,37.0,ＲＣ,１種住居,未改装,2300.0
414,甲子園,15.0,4.0,３ＬＤＫ,65.0,2023.0,26.0,ＲＣ,１種住居,改装済み,3500.0
415,甲子園,10.0,4.0,３ＬＤＫ,80.0,2022.0,12.0,ＲＣ,１中住専,未改装,3800.0
416,甲子園,13.0,2.0,１Ｋ,20.0,2021.0,26.0,ＲＣ,１中住専,改装済み,500.0
417,甲子園,12.0,2.0,１Ｋ,20.0,2021.0,26.0,ＲＣ,１中住専,未改装,540.0
418,甲子園,13.0,2.0,１Ｋ,20.0,2021.0,26.0,ＲＣ,１中住専,未改装,450.0
419,甲子園,18.0,4.0,３ＬＤＫ,70.0,2020.0,34.0,ＳＲＣ,準工業,未改装,2100.0
420,甲子園,13.0,2.0,１Ｋ,20.0,2020.0,25.0,ＲＣ,１中住専,未改装,510.0
421,甲子園口,15.0,4.0,３ＬＤＫ,70.0,2025.0,26.0,ＲＣ,１中住専,未改装,2900.0
422,甲子園口,12.0,4.0,３ＬＤＫ,60.0,2024.0,19.0,ＲＣ,近隣商業,改装済み,3300.0
423,甲子園口,15.0,4.0,３ＬＤＫ,75.0,2024.0,25.0,ＲＣ,１中住専,未改装,3200.0
424,甲子園口,11.0,3.0,２ＬＤＫ,45.0,2024.0,52.0,鉄骨造,２中住専,未改装,480.0
425,甲子園口,13.0,3.0,２ＤＫ,25.0,2024.0,36.0,ＲＣ,１中住専,改装済み,770.0
426,甲子園口,14.0,4.0,３ＬＤＫ,65.0,2024.0,26.0,ＲＣ,２中住専,改装済み,3700.0
427,甲子園口,14.0,3.0,２ＬＤＫ,65.0,2024.0,23.0,ＳＲＣ,近隣商業,改装済み,3400.0
428,甲子園口,20.0,4.0,３ＬＤＫ,50.0,2023.0,26.0,ＳＲＣ,近隣商業,未改装,1400.0
429,甲子園口,12.0,3.0,２ＬＤＫ,55.0,2023.0,51.0,鉄骨造,２中住専,改装済み,1600.0
430,甲子園口,15.0,4.0,３ＬＤＫ,70.0,2023.0,22.0,ＳＲＣ,近隣商業,改装済み,3700.0
432,甲子園口,13.0,3.0,２ＬＤＫ,45.0,2023.0,51.0,鉄骨造,２中住専,改装済み,1500.0
433,甲子園口,13.0,3.0,２ＬＤＫ,45.0,2023.0,51.0,鉄骨造,２中住専,未改装,1100.0
434,甲子園口,10.0,4.0,３ＬＤＫ,70.0,2023.0,14.0,ＲＣ,近隣商業,未改装,4100.0
437,甲子園口,13.0,3.0,２ＬＤＫ,45.0,2022.0,50.0,鉄骨造,２中住専,未改装,620.0
438,甲子園口,15.0,3.0,２ＬＤＫ,60.0,2021.0,22.0,ＲＣ,１中住専,未改装,2900.0
440,甲子園口,13.0,4.0,３ＬＤＫ,55.0,2021.0,49.0,鉄骨造,２中住専,改装済み,1600.0
441,阪神国道,12.0,4.0,３ＬＤＫ,65.0,2024.0,22.0,ＲＣ,準工業,未改装,3300.0
442,阪神国道,12.0,4.0,３ＬＤＫ,80.0,2023.0,21.0,ＲＣ,準工業,改装済み,4000.0
444,阪神国道,11.0,4.0,３ＬＤＫ,60.0,2022.0,20.0,ＲＣ,準工業,未改装,3100.0
445,阪神国道,13.0,4.0,３ＬＤＫ,75.0,2022.0,3.0,ＲＣ,準工業,未改装,4700.0
447,苦楽園口,9.0,3.0,２ＬＤＫ,70.0,2024.0,23.0,ＲＣ,１中住専,改装済み,4500.0
448,甲東園,10.0,4.0,３ＬＤＫ,70.0,2025.0,25.0,ＲＣ,１低住専,改装済み,4300.0
449,甲東園,4.0,4.0,３ＬＤＫ,70.0,2025.0,24.0,ＳＲＣ,１低住専,未改装,4000.0
453,甲東園,4.0,4.0,３ＬＤＫ,80.0,2023.0,22.0,ＲＣ,１中住専,未改装,4500.0
454,甲東園,8.0,4.0,３ＬＤＫ,80.0,2023.0,23.0,ＲＣ,１低住専,未改装,3800.0
455,甲東園,11.0,4.0,３ＬＤＫ,70.0,2022.0,22.0,ＲＣ,２低住専,未改装,3900.0
456,甲東園,4.0,3.0,２ＬＤＫ,70.0,2021.0,20.0,ＲＣ,１中住専,改装済み,4200.0
457,甲東園,11.0,5.0,４ＬＤＫ,90.0,2021.0,21.0,ＲＣ,２低住専,未改装,3300.0
458,甲東園,14.0,4.0,３ＬＤＫ,70.0,2021.0,15.0,ＲＣ,１低住専,未改装,4300.0
459,甲東園,11.0,3.0,２ＬＤＫ,65.0,2021.0,21.0,ＲＣ,１低住専,改装済み,3300.0
462,甲東園,8.0,4.0,３ＬＤＫ,65.0,2020.0,20.0,ＲＣ,１低住専,未改装,3200.0
464,仁川,8.0,4.0,３ＬＤＫ,70.0,2021.0,21.0,ＲＣ,１低住専,未改装,2900.0
465,門戸厄神,13.0,4.0,３ＬＤＫ,70.0,2022.0,22.0,ＲＣ,２種住居,改装済み,3800.0
468,苦楽園口,9.0,4.0,３ＬＤＫ,75.0,2021.0,5.0,ＲＣ,１中住専,未改装,4600.0
469,苦楽園口,8.0,4.0,３ＬＤＫ,85.0,2021.0,8.0,ＲＣ,１中住専,未改装,5500.0
470,苦楽園口,8.0,4.0,３ＬＤＫ,70.0,2021.0,8.0,ＲＣ,１中住専,未改装,4200.0
472,甲陽園,11.0,5.0,４ＬＤＫ,85.0,2025.0,12.0,ＲＣ,１中住専,未改装,6000.0
473,甲陽園,11.0,4.0,３ＬＤＫ,85.0,2024.0,11.0,ＲＣ,１中住専,改装済み,7000.0
474,甲陽園,9.0,4.0,３ＬＤＫ,70.0,2024.0,2.0,ＲＣ,１中住専,未改装,5000.0
476,甲陽園,9.0,4.0,３ＬＤＫ,75.0,2024.0,2.0,ＲＣ,１中住専,未改装,5500.0
477,甲陽園,11.0,4.0,３ＬＤＫ,70.0,2023.0,10.0,ＲＣ,１中住専,改装済み,5100.0
478,甲陽園,11.0,4.0,３ＬＤＫ,70.0,2023.0,10.0,ＲＣ,１中住専,未改装,5000.0
480,甲陽園,4.0,4.0,３ＬＤＫ,85.0,2022.0,16.0,ＲＣ,１低住専,未改装,4500.0
481,甲陽園,4.0,2.0,１ＬＤＫ,40.0,2022.0,24.0,ＲＣ,１中住専,未改装,1800.0
482,甲陽園,4.0,4.0,３ＬＤＫ,85.0,2021.0,23.0,ＲＣ,１中住専,未改装,3000.0
485,香櫨園,10.0,3.0,２ＬＤＫ,65.0,2023.0,17.0,ＲＣ,１中住専,未改装,2900.0
486,香櫨園,8.0,5.0,４ＬＤＫ,80.0,2023.0,25.0,ＲＣ,１中住専,未改装,4200.0
487,香櫨園,9.0,4.0,３ＬＤＫ,65.0,2023.0,23.0,ＲＣ,１中住専,未改装,3400.0
488,香櫨園,9.0,5.0,４ＬＤＫ,90.0,2022.0,38.0,ＲＣ,２低住専,改装済み,3200.0
490,香櫨園,7.0,4.0,３ＬＤＫ,70.0,2021.0,23.0,ＲＣ,１中住専,未改装,2600.0
493,香櫨園,13.0,5.0,４ＬＤＫ,85.0,2025.0,41.0,ＲＣ,１中住専,改装済み,3400.0
495,香櫨園,12.0,5.0,４ＬＤＫ,75.0,2024.0,18.0,ＲＣ,１中住専,未改装,2800.0
496,香櫨園,13.0,4.0,３ＬＤＫ,90.0,2024.0,40.0,ＲＣ,１中住専,未改装,2200.0
497,香櫨園,13.0,5.0,４ＬＤＫ,85.0,2023.0,39.0,ＲＣ,１中住専,未改装,1800.0
499,香櫨園,13.0,5.0,４ＬＤＫ,100.0,2022.0,38.0,ＲＣ,１中住専,改装済み,3100.0
500,香櫨園,13.0,5.0,４ＬＤＫ,100.0,2021.0,37.0,ＲＣ,１中住専,未改装,2000.0
501,香櫨園,10.0,4.0,３ＬＤＫ,80.0,2020.0,4.0,ＲＣ,１中住専,未改装,4200.0
502,香櫨園,9.0,4.0,３ＬＤＫ,75.0,2020.0,17.0,ＲＣ,１中住専,改装済み,3400.0
503,香櫨園,13.0,4.0,３ＬＤＫ,70.0,2020.0,14.0,ＲＣ,１中住専,改装済み,3700.0
505,香櫨園,6.0,3.0,２ＬＤＫ,50.0,2022.0,24.0,ＲＣ,１中住専,未改装,2500.0
506,香櫨園,5.0,4.0,３ＬＤＫ,85.0,2022.0,38.0,ＲＣ,１中住専,改装済み,3500.0
507,香櫨園,6.0,3.0,２ＬＤＫ,50.0,2022.0,24.0,ＲＣ,１中住専,未改装,1900.0
509,香櫨園,3.0,4.0,３ＬＤＫ,70.0,2020.0,20.0,ＲＣ,１中住専,改装済み,3400.0
511,香櫨園,5.0,4.0,３ＬＤＫ,55.0,2025.0,27.0,ＲＣ,１中住専,未改装,2400.0
512,香櫨園,2.0,4.0,３ＬＤＫ,60.0,2024.0,26.0,ＳＲＣ,１中住専,未改装,2600.0
513,香櫨園,5.0,3.0,２ＤＫ,45.0,2024.0,26.0,ＲＣ,１中住専,未改装,2000.0
514,香櫨園,2.0,4.0,３ＬＤＫ,75.0,2024.0,26.0,ＳＲＣ,１中住専,未改装,3700.0
516,香櫨園,2.0,4.0,３ＬＤＫ,60.0,2021.0,23.0,ＳＲＣ,１中住専,未改装,3100.0
517,香櫨園,2.0,5.0,４ＬＤＫ,95.0,2021.0,23.0,ＳＲＣ,１中住専,改装済み,4400.0
519,香櫨園,2.0,4.0,３ＬＤＫ,80.0,2020.0,22.0,ＳＲＣ,１中住専,未改装,3800.0
521,甲子園口,15.0,4.0,３ＬＤＫ,75.0,2024.0,13.0,ＲＣ,１中住専,未改装,5100.0
522,甲子園口,16.0,4.0,３ＬＤＫ,55.0,2023.0,39.0,ＲＣ,１中住専,改装済み,1600.0
523,甲子園口,15.0,4.0,３ＬＤＫ,70.0,2023.0,12.0,ＲＣ,１中住専,改装済み,4700.0
524,西宮北口,14.0,4.0,３ＬＤＫ,80.0,2023.0,10.0,ＲＣ,１中住専,未改装,5100.0
525,西宮北口,13.0,4.0,３ＬＤＫ,70.0,2020.0,9.0,ＲＣ,１中住専,改装済み,4800.0
526,苦楽園口,8.0,3.0,２ＬＤＫ,70.0,2023.0,23.0,ＲＣ,１中住専,改装済み,3900.0
527,甲陽園,10.0,4.0,３ＬＤＫ,60.0,2024.0,20.0,ＲＣ,１種住居,未改装,2800.0
530,甲陽園,7.0,4.0,３ＬＤＫ,70.0,2023.0,23.0,ＲＣ,１種住居,未改装,3200.0
531,苦楽園口,5.0,4.0,３ＬＤＫ,100.0,2023.0,22.0,ＲＣ,１低住専,未改装,6300.0
533,苦楽園口,5.0,4.0,３ＬＤＫ,80.0,2021.0,20.0,ＲＣ,１低住専,改装済み,6600.0
534,苦楽園口,5.0,4.0,３ＬＤＫ,80.0,2021.0,20.0,ＲＣ,１低住専,未改装,6400.0
535,西宮北口,1.0,5.0,４ＬＤＫ,85.0,2025.0,24.0,ＳＲＣ,商業,未改装,3500.0
540,西宮北口,3.0,2.0,１ＬＤＫ,55.0,2021.0,21.0,ＳＲＣ,商業,未改装,4900.0
541,西宮北口,4.0,4.0,３ＬＤＫ,80.0,2022.0,23.0,ＲＣ,１中住専,未改装,4500.0
542,西宮北口,6.0,2.0,１ＤＫ,35.0,2020.0,22.0,ＳＲＣ,１中住専,改装済み,1700.0
543,苦楽園口,4.0,4.0,３ＬＤＫ,85.0,2022.0,6.0,ＲＣ,１中住専,未改装,8200.0
544,苦楽園口,4.0,4.0,３ＬＤＫ,85.0,2022.0,6.0,ＲＣ,１中住専,未改装,6000.0
545,苦楽園口,4.0,3.0,２ＬＤＫ,80.0,2022.0,6.0,ＲＣ,１中住専,未改装,5800.0
546,苦楽園口,6.0,4.0,３ＬＤＫ,90.0,2022.0,37.0,ＲＣ,１中住専,未改装,1800.0
549,夙川,7.0,3.0,２ＬＤＫ,75.0,2024.0,17.0,ＲＣ,１中住専,改装済み,5300.0
550,夙川,7.0,4.0,３ＬＤＫ,135.0,2024.0,17.0,ＲＣ,１中住専,未改装,10000.0
551,西宮(阪神),13.0,4.0,３ＬＤＫ,80.0,2024.0,50.0,ＳＲＣ,準工業,改装済み,2800.0
552,西宮(阪神),16.0,4.0,３ＬＤＫ,75.0,2023.0,27.0,ＲＣ,準工業,改装済み,2000.0
553,西宮(阪神),13.0,4.0,３ＬＤＫ,70.0,2023.0,49.0,ＳＲＣ,準工業,改装済み,2300.0
554,西宮(阪神),11.0,3.0,２ＬＤＫ,65.0,2022.0,48.0,ＳＲＣ,準工業,未改装,1300.0
555,西宮(阪神),15.0,3.0,２ＬＤＫ,80.0,2022.0,48.0,ＳＲＣ,準工業,改装済み,1900.0
556,西宮(阪神),13.0,4.0,３ＬＤＫ,65.0,2022.0,48.0,ＳＲＣ,準工業,未改装,1200.0
557,西宮(阪神),13.0,4.0,３ＬＤＫ,80.0,2022.0,48.0,ＳＲＣ,準工業,改装済み,2700.0
558,西宮(阪神),13.0,4.0,３ＬＤＫ,75.0,2022.0,48.0,ＳＲＣ,準工業,未改装,1800.0
559,西宮(阪神),13.0,3.0,２ＬＤＫ,55.0,2021.0,47.0,ＳＲＣ,準工業,未改装,1200.0
561,西宮(阪神),12.0,4.0,３ＬＤＫ,70.0,2021.0,47.0,ＳＲＣ,準工業,改装済み,1900.0
563,西宮(阪神),12.0,4.0,３ＬＤＫ,65.0,2020.0,46.0,ＳＲＣ,準工業,改装済み,1800.0
564,西宮(阪神),12.0,4.0,３ＬＤＫ,65.0,2020.0,46.0,ＳＲＣ,準工業,改装済み,1800.0
565,西宮(阪神),15.0,5.0,４ＬＤＫ,70.0,2020.0,46.0,ＳＲＣ,準工業,未改装,900.0
566,西宮(阪神),13.0,4.0,３ＬＤＫ,70.0,2020.0,46.0,ＳＲＣ,準工業,改装済み,1500.0
567,甲子園口,9.0,3.0,２ＬＤＫ,55.0,2025.0,52.0,ＲＣ,１中住専,改装済み,2000.0
568,甲子園口,10.0,3.0,２ＬＤＫ,60.0,2025.0,48.0,ＲＣ,１中住専,改装済み,2200.0
569,甲子園口,7.0,5.0,４ＬＤＫ,80.0,2024.0,17.0,ＲＣ,１中住専,未改装,5700.0
570,甲子園口,7.0,4.0,３ＬＤＫ,65.0,2024.0,10.0,ＲＣ,１中住専,未改装,5400.0
571,甲子園口,12.0,3.0,２ＬＤＫ,55.0,2024.0,47.0,ＲＣ,１中住専,未改装,1800.0
572,甲子園口,9.0,3.0,２ＤＫ,55.0,2023.0,50.0,ＲＣ,１中住専,改装済み,2200.0
573,甲子園口,7.0,3.0,２ＬＤＫ,70.0,2023.0,17.0,ＲＣ,１中住専,改装済み,5100.0
574,甲子園口,7.0,4.0,３ＬＤＫ,75.0,2022.0,15.0,ＲＣ,１中住専,未改装,5000.0
575,甲子園口,6.0,5.0,４ＬＤＫ,105.0,2022.0,21.0,ＲＣ,１中住専,未改装,5400.0
576,甲子園口,9.0,4.0,３ＬＤＫ,70.0,2021.0,48.0,ＲＣ,１中住専,改装済み,2500.0
577,甲子園口,7.0,4.0,３ＬＤＫ,70.0,2021.0,14.0,ＲＣ,１中住専,未改装,4300.0
578,甲子園口,7.0,4.0,３ＬＤＫ,70.0,2021.0,14.0,ＲＣ,１中住専,未改装,3900.0
579,甲子園口,7.0,5.0,４ＬＤＫ,90.0,2021.0,14.0,ＲＣ,１中住専,未改装,5700.0
580,甲子園口,10.0,3.0,２ＬＤＫ,60.0,2021.0,44.0,ＲＣ,１中住専,未改装,550.0
581,甲子園口,7.0,5.0,４ＬＤＫ,90.0,2021.0,15.0,ＲＣ,１中住専,改装済み,5900.0
582,甲子園口,6.0,4.0,３ＬＤＫ,65.0,2020.0,6.0,ＲＣ,１中住専,未改装,4800.0
583,甲子園口,7.0,4.0,３ＬＤＫ,70.0,2020.0,14.0,ＲＣ,１中住専,未改装,4300.0
584,甲子園口,6.0,3.0,２ＬＤＫ,70.0,2020.0,6.0,ＲＣ,１中住専,未改装,4300.0
585,甲子園口,7.0,4.0,３ＬＤＫ,90.0,2020.0,14.0,ＲＣ,１中住専,未改装,4100.0
586,甲子園口,9.0,4.0,３ＬＤＫ,55.0,2020.0,47.0,ＳＲＣ,１中住専,改装済み,2000.0
587,甲子園口,8.0,4.0,３ＬＤＫ,70.0,2020.0,14.0,ＲＣ,１中住専,未改装,4600.0
588,苦楽園口,15.0,4.0,３ＬＤＫ,80.0,2025.0,51.0,ＲＣ,１低住専,未改装,600.0
589,苦楽園口,15.0,4.0,３ＬＤＫ,75.0,2023.0,49.0,ＲＣ,１低住専,改装済み,2400.0
590,苦楽園口,16.0,3.0,２ＬＤＫ,80.0,2023.0,15.0,ＲＣ,１低住専,未改装,6000.0
591,苦楽園口,15.0,4.0,３ＬＤＫ,90.0,2023.0,49.0,ＲＣ,１低住専,改装済み,2500.0
592,苦楽園口,15.0,5.0,４ＬＤＫ,75.0,2022.0,48.0,ＲＣ,１低住専,未改装,1500.0
593,苦楽園口,16.0,4.0,３ＬＤＫ,80.0,2022.0,14.0,ＲＣ,１低住専,未改装,4800.0
597,苦楽園口,16.0,5.0,４ＬＤＫ,130.0,2020.0,12.0,ＲＣ,１低住専,未改装,6600.0
598,苦楽園口,14.0,4.0,３ＬＤＫ,90.0,2020.0,12.0,ＲＣ,１低住専,改装済み,4900.0
600,苦楽園口,16.0,3.0,２ＬＤＫ,90.0,2024.0,16.0,ＲＣ,１低住専,未改装,4400.0
602,苦楽園口,8.0,4.0,３ＬＤＫ,75.0,2023.0,24.0,ＲＣ,１中住専,未改装,4600.0
603,苦楽園口,6.0,3.0,２ＬＤＫ,55.0,2021.0,22.0,ＲＣ,１中住専,改装済み,3500.0
605,苦楽園口,6.0,4.0,３ＬＤＫ,60.0,2021.0,22.0,ＲＣ,１中住専,未改装,3100.0
606,苦楽園口,8.0,4.0,３ＬＤＫ,80.0,2021.0,25.0,ＲＣ,１中住専,改装済み,4700.0
608,夙川,8.0,4.0,３ＬＤＫ,80.0,2024.0,25.0,ＲＣ,１中住専,未改装,5000.0
609,夙川,8.0,4.0,３ＬＤＫ,80.0,2022.0,23.0,ＲＣ,１中住専,未改装,5700.0
610,夙川,8.0,4.0,３ＬＤＫ,70.0,2020.0,21.0,ＲＣ,１中住専,改装済み,4300.0
612,甲子園口,14.0,5.0,４ＬＤＫ,90.0,2024.0,27.0,ＲＣ,１中住専,未改装,2100.0
613,甲子園口,10.0,4.0,３ＬＤＫ,80.0,2023.0,23.0,ＲＣ,１中住専,未改装,4100.0
616,甲子園口,12.0,5.0,４ＬＤＫ,95.0,2022.0,22.0,ＲＣ,１中住専,改装済み,4500.0
618,甲子園口,13.0,4.0,３ＬＤＫ,75.0,2021.0,21.0,ＲＣ,１中住専,未改装,4500.0
619,甲子園,9.0,4.0,３ＬＤＫ,70.0,2022.0,53.0,ＲＣ,２中住専,改装済み,2100.0
620,甲子園,9.0,4.0,３ＬＤＫ,70.0,2021.0,52.0,ＲＣ,２中住専,未改装,2100.0
623,甲子園,16.0,4.0,３ＬＤＫ,75.0,2024.0,24.0,ＲＣ,１中住専,改装済み,4000.0
624,甲子園,9.0,4.0,３ＬＤＫ,65.0,2021.0,24.0,ＲＣ,１中住専,未改装,3100.0
625,甲子園,14.0,4.0,３ＬＤＫ,70.0,2020.0,20.0,ＲＣ,１中住専,未改装,3500.0
626,甲子園,9.0,4.0,３ＬＤＫ,75.0,2024.0,27.0,ＲＣ,１中住専,改装済み,4200.0
627,甲子園,9.0,4.0,３ＬＤＫ,80.0,2024.0,23.0,ＲＣ,１中住専,未改装,4000.0
628,甲子園,9.0,5.0,４ＬＤＫ,90.0,2023.0,26.0,ＲＣ,１中住専,改装済み,4500.0
630,甲子園,9.0,5.0,４ＬＤＫ,90.0,2021.0,24.0,ＲＣ,１中住専,改装済み,4000.0
631,甲子園,6.0,4.0,３ＬＤＫ,75.0,2020.0,15.0,ＲＣ,１中住専,未改装,4000.0
633,甲子園,6.0,4.0,３ＬＤＫ,100.0,2025.0,39.0,ＲＣ,２種住居,未改装,4400.0
638,甲子園,5.0,2.0,１ＬＤＫ,40.0,2023.0,54.0,ＲＣ,近隣商業,未改装,900.0
639,甲子園,6.0,4.0,３ＬＤＫ,100.0,2023.0,37.0,ＲＣ,２種住居,改装済み,3800.0
640,甲子園,6.0,4.0,３ＬＤＫ,85.0,2023.0,37.0,ＲＣ,２種住居,改装済み,4200.0
641,甲子園,6.0,4.0,３ＬＤＫ,90.0,2022.0,36.0,ＲＣ,２種住居,改装済み,4300.0
643,甲子園,5.0,3.0,２ＬＤＫ,55.0,2022.0,53.0,ＲＣ,近隣商業,改装済み,2000.0
644,甲子園,6.0,5.0,４ＬＤＫ,115.0,2021.0,35.0,ＲＣ,２種住居,未改装,3100.0
645,甲子園,5.0,3.0,２ＬＤＫ,65.0,2021.0,52.0,ＲＣ,近隣商業,改装済み,2300.0
646,甲子園,5.0,4.0,３ＬＤＫ,75.0,2021.0,52.0,ＲＣ,近隣商業,改装済み,1800.0
647,甲子園,5.0,3.0,２ＬＤＫ,55.0,2020.0,51.0,ＲＣ,近隣商業,未改装,1200.0
648,甲子園,5.0,2.0,１Ｋ,20.0,2020.0,51.0,ＲＣ,近隣商業,改装済み,650.0
649,甲子園,5.0,2.0,１Ｋ,20.0,2020.0,51.0,ＲＣ,近隣商業,改装済み,600.0
650,甲子園,15.0,5.0,４ＬＤＫ,75.0,2024.0,18.0,ＲＣ,２種住居,未改装,3600.0
651,甲子園,15.0,4.0,３ＬＤＫ,65.0,2024.0,18.0,ＲＣ,２種住居,未改装,2500.0
652,甲子園,18.0,3.0,２ＬＤＫ,65.0,2024.0,47.0,ＲＣ,２種住居,未改装,1800.0
655,甲子園,15.0,4.0,３ＬＤＫ,70.0,2023.0,17.0,ＲＣ,２種住居,改装済み,3700.0
656,甲子園,15.0,3.0,２ＬＤＫ,65.0,2023.0,17.0,ＲＣ,２種住居,改装済み,4000.0
659,甲子園,15.0,4.0,３ＬＤＫ,70.0,2022.0,16.0,ＲＣ,２種住居,改装済み,4000.0
660,甲子園,10.0,2.0,１ＬＤＫ,55.0,2022.0,22.0,ＲＣ,２中住専,改装済み,2400.0
661,甲子園,15.0,4.0,３ＬＤＫ,70.0,2022.0,16.0,ＲＣ,２種住居,未改装,3400.0
664,甲子園,14.0,4.0,３ＬＤＫ,70.0,2021.0,15.0,ＲＣ,２種住居,未改装,3100.0
665,甲子園,15.0,4.0,３ＬＤＫ,65.0,2021.0,15.0,ＲＣ,２種住居,未改装,3100.0
666,甲子園,7.0,4.0,３ＬＤＫ,70.0,2020.0,21.0,ＲＣ,１種住居,改装済み,3500.0
668,甲子園,3.0,4.0,３ＬＤＫ,125.0,2021.0,30.0,ＲＣ,２中住専,未改装,5000.0
669,甲子園,3.0,4.0,３ＬＤＫ,80.0,2020.0,16.0,ＲＣ,２中住専,未改装,4700.0
670,甲子園口,9.0,4.0,３ＬＤＫ,70.0,2025.0,53.0,ＲＣ,１中住専,改装済み,2600.0
672,甲子園口,8.0,5.0,４ＬＤＫ,80.0,2025.0,19.0,ＲＣ,１中住専,未改装,4500.0
673,甲子園口,12.0,4.0,３ＬＤＫ,70.0,2024.0,12.0,ＲＣ,近隣商業,改装済み,4400.0
674,甲子園口,6.0,3.0,２ＬＤＫ,65.0,2024.0,28.0,ＲＣ,近隣商業,未改装,2700.0
675,甲子園口,2.0,4.0,３ＬＤＫ,125.0,2024.0,33.0,ＲＣ,近隣商業,未改装,4000.0
676,甲子園口,5.0,4.0,３ＬＤＫ,65.0,2024.0,26.0,ＲＣ,近隣商業,改装済み,3900.0
677,甲子園口,6.0,4.0,３ＬＤＫ,75.0,2024.0,12.0,ＲＣ,近隣商業,未改装,5000.0
680,甲子園口,9.0,3.0,２ＬＤＫ,65.0,2024.0,52.0,ＲＣ,１中住専,改装済み,1700.0
681,甲子園口,6.0,3.0,２ＬＤＫ,75.0,2024.0,28.0,ＲＣ,近隣商業,改装済み,3600.0
682,甲子園口,13.0,3.0,２ＬＤＫ,50.0,2024.0,12.0,ＲＣ,近隣商業,未改装,2500.0
683,甲子園口,9.0,4.0,３ＬＤＫ,70.0,2023.0,51.0,ＲＣ,１中住専,改装済み,1700.0
684,甲子園口,2.0,4.0,３ＬＤＫ,55.0,2023.0,23.0,ＲＣ,近隣商業,改装済み,3100.0
685,甲子園口,9.0,4.0,３ＬＤＫ,65.0,2023.0,51.0,ＲＣ,１中住専,未改装,1300.0
687,甲子園口,6.0,4.0,３ＬＤＫ,65.0,2023.0,7.0,ＲＣ,近隣商業,未改装,4000.0
688,甲子園口,3.0,4.0,３ＬＤＫ,65.0,2023.0,25.0,ＲＣ,近隣商業,未改装,3900.0
689,甲子園口,8.0,4.0,３ＬＤＫ,60.0,2023.0,25.0,ＲＣ,近隣商業,未改装,1900.0
690,甲子園口,2.0,3.0,２ＬＤＫ,60.0,2023.0,23.0,ＲＣ,近隣商業,未改装,3000.0
692,甲子園口,6.0,3.0,２ＬＤＫ,55.0,2023.0,27.0,ＲＣ,近隣商業,未改装,2600.0
693,甲子園口,11.0,4.0,３ＬＤＫ,70.0,2023.0,11.0,ＲＣ,近隣商業,未改装,3300.0
694,甲子園口,7.0,3.0,２ＬＤＫ,55.0,2023.0,25.0,ＲＣ,１中住専,未改装,2800.0
695,甲子園口,8.0,4.0,３ＬＤＫ,90.0,2023.0,22.0,ＲＣ,１中住専,改装済み,5000.0
696,甲子園口,4.0,4.0,３ＬＤＫ,60.0,2022.0,25.0,ＲＣ,近隣商業,改装済み,3400.0
697,甲子園口,12.0,4.0,３ＬＤＫ,90.0,2022.0,3.0,ＲＣ,１種住居,未改装,5400.0
698,甲子園口,2.0,5.0,４ＬＤＫ,105.0,2022.0,32.0,ＲＣ,近隣商業,改装済み,4600.0
699,甲子園口,8.0,4.0,３ＬＤＫ,70.0,2022.0,25.0,ＲＣ,１中住専,改装済み,4100.0
700,甲子園口,4.0,4.0,３ＬＤＫ,60.0,2022.0,25.0,ＲＣ,近隣商業,未改装,2600.0
703,甲子園口,2.0,4.0,３ＬＤＫ,65.0,2021.0,10.0,ＲＣ,近隣商業,未改装,3900.0
705,甲子園口,11.0,4.0,３ＬＤＫ,70.0,2021.0,15.0,ＲＣ,近隣商業,未改装,3000.0
707,甲子園口,3.0,4.0,３ＬＤＫ,75.0,2021.0,23.0,ＲＣ,近隣商業,未改装,4300.0
708,甲子園口,15.0,4.0,３ＬＤＫ,65.0,2021.0,21.0,ＲＣ,近隣商業,未改装,1800.0
709,甲子園口,5.0,5.0,４ＬＤＫ,90.0,2021.0,11.0,ＲＣ,１中住専,未改装,5200.0
711,甲子園口,8.0,4.0,３ＬＤＫ,60.0,2020.0,22.0,ＲＣ,近隣商業,未改装,2300.0
712,甲子園口,13.0,4.0,３ＬＤＫ,90.0,2020.0,1.0,ＲＣ,１種住居,未改装,6700.0
713,甲子園口,3.0,4.0,３ＬＤＫ,65.0,2020.0,22.0,ＲＣ,近隣商業,未改装,3600.0
715,甲子園口,4.0,4.0,３ＬＤＫ,65.0,2020.0,22.0,ＲＣ,近隣商業,改装済み,3500.0
717,甲子園口,5.0,4.0,３ＬＤＫ,70.0,2020.0,22.0,ＲＣ,近隣商業,改装済み,4000.0
718,甲子園口,13.0,5.0,４ＬＤＫ,75.0,2020.0,21.0,ＲＣ,１種住居,未改装,3600.0
719,甲子園口,3.0,4.0,３ＬＤＫ,70.0,2020.0,25.0,ＲＣ,１中住専,未改装,1800.0
720,甲子園口,4.0,2.0,１ＬＤＫ,65.0,2020.0,22.0,ＲＣ,１中住専,改装済み,3100.0
721,甲子園口,4.0,4.0,３ＬＤＫ,75.0,2020.0,10.0,ＲＣ,１中住専,改装済み,4200.0
723,甲子園口,1.0,3.0,２ＬＤＫ,50.0,2025.0,27.0,ＳＲＣ,近隣商業,未改装,3400.0
724,甲子園口,3.0,4.0,３ＬＤＫ,85.0,2024.0,17.0,ＲＣ,１中住専,未改装,5800.0
725,甲子園口,5.0,4.0,３ＬＤＫ,75.0,2024.0,12.0,ＲＣ,１中住専,未改装,5500.0
726,甲子園口,2.0,3.0,２ＬＤＫ,60.0,2024.0,28.0,ＲＣ,近隣商業,改装済み,3200.0
727,甲子園口,3.0,1.0,１Ｒ,20.0,2024.0,40.0,ＲＣ,１中住専,改装済み,400.0
728,甲子園口,5.0,3.0,２ＬＤＫ,65.0,2023.0,11.0,ＲＣ,１中住専,未改装,4400.0
729,甲子園口,5.0,4.0,３ＬＤＫ,80.0,2023.0,11.0,ＲＣ,１中住専,未改装,6100.0
730,甲子園口,6.0,3.0,２ＬＤＫ,65.0,2023.0,45.0,ＲＣ,１中住専,改装済み,1900.0
731,甲子園口,1.0,4.0,３ＬＤＫ,65.0,2023.0,25.0,ＳＲＣ,近隣商業,改装済み,4900.0
732,甲子園口,3.0,4.0,３ＬＤＫ,75.0,2023.0,16.0,ＲＣ,１中住専,未改装,4600.0
733,甲子園口,2.0,4.0,３ＬＤＫ,85.0,2023.0,27.0,ＲＣ,近隣商業,未改装,3700.0
735,甲子園口,5.0,3.0,２ＬＤＫ,70.0,2022.0,52.0,ＳＲＣ,１中住専,改装済み,2600.0
736,甲子園口,5.0,4.0,３ＬＤＫ,75.0,2022.0,10.0,ＲＣ,１中住専,未改装,5200.0
737,甲子園口,3.0,4.0,３ＬＤＫ,80.0,2022.0,22.0,ＲＣ,１中住専,改装済み,4900.0
738,甲子園口,5.0,3.0,２ＬＤＫ,55.0,2022.0,52.0,ＳＲＣ,１中住専,改装済み,1800.0
739,甲子園口,5.0,4.0,３ＬＤＫ,75.0,2022.0,10.0,ＲＣ,１中住専,未改装,4200.0
740,甲子園口,5.0,4.0,３ＬＤＫ,70.0,2022.0,52.0,ＳＲＣ,１中住専,未改装,700.0
741,甲子園口,3.0,4.0,３ＬＤＫ,85.0,2021.0,14.0,ＲＣ,１中住専,未改装,4000.0
743,甲子園口,1.0,3.0,２ＬＤＫ,65.0,2021.0,22.0,ＳＲＣ,近隣商業,改装済み,3500.0
744,甲子園口,4.0,4.0,３ＬＤＫ,65.0,2021.0,23.0,ＳＲＣ,１中住専,未改装,3000.0
749,甲子園口,5.0,4.0,３ＬＤＫ,75.0,2020.0,8.0,ＲＣ,１中住専,未改装,4600.0
750,甲子園口,5.0,4.0,３ＬＤＫ,75.0,2020.0,8.0,ＲＣ,１中住専,未改装,4900.0
751,甲子園口,2.0,4.0,３ＬＤＫ,85.0,2020.0,24.0,ＲＣ,近隣商業,未改装,4000.0
752,甲子園口,3.0,3.0,２ＬＤＫ,85.0,2020.0,13.0,ＲＣ,１中住専,未改装,5200.0
754,甲子園口,5.0,4.0,３ＬＤＫ,80.0,2020.0,8.0,ＲＣ,１中住専,未改装,5300.0
757,甲子園,9.0,5.0,４ＬＤＫ,75.0,2024.0,22.0,ＲＣ,１種住居,改装済み,3500.0
759,甲子園,8.0,4.0,３ＬＤＫ,60.0,2023.0,27.0,ＲＣ,２種住居,未改装,2300.0
762,甲子園,9.0,4.0,３ＬＤＫ,60.0,2022.0,26.0,ＲＣ,１種住居,改装済み,2400.0
764,甲子園,7.0,4.0,３ＬＤＫ,75.0,2021.0,21.0,ＳＲＣ,２種住居,改装済み,3700.0
767,甲子園,4.0,4.0,３ＬＤＫ,60.0,2020.0,14.0,ＲＣ,近隣商業,未改装,3600.0
769,甲子園,8.0,4.0,３ＬＤＫ,65.0,2020.0,22.0,ＳＲＣ,近隣商業,未改装,2000.0
770,甲子園,4.0,5.0,４ＬＤＫ,85.0,2020.0,14.0,ＲＣ,近隣商業,改装済み,5400.0
771,甲子園,9.0,4.0,３ＬＤＫ,70.0,2025.0,12.0,ＲＣ,１中住専,未改装,4400.0
772,甲子園,9.0,4.0,３ＬＤＫ,75.0,2023.0,10.0,ＲＣ,１中住専,未改装,4800.0
773,甲子園,9.0,3.0,２ＬＤＫ,65.0,2023.0,10.0,ＲＣ,１中住専,未改装,4600.0
774,甲子園,11.0,4.0,３ＬＤＫ,70.0,2021.0,8.0,ＲＣ,１中住専,未改装,4400.0
776,甲子園,9.0,3.0,２ＬＤＫ,70.0,2020.0,7.0,ＲＣ,１中住専,未改装,4500.0
778,甲子園,7.0,4.0,３ＬＤＫ,65.0,2025.0,28.0,ＲＣ,１種住居,改装済み,2800.0
780,甲子園,9.0,4.0,３ＬＤＫ,65.0,2024.0,51.0,ＲＣ,２種住居,改装済み,1600.0
781,甲子園,10.0,3.0,２ＬＤＫ,50.0,2024.0,51.0,ＲＣ,近隣商業,改装済み,1500.0
782,甲子園,9.0,4.0,３ＬＤＫ,70.0,2024.0,11.0,ＲＣ,２種住居,未改装,4000.0
783,甲子園,9.0,5.0,４ＬＤＫ,95.0,2023.0,50.0,ＲＣ,２種住居,未改装,2600.0
786,甲子園,10.0,4.0,３ＬＤＫ,75.0,2023.0,22.0,ＲＣ,２中住専,改装済み,3600.0
787,甲子園,9.0,4.0,３ＬＤＫ,85.0,2022.0,19.0,ＲＣ,２中住専,未改装,4000.0
788,甲子園,8.0,4.0,３ＬＤＫ,70.0,2022.0,9.0,ＲＣ,近隣商業,未改装,3500.0
790,甲子園,9.0,3.0,２ＬＤＫ,60.0,2022.0,49.0,ＲＣ,２種住居,未改装,1700.0
791,甲子園,9.0,4.0,３ＬＤＫ,75.0,2022.0,19.0,ＲＣ,２中住専,未改装,3200.0
793,甲子園,10.0,4.0,３ＬＤＫ,80.0,2021.0,20.0,ＲＣ,２中住専,未改装,3800.0
794,甲子園,9.0,4.0,３ＬＤＫ,65.0,2021.0,48.0,ＲＣ,２種住居,未改装,1200.0
795,甲子園,9.0,3.0,２ＬＤＫ,80.0,2021.0,20.0,ＲＣ,１中住専,改装済み,4200.0
801,甲子園,11.0,5.0,４ＬＤＫ,90.0,2023.0,24.0,ＲＣ,１中住専,未改装,4200.0
802,甲子園,11.0,5.0,４ＬＤＫ,130.0,2023.0,24.0,ＲＣ,１中住専,未改装,4900.0
804,甲子園,7.0,4.0,３ＬＤＫ,85.0,2024.0,5.0,ＲＣ,１中住専,未改装,6500.0
806,甲子園,8.0,4.0,３ＬＤＫ,70.0,2020.0,1.0,ＲＣ,１中住専,未改装,4700.0
807,甲子園,8.0,4.0,３ＬＤＫ,110.0,2020.0,1.0,ＲＣ,１中住専,改装済み,7500.0
808,甲東園,1.0,4.0,３ＬＤＫ,70.0,2025.0,26.0,ＳＲＣ,近隣商業,改装済み,5300.0
809,甲東園,2.0,3.0,２ＬＤＫ,75.0,2024.0,18.0,ＲＣ,近隣商業,未改装,4200.0
811,甲東園,1.0,4.0,３ＬＤＫ,65.0,2024.0,24.0,ＲＣ,１中住専,未改装,2800.0
812,甲東園,1.0,4.0,３ＬＤＫ,65.0,2023.0,23.0,ＲＣ,１中住専,改装済み,3800.0
814,甲東園,3.0,3.0,２ＬＤＫ,55.0,2023.0,25.0,ＲＣ,近隣商業,改装済み,2700.0
815,甲東園,2.0,4.0,３ＬＤＫ,75.0,2022.0,16.0,ＲＣ,近隣商業,未改装,4400.0
818,甲東園,2.0,4.0,３ＬＤＫ,80.0,2022.0,16.0,ＲＣ,近隣商業,未改装,4600.0
819,甲東園,1.0,4.0,３ＬＤＫ,80.0,2021.0,22.0,ＳＲＣ,近隣商業,改装済み,6000.0
820,甲東園,3.0,3.0,２ＬＤＫ,70.0,2021.0,48.0,ＳＲＣ,近隣商業,改装済み,2900.0
821,甲東園,3.0,4.0,３ＬＤＫ,70.0,2021.0,45.0,ＳＲＣ,近隣商業,改装済み,2400.0
823,甲東園,1.0,5.0,４ＬＤＫ,80.0,2020.0,21.0,ＳＲＣ,近隣商業,未改装,4200.0
824,西宮北口,4.0,4.0,３ＬＤＫ,90.0,2022.0,19.0,ＲＣ,近隣商業,改装済み,9300.0
827,西宮北口,1.0,4.0,３ＬＤＫ,75.0,2020.0,23.0,ＲＣ,商業,改装済み,5800.0
830,さくら夙川,14.0,4.0,３ＬＤＫ,75.0,2025.0,11.0,ＲＣ,近隣商業,未改装,5100.0
831,さくら夙川,14.0,5.0,４ＬＤＫ,85.0,2024.0,10.0,ＲＣ,商業,未改装,6000.0
833,さくら夙川,9.0,4.0,３ＬＤＫ,70.0,2023.0,17.0,ＲＣ,１中住専,未改装,4200.0
834,さくら夙川,14.0,4.0,３ＬＤＫ,70.0,2021.0,7.0,ＲＣ,商業,未改装,4200.0
836,さくら夙川,9.0,4.0,３ＬＤＫ,70.0,2020.0,14.0,ＲＣ,１中住専,未改装,4100.0
838,甲陽園,3.0,5.0,４ＬＤＫ,85.0,2024.0,24.0,ＲＣ,２低住専,改装済み,5100.0
839,甲陽園,10.0,4.0,３ＬＤＫ,70.0,2023.0,24.0,ＲＣ,１低住専,改装済み,2800.0
840,甲陽園,10.0,4.0,３ＬＤＫ,75.0,2023.0,24.0,ＲＣ,１低住専,未改装,2000.0
841,甲陽園,3.0,4.0,３ＬＤＫ,70.0,2022.0,22.0,ＲＣ,２低住専,未改装,3800.0
842,甲陽園,4.0,3.0,２ＬＤＫ,70.0,2021.0,21.0,ＲＣ,２低住専,未改装,4100.0
843,甲陽園,3.0,4.0,３ＬＤＫ,75.0,2020.0,20.0,ＲＣ,２低住専,未改装,3600.0
844,甲陽園,3.0,5.0,４ＬＤＫ,90.0,2020.0,20.0,ＲＣ,２低住専,改装済み,5000.0
846,甲陽園,18.0,4.0,３ＬＤＫ,120.0,2025.0,34.0,ＲＣ,１中住専,未改装,2300.0
847,甲陽園,13.0,4.0,３ＬＤＫ,125.0,2024.0,11.0,ＲＣ,１中住専,改装済み,4900.0
849,甲陽園,15.0,3.0,２ＬＤＫ,70.0,2024.0,26.0,ＲＣ,１中住専,未改装,2400.0
851,甲陽園,13.0,4.0,３ＬＤＫ,80.0,2023.0,10.0,ＲＣ,１中住専,未改装,2600.0
852,甲陽園,13.0,4.0,３ＬＤＫ,125.0,2023.0,10.0,ＲＣ,１中住専,未改装,5600.0
853,甲陽園,15.0,4.0,３ＬＤＫ,75.0,2023.0,10.0,ＲＣ,１中住専,未改装,3100.0
855,甲陽園,13.0,4.0,３ＬＤＫ,75.0,2023.0,10.0,ＲＣ,１中住専,改装済み,2600.0
856,甲陽園,15.0,4.0,３ＬＤＫ,75.0,2022.0,9.0,ＲＣ,１中住専,改装済み,2700.0
857,甲陽園,15.0,5.0,４ＬＤＫ,100.0,2022.0,24.0,ＲＣ,１中住専,未改装,2800.0
858,甲陽園,13.0,4.0,３ＬＤＫ,105.0,2022.0,9.0,ＲＣ,１中住専,未改装,4100.0
860,甲陽園,15.0,4.0,３ＬＤＫ,95.0,2021.0,8.0,ＲＣ,１中住専,未改装,3000.0
863,甲陽園,15.0,4.0,３ＬＤＫ,75.0,2021.0,8.0,ＲＣ,１中住専,改装済み,2900.0
864,甲陽園,14.0,4.0,３ＬＤＫ,80.0,2021.0,8.0,ＲＣ,１中住専,改装済み,3100.0
867,甲陽園,14.0,4.0,３ＬＤＫ,80.0,2020.0,7.0,ＲＣ,１中住専,改装済み,2700.0
868,甲陽園,14.0,4.0,３ＬＤＫ,85.0,2020.0,7.0,ＲＣ,１中住専,未改装,3400.0
869,甲陽園,12.0,5.0,４ＬＤＫ,80.0,2020.0,15.0,ＲＣ,１低住専,未改装,2900.0
870,甲陽園,4.0,3.0,２ＬＤＫ,65.0,2025.0,26.0,ＲＣ,近隣商業,未改装,3400.0
871,甲陽園,4.0,5.0,４ＬＤＫ,90.0,2025.0,26.0,ＲＣ,近隣商業,改装済み,6200.0
874,甲陽園,6.0,4.0,３ＬＤＫ,70.0,2023.0,17.0,ＲＣ,１中住専,改装済み,4000.0
875,甲陽園,4.0,5.0,４ＬＤＫ,85.0,2023.0,24.0,ＲＣ,近隣商業,改装済み,4300.0
876,甲陽園,6.0,4.0,３ＬＤＫ,70.0,2022.0,16.0,ＲＣ,１中住専,未改装,3200.0
877,甲陽園,6.0,4.0,２ＬＤＫ＋Ｓ,60.0,2021.0,9.0,ＲＣ,１中住専,未改装,3200.0
878,甲陽園,1.0,3.0,２ＬＤＫ,45.0,2025.0,54.0,ＲＣ,近隣商業,未改装,1600.0
879,甲陽園,1.0,3.0,２ＤＫ,60.0,2024.0,53.0,ＲＣ,近隣商業,改装済み,2400.0
880,甲陽園,3.0,4.0,３ＬＤＫ,75.0,2024.0,47.0,ＳＲＣ,近隣商業,未改装,1900.0
881,甲陽園,8.0,4.0,３ＬＤＫ,70.0,2024.0,24.0,ＲＣ,１中住専,未改装,3200.0
882,甲陽園,1.0,3.0,２ＬＤＫ,50.0,2024.0,53.0,ＲＣ,近隣商業,未改装,800.0
883,甲陽園,3.0,5.0,４ＬＤＫ,155.0,2024.0,47.0,ＳＲＣ,近隣商業,改装済み,5400.0
885,甲陽園,4.0,3.0,２ＬＤＫ,65.0,2024.0,36.0,ＲＣ,近隣商業,未改装,2300.0
887,甲陽園,1.0,3.0,２ＬＤＫ,70.0,2023.0,52.0,ＲＣ,近隣商業,改装済み,2400.0
888,甲陽園,3.0,4.0,３ＬＤＫ,65.0,2023.0,46.0,ＳＲＣ,近隣商業,未改装,1300.0
890,甲陽園,1.0,4.0,３ＤＫ,55.0,2023.0,52.0,ＲＣ,近隣商業,未改装,1000.0
891,甲陽園,3.0,4.0,２ＬＤＫ＋Ｓ,75.0,2023.0,46.0,ＳＲＣ,近隣商業,改装済み,2400.0
892,甲陽園,3.0,4.0,３ＬＤＫ,75.0,2023.0,46.0,ＳＲＣ,近隣商業,改装済み,2400.0
893,甲陽園,1.0,5.0,４ＬＤＫ,75.0,2023.0,52.0,ＲＣ,近隣商業,未改装,2000.0
894,甲陽園,8.0,4.0,３ＬＤＫ,70.0,2023.0,23.0,ＲＣ,１中住専,改装済み,3900.0
895,甲陽園,1.0,3.0,２ＬＤＫ,70.0,2023.0,52.0,ＲＣ,近隣商業,未改装,800.0
896,甲陽園,1.0,3.0,２ＤＫ,50.0,2022.0,51.0,ＲＣ,近隣商業,未改装,960.0
899,甲陽園,3.0,4.0,３ＬＤＫ,65.0,2022.0,45.0,ＳＲＣ,近隣商業,改装済み,1300.0
900,甲陽園,3.0,2.0,１ＬＤＫ,75.0,2021.0,44.0,ＳＲＣ,近隣商業,未改装,2100.0
901,甲陽園,3.0,4.0,３ＬＤＫ,75.0,2021.0,44.0,ＳＲＣ,近隣商業,未改装,1400.0
904,甲陽園,1.0,4.0,３ＬＤＫ,60.0,2020.0,49.0,ＲＣ,近隣商業,未改装,1600.0
905,甲陽園,3.0,5.0,４ＬＤＫ,105.0,2020.0,43.0,ＳＲＣ,近隣商業,改装済み,3200.0
906,甲陽園,4.0,3.0,２ＬＤＫ,60.0,2025.0,25.0,ＲＣ,１中住専,未改装,3000.0
907,甲陽園,4.0,4.0,３ＬＤＫ,90.0,2024.0,24.0,ＲＣ,１中住専,改装済み,6000.0
909,甲陽園,1.0,4.0,３ＬＤＫ,80.0,2022.0,7.0,ＲＣ,１中住専,未改装,5600.0
912,甲陽園,9.0,4.0,３ＬＤＫ,85.0,2024.0,15.0,ＲＣ,１中住専,未改装,3500.0
913,甲陽園,9.0,4.0,３ＬＤＫ,75.0,2024.0,28.0,ＲＣ,１中住専,改装済み,3500.0
914,甲陽園,11.0,5.0,４ＬＤＫ,110.0,2024.0,34.0,ＲＣ,１中住専,未改装,2500.0
915,甲陽園,9.0,4.0,３ＬＤＫ,70.0,2024.0,28.0,ＲＣ,１中住専,改装済み,2400.0
917,甲陽園,9.0,5.0,４ＬＤＫ,85.0,2023.0,14.0,ＲＣ,１中住専,未改装,3400.0
919,甲陽園,9.0,4.0,３ＬＤＫ,70.0,2022.0,13.0,ＲＣ,１中住専,未改装,3200.0
921,甲陽園,11.0,5.0,４ＬＤＫ,110.0,2021.0,31.0,ＲＣ,１中住専,未改装,1500.0
922,西宮(阪神),10.0,4.0,３ＬＤＫ,70.0,2024.0,18.0,ＲＣ,近隣商業,未改装,3300.0
923,西宮(阪神),11.0,5.0,４ＬＤＫ,85.0,2021.0,15.0,ＲＣ,近隣商業,未改装,4200.0
924,甲子園口,14.0,5.0,４ＬＤＫ,85.0,2025.0,21.0,ＲＣ,２中住専,改装済み,5200.0
925,甲子園口,15.0,4.0,３ＬＤＫ,75.0,2024.0,20.0,ＲＣ,１種住居,未改装,3900.0
926,甲子園口,14.0,4.0,３ＬＤＫ,85.0,2024.0,20.0,ＲＣ,２中住専,未改装,3500.0
927,甲子園口,13.0,4.0,３ＬＤＫ,65.0,2022.0,15.0,ＲＣ,１種住居,未改装,2900.0
929,甲子園口,10.0,4.0,３ＬＤＫ,65.0,2021.0,22.0,ＲＣ,２種住居,未改装,2700.0
931,甲子園口,13.0,5.0,４ＬＤＫ,95.0,2020.0,16.0,ＲＣ,１種住居,未改装,4700.0
932,甲子園口,10.0,4.0,３ＬＤＫ,65.0,2020.0,21.0,ＲＣ,２種住居,未改装,2300.0
934,甲子園口,13.0,5.0,４ＬＤＫ,80.0,2020.0,16.0,ＲＣ,１種住居,未改装,3600.0
935,甲子園口,13.0,4.0,３ＬＤＫ,75.0,2020.0,16.0,ＲＣ,１種住居,未改装,3300.0
938,夙川,2.0,4.0,３ＬＤＫ,70.0,2024.0,24.0,ＲＣ,１中住専,未改装,6300.0
939,夙川,2.0,4.0,３ＬＤＫ,70.0,2022.0,22.0,ＲＣ,１中住専,改装済み,5600.0
944,武庫川,13.0,4.0,３ＬＤＫ,65.0,2024.0,20.0,ＲＣ,２中住専,改装済み,3900.0
946,武庫川,14.0,4.0,３ＬＤＫ,70.0,2023.0,19.0,ＲＣ,２中住専,改装済み,4000.0
947,武庫川,14.0,5.0,４ＬＤＫ,80.0,2023.0,19.0,ＲＣ,２中住専,改装済み,4000.0
948,武庫川,11.0,4.0,３ＬＤＫ,75.0,2022.0,7.0,ＲＣ,２中住専,未改装,4000.0
950,武庫川,14.0,4.0,３ＬＤＫ,70.0,2020.0,16.0,ＲＣ,２中住専,未改装,3200.0
951,鳴尾・武庫川女子大前,8.0,3.0,２ＬＤＫ,55.0,2021.0,49.0,ＳＲＣ,１種住居,未改装,910.0
953,鳴尾・武庫川女子大前,9.0,3.0,２ＬＤＫ,60.0,2020.0,48.0,ＳＲＣ,１種住居,改装済み,1800.0
954,鳴尾・武庫川女子大前,8.0,3.0,２ＬＤＫ,55.0,2020.0,48.0,ＳＲＣ,１種住居,未改装,730.0
955,武庫川,8.0,3.0,２ＬＤＫ,55.0,2024.0,52.0,ＳＲＣ,１種住居,改装済み,1600.0
956,武庫川,8.0,3.0,２ＬＤＫ,55.0,2024.0,37.0,ＳＲＣ,１種住居,未改装,1800.0
957,武庫川,7.0,3.0,２ＬＤＫ,55.0,2023.0,33.0,ＲＣ,１種住居,改装済み,2300.0
958,武庫川,8.0,3.0,２ＬＤＫ,70.0,2022.0,50.0,ＳＲＣ,１種住居,未改装,1600.0
959,武庫川,8.0,4.0,３ＬＤＫ,80.0,2022.0,31.0,ＲＣ,１種住居,改装済み,2800.0
960,武庫川,9.0,3.0,２ＬＤＫ,55.0,2022.0,50.0,ＳＲＣ,１種住居,未改装,900.0
961,武庫川,10.0,3.0,２ＤＫ,55.0,2021.0,49.0,ＳＲＣ,１種住居,未改装,85.0
962,武庫川,7.0,4.0,２ＬＤＫ＋Ｓ,55.0,2021.0,31.0,ＲＣ,１種住居,改装済み,2400.0
964,武庫川,4.0,4.0,３ＬＤＫ,85.0,2025.0,4.0,ＲＣ,１種住居,未改装,6500.0
965,武庫川,4.0,4.0,３ＬＤＫ,65.0,2023.0,2.0,ＲＣ,１種住居,未改装,3800.0
966,武庫川,5.0,4.0,３ＬＤＫ,65.0,2021.0,0.0,ＲＣ,１種住居,未改装,4300.0
968,夙川,18.0,4.0,３ＬＤＫ,75.0,2020.0,23.0,ＳＲＣ,１中住専,未改装,2500.0
969,苦楽園口,11.0,5.0,４ＬＤＫ,85.0,2025.0,27.0,ＲＣ,１低住専,未改装,4200.0
970,苦楽園口,11.0,4.0,３ＬＤＫ,75.0,2023.0,25.0,ＲＣ,１低住専,改装済み,4100.0
971,苦楽園口,9.0,4.0,３ＬＤＫ,80.0,2023.0,9.0,ＲＣ,１低住専,未改装,6200.0
972,苦楽園口,9.0,4.0,３ＬＤＫ,85.0,2023.0,9.0,ＲＣ,１低住専,未改装,5400.0
973,苦楽園口,10.0,3.0,２ＬＤＫ,100.0,2023.0,19.0,ＲＣ,１低住専,未改装,7300.0
974,苦楽園口,11.0,4.0,３ＬＤＫ,75.0,2022.0,24.0,ＲＣ,１低住専,未改装,3200.0
979,鳴尾・武庫川女子大前,6.0,4.0,３ＬＤＫ,65.0,2021.0,23.0,ＲＣ,１種住居,未改装,2600.0
980,さくら夙川,4.0,3.0,２ＬＤＫ,60.0,2023.0,23.0,ＲＣ,近隣商業,未改装,2800.0
981,西宮(阪神),6.0,2.0,１Ｋ,20.0,2025.0,18.0,ＲＣ,近隣商業,未改装,1400.0
982,西宮(阪神),4.0,3.0,２ＬＤＫ,55.0,2024.0,26.0,ＳＲＣ,近隣商業,改装済み,3500.0
983,西宮(阪神),4.0,4.0,３ＬＤＫ,65.0,2024.0,26.0,ＳＲＣ,近隣商業,改装済み,3900.0
984,西宮(阪神),4.0,4.0,３ＬＤＫ,65.0,2023.0,25.0,ＳＲＣ,近隣商業,改装済み,3700.0
986,西宮(阪神),6.0,4.0,３ＬＤＫ,70.0,2023.0,25.0,ＲＣ,近隣商業,改装済み,4300.0
987,西宮(阪神),6.0,4.0,３ＬＤＫ,70.0,2023.0,25.0,ＲＣ,近隣商業,未改装,2100.0
988,西宮(阪神),4.0,4.0,３ＬＤＫ,65.0,2023.0,25.0,ＳＲＣ,近隣商業,未改装,3500.0
989,西宮(阪神),6.0,2.0,１Ｋ,20.0,2023.0,16.0,ＲＣ,近隣商業,未改装,1600.0
990,西宮(阪神),4.0,4.0,３ＬＤＫ,65.0,2023.0,25.0,ＳＲＣ,近隣商業,未改装,2700.0
993,西宮(阪神),4.0,4.0,３ＬＤＫ,80.0,2021.0,23.0,ＳＲＣ,近隣商業,未改装,3900.0
994,生瀬,11.0,5.0,４ＬＤＫ,110.0,2023.0,31.0,ＲＣ,１中住専,改装済み,1700.0
995,生瀬,14.0,4.0,３ＬＤＫ,80.0,2022.0,30.0,ＲＣ,１中住専,未改装,980.0
996,生瀬,18.0,4.0,３ＬＤＫ,75.0,2022.0,30.0,ＲＣ,１中住専,改装済み,980.0
997,生瀬,14.0,4.0,３ＬＤＫ,80.0,2021.0,29.0,ＲＣ,１中住専,未改装,500.0
998,生瀬,11.0,3.0,２ＬＤＫ,75.0,2021.0,29.0,ＲＣ,１中住専,未改装,850.0
999,西宮名塩,8.0,4.0,３ＬＤＫ,65.0,2025.0,26.0,ＲＣ,１中住専,未改装,1600.0
1000,西宮名塩,8.0,4.0,３ＬＤＫ,75.0,2022.0,23.0,ＲＣ,１中住専,未改装,1600.0
1001,西宮名塩,8.0,4.0,３ＬＤＫ,75.0,2021.0,22.0,ＲＣ,１中住専,未改装,1300.0
1002,西宮名塩,8.0,4.0,３ＬＤＫ,65.0,2020.0,21.0,ＲＣ,１中住専,改装済み,1300.0
1003,苦楽園口,9.0,4.0,３ＬＤＫ,70.0,2024.0,27.0,ＲＣ,１中住専,改装済み,4300.0
1004,苦楽園口,9.0,3.0,２ＬＤＫ,50.0,2020.0,23.0,ＲＣ,１中住専,改装済み,2000.0
1005,甲陽園,9.0,4.0,３ＬＤＫ,75.0,2024.0,23.0,ＲＣ,１中住専,改装済み,3800.0
1006,甲陽園,9.0,4.0,３ＬＤＫ,75.0,2023.0,22.0,ＲＣ,１中住専,未改装,3200.0
1007,甲陽園,10.0,4.0,３ＬＤＫ,75.0,2023.0,26.0,ＲＣ,１中住専,未改装,2300.0
1008,甲陽園,11.0,4.0,３ＬＤＫ,85.0,2020.0,16.0,ＲＣ,１中住専,未改装,3700.0
1009,夙川,9.0,4.0,３ＬＤＫ,80.0,2022.0,26.0,ＲＣ,１中住専,改装済み,5700.0
1010,夙川,9.0,3.0,２ＬＤＫ,80.0,2021.0,25.0,ＲＣ,１中住専,未改装,4200.0
1011,門戸厄神,4.0,3.0,２ＬＤＫ,60.0,2023.0,2.0,ＲＣ,準住居,未改装,4600.0
1012,門戸厄神,4.0,4.0,３ＬＤＫ,70.0,2020.0,6.0,ＲＣ,１中住専,未改装,4300.0
1014,香櫨園,12.0,4.0,３ＬＤＫ,75.0,2024.0,17.0,ＲＣ,１中住専,改装済み,3500.0
1015,香櫨園,14.0,3.0,２ＬＤＫ,55.0,2024.0,31.0,ＲＣ,１中住専,改装済み,1700.0
1016,香櫨園,9.0,4.0,３ＬＤＫ,75.0,2023.0,26.0,ＲＣ,１中住専,改装済み,4200.0
1017,香櫨園,13.0,4.0,３ＬＤＫ,70.0,2023.0,16.0,ＲＣ,１中住専,未改装,2800.0
1018,香櫨園,15.0,4.0,３ＬＤＫ,65.0,2023.0,16.0,ＲＣ,１中住専,改装済み,3500.0
1020,香櫨園,9.0,4.0,３ＬＤＫ,80.0,2022.0,25.0,ＲＣ,１中住専,未改装,3400.0
1021,香櫨園,14.0,5.0,４ＬＤＫ,80.0,2022.0,15.0,ＲＣ,１中住専,未改装,4200.0
1023,香櫨園,11.0,4.0,３ＬＤＫ,75.0,2022.0,15.0,ＲＣ,１中住専,未改装,3900.0
1027,香櫨園,9.0,5.0,４ＬＤＫ,90.0,2021.0,12.0,ＲＣ,１中住専,未改装,4000.0
1030,香櫨園,9.0,4.0,３ＬＤＫ,75.0,2021.0,24.0,ＲＣ,１中住専,未改装,3000.0
1031,香櫨園,14.0,5.0,４ＬＤＫ,95.0,2020.0,13.0,ＲＣ,１中住専,未改装,4800.0
1032,香櫨園,14.0,4.0,３ＬＤＫ,70.0,2020.0,13.0,ＲＣ,１中住専,未改装,3000.0
1033,西宮(ＪＲ),9.0,3.0,２ＬＤＫ,55.0,2024.0,26.0,ＲＣ,近隣商業,改装済み,3000.0
1035,西宮(阪神),10.0,3.0,２ＬＤＫ,65.0,2023.0,25.0,ＲＣ,近隣商業,改装済み,3200.0
1036,西宮(阪神),10.0,4.0,３ＬＤＫ,70.0,2022.0,24.0,ＲＣ,近隣商業,改装済み,3600.0
1037,西宮(阪神),11.0,4.0,３ＬＤＫ,60.0,2022.0,24.0,ＲＣ,近隣商業,未改装,2800.0
1039,西宮(阪神),10.0,4.0,３ＬＤＫ,70.0,2020.0,22.0,ＲＣ,近隣商業,改装済み,3400.0
1040,甲東園,4.0,3.0,２ＬＤＫ,60.0,2025.0,28.0,ＲＣ,１中住専,改装済み,3400.0
1042,苦楽園口,13.0,4.0,３ＬＤＫ,70.0,2024.0,22.0,ＲＣ,１低住専,未改装,3100.0
1043,苦楽園口,14.0,5.0,４ＬＤＫ,90.0,2023.0,18.0,ＲＣ,１低住専,未改装,5100.0
1044,苦楽園口,13.0,4.0,３ＬＤＫ,70.0,2022.0,20.0,ＲＣ,１低住専,未改装,3300.0
1046,苦楽園口,14.0,4.0,３ＬＤＫ,115.0,2022.0,17.0,ＲＣ,１低住専,未改装,5800.0
1048,苦楽園口,14.0,4.0,３ＬＤＫ,70.0,2021.0,19.0,ＲＣ,１低住専,未改装,3500.0
1049,苦楽園口,14.0,5.0,４ＬＤＫ,90.0,2021.0,16.0,ＲＣ,１低住専,未改装,4600.0
1050,苦楽園口,14.0,4.0,３ＬＤＫ,80.0,2021.0,16.0,ＲＣ,１低住専,未改装,3900.0
1051,苦楽園口,10.0,4.0,３ＬＤＫ,85.0,2021.0,15.0,ＲＣ,１低住専,未改装,4100.0
1052,苦楽園口,13.0,3.0,２ＬＤＫ,75.0,2020.0,18.0,ＲＣ,１低住専,未改装,3500.0
1053,西宮(ＪＲ),9.0,4.0,３ＬＤＫ,70.0,2022.0,8.0,ＲＣ,準工業,未改装,4900.0
1054,西宮(ＪＲ),9.0,4.0,３ＬＤＫ,65.0,2022.0,8.0,ＲＣ,準工業,未改装,4700.0
1055,西宮(ＪＲ),11.0,4.0,３ＬＤＫ,70.0,2021.0,6.0,ＲＣ,工業,未改装,4600.0
1056,西宮北口,9.0,4.0,３ＬＤＫ,70.0,2025.0,11.0,ＲＣ,準工業,未改装,7600.0
1057,西宮北口,9.0,5.0,４ＬＤＫ,80.0,2024.0,10.0,ＲＣ,準工業,未改装,6500.0
1058,西宮北口,9.0,4.0,３ＬＤＫ,70.0,2024.0,10.0,ＲＣ,準工業,未改装,5000.0
1059,西宮北口,9.0,4.0,３ＬＤＫ,70.0,2023.0,9.0,ＲＣ,準工業,未改装,5500.0
1060,西宮北口,10.0,4.0,３ＬＤＫ,70.0,2023.0,9.0,ＲＣ,準工業,未改装,5500.0
1061,西宮北口,10.0,4.0,３ＬＤＫ,85.0,2023.0,9.0,ＲＣ,準工業,未改装,6500.0
1062,西宮北口,9.0,4.0,３ＬＤＫ,75.0,2022.0,8.0,ＲＣ,準工業,未改装,5700.0
1063,西宮北口,9.0,5.0,４ＬＤＫ,80.0,2022.0,8.0,ＲＣ,準工業,未改装,5800.0
1065,西宮北口,9.0,4.0,３ＬＤＫ,75.0,2021.0,7.0,ＲＣ,準工業,未改装,5400.0
1068,西宮北口,9.0,5.0,４ＬＤＫ,85.0,2021.0,7.0,ＲＣ,準工業,未改装,6200.0
1070,西宮北口,9.0,5.0,３ＬＤＫ＋Ｓ,80.0,2020.0,5.0,ＲＣ,工業,未改装,4700.0
1071,西宮北口,9.0,4.0,３ＬＤＫ,65.0,2020.0,6.0,ＲＣ,準工業,未改装,4700.0
1073,阪神国道,7.0,4.0,３ＬＤＫ,70.0,2022.0,8.0,ＲＣ,準工業,未改装,5000.0
1074,阪神国道,4.0,4.0,３ＬＤＫ,70.0,2021.0,7.0,ＲＣ,準工業,未改装,4200.0
1076,甲陽園,11.0,4.0,３ＬＤＫ,65.0,2024.0,23.0,ＲＣ,１低住専,未改装,2400.0
1078,甲陽園,9.0,5.0,４ＬＤＫ,80.0,2023.0,36.0,ＲＣ,１低住専,未改装,2200.0
1079,甲陽園,12.0,3.0,２ＬＤＫ,70.0,2023.0,24.0,ＲＣ,１低住専,改装済み,3100.0
1081,甲陽園,10.0,4.0,３ＬＤＫ,90.0,2021.0,34.0,ＲＣ,１低住専,改装済み,1700.0
1082,甲陽園,10.0,5.0,４ＬＤＫ,80.0,2020.0,33.0,ＲＣ,１低住専,改装済み,1800.0
1083,夙川,9.0,2.0,１Ｋ,20.0,2024.0,40.0,ＲＣ,１種住居,未改装,920.0
1084,夙川,9.0,2.0,１Ｋ,15.0,2020.0,36.0,ＲＣ,１種住居,未改装,290.0
1085,西宮(阪神),11.0,5.0,４ＬＤＫ,75.0,2022.0,24.0,ＲＣ,近隣商業,未改装,3400.0
1086,西宮(阪神),9.0,4.0,３ＬＤＫ,70.0,2020.0,22.0,ＲＣ,近隣商業,改装済み,3500.0
1087,苦楽園口,18.0,4.0,３ＬＤＫ,80.0,2020.0,17.0,ＲＣ,１低住専,改装済み,2800.0
1091,苦楽園口,16.0,4.0,３ＬＤＫ,80.0,2024.0,19.0,ＲＣ,１中住専,改装済み,3400.0
1092,苦楽園口,14.0,4.0,３ＬＤＫ,70.0,2024.0,28.0,ＲＣ,１中住専,改装済み,2700.0
1093,苦楽園口,16.0,4.0,３ＬＤＫ,80.0,2024.0,19.0,ＲＣ,１中住専,未改装,3100.0
1095,苦楽園口,16.0,5.0,４ＬＤＫ,75.0,2023.0,22.0,ＲＣ,１中住専,未改装,2600.0
1096,苦楽園口,15.0,4.0,３ＬＤＫ,65.0,2022.0,45.0,ＲＣ,１中住専,未改装,1300.0
1098,苦楽園口,15.0,3.0,２ＬＤＫ,75.0,2021.0,44.0,ＲＣ,１中住専,未改装,1000.0
1099,苦楽園口,14.0,4.0,３ＬＤＫ,70.0,2020.0,24.0,ＲＣ,１中住専,改装済み,2400.0
1100,苦楽園口,14.0,3.0,２ＬＤＫ,60.0,2020.0,24.0,ＲＣ,１中住専,未改装,1700.0
1102,西宮北口,25.0,4.0,３ＬＤＫ,65.0,2023.0,46.0,ＳＲＣ,１中住専,改装済み,1700.0
1104,西宮北口,11.0,4.0,２ＬＤＫ＋Ｓ,60.0,2024.0,51.0,ＲＣ,１中住専,改装済み,2100.0
1106,西宮北口,10.0,4.0,３ＬＤＫ,70.0,2024.0,24.0,ＲＣ,１中住専,未改装,5800.0
1107,西宮北口,12.0,4.0,３ＬＤＫ,80.0,2023.0,23.0,ＲＣ,１中住専,未改装,6600.0
1108,西宮北口,13.0,3.0,２ＬＤＫ,60.0,2023.0,50.0,ＲＣ,１中住専,改装済み,2600.0
1109,西宮北口,11.0,5.0,４ＬＤＫ,80.0,2023.0,23.0,ＲＣ,１中住専,未改装,6000.0
1111,西宮北口,13.0,4.0,３Ｋ,60.0,2022.0,49.0,ＲＣ,１中住専,改装済み,2600.0
1114,西宮北口,11.0,4.0,３ＬＤＫ,60.0,2021.0,48.0,ＲＣ,１中住専,未改装,1400.0
1115,西宮北口,11.0,3.0,２ＬＤＫ,75.0,2020.0,44.0,ＲＣ,１中住専,改装済み,2900.0
1117,甲陽園,23.0,2.0,１ＬＤＫ,50.0,2023.0,34.0,ＲＣ,１中住専,未改装,1500.0
1119,甲陽園,23.0,4.0,３ＬＤＫ,80.0,2022.0,33.0,ＲＣ,１中住専,改装済み,3000.0
1120,甲陽園,23.0,4.0,３ＬＤＫ,80.0,2022.0,33.0,ＲＣ,１中住専,未改装,1700.0
1121,甲陽園,21.0,5.0,４ＬＤＫ,90.0,2022.0,33.0,ＲＣ,１中住専,改装済み,3000.0
1122,甲陽園,23.0,4.0,３ＬＤＫ,75.0,2021.0,32.0,ＲＣ,１中住専,改装済み,2900.0
1123,甲陽園,23.0,4.0,３ＬＤＫ,75.0,2020.0,31.0,ＲＣ,１中住専,未改装,2500.0
1124,門戸厄神,29.0,4.0,３ＬＤＫ,65.0,2024.0,28.0,ＲＣ,１中住専,改装済み,2400.0
1127,門戸厄神,29.0,5.0,４ＬＤＫ,95.0,2023.0,27.0,ＲＣ,１中住専,未改装,2900.0
1128,門戸厄神,21.0,4.0,３ＬＤＫ,95.0,2022.0,22.0,ＲＣ,１低住専,未改装,3200.0
1129,門戸厄神,26.0,4.0,３ＬＤＫ,80.0,2022.0,37.0,ＲＣ,１中住専,改装済み,2700.0
1130,門戸厄神,26.0,5.0,４ＬＤＫ,115.0,2022.0,37.0,ＲＣ,１中住専,未改装,1900.0
1131,門戸厄神,28.0,3.0,２ＬＤＫ,50.0,2020.0,31.0,ＲＣ,１中住専,未改装,1400.0
1132,武庫川団地前,9.0,4.0,３ＬＤＫ,70.0,2025.0,42.0,ＳＲＣ,１中住専,未改装,1200.0
1133,武庫川団地前,9.0,4.0,３ＬＤＫ,70.0,2025.0,42.0,ＳＲＣ,１中住専,改装済み,1800.0
1134,武庫川団地前,10.0,5.0,４ＬＤＫ,95.0,2025.0,40.0,ＳＲＣ,１中住専,未改装,950.0
1136,武庫川団地前,5.0,4.0,３ＬＤＫ,80.0,2025.0,33.0,ＲＣ,１中住専,改装済み,2000.0
1137,武庫川団地前,6.0,5.0,４ＬＤＫ,90.0,2024.0,35.0,ＳＲＣ,１中住専,未改装,1700.0
1138,武庫川団地前,10.0,5.0,４ＬＤＫ,95.0,2024.0,39.0,ＳＲＣ,１中住専,未改装,1400.0
1139,武庫川団地前,3.0,5.0,４ＬＤＫ,95.0,2024.0,32.0,ＲＣ,１中住専,改装済み,2700.0
1140,武庫川団地前,5.0,4.0,３ＬＤＫ,80.0,2024.0,32.0,ＲＣ,１中住専,未改装,1900.0
1141,武庫川団地前,11.0,5.0,４ＬＤＫ,95.0,2024.0,39.0,ＳＲＣ,１中住専,未改装,1700.0
1142,武庫川団地前,10.0,5.0,４ＬＤＫ,65.0,2024.0,39.0,ＳＲＣ,１中住専,改装済み,1500.0
1144,武庫川団地前,8.0,4.0,３ＬＤＫ,85.0,2024.0,22.0,ＲＣ,１中住専,改装済み,3000.0
1145,武庫川団地前,9.0,5.0,４ＬＤＫ,95.0,2024.0,41.0,ＳＲＣ,１中住専,改装済み,1500.0
1146,武庫川団地前,8.0,5.0,４ＬＤＫ,95.0,2024.0,24.0,ＲＣ,１中住専,未改装,2300.0
1147,武庫川団地前,6.0,4.0,３ＬＤＫ,75.0,2023.0,32.0,ＲＣ,１中住専,改装済み,2200.0
1148,武庫川団地前,9.0,4.0,３ＬＤＫ,70.0,2023.0,40.0,ＳＲＣ,１中住専,未改装,1100.0
1150,武庫川団地前,11.0,5.0,４ＬＤＫ,95.0,2023.0,38.0,ＳＲＣ,１中住専,未改装,1300.0
1152,武庫川団地前,5.0,4.0,３ＬＤＫ,85.0,2023.0,32.0,ＲＣ,１中住専,改装済み,2300.0
1153,武庫川団地前,7.0,4.0,３ＬＤＫ,75.0,2023.0,32.0,ＲＣ,１中住専,未改装,1700.0
1155,武庫川団地前,13.0,4.0,３ＬＤＫ,70.0,2023.0,33.0,ＳＲＣ,１中住専,未改装,1300.0
1156,武庫川団地前,13.0,4.0,３ＬＤＫ,70.0,2023.0,33.0,ＳＲＣ,１中住専,未改装,910.0
1157,武庫川団地前,10.0,5.0,４ＬＤＫ,95.0,2022.0,37.0,ＳＲＣ,１中住専,改装済み,1900.0
1159,武庫川団地前,8.0,4.0,３ＬＤＫ,85.0,2022.0,20.0,ＲＣ,１中住専,未改装,2600.0
1160,武庫川団地前,14.0,6.0,５ＬＤＫ,125.0,2022.0,37.0,ＳＲＣ,１中住専,未改装,2200.0
1161,武庫川団地前,6.0,4.0,３ＬＤＫ,75.0,2022.0,31.0,ＲＣ,１中住専,改装済み,2200.0
1164,武庫川団地前,6.0,5.0,４ＬＤＫ,85.0,2021.0,17.0,ＲＣ,１中住専,未改装,2900.0
1166,武庫川団地前,6.0,5.0,４ＬＤＫ,90.0,2021.0,32.0,ＳＲＣ,１中住専,未改装,2100.0
1167,武庫川団地前,5.0,4.0,３ＬＤＫ,70.0,2021.0,32.0,ＳＲＣ,１中住専,未改装,1900.0
1170,武庫川団地前,15.0,4.0,３ＬＤＫ,70.0,2020.0,37.0,ＳＲＣ,１中住専,未改装,1200.0
1171,武庫川団地前,11.0,4.0,３ＬＤＫ,70.0,2020.0,30.0,ＳＲＣ,１中住専,未改装,1300.0
1173,夙川,12.0,4.0,３ＬＤＫ,75.0,2024.0,37.0,ＲＣ,１中住専,改装済み,2000.0
1174,夙川,14.0,4.0,３ＬＤＫ,70.0,2023.0,10.0,ＲＣ,１低住専,未改装,5500.0
1175,夙川,14.0,4.0,３ＬＤＫ,70.0,2022.0,9.0,ＲＣ,１低住専,未改装,5700.0
1176,夙川,13.0,4.0,３ＬＤＫ,75.0,2022.0,54.0,ＲＣ,１中住専,未改装,2000.0
1177,夙川,13.0,4.0,３ＬＤＫ,95.0,2022.0,54.0,ＲＣ,１中住専,未改装,1800.0
1178,夙川,12.0,4.0,３ＬＤＫ,60.0,2022.0,35.0,ＲＣ,１中住専,未改装,1500.0
1179,夙川,12.0,3.0,２ＬＤＫ,70.0,2021.0,34.0,ＲＣ,１中住専,未改装,930.0
1181,夙川,13.0,4.0,３ＬＤＫ,75.0,2020.0,7.0,ＲＣ,１低住専,未改装,5300.0
1182,西宮北口,11.0,3.0,２ＬＤＫ,65.0,2024.0,25.0,ＲＣ,準工業,未改装,2700.0
1183,西宮北口,11.0,4.0,３ＬＤＫ,70.0,2023.0,26.0,ＲＣ,準工業,未改装,3300.0
1184,西宮北口,10.0,4.0,３ＬＤＫ,70.0,2022.0,25.0,ＲＣ,準工業,未改装,3000.0
1185,西宮北口,11.0,3.0,２ＬＤＫ,55.0,2022.0,47.0,ＳＲＣ,準工業,未改装,1800.0
1189,西宮北口,11.0,4.0,３ＬＤＫ,60.0,2021.0,46.0,ＳＲＣ,準工業,未改装,1200.0
1191,西宮北口,15.0,3.0,２ＬＤＫ,60.0,2020.0,45.0,ＳＲＣ,準工業,改装済み,2200.0
1194,西宮北口,10.0,3.0,２ＬＤＫ,65.0,2020.0,45.0,ＳＲＣ,準工業,改装済み,1800.0
1196,西宮北口,3.0,4.0,３ＬＤＫ,70.0,2024.0,11.0,ＲＣ,近隣商業,未改装,7600.0
1197,西宮北口,3.0,4.0,３ＬＤＫ,75.0,2024.0,16.0,ＲＣ,商業,未改装,8400.0
1198,西宮北口,3.0,3.0,２ＬＤＫ,60.0,2023.0,15.0,ＲＣ,商業,未改装,6600.0
1201,西宮北口,4.0,3.0,１ＬＤＫ＋Ｓ,60.0,2022.0,14.0,ＲＣ,商業,未改装,6900.0
1202,西宮北口,4.0,3.0,２ＬＤＫ,60.0,2022.0,9.0,ＲＣ,近隣商業,未改装,3900.0
1204,西宮北口,3.0,4.0,３ＬＤＫ,70.0,2022.0,14.0,ＲＣ,商業,未改装,7600.0
1208,西宮北口,10.0,5.0,４ＬＤＫ,80.0,2025.0,26.0,ＳＲＣ,１種住居,未改装,3800.0
1209,西宮北口,9.0,4.0,３ＬＤＫ,75.0,2023.0,18.0,ＲＣ,１種住居,未改装,4000.0
1210,西宮北口,9.0,3.0,２ＬＤＫ,60.0,2022.0,4.0,ＲＣ,２中住専,未改装,5200.0
1211,西宮北口,9.0,4.0,３ＬＤＫ,80.0,2022.0,17.0,ＲＣ,１種住居,未改装,5000.0
1212,西宮北口,11.0,4.0,３ＬＤＫ,65.0,2022.0,17.0,ＲＣ,１種住居,未改装,4000.0
1215,仁川,15.0,4.0,３ＬＤＫ,75.0,2025.0,6.0,ＲＣ,１種住居,改装済み,3800.0
1216,仁川,15.0,4.0,３ＬＤＫ,65.0,2023.0,4.0,ＲＣ,１種住居,未改装,3400.0
1218,仁川,19.0,4.0,３ＬＤＫ,100.0,2021.0,35.0,ＲＣ,１種住居,改装済み,2400.0
1219,仁川,19.0,4.0,２ＬＤＫ＋Ｓ,60.0,2020.0,21.0,ＲＣ,準工業,改装済み,2100.0
1221,仁川,20.0,4.0,３ＬＤＫ,75.0,2020.0,34.0,ＲＣ,１種住居,改装済み,1700.0
1222,香櫨園,12.0,4.0,３ＬＤＫ,65.0,2025.0,28.0,ＲＣ,１種住居,未改装,2600.0
1223,香櫨園,10.0,4.0,３ＬＤＫ,70.0,2023.0,22.0,ＲＣ,１種住居,未改装,3500.0
1226,香櫨園,9.0,4.0,３ＬＤＫ,75.0,2020.0,22.0,ＲＣ,１種住居,改装済み,3500.0
1227,香櫨園,12.0,4.0,３ＬＤＫ,60.0,2020.0,23.0,ＲＣ,２中住専,改装済み,3100.0
1229,西宮(阪神),2.0,3.0,２ＬＤＫ,80.0,2025.0,22.0,ＳＲＣ,商業,未改装,5700.0
1230,西宮(阪神),2.0,4.0,３ＬＤＫ,80.0,2025.0,22.0,ＳＲＣ,商業,未改装,5600.0
1231,西宮(阪神),2.0,5.0,４ＬＤＫ,85.0,2024.0,21.0,ＳＲＣ,商業,未改装,6000.0
1232,西宮(阪神),2.0,4.0,３ＬＤＫ,80.0,2023.0,20.0,ＳＲＣ,商業,未改装,6000.0
1233,西宮(阪神),2.0,4.0,３ＬＤＫ,70.0,2023.0,20.0,ＳＲＣ,商業,改装済み,5400.0
1234,西宮(阪神),3.0,2.0,１ＬＤＫ,55.0,2020.0,14.0,ＲＣ,商業,未改装,3900.0
1235,西宮(阪神),3.0,4.0,３ＬＤＫ,65.0,2020.0,14.0,ＲＣ,商業,未改装,4500.0
1238,甲東園,7.0,4.0,３ＬＤＫ,95.0,2024.0,21.0,ＲＣ,１中住専,未改装,3600.0
1239,甲東園,8.0,5.0,４ＬＤＫ,95.0,2023.0,20.0,ＲＣ,１中住専,未改装,4400.0
1241,甲東園,7.0,4.0,３ＬＤＫ,70.0,2020.0,17.0,ＲＣ,１中住専,改装済み,3400.0
1242,甲東園,16.0,4.0,３ＬＤＫ,75.0,2020.0,41.0,ＲＣ,１中住専,改装済み,1400.0
1243,甲東園,16.0,4.0,３ＬＤＫ,65.0,2020.0,41.0,ＲＣ,１中住専,改装済み,1400.0
1247,仁川,10.0,4.0,３ＬＤＫ,65.0,2024.0,21.0,ＲＣ,１中住専,改装済み,4000.0
1248,仁川,9.0,4.0,３ＬＤＫ,70.0,2024.0,18.0,ＲＣ,１中住専,改装済み,4400.0
1250,仁川,9.0,4.0,３ＬＤＫ,75.0,2024.0,18.0,ＲＣ,１中住専,未改装,4300.0
1251,仁川,20.0,3.0,２ＬＤＫ,65.0,2024.0,45.0,ＲＣ,１中住専,改装済み,1200.0
1253,仁川,8.0,5.0,４ＬＤＫ,90.0,2024.0,14.0,ＲＣ,１中住専,未改装,6000.0
1254,仁川,12.0,4.0,３ＬＤＫ,65.0,2023.0,20.0,ＲＣ,１中住専,未改装,3300.0
1255,仁川,18.0,5.0,４ＬＤＫ,75.0,2023.0,37.0,ＲＣ,１中住専,改装済み,2300.0
1256,仁川,8.0,4.0,３ＬＤＫ,80.0,2022.0,12.0,ＲＣ,２中住専,未改装,4800.0
1257,仁川,10.0,4.0,３ＬＤＫ,75.0,2022.0,16.0,ＲＣ,１中住専,改装済み,4800.0
1258,仁川,11.0,4.0,３ＬＤＫ,65.0,2022.0,19.0,ＲＣ,１中住専,未改装,3100.0
1259,仁川,9.0,4.0,３ＬＤＫ,70.0,2022.0,19.0,ＲＣ,１中住専,未改装,3200.0
1260,仁川,9.0,3.0,２ＬＤＫ,75.0,2022.0,16.0,ＲＣ,２中住専,未改装,3600.0
1261,仁川,11.0,4.0,３ＬＤＫ,70.0,2021.0,18.0,ＲＣ,１中住専,未改装,3400.0
1262,仁川,18.0,4.0,３ＬＤＫ,65.0,2021.0,42.0,ＲＣ,１中住専,未改装,1000.0
1263,仁川,10.0,4.0,３ＬＤＫ,60.0,2021.0,18.0,ＲＣ,１中住専,改装済み,3400.0
1264,仁川,11.0,4.0,３ＬＤＫ,70.0,2021.0,18.0,ＲＣ,１中住専,未改装,3300.0
1265,仁川,18.0,4.0,３ＬＤＫ,70.0,2020.0,34.0,ＲＣ,１中住専,未改装,1500.0
1267,仁川,9.0,4.0,３ＬＤＫ,70.0,2020.0,14.0,ＲＣ,２中住専,未改装,3200.0
1270,仁川,7.0,5.0,４ＬＤＫ,85.0,2020.0,12.0,ＲＣ,２中住専,未改装,3800.0
1271,さくら夙川,4.0,2.0,１ＬＤＫ,85.0,2023.0,36.0,ＲＣ,１中住専,未改装,2500.0
1272,さくら夙川,3.0,4.0,３ＬＤＫ,75.0,2022.0,24.0,ＲＣ,１中住専,未改装,4300.0
1274,さくら夙川,4.0,4.0,３ＬＤＫ,80.0,2021.0,34.0,ＲＣ,１中住専,未改装,3500.0
1278,今津(阪神),9.0,4.0,３ＬＤＫ,65.0,2023.0,22.0,ＲＣ,１種住居,未改装,3300.0
1279,西宮(ＪＲ),8.0,4.0,３ＬＤＫ,75.0,2022.0,26.0,ＲＣ,近隣商業,未改装,3500.0
1280,阪神国道,4.0,3.0,２ＬＤＫ,55.0,2024.0,9.0,ＲＣ,１種住居,未改装,3300.0
1281,阪神国道,3.0,3.0,２ＬＤＫ,55.0,2024.0,10.0,ＲＣ,１種住居,未改装,3300.0
1282,阪神国道,3.0,4.0,３ＬＤＫ,65.0,2024.0,10.0,ＲＣ,１種住居,未改装,3500.0
1283,阪神国道,4.0,3.0,２ＬＤＫ,55.0,2023.0,8.0,ＲＣ,１種住居,未改装,3300.0
1284,阪神国道,2.0,4.0,３ＬＤＫ,65.0,2023.0,27.0,ＲＣ,近隣商業,未改装,340.0
1285,阪神国道,4.0,4.0,３ＬＤＫ,65.0,2020.0,5.0,ＲＣ,１種住居,未改装,3700.0
1286,今津(阪神),12.0,4.0,３ＬＤＫ,65.0,2024.0,23.0,ＲＣ,工業,未改装,1300.0
1287,今津(阪神),12.0,4.0,３ＬＤＫ,65.0,2023.0,22.0,ＲＣ,工業,改装済み,3700.0
1288,今津(阪神),12.0,4.0,３ＬＤＫ,65.0,2022.0,21.0,ＲＣ,工業,未改装,2700.0
1289,今津(阪神),13.0,3.0,２ＬＤＫ,65.0,2020.0,12.0,ＲＣ,工業,未改装,3300.0
1290,阪神国道,6.0,4.0,３ＬＤＫ,65.0,2024.0,26.0,ＲＣ,準工業,改装済み,3700.0
1291,阪神国道,6.0,4.0,３ＬＤＫ,70.0,2023.0,25.0,ＲＣ,準工業,未改装,3000.0
1292,阪神国道,6.0,4.0,３ＬＤＫ,70.0,2022.0,24.0,ＲＣ,準工業,未改装,3300.0
1293,阪神国道,4.0,3.0,２ＬＤＫ,65.0,2022.0,14.0,ＲＣ,工業,未改装,3500.0
1294,阪神国道,5.0,4.0,３ＬＤＫ,70.0,2020.0,22.0,ＲＣ,準工業,改装済み,3200.0
1295,西宮(ＪＲ),8.0,4.0,３ＬＤＫ,65.0,2025.0,24.0,ＲＣ,準工業,未改装,3400.0
1296,西宮(ＪＲ),8.0,4.0,３ＬＤＫ,65.0,2025.0,24.0,ＲＣ,準工業,改装済み,3700.0
1297,西宮(ＪＲ),8.0,3.0,２ＬＤＫ,60.0,2024.0,23.0,ＲＣ,準工業,未改装,3200.0
1298,西宮(ＪＲ),7.0,4.0,３ＬＤＫ,65.0,2024.0,25.0,ＲＣ,近隣商業,未改装,3600.0
1299,西宮(ＪＲ),7.0,4.0,３ＤＫ,65.0,2024.0,25.0,ＲＣ,近隣商業,未改装,3400.0
1301,西宮(ＪＲ),7.0,3.0,２ＬＤＫ,65.0,2023.0,24.0,ＲＣ,近隣商業,未改装,3600.0
1303,西宮(ＪＲ),8.0,4.0,３ＬＤＫ,50.0,2022.0,21.0,ＲＣ,準工業,未改装,3200.0
1304,西宮(ＪＲ),8.0,4.0,３ＬＤＫ,70.0,2022.0,27.0,ＲＣ,２種住居,改装済み,3900.0
1305,西宮(ＪＲ),7.0,3.0,２ＬＤＫ,70.0,2022.0,23.0,ＲＣ,近隣商業,未改装,3600.0
1306,西宮(ＪＲ),7.0,3.0,２ＬＤＫ,60.0,2022.0,23.0,ＲＣ,近隣商業,未改装,3200.0
1307,西宮(ＪＲ),7.0,4.0,３ＬＤＫ,65.0,2022.0,23.0,ＲＣ,近隣商業,未改装,3300.0
1308,西宮(ＪＲ),7.0,4.0,３ＬＤＫ,75.0,2022.0,23.0,ＲＣ,近隣商業,未改装,3900.0
1309,西宮(ＪＲ),7.0,5.0,４ＬＤＫ,70.0,2022.0,23.0,ＲＣ,近隣商業,改装済み,1700.0
1311,西宮(ＪＲ),7.0,3.0,２ＬＤＫ,60.0,2022.0,23.0,ＲＣ,近隣商業,改装済み,3800.0
1312,西宮(ＪＲ),7.0,4.0,３ＬＤＫ,70.0,2022.0,14.0,ＲＣ,近隣商業,改装済み,3900.0
1313,西宮(ＪＲ),6.0,3.0,２ＬＤＫ,70.0,2021.0,22.0,ＲＣ,近隣商業,未改装,3500.0
1314,西宮(ＪＲ),5.0,4.0,３ＬＤＫ,70.0,2021.0,25.0,ＳＲＣ,近隣商業,改装済み,3600.0
1316,西宮(ＪＲ),8.0,3.0,２ＬＤＫ,60.0,2020.0,19.0,ＲＣ,準工業,改装済み,3300.0
1318,西宮(ＪＲ),7.0,4.0,３ＬＤＫ,75.0,2020.0,21.0,ＲＣ,近隣商業,未改装,4100.0
1320,阪神国道,2.0,3.0,２ＬＤＫ,70.0,2023.0,15.0,ＲＣ,近隣商業,未改装,4300.0
1321,阪神国道,2.0,4.0,３ＬＤＫ,70.0,2023.0,15.0,ＲＣ,近隣商業,改装済み,4300.0
1322,今津(阪神),2.0,4.0,３ＬＤＫ,60.0,2025.0,21.0,ＲＣ,商業,改装済み,4000.0
1323,今津(阪神),2.0,3.0,２ＬＤＫ,55.0,2025.0,20.0,ＲＣ,近隣商業,未改装,3400.0
1324,今津(阪神),2.0,4.0,３ＬＤＫ,65.0,2024.0,20.0,ＲＣ,商業,改装済み,3800.0
1325,今津(阪神),2.0,3.0,２ＬＤＫ,60.0,2023.0,19.0,ＲＣ,商業,未改装,3400.0
1326,今津(阪神),2.0,3.0,２ＬＤＫ,55.0,2023.0,26.0,ＲＣ,近隣商業,改装済み,3100.0
1327,今津(阪神),2.0,2.0,１ＬＤＫ,50.0,2023.0,26.0,ＲＣ,近隣商業,未改装,2200.0
1328,今津(阪神),2.0,4.0,３ＬＤＫ,50.0,2023.0,18.0,ＲＣ,近隣商業,未改装,1800.0
1329,今津(阪神),3.0,4.0,３ＬＤＫ,65.0,2023.0,9.0,ＲＣ,近隣商業,未改装,3700.0
1330,今津(阪神),2.0,4.0,３ＬＤＫ,60.0,2022.0,25.0,ＲＣ,近隣商業,未改装,2600.0
1334,今津(阪神),2.0,3.0,２ＬＤＫ,65.0,2020.0,16.0,ＲＣ,商業,未改装,1100.0
1335,今津(阪神),1.0,3.0,２ＬＤＫ,70.0,2024.0,24.0,ＳＲＣ,商業,未改装,3200.0
1336,今津(阪神),2.0,2.0,１Ｋ,15.0,2024.0,39.0,鉄骨造,商業,未改装,350.0
1337,今津(阪神),1.0,4.0,３ＬＤＫ,60.0,2024.0,24.0,ＳＲＣ,商業,未改装,2000.0
1338,今津(阪神),2.0,2.0,１Ｋ,15.0,2023.0,38.0,鉄骨造,商業,未改装,380.0
1339,今津(阪神),2.0,2.0,１ＤＫ,15.0,2022.0,37.0,鉄骨造,商業,未改装,300.0
1342,今津(阪神),2.0,2.0,１ＤＫ,25.0,2020.0,31.0,ＲＣ,商業,未改装,550.0
1343,今津(阪神),1.0,4.0,３ＬＤＫ,70.0,2020.0,20.0,ＳＲＣ,商業,改装済み,3300.0
1344,久寿川,1.0,4.0,３ＬＤＫ,60.0,2024.0,24.0,ＳＲＣ,商業,未改装,3100.0
1345,今津(阪神),6.0,4.0,３ＬＤＫ,55.0,2022.0,26.0,ＳＲＣ,１種住居,改装済み,2900.0
1347,今津(阪神),6.0,4.0,３ＬＤＫ,60.0,2021.0,25.0,ＳＲＣ,１種住居,改装済み,3000.0
1348,今津(阪神),6.0,4.0,３ＬＤＫ,55.0,2021.0,25.0,ＳＲＣ,１種住居,改装済み,2000.0
1349,今津(阪神),9.0,4.0,３ＬＤＫ,75.0,2025.0,36.0,ＳＲＣ,近隣商業,未改装,2400.0
1350,西宮(ＪＲ),6.0,4.0,３ＬＤＫ,75.0,2021.0,32.0,ＳＲＣ,１種住居,未改装,2400.0
1352,甲子園口,8.0,4.0,３ＬＤＫ,70.0,2021.0,12.0,ＲＣ,１中住専,改装済み,4400.0
1353,甲子園口,8.0,4.0,３ＬＤＫ,100.0,2021.0,34.0,ＲＣ,１中住専,改装済み,4000.0
1354,甲子園口,8.0,4.0,３ＬＤＫ,70.0,2021.0,12.0,ＲＣ,１中住専,未改装,4500.0
1355,甲子園口,8.0,4.0,３ＬＤＫ,80.0,2021.0,12.0,ＲＣ,１中住専,未改装,4400.0
1356,甲子園口,7.0,5.0,４ＬＤＫ,100.0,2021.0,34.0,ＲＣ,１中住専,未改装,3000.0
1357,甲子園口,8.0,5.0,４ＬＤＫ,90.0,2021.0,20.0,ＲＣ,１中住専,改装済み,4700.0
1358,甲子園口,8.0,5.0,４ＬＤＫ,85.0,2020.0,33.0,ＲＣ,１中住専,未改装,2500.0
1360,西宮(阪神),7.0,4.0,３ＬＤＫ,65.0,2023.0,30.0,ＲＣ,近隣商業,改装済み,3600.0
1361,西宮(阪神),7.0,4.0,３ＬＤＫ,65.0,2023.0,30.0,ＲＣ,近隣商業,改装済み,3900.0
1362,西宮(阪神),7.0,5.0,４ＬＤＫ,95.0,2023.0,30.0,ＲＣ,近隣商業,未改装,4600.0
1364,西宮(阪神),7.0,4.0,３ＬＤＫ,65.0,2022.0,29.0,ＲＣ,近隣商業,未改装,2900.0
1367,甲子園口,8.0,4.0,３ＬＤＫ,65.0,2023.0,51.0,ＲＣ,１中住専,改装済み,2400.0
1368,甲子園口,8.0,4.0,３ＬＤＫ,65.0,2023.0,51.0,ＲＣ,１中住専,改装済み,2300.0
1369,甲子園口,8.0,3.0,２ＬＤＫ,65.0,2023.0,51.0,ＲＣ,１中住専,改装済み,2400.0
1371,甲子園口,8.0,3.0,２ＬＤＫ,65.0,2022.0,50.0,ＳＲＣ,１中住専,改装済み,2400.0
1373,甲子園口,8.0,4.0,３ＬＤＫ,80.0,2020.0,48.0,ＲＣ,１中住専,改装済み,2500.0
1374,甲子園口,8.0,4.0,３ＬＤＫ,80.0,2020.0,48.0,ＲＣ,１中住専,改装済み,2800.0
1375,西宮(阪神),3.0,5.0,４ＬＤＫ,80.0,2025.0,19.0,ＲＣ,商業,未改装,4600.0
1376,西宮(阪神),3.0,3.0,２ＬＤＫ,55.0,2024.0,24.0,ＳＲＣ,商業,改装済み,3100.0
1378,西宮(阪神),3.0,4.0,３ＬＤＫ,65.0,2024.0,18.0,ＲＣ,商業,未改装,3400.0
1380,西宮(阪神),3.0,4.0,３ＬＤＫ,60.0,2023.0,17.0,ＲＣ,商業,未改装,3700.0
1381,西宮(阪神),3.0,5.0,４ＬＤＫ,80.0,2022.0,16.0,ＲＣ,商業,未改装,5000.0
1382,西宮(阪神),4.0,3.0,２ＬＤＫ,55.0,2021.0,15.0,ＲＣ,商業,改装済み,3400.0
1383,夙川,9.0,3.0,２ＬＤＫ,40.0,2021.0,24.0,ＲＣ,１低住専,未改装,1600.0
1385,甲子園口,10.0,5.0,４ＬＤＫ,80.0,2023.0,19.0,ＲＣ,１種住居,未改装,4100.0
1389,甲子園口,11.0,5.0,４ＬＤＫ,90.0,2020.0,34.0,ＲＣ,１種住居,未改装,2800.0
1390,西宮(ＪＲ),11.0,4.0,３ＬＤＫ,70.0,2020.0,22.0,ＲＣ,１種住居,改装済み,3600.0
1391,西宮北口,11.0,4.0,３ＬＤＫ,75.0,2022.0,4.0,ＲＣ,１中住専,未改装,5400.0
1392,西宮北口,11.0,5.0,４ＬＤＫ,85.0,2022.0,4.0,ＲＣ,１中住専,改装済み,5800.0
1395,香櫨園,5.0,3.0,２ＬＤＫ,70.0,2021.0,19.0,ＲＣ,１中住専,未改装,3400.0
1396,西宮(ＪＲ),14.0,5.0,４ＬＤＫ,15.0,2024.0,38.0,ＲＣ,近隣商業,未改装,410.0
1397,西宮(ＪＲ),10.0,4.0,３ＬＤＫ,60.0,2024.0,20.0,ＲＣ,１種住居,改装済み,3500.0
1398,西宮(ＪＲ),10.0,4.0,３ＬＤＫ,70.0,2024.0,20.0,ＲＣ,１種住居,改装済み,3500.0
1399,西宮(ＪＲ),10.0,4.0,３ＬＤＫ,75.0,2023.0,19.0,ＲＣ,１種住居,未改装,4000.0
1400,西宮(ＪＲ),10.0,4.0,３ＬＤＫ,70.0,2023.0,19.0,ＲＣ,１種住居,未改装,3900.0
1402,西宮(ＪＲ),10.0,3.0,２ＬＤＫ,70.0,2022.0,18.0,ＲＣ,１種住居,未改装,3700.0
1403,西宮(ＪＲ),13.0,2.0,１Ｋ,15.0,2021.0,35.0,ＲＣ,近隣商業,改装済み,600.0
1405,西宮(ＪＲ),12.0,4.0,３ＬＤＫ,70.0,2021.0,23.0,ＳＲＣ,近隣商業,未改装,3200.0
1406,西宮(ＪＲ),9.0,3.0,２ＬＤＫ,55.0,2020.0,16.0,ＲＣ,１種住居,未改装,2500.0
1407,西宮(阪神),11.0,4.0,３ＬＤＫ,65.0,2024.0,24.0,ＲＣ,近隣商業,改装済み,3400.0
1410,西宮北口,19.0,4.0,３ＬＤＫ,70.0,2022.0,25.0,ＲＣ,１種住居,未改装,2900.0
1412,西宮名塩,6.0,4.0,３ＬＤＫ,70.0,2021.0,25.0,ＲＣ,２中住専,未改装,950.0
1413,西宮名塩,8.0,4.0,３ＬＤＫ,70.0,2021.0,25.0,ＲＣ,２中住専,未改装,650.0
1414,西宮名塩,6.0,4.0,３ＬＤＫ,70.0,2020.0,24.0,ＲＣ,２中住専,未改装,1300.0
1415,西宮名塩,26.0,4.0,３ＬＤＫ,65.0,2025.0,30.0,ＲＣ,１低住専,未改装,330.0
1416,西宮名塩,26.0,4.0,３ＬＤＫ,65.0,2024.0,29.0,ＲＣ,１低住専,未改装,500.0
1417,西宮名塩,26.0,3.0,２ＬＤＫ,65.0,2023.0,28.0,ＲＣ,１低住専,未改装,600.0
1418,西宮名塩,26.0,4.0,３ＬＤＫ,65.0,2021.0,26.0,ＲＣ,１低住専,未改装,490.0
1419,西宮名塩,8.0,4.0,３ＬＤＫ,75.0,2024.0,18.0,ＲＣ,１中住専,未改装,1200.0
1421,西宮名塩,1.0,5.0,４ＬＤＫ,85.0,2021.0,13.0,ＲＣ,商業,未改装,3200.0
1422,西宮名塩,8.0,5.0,４ＬＤＫ,95.0,2020.0,15.0,ＲＣ,１中住専,改装済み,2200.0
1424,苦楽園口,5.0,5.0,４ＬＤＫ,90.0,2024.0,23.0,ＲＣ,１中住専,改装済み,5800.0
1426,苦楽園口,5.0,4.0,３ＬＤＫ,65.0,2024.0,23.0,ＲＣ,１中住専,改装済み,4300.0
1427,苦楽園口,6.0,3.0,２ＬＤＫ,125.0,2022.0,33.0,ＲＣ,１中住専,改装済み,5100.0
1428,苦楽園口,6.0,5.0,４ＬＤＫ,105.0,2022.0,24.0,ＲＣ,１中住専,未改装,4800.0
1430,苦楽園口,5.0,3.0,２ＬＤＫ,90.0,2021.0,20.0,ＲＣ,１中住専,改装済み,5000.0
1431,苦楽園口,6.0,4.0,３ＬＤＫ,70.0,2021.0,20.0,ＲＣ,１中住専,未改装,3800.0
1432,苦楽園口,5.0,3.0,２ＬＤＫ,65.0,2021.0,20.0,ＲＣ,１中住専,未改装,3600.0
1435,宝塚,10.0,5.0,４ＬＤＫ,85.0,2024.0,6.0,ＲＣ,１種住居,未改装,4700.0
1436,宝塚,9.0,4.0,３ＬＤＫ,70.0,2024.0,6.0,ＲＣ,１種住居,改装済み,4200.0
1437,宝塚,9.0,5.0,４ＬＤＫ,75.0,2023.0,5.0,ＲＣ,１種住居,未改装,4300.0
1438,宝塚,10.0,4.0,３ＬＤＫ,80.0,2022.0,4.0,ＲＣ,１種住居,未改装,3500.0
1441,宝塚,16.0,4.0,３ＬＤＫ,75.0,2022.0,23.0,ＳＲＣ,２中住専,未改装,1900.0
1442,宝塚,16.0,5.0,４ＬＤＫ,75.0,2021.0,24.0,ＳＲＣ,２中住専,改装済み,1700.0
1443,宝塚,16.0,5.0,４ＬＤＫ,80.0,2021.0,22.0,ＳＲＣ,２中住専,未改装,3400.0
1447,生瀬,12.0,4.0,３ＬＤＫ,75.0,2025.0,26.0,ＳＲＣ,２中住専,未改装,1600.0
1449,生瀬,12.0,4.0,３ＬＤＫ,75.0,2024.0,25.0,ＳＲＣ,２中住専,改装済み,2000.0
1450,生瀬,12.0,4.0,３ＬＤＫ,75.0,2024.0,25.0,ＳＲＣ,２中住専,改装済み,2200.0
1451,生瀬,12.0,4.0,３ＬＤＫ,75.0,2024.0,25.0,ＳＲＣ,２中住専,改装済み,2000.0
1452,生瀬,13.0,4.0,３ＬＤＫ,75.0,2024.0,27.0,ＳＲＣ,２中住専,未改装,1600.0
1453,生瀬,12.0,4.0,３ＬＤＫ,75.0,2024.0,25.0,ＳＲＣ,２中住専,未改装,1600.0
1454,生瀬,13.0,5.0,４ＬＤＫ,85.0,2023.0,26.0,ＳＲＣ,２中住専,未改装,1700.0
1455,生瀬,11.0,4.0,３ＬＤＫ,75.0,2023.0,26.0,ＳＲＣ,２中住専,未改装,2100.0
1456,生瀬,13.0,4.0,３ＬＤＫ,70.0,2022.0,25.0,ＳＲＣ,２中住専,未改装,1600.0
1458,生瀬,12.0,4.0,３ＬＤＫ,75.0,2022.0,23.0,ＳＲＣ,２中住専,未改装,1400.0
1459,生瀬,12.0,4.0,３ＬＤＫ,75.0,2021.0,22.0,ＳＲＣ,２中住専,未改装,1700.0
1460,生瀬,12.0,4.0,３ＬＤＫ,75.0,2021.0,22.0,ＳＲＣ,２中住専,改装済み,2200.0
1462,生瀬,10.0,4.0,３ＬＤＫ,70.0,2021.0,24.0,ＳＲＣ,２中住専,未改装,1600.0
1463,生瀬,12.0,4.0,３ＬＤＫ,75.0,2021.0,22.0,ＳＲＣ,２中住専,未改装,1400.0
1464,生瀬,12.0,4.0,３ＬＤＫ,75.0,2021.0,22.0,ＳＲＣ,２中住専,未改装,1700.0
1465,生瀬,12.0,4.0,３ＬＤＫ,75.0,2020.0,21.0,ＳＲＣ,２中住専,未改装,1500.0
1466,生瀬,12.0,4.0,３ＬＤＫ,95.0,2020.0,21.0,ＳＲＣ,２中住専,未改装,2400.0
1469,鳴尾・武庫川女子大前,4.0,4.0,３ＬＤＫ,70.0,2023.0,19.0,ＲＣ,近隣商業,未改装,2000.0
1470,鳴尾・武庫川女子大前,5.0,4.0,３ＬＤＫ,65.0,2023.0,23.0,ＲＣ,近隣商業,改装済み,3600.0
1471,鳴尾・武庫川女子大前,6.0,4.0,３ＤＫ,40.0,2023.0,52.0,鉄骨造,１種住居,未改装,770.0
1473,鳴尾・武庫川女子大前,6.0,4.0,３ＬＤＫ,50.0,2022.0,24.0,ＲＣ,近隣商業,未改装,2300.0
1474,鳴尾・武庫川女子大前,7.0,4.0,３ＤＫ,40.0,2022.0,51.0,鉄骨造,１種住居,未改装,800.0
1477,鳴尾・武庫川女子大前,3.0,5.0,４ＬＤＫ,80.0,2021.0,17.0,ＲＣ,近隣商業,改装済み,4000.0
1478,鳴尾・武庫川女子大前,6.0,2.0,１ＤＫ,35.0,2021.0,50.0,鉄骨造,１種住居,改装済み,1400.0
1479,鳴尾・武庫川女子大前,7.0,4.0,３ＤＫ,50.0,2020.0,22.0,ＲＣ,２種住居,改装済み,2200.0
1480,苦楽園口,6.0,2.0,１ＬＤＫ,40.0,2022.0,14.0,ＲＣ,１中住専,未改装,2300.0
1483,夙川,8.0,3.0,２ＬＤＫ,65.0,2021.0,17.0,ＲＣ,１中住専,未改装,3200.0
1484,夙川,8.0,2.0,１ＬＤＫ,40.0,2020.0,16.0,ＲＣ,１中住専,改装済み,2300.0
1485,仁川,11.0,4.0,３ＬＤＫ,80.0,2025.0,24.0,ＲＣ,１低住専,未改装,2900.0
1487,仁川,5.0,4.0,３ＬＤＫ,75.0,2024.0,9.0,ＲＣ,２低住専,未改装,5200.0
1488,仁川,4.0,5.0,４ＬＤＫ,90.0,2023.0,8.0,ＲＣ,２低住専,未改装,5900.0
1489,仁川,9.0,4.0,３ＬＤＫ,75.0,2023.0,22.0,ＲＣ,１低住専,未改装,2700.0
1490,仁川,5.0,4.0,３ＬＤＫ,80.0,2022.0,7.0,ＲＣ,２低住専,未改装,4800.0
1491,仁川,6.0,4.0,３ＬＤＫ,75.0,2022.0,7.0,ＲＣ,２低住専,未改装,4700.0
1492,仁川,4.0,4.0,３ＬＤＫ,75.0,2022.0,7.0,ＲＣ,２低住専,未改装,4700.0
1493,仁川,10.0,4.0,３ＬＤＫ,95.0,2021.0,23.0,ＲＣ,１低住専,改装済み,3300.0
1495,仁川,11.0,4.0,３ＬＤＫ,65.0,2021.0,24.0,ＲＣ,１中住専,未改装,2500.0
1496,仁川,9.0,4.0,３ＬＤＫ,55.0,2021.0,23.0,ＲＣ,１低住専,未改装,1700.0
1498,仁川,5.0,4.0,３ＬＤＫ,80.0,2020.0,5.0,ＲＣ,２低住専,未改装,4900.0
1499,仁川,16.0,3.0,２ＬＤＫ,70.0,2023.0,22.0,ＲＣ,１低住専,未改装,2400.0
1500,仁川,16.0,4.0,３ＬＤＫ,75.0,2022.0,21.0,ＲＣ,１低住専,未改装,2800.0
1501,仁川,16.0,4.0,３ＬＤＫ,65.0,2021.0,20.0,ＲＣ,１低住専,未改装,2400.0
1503,夙川,14.0,2.0,１Ｋ,25.0,2023.0,15.0,ＲＣ,近隣商業,改装済み,1700.0
1504,夙川,14.0,2.0,１Ｋ,25.0,2023.0,15.0,ＲＣ,近隣商業,未改装,1500.0
1505,夙川,14.0,2.0,１Ｋ,25.0,2023.0,15.0,ＲＣ,近隣商業,未改装,1800.0
1507,西宮(阪神),11.0,2.0,１Ｋ,25.0,2021.0,13.0,ＲＣ,近隣商業,未改装,1400.0
1508,甲子園,30.0,3.0,２ＬＤＫ,120.0,2021.0,17.0,ＳＲＣ,１中住専,未改装,3600.0
1510,香櫨園,30.0,4.0,３ＬＤＫ,70.0,2021.0,23.0,ＳＲＣ,１中住専,改装済み,2000.0
1511,香櫨園,30.0,4.0,３ＬＤＫ,65.0,2021.0,23.0,ＳＲＣ,１中住専,未改装,1600.0
1512,香櫨園,30.0,4.0,３ＬＤＫ,70.0,2020.0,22.0,ＳＲＣ,１中住専,未改装,1200.0
1513,香櫨園,30.0,4.0,３ＬＤＫ,70.0,2020.0,22.0,ＳＲＣ,１中住専,未改装,1500.0
1514,西宮(阪神),30.0,4.0,３ＬＤＫ,70.0,2025.0,27.0,ＳＲＣ,１中住専,改装済み,2400.0
1515,西宮(阪神),30.0,5.0,４ＬＤＫ,85.0,2025.0,27.0,ＳＲＣ,１中住専,未改装,2500.0
1516,西宮(阪神),30.0,4.0,３ＬＤＫ,70.0,2024.0,26.0,ＳＲＣ,１中住専,未改装,1900.0
1517,西宮(阪神),30.0,4.0,３ＬＤＫ,75.0,2024.0,26.0,ＳＲＣ,１中住専,未改装,2300.0
1518,西宮(阪神),30.0,4.0,３ＬＤＫ,70.0,2024.0,26.0,ＳＲＣ,１中住専,未改装,1300.0
1520,西宮(阪神),30.0,5.0,４ＬＤＫ,85.0,2024.0,26.0,ＲＣ,１中住専,未改装,1900.0
1521,西宮(阪神),30.0,4.0,３ＬＤＫ,70.0,2024.0,26.0,ＳＲＣ,１中住専,未改装,1500.0
1522,西宮(阪神),30.0,4.0,３ＬＤＫ,70.0,2024.0,26.0,ＲＣ,１中住専,改装済み,2500.0
1523,西宮(阪神),30.0,4.0,３ＬＤＫ,75.0,2024.0,25.0,ＳＲＣ,近隣商業,未改装,2200.0
1524,西宮(阪神),30.0,4.0,３ＬＤＫ,70.0,2024.0,26.0,ＳＲＣ,１中住専,未改装,1800.0
1526,西宮(阪神),30.0,4.0,３ＬＤＫ,70.0,2023.0,25.0,ＳＲＣ,１中住専,改装済み,2400.0
1528,西宮(阪神),30.0,5.0,４ＬＤＫ,80.0,2023.0,25.0,ＳＲＣ,１中住専,改装済み,3000.0
1529,西宮(阪神),30.0,5.0,４ＬＤＫ,100.0,2023.0,19.0,ＳＲＣ,１中住専,未改装,3800.0
1530,西宮(阪神),30.0,4.0,３ＬＤＫ,70.0,2023.0,25.0,ＲＣ,１中住専,未改装,1900.0
1531,西宮(阪神),30.0,2.0,１ＬＤＫ,65.0,2023.0,25.0,ＳＲＣ,１中住専,未改装,1600.0
1532,西宮(阪神),30.0,5.0,４ＬＤＫ,95.0,2023.0,19.0,ＳＲＣ,１中住専,未改装,4200.0
1533,西宮(阪神),30.0,4.0,３ＬＤＫ,65.0,2023.0,25.0,ＳＲＣ,１中住専,未改装,2000.0
1534,西宮(阪神),30.0,4.0,３ＬＤＫ,80.0,2023.0,25.0,ＳＲＣ,１中住専,未改装,1800.0
1535,西宮(阪神),30.0,4.0,３ＬＤＫ,70.0,2023.0,25.0,ＳＲＣ,１中住専,改装済み,2300.0
1536,西宮(阪神),30.0,4.0,３ＬＤＫ,65.0,2022.0,24.0,ＳＲＣ,１中住専,改装済み,2600.0
1539,西宮(阪神),30.0,4.0,３ＬＤＫ,80.0,2022.0,24.0,ＳＲＣ,１中住専,未改装,1700.0
1540,西宮(阪神),30.0,4.0,３ＬＤＫ,80.0,2022.0,24.0,ＳＲＣ,１中住専,未改装,2100.0
1541,西宮(阪神),30.0,4.0,３ＬＤＫ,75.0,2022.0,24.0,ＳＲＣ,１中住専,未改装,1700.0
1542,西宮(阪神),30.0,4.0,３ＬＤＫ,65.0,2022.0,23.0,ＳＲＣ,近隣商業,未改装,2600.0
1543,西宮(阪神),30.0,4.0,３ＬＤＫ,70.0,2022.0,24.0,ＳＲＣ,１中住専,未改装,1700.0
1544,西宮(阪神),30.0,4.0,３ＬＤＫ,70.0,2022.0,24.0,ＲＣ,１中住専,改装済み,2800.0
1545,西宮(阪神),30.0,4.0,３ＬＤＫ,95.0,2022.0,18.0,ＳＲＣ,１中住専,未改装,5100.0
1546,西宮(阪神),30.0,4.0,３ＬＤＫ,70.0,2022.0,24.0,ＲＣ,１中住専,未改装,1200.0
1547,西宮(阪神),30.0,4.0,３ＬＤＫ,70.0,2022.0,24.0,ＳＲＣ,１中住専,未改装,1700.0
1548,西宮(阪神),30.0,4.0,３ＬＤＫ,85.0,2022.0,18.0,ＳＲＣ,１中住専,改装済み,3200.0
1550,西宮(阪神),30.0,5.0,４ＬＤＫ,85.0,2022.0,24.0,ＳＲＣ,１中住専,未改装,2300.0
1552,西宮(阪神),30.0,4.0,３ＬＤＫ,90.0,2021.0,22.0,ＳＲＣ,近隣商業,改装済み,2700.0
1554,西宮(阪神),30.0,4.0,３ＬＤＫ,70.0,2021.0,26.0,ＳＲＣ,１中住専,改装済み,1900.0
1556,西宮(阪神),30.0,5.0,３ＬＤＫ＋Ｓ,80.0,2021.0,23.0,ＲＣ,１中住専,改装済み,2500.0
1558,西宮(阪神),30.0,4.0,３ＬＤＫ,70.0,2021.0,23.0,ＲＣ,１中住専,未改装,1900.0
1559,西宮(阪神),30.0,4.0,３ＬＤＫ,70.0,2021.0,23.0,ＳＲＣ,１中住専,未改装,1500.0
1563,西宮(阪神),30.0,4.0,３ＬＤＫ,70.0,2021.0,23.0,ＳＲＣ,１中住専,改装済み,1800.0
1564,西宮(阪神),30.0,4.0,３ＬＤＫ,70.0,2021.0,23.0,ＳＲＣ,１中住専,改装済み,2000.0
1567,西宮(阪神),30.0,3.0,２ＬＤＫ,120.0,2021.0,17.0,ＳＲＣ,１中住専,改装済み,3800.0
1571,西宮(阪神),30.0,4.0,３ＬＤＫ,65.0,2020.0,22.0,ＳＲＣ,１中住専,未改装,1200.0
1574,西宮(阪神),30.0,4.0,３ＬＤＫ,70.0,2020.0,22.0,ＳＲＣ,１中住専,未改装,1500.0
1577,西宮(阪神),30.0,5.0,４ＬＤＫ,80.0,2020.0,22.0,ＲＣ,１中住専,改装済み,2100.0
1578,西宮(阪神),30.0,5.0,４ＬＤＫ,85.0,2020.0,22.0,ＳＲＣ,１中住専,改装済み,2400.0
1580,甲陽園,14.0,5.0,４ＬＤＫ,100.0,2020.0,13.0,ＲＣ,１中住専,未改装,3500.0
1581,甲陽園,15.0,4.0,３ＬＤＫ,70.0,2020.0,35.0,ＲＣ,１中住専,未改装,710.0
1582,西宮北口,14.0,4.0,３ＬＤＫ,70.0,2021.0,11.0,ＲＣ,２中住専,未改装,3500.0
1583,西宮北口,14.0,4.0,３ＬＤＫ,90.0,2021.0,11.0,ＲＣ,２中住専,未改装,4700.0
1584,門戸厄神,15.0,4.0,３ＬＤＫ,70.0,2021.0,11.0,ＲＣ,２中住専,未改装,4000.0
1587,門戸厄神,6.0,4.0,３ＬＤＫ,70.0,2023.0,21.0,ＲＣ,１中住専,未改装,4500.0
1589,門戸厄神,5.0,4.0,３ＬＤＫ,70.0,2023.0,28.0,ＲＣ,１中住専,未改装,4900.0
1590,門戸厄神,5.0,5.0,４ＬＤＫ,90.0,2023.0,21.0,ＲＣ,１中住専,改装済み,5900.0
1591,門戸厄神,5.0,4.0,３ＬＤＫ,70.0,2023.0,28.0,ＲＣ,１中住専,未改装,4800.0
1592,門戸厄神,5.0,4.0,３ＬＤＫ,90.0,2022.0,36.0,ＲＣ,１中住専,未改装,3500.0
1593,門戸厄神,5.0,4.0,３ＬＤＫ,85.0,2022.0,12.0,ＲＣ,１中住専,未改装,6500.0
1594,門戸厄神,5.0,4.0,３ＬＤＫ,70.0,2022.0,27.0,ＲＣ,１中住専,改装済み,5000.0
1597,門戸厄神,3.0,5.0,４ＬＤＫ,90.0,2021.0,6.0,ＲＣ,１中住専,未改装,6200.0
1598,門戸厄神,4.0,4.0,３ＬＤＫ,85.0,2021.0,4.0,ＲＣ,１中住専,改装済み,7000.0
1599,門戸厄神,3.0,4.0,３ＬＤＫ,80.0,2020.0,5.0,ＲＣ,１中住専,未改装,5200.0
1600,夙川,7.0,4.0,３ＬＤＫ,75.0,2025.0,3.0,ＲＣ,１中住専,未改装,8500.0
1601,夙川,4.0,4.0,３ＬＤＫ,75.0,2024.0,12.0,ＲＣ,近隣商業,未改装,7500.0
1602,夙川,4.0,2.0,１Ｋ,20.0,2024.0,40.0,ＲＣ,近隣商業,未改装,800.0
1603,夙川,2.0,2.0,１ＬＤＫ,50.0,2023.0,23.0,ＲＣ,近隣商業,未改装,3400.0
1604,夙川,3.0,4.0,３ＬＤＫ,90.0,2023.0,27.0,ＲＣ,１中住専,未改装,7300.0
1605,夙川,3.0,3.0,２ＬＤＫ,80.0,2023.0,27.0,ＲＣ,１中住専,未改装,6300.0
1606,夙川,2.0,3.0,２ＬＤＫ,50.0,2023.0,23.0,ＲＣ,近隣商業,未改装,3300.0
1608,夙川,3.0,3.0,２ＬＤＫ,85.0,2021.0,25.0,ＲＣ,１中住専,未改装,6500.0
1609,夙川,4.0,2.0,１ＬＤＫ,20.0,2020.0,36.0,ＲＣ,近隣商業,未改装,620.0
1610,夙川,3.0,3.0,２ＬＤＫ,70.0,2020.0,24.0,ＲＣ,１中住専,未改装,5100.0
1611,西宮(ＪＲ),7.0,4.0,３ＬＤＫ,75.0,2023.0,22.0,ＲＣ,１種住居,改装済み,4900.0
1613,西宮(ＪＲ),8.0,5.0,４ＬＤＫ,80.0,2023.0,10.0,ＲＣ,近隣商業,未改装,5400.0
1615,西宮(ＪＲ),6.0,4.0,３ＬＤＫ,70.0,2021.0,20.0,ＲＣ,近隣商業,改装済み,3600.0
1616,西宮(ＪＲ),8.0,3.0,２ＬＤＫ,55.0,2021.0,12.0,ＲＣ,近隣商業,未改装,2700.0
1618,西宮(ＪＲ),7.0,4.0,３ＬＤＫ,70.0,2021.0,20.0,ＲＣ,近隣商業,改装済み,3900.0
1619,西宮(ＪＲ),7.0,3.0,２ＬＤＫ,85.0,2021.0,20.0,ＲＣ,１種住居,改装済み,4600.0
1620,西宮(ＪＲ),7.0,4.0,３ＬＤＫ,65.0,2020.0,19.0,ＲＣ,１種住居,未改装,2600.0
1621,西宮(ＪＲ),5.0,4.0,３ＬＤＫ,70.0,2020.0,6.0,ＲＣ,１種住居,未改装,3800.0
1622,西宮(阪神),8.0,4.0,３ＬＤＫ,65.0,2023.0,26.0,ＲＣ,１種住居,改装済み,3600.0
1623,西宮(阪神),8.0,5.0,４ＬＤＫ,80.0,2022.0,18.0,ＲＣ,近隣商業,改装済み,4900.0
1625,西宮(阪神),9.0,4.0,３ＬＤＫ,70.0,2021.0,20.0,ＲＣ,１種住居,未改装,3500.0
1627,西宮(阪神),8.0,5.0,４ＬＤＫ,75.0,2021.0,17.0,ＲＣ,近隣商業,未改装,3800.0
1631,鳴尾・武庫川女子大前,12.0,4.0,３ＬＤＫ,65.0,2024.0,2.0,ＲＣ,１中住専,未改装,5200.0
1632,鳴尾・武庫川女子大前,11.0,3.0,２ＬＤＫ,70.0,2020.0,19.0,ＲＣ,１中住専,改装済み,4000.0
1633,西宮(阪神),4.0,4.0,３ＬＤＫ,75.0,2025.0,26.0,ＳＲＣ,商業,改装済み,4900.0
1634,西宮(阪神),3.0,4.0,３ＬＤＫ,75.0,2024.0,25.0,ＳＲＣ,近隣商業,未改装,2700.0
1635,西宮(阪神),5.0,4.0,３ＬＤＫ,65.0,2024.0,20.0,ＳＲＣ,商業,未改装,4300.0
1637,西宮(阪神),4.0,4.0,３ＬＤＫ,70.0,2024.0,26.0,ＳＲＣ,商業,未改装,3100.0
1639,西宮(阪神),4.0,4.0,３ＬＤＫ,70.0,2023.0,22.0,ＲＣ,商業,未改装,3800.0
1640,西宮(阪神),4.0,3.0,２ＬＤＫ,65.0,2023.0,25.0,ＳＲＣ,商業,改装済み,3500.0
1641,西宮(阪神),4.0,4.0,３ＬＤＫ,70.0,2023.0,19.0,ＳＲＣ,商業,未改装,4300.0
1643,西宮(阪神),5.0,4.0,３ＬＤＫ,70.0,2022.0,18.0,ＳＲＣ,商業,未改装,4400.0
1645,西宮(阪神),5.0,3.0,２ＬＤＫ,65.0,2021.0,17.0,ＳＲＣ,商業,未改装,3300.0
1646,西宮(阪神),5.0,4.0,３ＬＤＫ,65.0,2020.0,16.0,ＳＲＣ,商業,改装済み,3600.0
1647,西宮(阪神),3.0,3.0,２ＬＤＫ,50.0,2020.0,15.0,ＲＣ,商業,改装済み,2600.0
1648,西宮(阪神),3.0,4.0,３ＬＤＫ,70.0,2020.0,21.0,ＳＲＣ,商業,未改装,2100.0
1649,甲子園,18.0,3.0,２ＬＤＫ,95.0,2024.0,22.0,ＳＲＣ,１種住居,未改装,4000.0
1650,甲子園,18.0,3.0,２ＬＤＫ,95.0,2023.0,21.0,ＳＲＣ,１種住居,未改装,3000.0
1651,甲子園,19.0,4.0,３ＬＤＫ,85.0,2023.0,21.0,ＳＲＣ,１種住居,改装済み,4000.0
1653,甲子園,20.0,3.0,２ＬＤＫ,95.0,2022.0,20.0,ＳＲＣ,１種住居,未改装,3700.0
1656,甲子園,16.0,3.0,２ＬＤＫ,95.0,2021.0,19.0,ＳＲＣ,１種住居,未改装,4000.0
1658,甲子園,21.0,4.0,３ＬＤＫ,80.0,2020.0,18.0,ＳＲＣ,１種住居,未改装,3000.0
1659,西宮(阪神),15.0,5.0,４ＬＤＫ,75.0,2024.0,23.0,ＲＣ,準工業,未改装,3500.0
1660,西宮(阪神),11.0,4.0,３ＬＤＫ,75.0,2023.0,20.0,ＳＲＣ,準工業,未改装,3800.0
1661,西宮(阪神),15.0,3.0,２ＬＤＫ,65.0,2023.0,22.0,ＲＣ,準工業,未改装,3300.0
1663,西宮(阪神),15.0,3.0,２ＬＤＫ,65.0,2021.0,20.0,ＲＣ,準工業,未改装,2600.0
1664,西宮(阪神),11.0,4.0,３ＬＤＫ,90.0,2021.0,18.0,ＳＲＣ,準工業,未改装,3000.0
1666,西宮(阪神),14.0,5.0,４ＬＤＫ,75.0,2020.0,19.0,ＲＣ,準工業,未改装,3200.0
1667,西宮(阪神),11.0,5.0,４ＬＤＫ,85.0,2020.0,17.0,ＳＲＣ,準工業,未改装,4200.0
1668,西宮(阪神),11.0,5.0,４ＬＤＫ,90.0,2020.0,17.0,ＳＲＣ,準工業,未改装,4600.0
1669,今津(阪神),11.0,4.0,３ＬＤＫ,70.0,2024.0,13.0,ＲＣ,準工業,未改装,4100.0
1670,今津(阪神),13.0,4.0,３ＬＤＫ,70.0,2023.0,12.0,ＲＣ,準工業,未改装,4000.0
1672,今津(阪神),11.0,4.0,３ＬＤＫ,75.0,2021.0,8.0,ＲＣ,準工業,未改装,3500.0
1673,今津(阪神),11.0,4.0,３ＬＤＫ,75.0,2021.0,8.0,ＲＣ,準工業,未改装,3400.0
1674,今津(阪神),10.0,4.0,３ＬＤＫ,75.0,2020.0,7.0,ＲＣ,準工業,未改装,3400.0
1677,西宮(阪神),8.0,4.0,３ＬＤＫ,65.0,2021.0,21.0,ＳＲＣ,近隣商業,改装済み,3400.0
1678,西宮(阪神),7.0,5.0,４ＬＤＫ,80.0,2021.0,21.0,ＳＲＣ,近隣商業,未改装,3800.0
1679,西宮(阪神),6.0,5.0,４ＬＤＫ,80.0,2020.0,20.0,ＳＲＣ,近隣商業,改装済み,3900.0
1680,西宮(阪神),6.0,5.0,４ＬＤＫ,80.0,2020.0,20.0,ＳＲＣ,近隣商業,未改装,3400.0
1681,門戸厄神,6.0,4.0,３ＬＤＫ,80.0,2021.0,4.0,ＲＣ,１中住専,未改装,6100.0
1682,洲先,4.0,4.0,３ＬＤＫ,75.0,2024.0,25.0,ＲＣ,１種住居,改装済み,3000.0
1684,洲先,4.0,4.0,３ＬＤＫ,65.0,2023.0,25.0,ＲＣ,１種住居,未改装,2200.0
1686,洲先,4.0,4.0,３ＬＤＫ,60.0,2023.0,44.0,ＳＲＣ,１種住居,未改装,1000.0
1688,洲先,4.0,4.0,３ＤＫ,60.0,2021.0,42.0,ＳＲＣ,１種住居,改装済み,1700.0
1689,洲先,3.0,4.0,３ＬＤＫ,75.0,2021.0,23.0,ＲＣ,１種住居,改装済み,2900.0
1690,洲先,4.0,3.0,２ＬＤＫ,60.0,2021.0,44.0,ＲＣ,１種住居,改装済み,1800.0
1691,洲先,4.0,4.0,３ＤＫ,60.0,2021.0,42.0,ＳＲＣ,１種住居,未改装,860.0
1692,洲先,3.0,4.0,３ＬＤＫ,65.0,2021.0,23.0,ＲＣ,１種住居,改装済み,2600.0
1694,東鳴尾,4.0,4.0,３ＬＤＫ,75.0,2025.0,46.0,ＳＲＣ,１種住居,改装済み,2300.0
1695,東鳴尾,4.0,4.0,３ＬＤＫ,70.0,2024.0,42.0,ＲＣ,１種住居,改装済み,2300.0
1696,東鳴尾,4.0,4.0,３ＬＤＫ,65.0,2023.0,25.0,ＲＣ,１種住居,改装済み,2900.0
1697,東鳴尾,4.0,4.0,３ＬＤＫ,60.0,2023.0,44.0,ＳＲＣ,１種住居,未改装,750.0
1698,東鳴尾,4.0,4.0,３ＬＤＫ,95.0,2022.0,43.0,ＳＲＣ,１種住居,未改装,2400.0
1699,今津(阪神),19.0,5.0,４ＬＤＫ,80.0,2023.0,27.0,ＲＣ,準工業,改装済み,3200.0
1701,今津(阪神),15.0,4.0,３ＬＤＫ,70.0,2023.0,27.0,ＲＣ,準工業,改装済み,3400.0
1702,今津(阪神),18.0,5.0,４ＬＤＫ,75.0,2023.0,27.0,ＲＣ,準工業,未改装,2500.0
1704,今津(阪神),19.0,4.0,３ＬＤＫ,65.0,2022.0,26.0,ＲＣ,準工業,未改装,2200.0
1706,今津(阪神),15.0,4.0,３ＬＤＫ,70.0,2022.0,26.0,ＲＣ,準工業,未改装,2400.0
1709,今津(阪神),19.0,4.0,３ＬＤＫ,65.0,2021.0,25.0,ＲＣ,準工業,改装済み,2600.0
1711,今津(阪神),16.0,5.0,４ＬＤＫ,80.0,2020.0,14.0,ＲＣ,準工業,未改装,2900.0
1712,今津(阪神),15.0,4.0,３ＬＤＫ,70.0,2020.0,14.0,ＲＣ,準工業,改装済み,3000.0
1715,今津(阪神),18.0,4.0,３ＬＤＫ,75.0,2020.0,16.0,ＲＣ,準工業,未改装,2200.0
1716,今津(阪神),15.0,4.0,３ＬＤＫ,70.0,2020.0,14.0,ＲＣ,準工業,未改装,2700.0
1717,今津(阪神),19.0,4.0,３ＬＤＫ,65.0,2020.0,24.0,ＲＣ,準工業,未改装,1600.0
1718,西宮(阪神),20.0,4.0,３ＬＤＫ,70.0,2024.0,27.0,ＳＲＣ,準工業,未改装,2200.0
1719,西宮(阪神),19.0,4.0,３ＬＤＫ,65.0,2024.0,27.0,ＳＲＣ,準工業,改装済み,3100.0
1720,西宮(阪神),20.0,4.0,３ＬＤＫ,85.0,2024.0,19.0,ＲＣ,準工業,未改装,2100.0
1721,西宮(阪神),19.0,4.0,３ＬＤＫ,65.0,2024.0,27.0,ＳＲＣ,準工業,未改装,2100.0
1722,西宮(阪神),20.0,3.0,２ＬＤＫ,70.0,2024.0,27.0,ＲＣ,準工業,改装済み,2100.0
1723,西宮(阪神),15.0,4.0,３ＬＤＫ,70.0,2023.0,17.0,ＲＣ,準工業,未改装,3200.0
1724,西宮(阪神),19.0,2.0,１Ｋ,65.0,2023.0,26.0,ＳＲＣ,準工業,未改装,2000.0
1725,西宮(阪神),19.0,4.0,３ＬＤＫ,60.0,2023.0,26.0,ＳＲＣ,準工業,未改装,2100.0
1727,西宮(阪神),18.0,4.0,３ＬＤＫ,65.0,2023.0,26.0,ＲＣ,準工業,改装済み,2500.0
1729,西宮(阪神),15.0,5.0,４ＬＤＫ,85.0,2022.0,16.0,ＲＣ,準工業,未改装,3500.0
1730,西宮(阪神),19.0,4.0,３ＬＤＫ,65.0,2022.0,25.0,ＳＲＣ,準工業,改装済み,2900.0
1731,西宮(阪神),15.0,3.0,２ＬＤＫ,70.0,2022.0,17.0,ＲＣ,準工業,未改装,2900.0
1732,西宮(阪神),19.0,4.0,３ＬＤＫ,60.0,2022.0,26.0,ＲＣ,準工業,未改装,2300.0
1733,西宮(阪神),19.0,4.0,３ＬＤＫ,60.0,2022.0,25.0,ＲＣ,準工業,改装済み,2600.0
1734,西宮(阪神),18.0,4.0,３ＬＤＫ,55.0,2021.0,24.0,ＲＣ,準工業,改装済み,2700.0
1735,西宮(阪神),18.0,5.0,４ＬＤＫ,80.0,2021.0,34.0,ＲＣ,準工業,未改装,1000.0
1736,西宮(阪神),19.0,5.0,４ＬＤＫ,80.0,2020.0,23.0,ＳＲＣ,準工業,未改装,2300.0
1738,西宮(阪神),18.0,4.0,３ＬＤＫ,65.0,2020.0,16.0,ＲＣ,準工業,未改装,2600.0
1739,西宮名塩,14.0,4.0,３ＬＤＫ,90.0,2025.0,22.0,ＲＣ,１中住専,未改装,2300.0
1740,西宮名塩,7.0,4.0,３ＬＤＫ,75.0,2025.0,33.0,ＲＣ,１中住専,改装済み,2100.0
1742,西宮名塩,13.0,4.0,３ＬＤＫ,80.0,2024.0,21.0,ＲＣ,１中住専,未改装,2200.0
1743,西宮名塩,8.0,4.0,３ＬＤＫ,90.0,2024.0,30.0,ＲＣ,１中住専,未改装,1200.0
1744,西宮名塩,16.0,4.0,３ＬＤＫ,75.0,2024.0,21.0,ＲＣ,１種住居,未改装,2300.0
1745,西宮名塩,7.0,4.0,３ＬＤＫ,80.0,2023.0,30.0,ＲＣ,１中住専,未改装,1600.0
1746,西宮名塩,15.0,4.0,３ＬＤＫ,75.0,2023.0,26.0,ＲＣ,１中住専,改装済み,2000.0
1747,西宮名塩,15.0,4.0,３ＬＤＫ,75.0,2023.0,26.0,ＲＣ,１中住専,未改装,1000.0
1748,西宮名塩,11.0,4.0,３ＬＤＫ,95.0,2023.0,29.0,ＲＣ,１中住専,改装済み,2300.0
1750,西宮名塩,11.0,4.0,３ＬＤＫ,70.0,2022.0,25.0,ＲＣ,１中住専,未改装,1500.0
1751,西宮名塩,6.0,4.0,３ＬＤＫ,80.0,2022.0,19.0,ＲＣ,１中住専,未改装,2300.0
1752,西宮名塩,9.0,5.0,４ＬＤＫ,100.0,2022.0,28.0,ＲＣ,１中住専,未改装,1700.0
1754,西宮名塩,6.0,5.0,４ＬＤＫ,100.0,2022.0,19.0,ＲＣ,１中住専,未改装,3000.0
1755,西宮名塩,8.0,4.0,３ＬＤＫ,80.0,2021.0,27.0,ＲＣ,１中住専,改装済み,1500.0
1756,西宮名塩,19.0,4.0,３ＬＤＫ,75.0,2021.0,27.0,ＲＣ,１中住専,改装済み,1600.0
1757,西宮名塩,8.0,4.0,３ＬＤＫ,80.0,2021.0,27.0,ＲＣ,１中住専,改装済み,1800.0
1758,西宮名塩,5.0,4.0,３ＬＤＫ,75.0,2021.0,29.0,ＲＣ,１中住専,改装済み,1500.0
1759,西宮名塩,6.0,4.0,３ＬＤＫ,80.0,2021.0,27.0,ＲＣ,１中住専,改装済み,1400.0
1761,西宮名塩,13.0,4.0,３ＬＤＫ,80.0,2020.0,28.0,ＲＣ,１中住専,改装済み,1600.0
1762,西宮名塩,7.0,4.0,３ＬＤＫ,80.0,2020.0,28.0,ＲＣ,１中住専,未改装,1300.0
1763,西宮名塩,8.0,4.0,３ＬＤＫ,85.0,2020.0,17.0,ＲＣ,１中住専,未改装,1900.0
1764,西宮名塩,15.0,4.0,３ＬＤＫ,85.0,2020.0,23.0,ＲＣ,１中住専,改装済み,1600.0
1766,西宮名塩,4.0,4.0,３ＬＤＫ,80.0,2020.0,24.0,ＲＣ,１中住専,未改装,1400.0
1767,西宮名塩,11.0,4.0,３ＬＤＫ,80.0,2020.0,28.0,ＲＣ,１中住専,改装済み,1800.0
1768,苦楽園口,12.0,4.0,３ＬＤＫ,65.0,2025.0,25.0,ＲＣ,１中住専,未改装,3700.0
1769,苦楽園口,15.0,4.0,３ＬＤＫ,65.0,2025.0,27.0,ＲＣ,１中住専,未改装,1900.0
1770,苦楽園口,15.0,4.0,３ＬＤＫ,85.0,2024.0,27.0,ＲＣ,１中住専,改装済み,5700.0
1771,苦楽園口,8.0,4.0,３ＬＤＫ,65.0,2024.0,13.0,ＲＣ,１種住居,未改装,4700.0
1773,苦楽園口,12.0,4.0,３ＬＤＫ,65.0,2024.0,24.0,ＲＣ,１中住専,未改装,3100.0
1774,苦楽園口,8.0,4.0,３ＬＤＫ,65.0,2024.0,13.0,ＲＣ,１種住居,未改装,3900.0
1775,苦楽園口,12.0,4.0,３ＬＤＫ,70.0,2024.0,24.0,ＲＣ,１中住専,未改装,4000.0
1776,苦楽園口,14.0,4.0,３ＬＤＫ,75.0,2024.0,17.0,ＲＣ,１中住専,未改装,4200.0
1777,苦楽園口,9.0,3.0,２ＬＤＫ,75.0,2023.0,49.0,ＲＣ,１種住居,改装済み,2500.0
1779,苦楽園口,14.0,4.0,３ＬＤＫ,70.0,2023.0,25.0,ＲＣ,１中住専,改装済み,3800.0
1780,苦楽園口,15.0,4.0,３ＬＤＫ,75.0,2022.0,25.0,ＲＣ,１中住専,未改装,3400.0
1782,苦楽園口,15.0,4.0,３ＬＤＫ,90.0,2022.0,20.0,ＲＣ,１中住専,改装済み,4200.0
1783,苦楽園口,8.0,5.0,４ＬＤＫ,95.0,2022.0,11.0,ＲＣ,１種住居,未改装,4300.0
1785,苦楽園口,12.0,4.0,３ＬＤＫ,70.0,2021.0,21.0,ＲＣ,１中住専,未改装,3800.0
1788,苦楽園口,15.0,4.0,３ＬＤＫ,75.0,2021.0,13.0,ＲＣ,１低住専,未改装,4000.0
1789,苦楽園口,15.0,4.0,３ＬＤＫ,80.0,2020.0,38.0,ＲＣ,１中住専,改装済み,3100.0
1792,苦楽園口,15.0,4.0,３ＬＤＫ,90.0,2020.0,18.0,ＲＣ,１中住専,改装済み,3600.0
1793,門戸厄神,14.0,5.0,４ＬＤＫ,90.0,2025.0,10.0,ＲＣ,１中住専,未改装,5400.0
1795,門戸厄神,14.0,4.0,３ＬＤＫ,90.0,2025.0,5.0,ＲＣ,１中住専,改装済み,5900.0
1797,門戸厄神,15.0,5.0,４ＬＤＫ,85.0,2024.0,29.0,ＲＣ,１中住専,改装済み,4400.0
1800,門戸厄神,16.0,3.0,１ＬＤＫ＋Ｓ,60.0,2023.0,20.0,ＲＣ,１中住専,改装済み,3300.0
1802,門戸厄神,15.0,5.0,４ＬＤＫ,95.0,2022.0,2.0,ＲＣ,１中住専,未改装,6500.0
1803,門戸厄神,18.0,4.0,３ＬＤＫ,75.0,2021.0,26.0,ＲＣ,１中住専,未改装,2600.0
1804,門戸厄神,15.0,4.0,３ＬＤＫ,70.0,2021.0,1.0,ＲＣ,１中住専,未改装,4500.0
1805,門戸厄神,14.0,5.0,４ＬＤＫ,90.0,2021.0,1.0,ＲＣ,１中住専,改装済み,6100.0
1806,門戸厄神,16.0,4.0,３ＬＤＫ,70.0,2021.0,1.0,ＲＣ,１中住専,未改装,4800.0
1807,門戸厄神,14.0,5.0,４ＬＤＫ,80.0,2021.0,1.0,ＲＣ,１中住専,未改装,5000.0
1808,門戸厄神,14.0,4.0,３ＬＤＫ,80.0,2021.0,6.0,ＲＣ,１中住専,未改装,4600.0
1809,門戸厄神,14.0,5.0,４ＬＤＫ,85.0,2021.0,1.0,ＲＣ,１中住専,未改装,5100.0
1810,門戸厄神,16.0,4.0,３ＬＤＫ,70.0,2021.0,1.0,ＲＣ,１中住専,未改装,4900.0
1811,門戸厄神,14.0,4.0,３ＬＤＫ,75.0,2021.0,1.0,ＲＣ,１中住専,未改装,5000.0
1813,門戸厄神,16.0,4.0,３ＬＤＫ,75.0,2020.0,0.0,ＲＣ,１中住専,未改装,5100.0
1814,門戸厄神,18.0,4.0,３ＬＤＫ,75.0,2020.0,25.0,ＲＣ,１中住専,未改装,2800.0
1816,門戸厄神,14.0,4.0,３ＬＤＫ,80.0,2020.0,0.0,ＲＣ,１中住専,未改装,5400.0
1818,門戸厄神,14.0,4.0,３ＬＤＫ,90.0,2020.0,0.0,ＲＣ,１中住専,未改装,5700.0
1819,門戸厄神,18.0,3.0,２ＬＤＫ,80.0,2020.0,26.0,ＲＣ,１中住専,改装済み,2900.0
1820,西宮北口,6.0,3.0,２ＬＤＫ,50.0,2025.0,20.0,ＲＣ,１種住居,未改装,3700.0
1822,西宮北口,9.0,1.0,１Ｒ,15.0,2024.0,28.0,ＲＣ,１種住居,未改装,6800.0
1823,西宮北口,8.0,4.0,３ＬＤＫ,75.0,2020.0,22.0,ＲＣ,１中住専,改装済み,4000.0
1825,西宮北口,14.0,3.0,２ＬＤＫ,55.0,2025.0,22.0,ＲＣ,２中住専,未改装,2200.0
1827,西宮北口,19.0,4.0,３ＬＤＫ,105.0,2020.0,32.0,ＲＣ,１中住専,改装済み,2700.0
1829,夙川,16.0,4.0,３ＬＤＫ,75.0,2020.0,19.0,ＲＣ,１低住専,未改装,2800.0
1831,西宮北口,6.0,2.0,１Ｋ,15.0,2025.0,38.0,ＲＣ,近隣商業,改装済み,550.0
1832,西宮北口,7.0,2.0,１Ｋ,15.0,2024.0,36.0,ＲＣ,２種住居,未改装,520.0
1835,西宮北口,10.0,2.0,１Ｋ,20.0,2023.0,14.0,ＲＣ,２種住居,未改装,1400.0
1836,西宮北口,10.0,2.0,１Ｋ,20.0,2023.0,14.0,ＲＣ,２種住居,未改装,1800.0
1837,西宮北口,9.0,2.0,１Ｋ,20.0,2023.0,14.0,ＲＣ,準工業,改装済み,1600.0
1840,西宮北口,10.0,4.0,３ＬＤＫ,60.0,2022.0,12.0,ＲＣ,工業,未改装,3600.0
1841,西宮北口,10.0,2.0,１Ｋ,25.0,2022.0,13.0,ＲＣ,２種住居,未改装,1300.0
1842,西宮北口,9.0,2.0,１Ｋ,25.0,2022.0,13.0,ＲＣ,準工業,未改装,1500.0
1844,西宮北口,7.0,2.0,１Ｋ,15.0,2022.0,34.0,ＲＣ,２種住居,未改装,370.0
1845,西宮北口,10.0,2.0,１Ｋ,20.0,2022.0,13.0,ＲＣ,２種住居,改装済み,1600.0
1846,西宮北口,9.0,2.0,１Ｋ,20.0,2022.0,13.0,ＲＣ,準工業,改装済み,1500.0
1848,西宮北口,10.0,2.0,１Ｋ,20.0,2021.0,12.0,ＲＣ,２種住居,未改装,1600.0
1850,西宮北口,9.0,2.0,１Ｋ,25.0,2020.0,11.0,ＲＣ,準工業,未改装,1600.0
1851,西宮北口,6.0,2.0,１Ｋ,15.0,2020.0,33.0,ＲＣ,近隣商業,未改装,450.0
1852,阪神国道,4.0,4.0,２ＬＤＫ＋Ｓ,70.0,2020.0,11.0,ＲＣ,工業,未改装,4000.0
1855,門戸厄神,6.0,4.0,３ＬＤＫ,85.0,2024.0,1.0,ＲＣ,１中住専,改装済み,6800.0
1856,門戸厄神,9.0,4.0,３ＬＤＫ,85.0,2024.0,1.0,ＲＣ,１中住専,改装済み,6600.0
1857,門戸厄神,6.0,2.0,１ＬＤＫ,40.0,2024.0,27.0,ＲＣ,１中住専,未改装,750.0
1858,門戸厄神,8.0,4.0,３ＬＤＫ,85.0,2024.0,1.0,ＲＣ,１中住専,改装済み,6200.0
1860,門戸厄神,7.0,4.0,３ＬＤＫ,75.0,2023.0,11.0,ＲＣ,１中住専,未改装,5200.0
1861,門戸厄神,5.0,4.0,３ＬＤＫ,70.0,2022.0,16.0,ＲＣ,１中住専,未改装,4000.0
1862,門戸厄神,6.0,4.0,３ＬＤＫ,70.0,2021.0,15.0,ＲＣ,１中住専,未改装,4200.0
1864,甲子園口,4.0,5.0,４ＬＤＫ,95.0,2022.0,21.0,ＲＣ,１中住専,未改装,5100.0
1865,甲子園口,6.0,5.0,４ＬＤＫ,120.0,2022.0,54.0,ＲＣ,１中住専,改装済み,3900.0
1866,甲子園口,6.0,4.0,３ＬＤＫ,100.0,2022.0,54.0,ＲＣ,１中住専,未改装,3500.0
1867,甲子園口,6.0,4.0,３ＬＤＫ,70.0,2021.0,18.0,ＲＣ,１中住専,未改装,4000.0
1868,甲子園口,6.0,4.0,３ＬＤＫ,90.0,2020.0,17.0,ＲＣ,１中住専,改装済み,4700.0
1871,鳴尾・武庫川女子大前,12.0,3.0,２ＬＤＫ,65.0,2024.0,45.0,ＳＲＣ,１中住専,改装済み,2000.0
1872,鳴尾・武庫川女子大前,12.0,5.0,４ＬＤＫ,80.0,2022.0,43.0,ＳＲＣ,１中住専,未改装,1100.0
1873,鳴尾・武庫川女子大前,10.0,5.0,４ＬＤＫ,80.0,2021.0,42.0,ＳＲＣ,１中住専,改装済み,2000.0
1875,西宮(阪神),9.0,4.0,３ＬＤＫ,70.0,2024.0,24.0,ＲＣ,近隣商業,未改装,3700.0
1876,西宮(阪神),9.0,5.0,４ＬＤＫ,80.0,2022.0,22.0,ＲＣ,近隣商業,未改装,4700.0
1878,西宮(阪神),9.0,4.0,３ＬＤＫ,70.0,2021.0,21.0,ＲＣ,近隣商業,未改装,3700.0
1880,苦楽園口,9.0,2.0,１ＬＤＫ,35.0,2025.0,55.0,鉄骨造,１低住専,改装済み,900.0
1882,苦楽園口,9.0,4.0,３ＤＫ,40.0,2022.0,52.0,鉄骨造,１低住専,未改装,900.0
1884,苦楽園口,9.0,3.0,２ＬＤＫ,55.0,2020.0,50.0,鉄骨造,１低住専,未改装,960.0
1885,香櫨園,8.0,3.0,２ＬＤＫ,85.0,2024.0,16.0,ＲＣ,１中住専,未改装,4900.0
1886,香櫨園,11.0,4.0,３ＬＤＫ,80.0,2023.0,26.0,ＲＣ,１中住専,未改装,2700.0
1887,香櫨園,11.0,4.0,３ＬＤＫ,70.0,2021.0,24.0,ＲＣ,１中住専,未改装,2300.0
1889,西宮(阪神),9.0,3.0,２ＬＤＫ,55.0,2022.0,26.0,ＲＣ,近隣商業,改装済み,2700.0
1890,香櫨園,18.0,5.0,４ＬＤＫ,85.0,2022.0,9.0,ＲＣ,準工業,未改装,4400.0
1892,西宮(阪神),17.0,4.0,３ＬＤＫ,70.0,2022.0,9.0,ＲＣ,準工業,未改装,3800.0
1893,西宮(阪神),15.0,3.0,２ＬＤＫ,80.0,2022.0,10.0,ＲＣ,準工業,未改装,4200.0
1896,西宮(阪神),16.0,4.0,３ＬＤＫ,70.0,2020.0,7.0,ＲＣ,準工業,未改装,3600.0
1897,西宮(阪神),15.0,4.0,３ＬＤＫ,70.0,2020.0,7.0,ＲＣ,準工業,未改装,3300.0
1898,夙川,5.0,4.0,３ＬＤＫ,70.0,2020.0,23.0,ＲＣ,１中住専,改装済み,3700.0
1899,苦楽園口,6.0,4.0,３ＬＤＫ,65.0,2022.0,20.0,ＲＣ,１中住専,未改装,3300.0
1900,香櫨園,0.0,4.0,３ＬＤＫ,75.0,2025.0,9.0,ＲＣ,１種住居,未改装,5700.0
1901,香櫨園,3.0,4.0,３ＬＤＫ,80.0,2024.0,9.0,ＲＣ,１種住居,未改装,7100.0
1902,香櫨園,3.0,3.0,２ＬＤＫ,75.0,2024.0,9.0,ＲＣ,１種住居,未改装,5600.0
1903,香櫨園,3.0,4.0,３ＬＤＫ,75.0,2024.0,9.0,ＲＣ,１種住居,未改装,5800.0
1904,香櫨園,6.0,4.0,３ＬＤＫ,70.0,2023.0,11.0,ＲＣ、鉄骨造,近隣商業,未改装,6200.0
1905,香櫨園,3.0,4.0,３ＬＤＫ,75.0,2023.0,8.0,ＲＣ,１種住居,未改装,4600.0
1906,香櫨園,4.0,4.0,３ＬＤＫ,75.0,2023.0,40.0,ＲＣ,１中住専,未改装,2600.0
1907,香櫨園,3.0,5.0,４ＬＤＫ,80.0,2023.0,8.0,ＲＣ,１種住居,未改装,6200.0
1908,香櫨園,6.0,4.0,２ＬＤＫ＋Ｓ,70.0,2021.0,9.0,ＲＣ、鉄骨造,近隣商業,未改装,5700.0
1910,さくら夙川,7.0,4.0,３ＬＤＫ,110.0,2020.0,31.0,ＲＣ,１中住専,未改装,4000.0
1913,さくら夙川,13.0,4.0,３ＬＤＫ,70.0,2020.0,21.0,ＲＣ,１中住専,改装済み,4000.0
1914,夙川,9.0,5.0,４ＬＤＫ,85.0,2024.0,25.0,ＲＣ,１中住専,改装済み,5000.0
1915,夙川,9.0,4.0,３ＬＤＫ,70.0,2023.0,24.0,ＲＣ,１中住専,改装済み,3900.0
1916,夙川,8.0,3.0,２ＬＤＫ,80.0,2022.0,17.0,ＲＣ,１中住専,未改装,5500.0
1917,夙川,7.0,3.0,２ＬＤＫ,85.0,2022.0,10.0,ＲＣ,１中住専,未改装,6300.0
1918,夙川,8.0,4.0,３ＬＤＫ,140.0,2020.0,12.0,ＲＣ,１中住専,未改装,8700.0
1919,甲子園口,10.0,4.0,３ＬＤＫ,70.0,2025.0,24.0,ＲＣ,１中住専,改装済み,4700.0
1920,甲子園口,7.0,4.0,３ＬＤＫ,85.0,2025.0,18.0,ＲＣ,１中住専,未改装,5400.0
1921,甲子園口,10.0,5.0,４ＬＤＫ,90.0,2024.0,23.0,ＲＣ,１中住専,改装済み,5500.0
1922,甲子園口,7.0,4.0,３ＬＤＫ,80.0,2024.0,17.0,ＲＣ,１中住専,未改装,5300.0
1923,甲子園口,8.0,4.0,３ＬＤＫ,70.0,2024.0,20.0,ＲＣ,１中住専,改装済み,5000.0
1925,甲子園口,7.0,4.0,３ＬＤＫ,80.0,2024.0,17.0,ＲＣ,１中住専,未改装,4900.0
1927,甲子園口,9.0,4.0,３ＬＤＫ,60.0,2023.0,46.0,ＲＣ,１中住専,未改装,1700.0
1928,甲子園口,7.0,4.0,３ＬＤＫ,80.0,2023.0,35.0,ＲＣ,１中住専,改装済み,3500.0
1930,甲子園口,8.0,5.0,４ＬＤＫ,85.0,2023.0,19.0,ＲＣ,１中住専,未改装,5500.0
1931,甲子園口,8.0,4.0,３ＬＤＫ,65.0,2023.0,28.0,ＲＣ,１中住専,改装済み,3300.0
1932,甲子園口,8.0,4.0,３ＬＤＫ,75.0,2022.0,18.0,ＲＣ,１中住専,未改装,5000.0
1933,甲子園口,8.0,4.0,３ＬＤＫ,75.0,2022.0,18.0,ＲＣ,１中住専,未改装,4700.0
1934,甲子園口,7.0,4.0,３ＬＤＫ,70.0,2022.0,15.0,ＲＣ,１中住専,未改装,4500.0
1935,甲子園口,8.0,4.0,３ＬＤＫ,65.0,2020.0,25.0,ＲＣ,１中住専,未改装,2800.0
1936,甲子園口,8.0,4.0,３ＬＤＫ,80.0,2020.0,32.0,ＲＣ,１中住専,改装済み,3200.0
1938,西宮(ＪＲ),3.0,4.0,３ＬＤＫ,60.0,2023.0,21.0,ＲＣ,近隣商業,未改装,3500.0
1939,西宮(ＪＲ),4.0,3.0,２ＬＤＫ,50.0,2023.0,35.0,ＲＣ,近隣商業,改装済み,2200.0
1941,西宮(ＪＲ),4.0,3.0,２ＬＤＫ,50.0,2022.0,16.0,ＲＣ,近隣商業,未改装,2700.0
1947,甲子園口,13.0,5.0,４ＬＤＫ,85.0,2024.0,21.0,ＲＣ,１中住専,未改装,5500.0
1948,甲子園口,14.0,4.0,３ＬＤＫ,70.0,2023.0,21.0,ＲＣ,１中住専,未改装,4000.0
1949,甲子園口,14.0,5.0,４ＬＤＫ,105.0,2022.0,5.0,ＲＣ,１中住専,未改装,6900.0
1950,甲子園口,13.0,4.0,３ＬＤＫ,70.0,2021.0,1.0,ＲＣ,１中住専,改装済み,3400.0
1951,甲子園口,14.0,4.0,３ＬＤＫ,70.0,2021.0,25.0,ＲＣ,１中住専,改装済み,4100.0
1952,甲子園口,13.0,4.0,３ＬＤＫ,70.0,2021.0,0.0,ＲＣ,１中住専,改装済み,4000.0
1953,西宮北口,15.0,4.0,３ＬＤＫ,85.0,2024.0,51.0,ＲＣ,１中住専,改装済み,2100.0
1954,西宮北口,15.0,4.0,３ＬＤＫ,70.0,2024.0,51.0,ＲＣ,１中住専,未改装,1200.0
1955,西宮北口,18.0,4.0,３ＬＤＫ,75.0,2024.0,3.0,ＲＣ,１中住専,未改装,5900.0
1956,西宮北口,15.0,4.0,３ＬＤＫ,65.0,2023.0,50.0,ＲＣ,１中住専,改装済み,2000.0
1957,西宮北口,16.0,3.0,２ＬＤＫ,105.0,2022.0,5.0,ＲＣ,１中住専,未改装,6500.0
1958,西宮北口,15.0,4.0,３ＬＤＫ,65.0,2021.0,48.0,ＲＣ,１中住専,未改装,1400.0
1960,西宮北口,16.0,4.0,３ＬＤＫ,70.0,2021.0,25.0,ＲＣ,１中住専,改装済み,4500.0
1961,西宮北口,16.0,4.0,３ＬＤＫ,70.0,2021.0,25.0,ＲＣ,１中住専,改装済み,4100.0
1963,西宮北口,16.0,4.0,３ＬＤＫ,70.0,2021.0,25.0,ＲＣ,１中住専,改装済み,4100.0
1964,西宮北口,16.0,4.0,３ＬＤＫ,70.0,2020.0,24.0,ＲＣ,１中住専,改装済み,4200.0
1966,西宮北口,8.0,4.0,３ＬＤＫ,65.0,2023.0,27.0,ＲＣ,１中住専,改装済み,4500.0
1967,西宮北口,11.0,4.0,３ＬＤＫ,70.0,2022.0,5.0,ＲＣ,１中住専,改装済み,5300.0
1969,西宮北口,8.0,4.0,３ＬＤＫ,70.0,2021.0,21.0,ＲＣ,１中住専,未改装,4000.0
1972,西宮北口,11.0,4.0,３ＬＤＫ,65.0,2021.0,4.0,ＲＣ,１中住専,未改装,5300.0
1973,西宮北口,9.0,4.0,３ＬＤＫ,75.0,2020.0,19.0,ＲＣ,１中住専,未改装,3700.0
1975,西宮北口,11.0,4.0,３ＬＤＫ,65.0,2020.0,3.0,ＲＣ,１中住専,未改装,5500.0
1978,門戸厄神,6.0,4.0,３ＬＤＫ,70.0,2023.0,24.0,ＲＣ,２中住専,未改装,2100.0
1979,門戸厄神,6.0,4.0,３ＬＤＫ,75.0,2022.0,23.0,ＲＣ,２中住専,未改装,3400.0
1980,門戸厄神,8.0,4.0,３ＬＤＫ,95.0,2022.0,23.0,ＲＣ,２中住専,改装済み,5000.0
1981,苦楽園口,13.0,4.0,３ＬＤＫ,75.0,2021.0,50.0,ＲＣ,１中住専,改装済み,1800.0
1982,苦楽園口,11.0,5.0,４ＬＤＫ,75.0,2021.0,50.0,ＲＣ,１中住専,未改装,930.0
1983,夙川,12.0,3.0,２ＬＤＫ,80.0,2025.0,54.0,ＲＣ,１中住専,未改装,1000.0
1984,夙川,12.0,4.0,３ＬＤＫ,75.0,2024.0,53.0,ＲＣ,１中住専,未改装,950.0
1986,夙川,12.0,3.0,２ＬＤＫ,75.0,2024.0,53.0,ＲＣ,１中住専,改装済み,1900.0
1987,夙川,12.0,4.0,３ＬＤＫ,75.0,2024.0,53.0,ＲＣ,１中住専,改装済み,2000.0
1988,夙川,12.0,4.0,３ＬＤＫ,75.0,2023.0,52.0,ＲＣ,１中住専,改装済み,2200.0
1989,夙川,12.0,4.0,３ＬＤＫ,75.0,2023.0,52.0,ＲＣ,１中住専,改装済み,2500.0
1992,甲子園,11.0,4.0,３ＬＤＫ,75.0,2025.0,23.0,ＲＣ,２中住専,改装済み,4400.0
1993,甲子園,14.0,4.0,３ＬＤＫ,85.0,2025.0,20.0,ＲＣ,２種住居,未改装,4800.0
1995,甲子園,13.0,5.0,４ＬＤＫ,120.0,2024.0,19.0,ＲＣ,２種住居,未改装,6000.0
1996,甲子園,13.0,3.0,２ＬＤＫ,60.0,2024.0,19.0,ＲＣ,１中住専,改装済み,2700.0
1998,甲子園,14.0,4.0,３ＬＤＫ,120.0,2024.0,19.0,ＲＣ,２種住居,未改装,5900.0
2000,甲子園,14.0,3.0,２ＬＤＫ,80.0,2024.0,19.0,ＲＣ,２種住居,未改装,4300.0
2001,甲子園,13.0,4.0,３ＬＤＫ,75.0,2023.0,18.0,ＲＣ,２種住居,未改装,3900.0
2003,甲子園,14.0,3.0,２ＬＤＫ,80.0,2023.0,18.0,ＲＣ,２種住居,未改装,3200.0
2006,甲子園,12.0,4.0,３ＬＤＫ,95.0,2023.0,18.0,ＲＣ,２種住居,改装済み,5400.0
2007,甲子園,13.0,4.0,３ＬＤＫ,85.0,2023.0,18.0,ＲＣ,２種住居,未改装,3300.0
2008,甲子園,13.0,5.0,４ＬＤＫ,100.0,2023.0,18.0,ＲＣ,２種住居,改装済み,5300.0
2009,甲子園,14.0,4.0,３ＬＤＫ,85.0,2022.0,17.0,ＲＣ,２種住居,未改装,3900.0
2010,甲子園,13.0,4.0,３ＬＤＫ,100.0,2022.0,17.0,ＲＣ,２種住居,未改装,4000.0
2012,甲子園,15.0,4.0,３ＬＤＫ,70.0,2022.0,6.0,ＲＣ,１中住専,未改装,4000.0
2013,甲子園,14.0,4.0,３ＬＤＫ,95.0,2022.0,17.0,ＲＣ,２種住居,未改装,4100.0
2017,甲子園,11.0,4.0,３ＬＤＫ,70.0,2020.0,18.0,ＲＣ,２中住専,未改装,3400.0
2018,甲子園,13.0,2.0,１ＬＤＫ,60.0,2020.0,15.0,ＲＣ,１中住専,未改装,2500.0
2021,甲子園,11.0,3.0,２ＬＤＫ,80.0,2020.0,15.0,ＲＣ,２種住居,未改装,3900.0
2022,苦楽園口,3.0,4.0,３ＬＤＫ,80.0,2025.0,17.0,ＲＣ,１中住専,未改装,6300.0
2023,苦楽園口,3.0,3.0,２ＬＤＫ,70.0,2021.0,13.0,ＲＣ,１中住専,未改装,5400.0
2024,苦楽園口,3.0,4.0,３ＬＤＫ,100.0,2020.0,12.0,ＲＣ,１中住専,未改装,5300.0
2026,苦楽園口,3.0,4.0,３ＬＤＫ,100.0,2020.0,12.0,ＲＣ,１中住専,未改装,8300.0
2027,西宮北口,6.0,4.0,３ＬＤＫ,65.0,2025.0,27.0,ＳＲＣ,１中住専,未改装,4800.0
2028,西宮北口,6.0,3.0,２ＬＤＫ,50.0,2024.0,26.0,ＳＲＣ,１中住専,改装済み,3900.0
2029,西宮北口,5.0,2.0,１ＤＫ,50.0,2024.0,23.0,ＲＣ,１種住居,未改装,3600.0
2030,西宮北口,6.0,2.0,１ＤＫ,35.0,2024.0,26.0,ＳＲＣ,１中住専,未改装,2100.0
2031,西宮北口,5.0,2.0,１ＬＤＫ,50.0,2024.0,23.0,ＲＣ,１種住居,未改装,3600.0
2033,西宮北口,5.0,3.0,２ＬＤＫ,55.0,2023.0,22.0,ＲＣ,１種住居,未改装,3300.0
2034,西宮北口,5.0,2.0,１ＬＤＫ,50.0,2023.0,22.0,ＲＣ,１種住居,改装済み,3100.0
2035,西宮北口,4.0,4.0,３ＬＤＫ,70.0,2023.0,25.0,ＲＣ,１種住居,未改装,3700.0
2036,西宮北口,6.0,4.0,３ＬＤＫ,75.0,2023.0,9.0,ＲＣ,１種住居,未改装,5500.0
2038,西宮北口,5.0,2.0,１ＬＤＫ,55.0,2022.0,24.0,ＲＣ,１種住居,未改装,3000.0
2039,西宮北口,6.0,3.0,２ＬＤＫ,70.0,2022.0,13.0,ＲＣ,１中住専,改装済み,5000.0
2041,西宮北口,5.0,2.0,１ＬＤＫ,50.0,2021.0,20.0,ＲＣ,１種住居,未改装,2700.0
2042,西宮北口,6.0,3.0,２ＬＤＫ,65.0,2021.0,7.0,ＲＣ,１種住居,未改装,5000.0
2043,西宮北口,6.0,4.0,３ＬＤＫ,70.0,2021.0,23.0,ＲＣ,１中住専,改装済み,2900.0
2045,西宮北口,6.0,3.0,２ＤＫ,50.0,2021.0,23.0,ＳＲＣ,１中住専,未改装,2800.0
2046,西宮北口,6.0,3.0,２ＬＤＫ,65.0,2021.0,7.0,ＲＣ,１種住居,未改装,4000.0
2047,西宮北口,6.0,4.0,３ＬＤＫ,65.0,2021.0,23.0,ＳＲＣ,１中住専,改装済み,4000.0
2048,西宮北口,6.0,3.0,２ＤＫ,50.0,2021.0,23.0,ＳＲＣ,１中住専,未改装,2000.0
2051,西宮北口,9.0,3.0,２ＬＤＫ,60.0,2020.0,19.0,ＲＣ,１種住居,改装済み,2800.0
2052,西宮北口,5.0,4.0,３ＬＤＫ,90.0,2020.0,11.0,ＲＣ,１中住専,未改装,5800.0
2053,香櫨園,4.0,5.0,４ＬＤＫ,70.0,2022.0,25.0,ＲＣ,１種住居,未改装,4000.0
2054,香櫨園,4.0,4.0,３ＬＤＫ,70.0,2020.0,23.0,ＲＣ,１種住居,未改装,3700.0
2055,香櫨園,10.0,4.0,３ＬＤＫ,65.0,2024.0,39.0,ＲＣ,１種住居,未改装,900.0
2056,香櫨園,9.0,4.0,３ＬＤＫ,65.0,2023.0,22.0,ＲＣ,１種住居,未改装,3500.0
2057,香櫨園,10.0,4.0,３ＬＤＫ,65.0,2021.0,36.0,ＲＣ,１種住居,未改装,1100.0
2058,西宮(ＪＲ),18.0,4.0,３ＬＤＫ,85.0,2023.0,10.0,ＲＣ,１種住居,未改装,5200.0
2059,西宮(ＪＲ),13.0,4.0,３ＬＤＫ,75.0,2022.0,9.0,ＲＣ,準工業,未改装,4500.0
2060,西宮(ＪＲ),12.0,4.0,３ＬＤＫ,65.0,2021.0,8.0,ＲＣ,１種住居,未改装,3900.0
2061,門戸厄神,10.0,4.0,３ＬＤＫ,60.0,2024.0,29.0,ＲＣ,１中住専,改装済み,4100.0
2062,門戸厄神,13.0,4.0,３ＬＤＫ,65.0,2024.0,4.0,ＲＣ,１中住専,未改装,5000.0
2063,門戸厄神,11.0,4.0,３ＬＤＫ,70.0,2022.0,27.0,ＲＣ,１中住専,未改装,4000.0
2064,門戸厄神,10.0,4.0,３ＬＤＫ,70.0,2022.0,27.0,ＲＣ,１中住専,未改装,3300.0
2065,門戸厄神,11.0,4.0,３ＬＤＫ,70.0,2020.0,6.0,ＲＣ,１中住専,未改装,4000.0
2067,門戸厄神,6.0,4.0,３ＬＤＫ,70.0,2024.0,27.0,ＲＣ,１中住専,改装済み,4000.0
2069,門戸厄神,6.0,4.0,３ＬＤＫ,75.0,2023.0,23.0,ＲＣ,１中住専,改装済み,4000.0
2070,門戸厄神,6.0,4.0,３ＬＤＫ,75.0,2022.0,25.0,ＲＣ,１中住専,改装済み,4500.0
2071,門戸厄神,11.0,4.0,３ＬＤＫ,95.0,2022.0,24.0,ＲＣ,１低住専,改装済み,3900.0
2072,門戸厄神,6.0,4.0,３ＬＤＫ,70.0,2021.0,21.0,ＲＣ,１中住専,未改装,3200.0
2075,門戸厄神,9.0,4.0,３ＬＤＫ,75.0,2020.0,16.0,ＲＣ,１中住専,未改装,3800.0
2076,門戸厄神,3.0,4.0,３ＬＤＫ,60.0,2024.0,27.0,ＳＲＣ,１中住専,未改装,3500.0
2077,門戸厄神,4.0,4.0,３ＬＤＫ,60.0,2024.0,27.0,ＳＲＣ,１中住専,未改装,2800.0
2078,門戸厄神,5.0,4.0,３ＬＤＫ,65.0,2024.0,27.0,ＳＲＣ,１中住専,未改装,3600.0
2079,門戸厄神,3.0,4.0,３ＬＤＫ,65.0,2024.0,27.0,ＳＲＣ,１中住専,未改装,3700.0
2080,門戸厄神,6.0,4.0,３ＬＤＫ,65.0,2022.0,25.0,ＳＲＣ,１中住専,未改装,3100.0
2081,門戸厄神,3.0,4.0,３ＬＤＫ,60.0,2021.0,24.0,ＳＲＣ,１中住専,未改装,3000.0
2082,門戸厄神,3.0,4.0,３ＬＤＫ,65.0,2021.0,24.0,ＳＲＣ,１中住専,改装済み,3500.0
2084,門戸厄神,3.0,4.0,３ＬＤＫ,60.0,2020.0,23.0,ＳＲＣ,１中住専,未改装,3200.0
2085,門戸厄神,3.0,4.0,３ＬＤＫ,65.0,2020.0,23.0,ＳＲＣ,１中住専,改装済み,3400.0
2086,甲東園,14.0,4.0,３ＬＤＫ,70.0,2024.0,25.0,ＲＣ,１中住専,未改装,2100.0
2087,甲東園,13.0,4.0,３ＬＤＫ,75.0,2021.0,22.0,ＲＣ,１中住専,未改装,3000.0
2088,門戸厄神,4.0,4.0,３ＬＤＫ,55.0,2021.0,22.0,ＲＣ,１中住専,改装済み,3300.0
2089,門戸厄神,4.0,3.0,２ＬＤＫ,55.0,2020.0,21.0,ＲＣ,１中住専,未改装,2700.0
2090,門戸厄神,4.0,4.0,３ＬＤＫ,70.0,2020.0,21.0,ＲＣ,１中住専,改装済み,3200.0
2091,西宮北口,15.0,5.0,４ＬＤＫ,85.0,2023.0,7.0,ＲＣ,１中住専,未改装,6500.0
2092,西宮北口,14.0,5.0,４ＬＤＫ,75.0,2022.0,22.0,ＲＣ,１中住専,未改装,5500.0
2093,門戸厄神,11.0,2.0,１ＬＤＫ,35.0,2024.0,4.0,ＲＣ,１中住専,未改装,3000.0
2094,門戸厄神,9.0,4.0,３ＬＤＫ,75.0,2024.0,7.0,ＲＣ,２中住専,未改装,5800.0
2095,門戸厄神,11.0,5.0,３ＬＤＫ＋Ｓ,80.0,2023.0,21.0,ＲＣ,１中住専,未改装,4700.0
2096,門戸厄神,10.0,2.0,１ＤＫ,35.0,2023.0,3.0,ＲＣ,１中住専,未改装,2800.0
2097,門戸厄神,11.0,5.0,４ＬＤＫ,90.0,2023.0,3.0,ＲＣ,１中住専,未改装,6600.0
2098,門戸厄神,10.0,4.0,３ＬＤＫ,75.0,2023.0,6.0,ＲＣ,２中住専,未改装,5600.0
2099,門戸厄神,9.0,4.0,３ＬＤＫ,70.0,2022.0,18.0,ＲＣ,２中住専,改装済み,4900.0
2100,門戸厄神,9.0,4.0,３ＬＤＫ,70.0,2022.0,18.0,ＲＣ,２中住専,改装済み,3900.0
2102,門戸厄神,11.0,4.0,３ＬＤＫ,70.0,2021.0,1.0,ＲＣ,１中住専,未改装,5000.0
2103,門戸厄神,11.0,2.0,１ＬＤＫ,35.0,2021.0,1.0,ＲＣ,１中住専,未改装,3100.0
2104,門戸厄神,11.0,4.0,３ＬＤＫ,70.0,2021.0,1.0,ＲＣ,１中住専,未改装,4600.0
2106,門戸厄神,8.0,3.0,２ＬＤＫ,70.0,2020.0,16.0,ＲＣ,１中住専,改装済み,3800.0
2107,門戸厄神,9.0,3.0,２ＬＤＫ,65.0,2020.0,16.0,ＲＣ,２中住専,未改装,4000.0
2108,香櫨園,6.0,4.0,３ＬＤＫ,55.0,2023.0,23.0,ＲＣ,近隣商業,未改装,3200.0
2109,香櫨園,7.0,4.0,３ＬＤＫ,55.0,2023.0,23.0,ＲＣ,近隣商業,改装済み,3300.0
2111,さくら夙川,8.0,4.0,３ＬＤＫ,75.0,2023.0,24.0,ＲＣ,近隣商業,未改装,3900.0
2112,さくら夙川,2.0,5.0,４ＬＤＫ,85.0,2022.0,25.0,ＲＣ,１中住専,未改装,4200.0
2115,さくら夙川,4.0,3.0,２ＬＤＫ,70.0,2021.0,1.0,ＲＣ,１中住専,改装済み,7000.0
2116,さくら夙川,4.0,3.0,２ＬＤＫ,70.0,2021.0,1.0,ＲＣ,１中住専,未改装,6500.0
2117,さくら夙川,3.0,4.0,３ＬＤＫ,90.0,2020.0,0.0,ＲＣ,１中住専,未改装,9100.0
2118,さくら夙川,3.0,4.0,３ＬＤＫ,90.0,2020.0,0.0,ＲＣ,１中住専,未改装,10000.0
2120,西宮北口,19.0,4.0,３ＬＤＫ,70.0,2025.0,27.0,ＲＣ,１種住居,改装済み,3800.0
2121,西宮北口,21.0,4.0,３ＬＤＫ,70.0,2024.0,26.0,ＲＣ,１種住居,未改装,3200.0
2122,西宮北口,20.0,4.0,３ＬＤＫ,65.0,2023.0,25.0,ＲＣ,１種住居,改装済み,3400.0
2123,有馬温泉,26.0,4.0,３ＬＤＫ,60.0,2023.0,24.0,ＲＣ,１中住専,未改装,550.0
2126,香櫨園,8.0,5.0,４ＬＤＫ,150.0,2023.0,32.0,ＲＣ,１種住居,未改装,4900.0
2127,香櫨園,8.0,4.0,３ＬＤＫ,85.0,2023.0,17.0,ＲＣ,１種住居,改装済み,4900.0
2128,香櫨園,8.0,3.0,２ＬＤＫ,65.0,2022.0,31.0,ＲＣ,１種住居,未改装,2100.0
2129,香櫨園,8.0,4.0,３ＬＤＫ,110.0,2022.0,31.0,ＲＣ,１種住居,未改装,3600.0
2130,香櫨園,8.0,5.0,４ＬＤＫ,145.0,2022.0,31.0,ＲＣ,１種住居,未改装,3600.0
2131,香櫨園,8.0,3.0,２ＬＤＫ,85.0,2021.0,30.0,ＲＣ,１種住居,未改装,2300.0
2132,香櫨園,8.0,3.0,２ＬＤＫ,85.0,2020.0,29.0,ＲＣ,１種住居,改装済み,3200.0
2134,さくら夙川,13.0,4.0,３ＬＤＫ,65.0,2022.0,20.0,ＲＣ,近隣商業,未改装,3300.0
2136,西宮(阪神),10.0,4.0,３ＬＤＫ,65.0,2024.0,17.0,ＲＣ,近隣商業,改装済み,3600.0
2137,西宮(阪神),10.0,4.0,３ＬＤＫ,65.0,2024.0,17.0,ＲＣ,近隣商業,未改装,3300.0
2140,西宮(阪神),5.0,2.0,１ＤＫ,30.0,2024.0,15.0,ＲＣ,近隣商業,未改装,1800.0
2141,西宮(阪神),5.0,2.0,１Ｋ,25.0,2024.0,15.0,ＲＣ,近隣商業,未改装,1400.0
2144,西宮北口,8.0,5.0,４ＬＤＫ,120.0,2025.0,43.0,ＲＣ,２種住居,未改装,4800.0
2145,西宮北口,5.0,4.0,３ＬＤＫ,80.0,2024.0,24.0,ＳＲＣ,２種住居,未改装,4300.0
2146,西宮北口,5.0,4.0,３ＬＤＫ,80.0,2024.0,19.0,ＲＣ,２種住居,改装済み,9000.0
2147,西宮北口,8.0,3.0,２ＤＫ,90.0,2024.0,7.0,ＲＣ,２種住居,未改装,7700.0
2148,西宮北口,4.0,3.0,２ＬＤＫ,75.0,2023.0,23.0,ＳＲＣ,２種住居,未改装,4400.0
2149,西宮北口,8.0,4.0,３ＬＤＫ,75.0,2023.0,41.0,ＲＣ,２種住居,改装済み,4000.0
2150,西宮北口,3.0,4.0,３ＬＤＫ,80.0,2023.0,23.0,ＳＲＣ,２種住居,未改装,4400.0
2151,西宮北口,8.0,4.0,３ＬＤＫ,75.0,2023.0,41.0,ＲＣ,２種住居,改装済み,3400.0
2152,西宮北口,4.0,4.0,３ＬＤＫ,80.0,2023.0,23.0,ＳＲＣ,２種住居,未改装,5300.0
2153,西宮北口,8.0,4.0,３ＬＤＫ,80.0,2023.0,41.0,ＲＣ,２種住居,未改装,3500.0
2154,西宮北口,8.0,4.0,３ＬＤＫ,95.0,2023.0,6.0,ＲＣ,２種住居,未改装,7400.0
2155,西宮北口,8.0,4.0,３ＬＤＫ,75.0,2023.0,4.0,ＲＣ,２種住居,未改装,6800.0
2156,西宮北口,4.0,4.0,３ＬＤＫ,80.0,2023.0,23.0,ＳＲＣ,２種住居,未改装,5500.0
2157,西宮北口,8.0,3.0,２ＬＤＫ,75.0,2022.0,5.0,ＲＣ,２種住居,未改装,6000.0
2158,西宮北口,8.0,4.0,３ＬＤＫ,75.0,2022.0,3.0,ＲＣ,２種住居,未改装,6400.0
2159,西宮北口,6.0,3.0,２ＬＤＫ,95.0,2022.0,22.0,ＳＲＣ,２種住居,改装済み,9500.0
2161,西宮北口,6.0,4.0,３ＬＤＫ,80.0,2022.0,22.0,ＳＲＣ,２種住居,未改装,4700.0
2163,西宮北口,7.0,4.0,２ＬＤＫ＋Ｓ,80.0,2022.0,40.0,ＲＣ,２種住居,改装済み,4000.0
2164,西宮北口,5.0,4.0,３ＬＤＫ,80.0,2022.0,22.0,ＳＲＣ,２低住専,未改装,4800.0
2165,西宮北口,3.0,4.0,３ＬＤＫ,80.0,2022.0,22.0,ＳＲＣ,２種住居,未改装,4800.0
2166,西宮北口,5.0,4.0,３ＬＤＫ,65.0,2022.0,17.0,ＲＣ,２種住居,改装済み,5400.0
2167,西宮北口,4.0,4.0,３ＬＤＫ,80.0,2022.0,22.0,ＳＲＣ,２種住居,未改装,4400.0
2169,西宮北口,7.0,5.0,４ＬＤＫ,100.0,2021.0,39.0,ＲＣ,１種住居,未改装,3700.0
2170,西宮北口,5.0,2.0,１ＬＤＫ,60.0,2021.0,21.0,ＳＲＣ,２種住居,改装済み,4000.0
2171,西宮北口,9.0,5.0,４ＬＤＫ,100.0,2021.0,39.0,ＲＣ,２種住居,未改装,3800.0
2172,西宮北口,8.0,6.0,５ＬＤＫ,120.0,2021.0,39.0,ＲＣ,２種住居,未改装,3900.0
2173,西宮北口,5.0,3.0,２ＤＫ,75.0,2021.0,21.0,ＳＲＣ,２種住居,未改装,4100.0
2174,西宮北口,6.0,4.0,３ＬＤＫ,65.0,2021.0,10.0,ＲＣ,２種住居,未改装,4500.0
2176,西宮北口,5.0,3.0,２ＬＤＫ,65.0,2020.0,15.0,ＲＣ,２種住居,未改装,4400.0
2177,西宮北口,8.0,4.0,３ＬＤＫ,105.0,2020.0,3.0,ＲＣ,２種住居,改装済み,8700.0
2182,西宮北口,3.0,2.0,１ＤＫ,60.0,2020.0,20.0,ＳＲＣ,２種住居,改装済み,3700.0
2183,西宮北口,5.0,4.0,３ＬＤＫ,70.0,2020.0,15.0,ＲＣ,２種住居,未改装,4800.0
2184,西宮北口,3.0,4.0,３ＬＤＫ,80.0,2020.0,20.0,ＳＲＣ,２種住居,改装済み,5300.0
2185,西宮北口,8.0,3.0,２ＬＤＫ,95.0,2020.0,38.0,ＲＣ,２種住居,未改装,2500.0
2186,西宮北口,7.0,4.0,３ＬＤＫ,80.0,2020.0,38.0,ＲＣ,２種住居,未改装,2200.0
2187,西宮北口,6.0,4.0,３ＬＤＫ,85.0,2020.0,9.0,ＲＣ,２種住居,未改装,3400.0
2190,西宮(ＪＲ),7.0,5.0,４ＬＤＫ,105.0,2024.0,26.0,ＳＲＣ,近隣商業,改装済み,6000.0
2191,西宮(ＪＲ),7.0,4.0,３ＬＤＫ,85.0,2023.0,25.0,ＳＲＣ,近隣商業,未改装,5000.0
2193,西宮(阪神),8.0,4.0,３ＬＤＫ,80.0,2022.0,24.0,ＳＲＣ,近隣商業,改装済み,5200.0
2195,西宮(阪神),7.0,4.0,３ＬＤＫ,80.0,2021.0,23.0,ＳＲＣ,近隣商業,改装済み,4000.0
2196,甲陽園,16.0,4.0,３ＬＤＫ,60.0,2020.0,44.0,ＲＣ,１中住専,改装済み,950.0
2197,甲陽園,13.0,4.0,３ＬＤＫ,60.0,2020.0,44.0,ＲＣ,１中住専,改装済み,1000.0
2198,甲子園口,16.0,4.0,３ＬＤＫ,75.0,2023.0,23.0,ＲＣ,１種住居,未改装,3400.0
2199,甲子園口,15.0,4.0,３ＬＤＫ,65.0,2023.0,23.0,ＲＣ,１種住居,改装済み,3000.0
2201,甲子園口,16.0,4.0,３ＬＤＫ,75.0,2022.0,6.0,ＲＣ,１中住専,未改装,4700.0
2202,甲子園口,18.0,4.0,３ＬＤＫ,85.0,2020.0,4.0,ＲＣ,１中住専,未改装,5200.0
2203,甲子園口,15.0,5.0,４ＬＤＫ,90.0,2020.0,22.0,ＲＣ,１中住専,改装済み,4900.0
2205,鳴尾・武庫川女子大前,13.0,4.0,３ＬＤＫ,75.0,2022.0,20.0,ＲＣ,１中住専,改装済み,4400.0
2206,鳴尾・武庫川女子大前,14.0,4.0,３ＬＤＫ,75.0,2020.0,26.0,ＲＣ,１中住専,未改装,2900.0
2207,鳴尾・武庫川女子大前,13.0,4.0,３ＬＤＫ,75.0,2020.0,4.0,ＲＣ,１中住専,改装済み,4800.0
2208,夙川,7.0,3.0,２ＬＤＫ,75.0,2025.0,26.0,ＲＣ,１中住専,未改装,3800.0
2209,夙川,8.0,4.0,３ＬＤＫ,80.0,2023.0,26.0,ＲＣ,１中住専,未改装,5400.0
2210,夙川,6.0,5.0,４ＬＤＫ,90.0,2021.0,17.0,ＲＣ,１中住専,未改装,4300.0
2211,夙川,8.0,3.0,２ＬＤＫ,105.0,2021.0,24.0,ＲＣ,１中住専,改装済み,5400.0
2212,夙川,7.0,5.0,４ＬＤＫ,90.0,2020.0,21.0,ＲＣ,１中住専,未改装,4600.0
2213,夙川,6.0,4.0,３ＬＤＫ,75.0,2020.0,21.0,ＲＣ,１中住専,未改装,3300.0
2214,夙川,8.0,4.0,３ＬＤＫ,75.0,2020.0,23.0,ＲＣ,１中住専,未改装,4200.0
2215,門戸厄神,11.0,4.0,３ＬＤＫ,70.0,2025.0,5.0,ＳＲＣ,１中住専,未改装,5300.0
2216,門戸厄神,12.0,4.0,３ＬＤＫ,65.0,2023.0,5.0,ＲＣ,１中住専,未改装,4100.0
2217,門戸厄神,11.0,4.0,３ＬＤＫ,70.0,2022.0,22.0,ＲＣ,１中住専,未改装,2900.0
2218,門戸厄神,9.0,4.0,３ＬＤＫ,70.0,2022.0,4.0,ＲＣ,１中住専,未改装,4300.0
2220,門戸厄神,9.0,5.0,４ＬＤＫ,80.0,2021.0,3.0,ＲＣ,１中住専,未改装,4900.0
2221,門戸厄神,11.0,4.0,３ＬＤＫ,90.0,2020.0,20.0,ＲＣ,１中住専,改装済み,4400.0
2222,西宮(阪神),5.0,4.0,３ＬＤＫ,70.0,2024.0,24.0,ＲＣ,商業,未改装,4300.0
2224,西宮(阪神),3.0,2.0,１Ｋ,20.0,2023.0,18.0,ＲＣ,商業,未改装,1200.0
2225,西宮(阪神),3.0,3.0,２ＬＤＫ,60.0,2023.0,15.0,ＲＣ,商業,改装済み,4900.0
2226,西宮(阪神),3.0,2.0,１Ｋ,20.0,2023.0,18.0,ＲＣ,商業,未改装,1400.0
2227,西宮(阪神),3.0,3.0,２ＬＤＫ,60.0,2023.0,15.0,ＲＣ,商業,未改装,4100.0
2229,西宮(阪神),5.0,4.0,３ＬＤＫ,60.0,2022.0,22.0,ＲＣ,商業,改装済み,3300.0
2230,西宮(阪神),3.0,2.0,１Ｋ,15.0,2022.0,26.0,ＳＲＣ,商業,未改装,580.0
2234,西宮(阪神),3.0,4.0,３ＬＤＫ,85.0,2020.0,12.0,ＲＣ,商業,未改装,3000.0
2235,夙川,3.0,5.0,４ＬＤＫ,85.0,2019.0,21.0,ＲＣ,２中住専,未改装,6700.0
2236,西宮(ＪＲ),10.0,3.0,２ＬＤＫ,55.0,2019.0,3.0,ＲＣ,１種住居,未改装,3400.0
2237,西宮北口,14.0,3.0,２ＬＤＫ,65.0,2019.0,3.0,ＲＣ,１種住居,未改装,3900.0
2241,西宮北口,6.0,4.0,３ＬＤＫ,65.0,2019.0,7.0,ＲＣ,近隣商業,未改装,4300.0
2243,西宮北口,8.0,4.0,３ＬＤＫ,70.0,2019.0,7.0,ＲＣ,２種住居,未改装,4000.0
2244,門戸厄神,13.0,4.0,３ＬＤＫ,70.0,2019.0,18.0,ＲＣ,１中住専,未改装,3200.0
2247,西宮(ＪＲ),3.0,3.0,２ＬＤＫ,70.0,2019.0,26.0,ＳＲＣ,近隣商業,改装済み,4000.0
2248,西宮(ＪＲ),3.0,2.0,１Ｋ,15.0,2019.0,35.0,ＲＣ,近隣商業,未改装,530.0
2249,西宮(ＪＲ),4.0,3.0,２ＬＤＫ,60.0,2019.0,43.0,ＳＲＣ,近隣商業,未改装,1400.0
2250,西宮(ＪＲ),3.0,2.0,１Ｋ,20.0,2019.0,35.0,ＲＣ,近隣商業,未改装,400.0
2251,香櫨園,16.0,4.0,３ＬＤＫ,65.0,2019.0,14.0,ＲＣ,準工業,未改装,2700.0
2252,香櫨園,15.0,5.0,４ＬＤＫ,90.0,2019.0,17.0,ＲＣ,準工業,改装済み,3800.0
2253,香櫨園,13.0,5.0,４ＬＤＫ,130.0,2019.0,27.0,ＲＣ,１種住居,未改装,2100.0
2254,香櫨園,14.0,4.0,３ＬＤＫ,60.0,2019.0,47.0,ＲＣ,１種住居,改装済み,1500.0
2257,香櫨園,14.0,4.0,３ＬＤＫ,60.0,2019.0,41.0,ＳＲＣ,準工業,改装済み,2000.0
2259,甲陽園,24.0,4.0,３ＬＤＫ,70.0,2019.0,39.0,ＲＣ,１中住専,改装済み,1600.0
2260,甲陽園,24.0,4.0,３ＬＤＫ,65.0,2019.0,39.0,ＲＣ,１中住専,改装済み,1300.0
2261,甲陽園,24.0,4.0,３ＬＤＫ,70.0,2019.0,39.0,ＲＣ,１中住専,改装済み,1400.0
2262,甲陽園,23.0,4.0,３ＬＤＫ,95.0,2019.0,16.0,ＲＣ,１中住専,未改装,3900.0
2263,西宮北口,30.0,5.0,４ＬＤＫ,95.0,2019.0,16.0,ＲＣ,１中住専,未改装,3300.0
2264,門戸厄神,30.0,4.0,３ＬＤＫ,65.0,2019.0,39.0,ＲＣ,１中住専,未改装,1300.0
2265,甲東園,20.0,4.0,３ＬＤＫ,70.0,2019.0,42.0,ＲＣ,１中住専,未改装,850.0
2266,甲東園,19.0,4.0,３ＬＤＫ,70.0,2019.0,11.0,ＲＣ,１中住専,未改装,1700.0
2267,甲東園,19.0,4.0,３ＬＤＫ,60.0,2019.0,32.0,ＲＣ,１中住専,未改装,1200.0
2268,久寿川,11.0,4.0,３ＬＤＫ,60.0,2019.0,22.0,ＳＲＣ,１種住居,未改装,1900.0
2269,久寿川,13.0,4.0,３ＬＤＫ,65.0,2019.0,21.0,ＳＲＣ,１種住居,改装済み,2300.0
2270,久寿川,2.0,2.0,１Ｋ,15.0,2019.0,30.0,ＲＣ,近隣商業,未改装,390.0
2275,甲陽園,15.0,4.0,３ＬＤＫ,75.0,2019.0,25.0,ＲＣ,１中住専,未改装,1800.0
2276,甲陽園,16.0,4.0,３ＬＤＫ,85.0,2019.0,25.0,ＲＣ,１中住専,改装済み,2300.0
2278,甲陽園,15.0,4.0,３ＬＤＫ,70.0,2019.0,41.0,ＳＲＣ,１中住専,改装済み,1400.0
2279,甲陽園,15.0,5.0,４ＬＤＫ,85.0,2019.0,34.0,ＲＣ,１中住専,未改装,1200.0
2282,洲先,4.0,5.0,４ＬＤＫ,90.0,2019.0,2.0,ＲＣ,１種住居,未改装,4600.0
2285,洲先,5.0,5.0,４ＬＤＫ,85.0,2019.0,2.0,ＲＣ,１種住居,未改装,4300.0
2288,武庫川団地前,2.0,4.0,３ＬＤＫ,80.0,2019.0,38.0,ＳＲＣ,準工業,未改装,1300.0
2289,洲先,9.0,4.0,３ＬＤＫ,70.0,2019.0,33.0,ＲＣ,１種住居,未改装,1800.0
2291,武庫川団地前,3.0,4.0,３ＬＤＫ,70.0,2019.0,44.0,ＲＣ,１種住居,未改装,650.0
2292,武庫川団地前,5.0,4.0,３ＬＤＫ,70.0,2019.0,44.0,ＲＣ,１種住居,改装済み,950.0
2294,苦楽園口,18.0,4.0,３ＬＤＫ,80.0,2019.0,15.0,ＲＣ,１中住専,改装済み,3700.0
2295,苦楽園口,16.0,4.0,３ＬＤＫ,75.0,2019.0,9.0,ＲＣ,１中住専,未改装,4200.0
2296,苦楽園口,16.0,4.0,３ＬＤＫ,60.0,2019.0,44.0,鉄骨造,１低住専,改装済み,990.0
2297,苦楽園口,18.0,5.0,４ＬＤＫ,120.0,2019.0,45.0,ＲＣ,１中住専,改装済み,1500.0
2298,夙川,13.0,4.0,３ＬＤＫ,70.0,2019.0,45.0,ＲＣ,１中住専,未改装,750.0
2300,夙川,14.0,5.0,３ＬＤＫ＋Ｓ,90.0,2019.0,45.0,ＲＣ,１中住専,改装済み,2300.0
2302,西宮北口,9.0,4.0,３ＬＤＫ,80.0,2019.0,8.0,ＲＣ,１中住専,未改装,4800.0
2303,西宮北口,10.0,2.0,１ＤＫ,35.0,2019.0,21.0,ＳＲＣ,１中住専,改装済み,1500.0
2306,香櫨園,11.0,3.0,２ＬＤＫ,75.0,2019.0,8.0,ＲＣ,１種住居,未改装,4100.0
2307,香櫨園,11.0,4.0,３ＬＤＫ,70.0,2019.0,13.0,ＲＣ,１種住居,未改装,3300.0
2308,香櫨園,14.0,4.0,３ＬＤＫ,70.0,2019.0,19.0,ＲＣ,１種住居,改装済み,2500.0
2309,西宮北口,15.0,4.0,３ＬＤＫ,75.0,2019.0,24.0,ＲＣ,１中住専,未改装,2900.0
2312,さくら夙川,6.0,4.0,３ＬＤＫ,65.0,2019.0,23.0,ＲＣ,１中住専,未改装,2900.0
2313,さくら夙川,7.0,2.0,１Ｋ,20.0,2019.0,25.0,ＲＣ,１中住専,未改装,470.0
2314,鳴尾・武庫川女子大前,8.0,4.0,３ＬＤＫ,70.0,2019.0,22.0,ＲＣ,１中住専,未改装,2900.0
2316,さくら夙川,4.0,3.0,２ＬＤＫ,70.0,2019.0,40.0,ＳＲＣ,近隣商業,改装済み,2800.0
2317,さくら夙川,6.0,4.0,３ＬＤＫ,80.0,2019.0,20.0,ＲＣ,１種住居,未改装,4500.0
2318,東鳴尾,5.0,5.0,３ＬＤＫ＋Ｓ,80.0,2019.0,28.0,ＳＲＣ,１種住居,未改装,1300.0
2319,東鳴尾,6.0,4.0,３ＬＤＫ,60.0,2019.0,18.0,ＳＲＣ,近隣商業,改装済み,2600.0
2321,夙川,6.0,3.0,２ＤＫ,55.0,2019.0,20.0,ＲＣ,１中住専,未改装,2800.0
2322,夙川,5.0,5.0,４ＬＤＫ,105.0,2019.0,21.0,ＲＣ,１中住専,未改装,5800.0
2324,苦楽園口,14.0,4.0,３ＬＤＫ,95.0,2019.0,32.0,ＲＣ,１中住専,改装済み,3700.0
2327,西宮北口,24.0,4.0,３ＬＤＫ,90.0,2019.0,33.0,ＲＣ,１中住専,未改装,2500.0
2329,武庫之荘,25.0,4.0,３ＬＤＫ,60.0,2019.0,16.0,ＲＣ,１中住専,未改装,2300.0
2330,久寿川,11.0,5.0,４ＬＤＫ,75.0,2019.0,17.0,ＲＣ,準工業,未改装,3300.0
2331,久寿川,11.0,4.0,３ＬＤＫ,75.0,2019.0,10.0,ＲＣ,準工業,未改装,3600.0
2332,甲子園,11.0,4.0,３ＬＤＫ,70.0,2019.0,9.0,ＲＣ,１中住専,未改装,4400.0
2333,甲子園口,14.0,4.0,３ＬＤＫ,70.0,2019.0,21.0,ＲＣ,２中住専,未改装,2500.0
2335,甲東園,9.0,4.0,３ＬＤＫ,70.0,2019.0,19.0,ＲＣ,２低住専,未改装,2700.0
2336,甲東園,11.0,4.0,３ＬＤＫ,65.0,2019.0,19.0,ＲＣ,１低住専,改装済み,3500.0
2337,甲東園,14.0,4.0,３ＬＤＫ,80.0,2019.0,13.0,ＲＣ,１低住専,改装済み,4100.0
2339,苦楽園口,8.0,4.0,３ＬＤＫ,75.0,2019.0,6.0,ＲＣ,１中住専,未改装,4800.0
2340,苦楽園口,10.0,4.0,３ＬＤＫ,70.0,2019.0,6.0,ＲＣ,１中住専,未改装,3900.0
2341,甲陽園,4.0,5.0,４ＬＤＫ,80.0,2019.0,13.0,ＲＣ,１低住専,改装済み,4500.0
2342,甲陽園,9.0,5.0,４ＬＤＫ,85.0,2019.0,6.0,ＲＣ,１中住専,未改装,4700.0
2344,香櫨園,8.0,4.0,３ＬＤＫ,65.0,2019.0,12.0,ＲＣ,１中住専,未改装,3500.0
2345,香櫨園,8.0,5.0,４ＬＤＫ,95.0,2019.0,12.0,ＲＣ,１中住専,未改装,4800.0
2346,香櫨園,9.0,2.0,１ＤＫ,40.0,2019.0,32.0,ＲＣ,１中住専,未改装,600.0
2347,香櫨園,5.0,2.0,１ＬＤＫ,45.0,2019.0,21.0,ＲＣ,１中住専,未改装,1500.0
2349,西宮北口,16.0,4.0,３ＬＤＫ,70.0,2019.0,7.0,ＲＣ,１中住専,未改装,4300.0
2350,夙川,7.0,3.0,２ＬＤＫ,70.0,2019.0,12.0,ＲＣ,１中住専,未改装,4700.0
2351,西宮(阪神),12.0,4.0,３ＬＤＫ,65.0,2019.0,45.0,ＳＲＣ,準工業,未改装,1100.0
2353,西宮(阪神),14.0,3.0,２ＬＤＫ,70.0,2019.0,45.0,ＳＲＣ,準工業,未改装,800.0
2355,西宮(阪神),15.0,4.0,３ＬＤＫ,80.0,2019.0,45.0,ＳＲＣ,準工業,未改装,1200.0
2356,西宮(阪神),18.0,4.0,３ＬＤＫ,65.0,2019.0,23.0,ＲＣ,準工業,未改装,1300.0
2361,甲子園口,7.0,3.0,２ＬＤＫ,70.0,2019.0,13.0,ＲＣ,１中住専,未改装,3800.0
2362,甲子園口,9.0,4.0,３ＬＤＫ,70.0,2019.0,46.0,ＲＣ,１中住専,改装済み,2600.0
2365,甲子園口,12.0,4.0,３ＬＤＫ,70.0,2019.0,8.0,ＲＣ,１中住専,未改装,4000.0
2367,甲子園口,7.0,4.0,３ＬＤＫ,70.0,2019.0,13.0,ＲＣ,１中住専,未改装,4400.0
2369,甲子園口,8.0,4.0,３ＬＤＫ,70.0,2019.0,12.0,ＲＣ,１中住専,未改装,3800.0
2371,甲子園,7.0,3.0,２ＬＤＫ,65.0,2019.0,22.0,ＲＣ,１中住専,改装済み,3400.0
2374,甲子園,6.0,4.0,３ＬＤＫ,90.0,2019.0,7.0,ＲＣ,２種住居,未改装,2900.0
2376,甲子園,15.0,4.0,３ＬＤＫ,70.0,2019.0,13.0,ＲＣ,２種住居,未改装,2500.0
2377,甲子園,13.0,4.0,３ＬＤＫ,70.0,2019.0,13.0,ＲＣ,２種住居,改装済み,3300.0
2379,甲子園口,9.0,3.0,２ＬＤＫ,70.0,2019.0,47.0,ＲＣ,１中住専,改装済み,1900.0
2380,甲子園口,9.0,4.0,３ＬＤＫ,65.0,2019.0,47.0,ＲＣ,１中住専,未改装,1200.0
2381,甲子園口,1.0,4.0,３ＬＤＫ,70.0,2019.0,19.0,ＲＣ,近隣商業,改装済み,3700.0
2382,甲子園口,9.0,4.0,３ＬＤＫ,65.0,2019.0,22.0,ＲＣ,１中住専,改装済み,2900.0
2384,甲子園口,5.0,4.0,３ＬＤＫ,90.0,2019.0,9.0,ＲＣ,１中住専,未改装,5300.0
2386,甲子園口,5.0,4.0,３ＬＤＫ,75.0,2019.0,7.0,ＲＣ,１中住専,未改装,4400.0
2388,甲子園口,4.0,4.0,３ＬＤＫ,80.0,2019.0,13.0,ＲＣ,１中住専,未改装,4400.0
2390,甲子園口,2.0,4.0,３ＬＤＫ,85.0,2019.0,23.0,ＲＣ,近隣商業,未改装,3800.0
2391,甲子園口,1.0,3.0,２ＬＤＫ,50.0,2019.0,21.0,ＳＲＣ,近隣商業,未改装,2700.0
2393,甲子園,4.0,4.0,３ＬＤＫ,70.0,2019.0,13.0,ＲＣ,近隣商業,改装済み,4000.0
2394,甲子園,8.0,3.0,２ＬＤＫ,60.0,2019.0,8.0,ＲＣ,１中住専,未改装,3500.0
2395,甲子園,9.0,3.0,２ＬＤＫ,60.0,2019.0,8.0,ＲＣ,１中住専,未改装,3900.0
2396,甲子園,9.0,4.0,３ＬＤＫ,70.0,2019.0,46.0,ＲＣ,２種住居,未改装,1400.0
2397,甲子園,9.0,4.0,３ＬＤＫ,75.0,2019.0,16.0,ＲＣ,２中住専,改装済み,4200.0
2398,甲東園,3.0,4.0,３ＬＤＫ,70.0,2019.0,46.0,ＳＲＣ,近隣商業,改装済み,2700.0
2399,西宮北口,1.0,4.0,３ＬＤＫ,75.0,2019.0,22.0,ＲＣ,商業,未改装,4600.0
2400,香櫨園,13.0,4.0,３ＬＤＫ,70.0,2019.0,19.0,ＲＣ,近隣商業,改装済み,2800.0
2401,香櫨園,11.0,4.0,３ＬＤＫ,70.0,2019.0,19.0,ＲＣ,近隣商業,未改装,2200.0
2402,甲陽園,10.0,4.0,３ＬＤＫ,80.0,2019.0,20.0,ＲＣ,１低住専,未改装,2200.0
2404,甲陽園,10.0,4.0,３ＬＤＫ,65.0,2019.0,20.0,ＲＣ,１低住専,改装済み,2400.0
2405,甲陽園,3.0,5.0,４ＬＤＫ,100.0,2019.0,19.0,ＲＣ,２低住専,未改装,5200.0
2406,甲陽園,13.0,4.0,３ＬＤＫ,75.0,2019.0,6.0,ＲＣ,１中住専,未改装,3100.0
2407,甲陽園,14.0,4.0,３ＬＤＫ,75.0,2019.0,6.0,ＲＣ,１中住専,改装済み,2600.0
2409,甲陽園,13.0,5.0,４ＬＤＫ,125.0,2019.0,6.0,ＲＣ,１中住専,未改装,5000.0
2410,甲陽園,13.0,4.0,３ＬＤＫ,105.0,2019.0,6.0,ＲＣ,１中住専,未改装,4400.0
2411,甲陽園,6.0,4.0,３ＬＤＫ,80.0,2019.0,7.0,ＲＣ,１中住専,未改装,3900.0
2414,甲陽園,1.0,3.0,２ＬＤＫ,60.0,2019.0,48.0,ＲＣ,近隣商業,未改装,1100.0
2416,甲陽園,1.0,3.0,２ＬＤＫ,60.0,2019.0,48.0,ＲＣ,近隣商業,改装済み,1600.0
2417,甲陽園,4.0,3.0,２ＬＤＫ,60.0,2019.0,19.0,ＲＣ,１中住専,未改装,2600.0
2418,甲子園口,11.0,4.0,３ＬＤＫ,65.0,2019.0,20.0,ＲＣ,１種住居,改装済み,3500.0
2419,夙川,7.0,4.0,３ＬＤＫ,70.0,2019.0,17.0,ＲＣ,１中住専,未改装,4600.0
2422,武庫川,8.0,3.0,２ＬＤＫ,65.0,2019.0,47.0,ＳＲＣ,１種住居,改装済み,2000.0
2423,苦楽園口,9.0,4.0,３ＬＤＫ,85.0,2019.0,19.0,ＲＣ,１低住専,未改装,4400.0
2428,甲陽園,9.0,4.0,３ＬＤＫ,65.0,2019.0,19.0,ＲＣ,１中住専,未改装,2100.0
2430,夙川,9.0,4.0,３ＬＤＫ,90.0,2019.0,23.0,ＲＣ,１中住専,未改装,4200.0
2431,門戸厄神,2.0,4.0,３ＬＤＫ,70.0,2019.0,5.0,ＲＣ,２中住専,未改装,4600.0
2433,西宮(阪神),10.0,4.0,３ＬＤＫ,70.0,2019.0,21.0,ＲＣ,近隣商業,改装済み,3500.0
2435,西宮(阪神),11.0,4.0,３ＬＤＫ,65.0,2019.0,3.0,ＲＣ,近隣商業,改装済み,2900.0
2436,西宮(阪神),10.0,4.0,３ＬＤＫ,65.0,2019.0,3.0,ＲＣ,近隣商業,改装済み,3000.0
2437,西宮(阪神),11.0,4.0,３ＬＤＫ,65.0,2019.0,20.0,ＲＣ,近隣商業,改装済み,3100.0
2438,西宮(阪神),10.0,4.0,３ＬＤＫ,65.0,2019.0,3.0,ＲＣ,近隣商業,改装済み,3000.0
2439,甲東園,4.0,5.0,４ＬＤＫ,80.0,2019.0,21.0,ＲＣ,１中住専,改装済み,4100.0
2441,苦楽園口,10.0,4.0,３ＬＤＫ,85.0,2019.0,13.0,ＲＣ,１低住専,未改装,5500.0
2442,西宮北口,9.0,3.0,２ＬＤＫ,75.0,2019.0,5.0,ＲＣ,準工業,未改装,4700.0
2444,西宮北口,9.0,4.0,３ＬＤＫ,75.0,2019.0,5.0,ＲＣ,準工業,未改装,4700.0
2446,西宮北口,9.0,4.0,３ＬＤＫ,75.0,2019.0,5.0,ＲＣ,準工業,未改装,4700.0
2447,西宮北口,9.0,3.0,２ＬＤＫ,70.0,2019.0,5.0,ＲＣ,準工業,未改装,4300.0
2451,苦楽園口,14.0,4.0,３ＬＤＫ,65.0,2019.0,8.0,ＲＣ,１中住専,未改装,1900.0
2453,苦楽園口,16.0,4.0,３ＬＤＫ,105.0,2019.0,14.0,ＲＣ,１中住専,未改装,4100.0
2457,甲陽園,23.0,3.0,２ＬＤＫ,50.0,2019.0,30.0,ＲＣ,１中住専,未改装,880.0
2458,門戸厄神,24.0,5.0,４ＬＤＫ,75.0,2019.0,34.0,ＲＣ,１中住専,未改装,900.0
2459,門戸厄神,30.0,4.0,３ＬＤＫ,75.0,2019.0,23.0,ＲＣ,１中住専,改装済み,2700.0
2460,門戸厄神,29.0,4.0,３ＬＤＫ,65.0,2019.0,23.0,ＲＣ,１中住専,未改装,1600.0
2461,武庫川団地前,10.0,4.0,３ＬＤＫ,70.0,2019.0,36.0,ＳＲＣ,１中住専,未改装,1100.0
2462,武庫川団地前,4.0,4.0,３ＬＤＫ,80.0,2019.0,27.0,ＲＣ,１中住専,未改装,2000.0
2463,武庫川団地前,11.0,4.0,３ＬＤＫ,95.0,2019.0,29.0,ＳＲＣ,１中住専,改装済み,2400.0
2465,武庫川団地前,9.0,3.0,２ＬＤＫ,65.0,2019.0,34.0,ＳＲＣ,１中住専,未改装,880.0
2467,武庫川団地前,12.0,4.0,３ＬＤＫ,95.0,2019.0,36.0,ＳＲＣ,１中住専,改装済み,1800.0
2468,武庫川団地前,10.0,3.0,２ＬＤＫ,65.0,2019.0,34.0,ＳＲＣ,１中住専,未改装,1100.0
2469,武庫川団地前,8.0,5.0,４ＬＤＫ,85.0,2019.0,24.0,ＲＣ,１中住専,改装済み,2500.0
2470,武庫川団地前,10.0,4.0,３ＬＤＫ,95.0,2019.0,36.0,ＳＲＣ,１中住専,改装済み,2000.0
2471,武庫川団地前,10.0,4.0,３ＬＤＫ,70.0,2019.0,36.0,ＳＲＣ,１中住専,未改装,1100.0
2472,武庫川団地前,6.0,4.0,３ＬＤＫ,70.0,2019.0,30.0,ＳＲＣ,１中住専,未改装,1500.0
2474,西宮北口,10.0,4.0,３ＬＤＫ,60.0,2019.0,44.0,ＳＲＣ,準工業,未改装,1300.0
2477,西宮北口,11.0,5.0,４ＬＤＫ,65.0,2019.0,44.0,ＳＲＣ,準工業,未改装,1500.0
2478,西宮北口,16.0,3.0,２ＬＤＫ,60.0,2019.0,44.0,ＳＲＣ,準工業,改装済み,2000.0
2480,西宮北口,3.0,3.0,２ＤＫ,75.0,2019.0,11.0,ＲＣ,商業,改装済み,1600.0
2481,西宮北口,4.0,3.0,２ＬＤＫ,65.0,2019.0,6.0,ＲＣ,近隣商業,未改装,5200.0
2482,西宮北口,3.0,3.0,１ＬＤＫ＋Ｓ,75.0,2019.0,11.0,ＲＣ,商業,改装済み,7200.0
2483,西宮北口,10.0,4.0,３ＬＤＫ,65.0,2019.0,20.0,ＳＲＣ,１種住居,改装済み,3400.0
2485,西宮北口,11.0,4.0,３ＬＤＫ,70.0,2019.0,5.0,ＲＣ,準工業,未改装,3900.0
2488,香櫨園,9.0,3.0,２ＬＤＫ,60.0,2019.0,21.0,ＲＣ,１種住居,未改装,2400.0
2489,西宮(阪神),3.0,5.0,４ＬＤＫ,120.0,2019.0,16.0,ＲＣ,商業,未改装,7300.0
2490,西宮(阪神),3.0,4.0,３ＬＤＫ,75.0,2019.0,13.0,ＲＣ,商業,改装済み,5100.0
2491,西宮(阪神),3.0,2.0,１ＬＤＫ,55.0,2019.0,13.0,ＲＣ,商業,改装済み,3900.0
2492,西宮(阪神),2.0,3.0,２ＬＤＫ,80.0,2019.0,16.0,ＳＲＣ,商業,未改装,5000.0
2496,仁川,9.0,5.0,４ＬＤＫ,80.0,2019.0,16.0,ＲＣ,１中住専,未改装,3500.0
2497,さくら夙川,3.0,3.0,２ＬＤＫ,80.0,2019.0,21.0,ＲＣ,１中住専,未改装,4700.0
2498,さくら夙川,4.0,3.0,２ＬＤＫ,80.0,2019.0,32.0,ＲＣ,１中住専,未改装,3700.0
2500,阪神国道,4.0,4.0,３ＬＤＫ,65.0,2019.0,4.0,ＲＣ,１種住居,改装済み,3700.0
2502,西宮(ＪＲ),5.0,4.0,３ＬＤＫ,70.0,2019.0,25.0,ＲＣ,準工業,未改装,3300.0
2507,阪神国道,4.0,4.0,３ＬＤＫ,70.0,2019.0,18.0,ＲＣ,準工業,改装済み,3700.0
2508,阪神国道,2.0,4.0,３ＬＤＫ,70.0,2019.0,11.0,ＲＣ,近隣商業,改装済み,3600.0
2512,今津(阪神),8.0,3.0,２ＤＫ,55.0,2019.0,16.0,ＲＣ,１種住居,未改装,3200.0
2514,西宮(阪神),4.0,2.0,１ＤＫ,25.0,2019.0,30.0,ＲＣ,商業,未改装,670.0
2515,今津(阪神),6.0,3.0,２ＬＤＫ,60.0,2019.0,23.0,ＳＲＣ,１種住居,改装済み,2300.0
2516,今津(阪神),8.0,4.0,３ＬＤＫ,55.0,2019.0,23.0,ＳＲＣ,１種住居,改装済み,2100.0
2517,西宮(ＪＲ),6.0,4.0,３ＬＤＫ,75.0,2019.0,35.0,ＲＣ,１種住居,未改装,1600.0
2518,甲子園口,8.0,4.0,３ＬＤＫ,75.0,2019.0,10.0,ＲＣ,１中住専,未改装,4400.0
2519,さくら夙川,6.0,3.0,２ＬＤＫ,65.0,2019.0,35.0,ＲＣ,１中住専,改装済み,2300.0
2520,さくら夙川,6.0,3.0,２ＬＤＫ,60.0,2019.0,35.0,ＲＣ,１中住専,改装済み,2300.0
2521,西宮(阪神),7.0,4.0,３ＬＤＫ,80.0,2019.0,26.0,ＲＣ,近隣商業,未改装,3500.0
2524,西宮(阪神),3.0,4.0,３ＬＤＫ,75.0,2019.0,13.0,ＲＣ,商業,未改装,3900.0
2526,甲子園,10.0,5.0,４ＬＤＫ,80.0,2019.0,22.0,ＲＣ,１種住居,改装済み,3500.0
2528,甲子園口,11.0,4.0,３ＬＤＫ,55.0,2019.0,22.0,ＲＣ,１種住居,未改装,2300.0
2529,西宮(ＪＲ),8.0,4.0,３ＬＤＫ,65.0,2019.0,15.0,ＲＣ,１種住居,未改装,3300.0
2530,西宮(ＪＲ),13.0,1.0,１Ｒ,15.0,2019.0,33.0,ＲＣ,近隣商業,未改装,390.0
2531,西宮(阪神),12.0,4.0,３ＬＤＫ,70.0,2019.0,21.0,ＳＲＣ,１種住居,改装済み,3000.0
2532,西宮名塩,6.0,4.0,３ＬＤＫ,70.0,2019.0,23.0,ＲＣ,２中住専,未改装,700.0
2534,宝塚,16.0,4.0,３ＬＤＫ,70.0,2019.0,22.0,ＳＲＣ,２中住専,改装済み,2500.0
2535,生瀬,12.0,4.0,３ＬＤＫ,75.0,2019.0,20.0,ＳＲＣ,２中住専,改装済み,2200.0
2536,鳴尾・武庫川女子大前,10.0,4.0,３ＬＤＫ,80.0,2019.0,24.0,ＲＣ,１種住居,改装済み,3300.0
2537,鳴尾・武庫川女子大前,6.0,4.0,３ＬＤＫ,65.0,2019.0,8.0,ＲＣ,１種住居,改装済み,3200.0
2538,鳴尾・武庫川女子大前,10.0,4.0,３ＬＤＫ,75.0,2019.0,24.0,ＲＣ,１種住居,未改装,2500.0
2539,鳴尾・武庫川女子大前,6.0,3.0,２ＬＤＫ,45.0,2019.0,48.0,鉄骨造,１種住居,未改装,1100.0
2542,西宮(阪神),30.0,5.0,４ＬＤＫ,80.0,2019.0,21.0,ＳＲＣ,１中住専,改装済み,2100.0
2543,西宮(阪神),30.0,5.0,４ＬＤＫ,85.0,2019.0,22.0,ＳＲＣ,１中住専,未改装,2000.0
2544,西宮(阪神),30.0,4.0,３ＬＤＫ,75.0,2019.0,21.0,ＲＣ,１中住専,改装済み,2200.0
2545,西宮(阪神),30.0,4.0,３ＬＤＫ,65.0,2019.0,21.0,ＳＲＣ,１中住専,未改装,1600.0
2546,西宮(阪神),30.0,4.0,３ＬＤＫ,75.0,2019.0,21.0,ＳＲＣ,１中住専,未改装,1900.0
2547,西宮(阪神),30.0,5.0,４ＬＤＫ,85.0,2019.0,21.0,ＲＣ,１中住専,未改装,1900.0
2550,西宮(阪神),30.0,4.0,３ＬＤＫ,75.0,2019.0,21.0,ＳＲＣ、ＲＣ,１中住専,未改装,2000.0
2551,西宮(阪神),30.0,4.0,３ＬＤＫ,70.0,2019.0,21.0,ＳＲＣ、ＲＣ,１中住専,改装済み,1400.0
2552,西宮(阪神),30.0,5.0,４ＬＤＫ,85.0,2019.0,20.0,ＲＣ,近隣商業,未改装,2400.0
2555,西宮(阪神),30.0,4.0,３ＬＤＫ,70.0,2019.0,21.0,ＳＲＣ,１中住専,改装済み,1900.0
2557,西宮(阪神),30.0,4.0,３ＬＤＫ,70.0,2019.0,21.0,ＳＲＣ,１中住専,未改装,1500.0
2560,門戸厄神,7.0,4.0,３ＬＤＫ,70.0,2019.0,17.0,ＲＣ,１中住専,未改装,4000.0
2561,門戸厄神,4.0,4.0,３ＬＤＫ,75.0,2019.0,2.0,ＲＣ,１中住専,未改装,5300.0
2562,門戸厄神,6.0,4.0,３ＬＤＫ,70.0,2019.0,17.0,ＲＣ,１中住専,未改装,4200.0
2563,門戸厄神,5.0,5.0,４ＬＤＫ,85.0,2019.0,33.0,ＲＣ,１中住専,未改装,2800.0
2565,西宮(ＪＲ),8.0,4.0,３ＬＤＫ,60.0,2019.0,6.0,ＲＣ,近隣商業,未改装,3800.0
2566,西宮(ＪＲ),8.0,4.0,３ＬＤＫ,65.0,2019.0,6.0,ＲＣ,近隣商業,未改装,4100.0
2567,西宮(ＪＲ),8.0,4.0,３ＬＤＫ,65.0,2019.0,6.0,ＲＣ,近隣商業,改装済み,4000.0
2568,西宮(阪神),8.0,5.0,４ＬＤＫ,75.0,2019.0,15.0,ＲＣ,近隣商業,未改装,3800.0
2569,甲子園,11.0,4.0,３ＬＤＫ,70.0,2019.0,18.0,ＲＣ,１中住専,改装済み,4400.0
2572,香櫨園,11.0,4.0,３ＬＤＫ,70.0,2019.0,21.0,ＳＲＣ,商業,未改装,2600.0
2573,甲子園,16.0,5.0,４ＬＤＫ,85.0,2019.0,17.0,ＳＲＣ,１種住居,未改装,3500.0
2574,甲子園,16.0,4.0,３ＬＤＫ,95.0,2019.0,17.0,ＳＲＣ,１種住居,未改装,3500.0
2575,甲子園,19.0,4.0,３ＬＤＫ,90.0,2019.0,17.0,ＳＲＣ,１種住居,未改装,3600.0
2576,甲子園,21.0,4.0,３ＬＤＫ,70.0,2019.0,19.0,ＲＣ,１種住居,未改装,1600.0
2578,西宮(阪神),11.0,4.0,３ＬＤＫ,65.0,2019.0,18.0,ＲＣ,準工業,未改装,2500.0
2581,洲先,3.0,4.0,３ＬＤＫ,65.0,2019.0,21.0,ＲＣ,１種住居,改装済み,2500.0
2582,洲先,4.0,4.0,３ＬＤＫ,75.0,2019.0,20.0,ＲＣ,１種住居,未改装,2600.0
2583,洲先,3.0,4.0,３ＬＤＫ,80.0,2019.0,20.0,ＲＣ,１種住居,未改装,2400.0
2585,今津(阪神),15.0,5.0,４ＬＤＫ,100.0,2019.0,14.0,ＲＣ,準工業,未改装,3000.0
2588,西宮(阪神),15.0,4.0,３ＬＤＫ,70.0,2019.0,23.0,ＲＣ,準工業,未改装,1500.0
2589,西宮(阪神),15.0,4.0,３ＬＤＫ,65.0,2019.0,15.0,ＲＣ,準工業,未改装,2700.0
2590,西宮名塩,7.0,4.0,３ＬＤＫ,85.0,2019.0,25.0,ＲＣ,１中住専,改装済み,1800.0
2591,西宮名塩,9.0,4.0,３ＬＤＫ,95.0,2019.0,25.0,ＲＣ,１中住専,未改装,1800.0
2594,西宮名塩,8.0,4.0,３ＬＤＫ,75.0,2019.0,17.0,ＲＣ,１中住専,未改装,210.0
2595,西宮名塩,6.0,4.0,３ＬＤＫ,80.0,2019.0,16.0,ＲＣ,１中住専,未改装,1700.0
2596,西宮名塩,13.0,4.0,３ＬＤＫ,85.0,2019.0,26.0,ＲＣ,１中住専,改装済み,1800.0
2598,苦楽園口,14.0,3.0,２ＬＤＫ,60.0,2019.0,47.0,ＲＣ,１中住専,未改装,560.0
2599,苦楽園口,8.0,4.0,３ＬＤＫ,80.0,2019.0,8.0,ＲＣ,１種住居,未改装,5200.0
2601,苦楽園口,15.0,4.0,３ＬＤＫ,85.0,2019.0,37.0,ＲＣ,１中住専,未改装,2400.0
2606,苦楽園口,12.0,5.0,４ＤＫ,85.0,2019.0,19.0,ＲＣ,１中住専,未改装,4500.0
2608,門戸厄神,18.0,4.0,３ＬＤＫ,70.0,2019.0,24.0,ＲＣ,１中住専,未改装,2500.0
2609,西宮(阪神),6.0,4.0,３ＬＤＫ,60.0,2019.0,22.0,ＳＲＣ,近隣商業,未改装,2700.0
2610,西宮北口,19.0,2.0,１Ｋ,15.0,2019.0,33.0,ＲＣ,１中住専,未改装,310.0
2611,西宮北口,18.0,2.0,１Ｋ,15.0,2019.0,33.0,ＲＣ,１中住専,未改装,280.0
2612,西宮北口,8.0,2.0,１Ｋ,15.0,2019.0,31.0,ＲＣ,２種住居,未改装,520.0
2613,西宮北口,9.0,4.0,３ＬＤＫ,75.0,2019.0,38.0,ＲＣ,２種住居,未改装,1000.0
2614,西宮北口,9.0,4.0,３ＬＤＫ,70.0,2019.0,38.0,ＲＣ,２種住居,改装済み,2700.0
2617,阪神国道,5.0,4.0,３ＬＤＫ,65.0,2019.0,9.0,ＲＣ,工業,未改装,3600.0
2618,門戸厄神,8.0,4.0,３ＬＤＫ,70.0,2019.0,16.0,ＲＣ,１中住専,未改装,4400.0
2619,門戸厄神,8.0,5.0,４ＬＤＫ,90.0,2019.0,16.0,ＲＣ,１中住専,未改装,5500.0
2622,香櫨園,11.0,4.0,３ＬＤＫ,70.0,2019.0,18.0,ＲＣ,１種住居,未改装,2500.0
2624,香櫨園,5.0,4.0,３ＬＤＫ,75.0,2019.0,7.0,ＲＣ,近隣商業,未改装,4900.0
2626,夙川,8.0,4.0,３ＬＤＫ,90.0,2019.0,14.0,ＲＣ,１中住専,未改装,4900.0
2627,夙川,7.0,3.0,２ＬＤＫ,75.0,2019.0,7.0,ＲＣ,１中住専,未改装,5800.0
2628,甲子園口,9.0,4.0,３ＬＤＫ,65.0,2019.0,42.0,ＲＣ,１中住専,未改装,1300.0
2629,甲子園口,5.0,4.0,３ＬＤＫ,105.0,2019.0,26.0,ＲＣ,１中住専,未改装,4200.0
2630,西宮(ＪＲ),5.0,4.0,３ＬＤＫ,75.0,2019.0,4.0,ＲＣ,近隣商業,未改装,5500.0
2631,甲子園口,13.0,4.0,３ＬＤＫ,70.0,2019.0,16.0,ＲＣ,１中住専,未改装,3700.0
2633,西宮北口,11.0,5.0,４ＬＤＫ,80.0,2019.0,17.0,ＲＣ,１中住専,改装済み,4800.0
2634,西宮北口,9.0,4.0,３ＬＤＫ,65.0,2019.0,2.0,ＲＣ,１中住専,未改装,4700.0
2635,西宮北口,11.0,4.0,３ＬＤＫ,65.0,2019.0,2.0,ＲＣ,１中住専,未改装,4900.0
2638,甲子園,15.0,5.0,４ＬＤＫ,80.0,2019.0,18.0,ＲＣ,１中住専,改装済み,3400.0
2639,甲子園,14.0,4.0,３ＬＤＫ,85.0,2019.0,14.0,ＲＣ,２種住居,未改装,4000.0
2640,甲子園,13.0,3.0,２ＬＤＫ,80.0,2019.0,14.0,ＲＣ,２種住居,未改装,3800.0
2641,甲子園,13.0,5.0,４ＬＤＫ,95.0,2019.0,14.0,ＲＣ,２低住専,未改装,4600.0
2642,甲子園,14.0,5.0,４ＬＤＫ,80.0,2019.0,14.0,ＲＣ,２種住居,未改装,4400.0
2645,香櫨園,9.0,4.0,３ＬＤＫ,65.0,2019.0,18.0,ＲＣ,１種住居,改装済み,3200.0
2646,西宮(ＪＲ),12.0,3.0,２ＬＤＫ,70.0,2019.0,6.0,ＲＣ,１種住居,未改装,4000.0
2647,門戸厄神,6.0,5.0,４ＬＤＫ,90.0,2019.0,22.0,ＲＣ,１中住専,未改装,4200.0
2649,門戸厄神,7.0,5.0,４ＬＤＫ,80.0,2019.0,17.0,ＲＣ,１中住専,未改装,4200.0
2650,門戸厄神,7.0,4.0,３ＬＤＫ,70.0,2019.0,18.0,ＲＣ,１中住専,未改装,3400.0
2651,門戸厄神,4.0,4.0,２ＬＤＫ＋Ｓ,70.0,2019.0,20.0,ＲＣ,１中住専,改装済み,3900.0
2656,打出,9.0,3.0,１ＬＤＫ＋Ｓ,110.0,2019.0,29.0,ＲＣ,１中住専,改装済み,3900.0
2657,香櫨園,10.0,4.0,３ＬＤＫ,120.0,2019.0,29.0,ＲＣ,１中住専,改装済み,4300.0
2658,西宮北口,8.0,4.0,３ＬＤＫ,80.0,2019.0,0.0,ＲＣ,２種住居,未改装,7000.0
2661,西宮北口,9.0,5.0,４ＬＤＫ,80.0,2019.0,37.0,ＲＣ,２種住居,未改装,2500.0
2662,西宮北口,8.0,6.0,５ＬＤＫ,120.0,2019.0,37.0,ＲＣ,２種住居,改装済み,4200.0
2663,西宮北口,5.0,4.0,３ＬＤＫ,70.0,2019.0,14.0,ＲＣ,２種住居,未改装,5300.0
2664,西宮(ＪＲ),7.0,4.0,３ＬＤＫ,105.0,2019.0,21.0,ＳＲＣ,近隣商業,未改装,5600.0
2665,西宮(阪神),7.0,4.0,３ＬＤＫ,95.0,2019.0,21.0,ＳＲＣ,近隣商業,未改装,5200.0
2666,甲陽園,16.0,4.0,３ＬＤＫ,60.0,2019.0,43.0,ＲＣ,１中住専,改装済み,930.0
2667,甲子園,18.0,4.0,３ＬＤＫ,85.0,2019.0,17.0,ＲＣ,１中住専,未改装,4100.0
2668,鳴尾・武庫川女子大前,13.0,4.0,３ＬＤＫ,75.0,2019.0,3.0,ＲＣ,１中住専,未改装,4100.0
2669,鳴尾・武庫川女子大前,13.0,4.0,３ＬＤＫ,80.0,2019.0,17.0,ＲＣ,１中住専,未改装,3600.0
2672,夙川,6.0,4.0,３ＬＤＫ,70.0,2019.0,15.0,ＲＣ,１中住専,改装済み,5000.0
2677,鳴尾・武庫川女子大前,4.0,4.0,３ＬＤＫ,60.0,2018.0,21.0,ＲＣ,１種住居,未改装,2700.0
2678,西宮北口,7.0,4.0,３ＬＤＫ,85.0,2018.0,6.0,ＲＣ,近隣商業,未改装,5200.0
2680,香櫨園,8.0,4.0,３ＬＤＫ,55.0,2018.0,20.0,ＲＣ,１種住居,改装済み,2600.0
2686,西宮(ＪＲ),4.0,4.0,３ＬＤＫ,60.0,2018.0,42.0,ＳＲＣ,近隣商業,未改装,1600.0
2687,今津(阪神),21.0,4.0,３ＬＤＫ,75.0,2018.0,16.0,ＲＣ,準工業,未改装,3100.0
2689,香櫨園,15.0,2.0,１ＬＤＫ,60.0,2018.0,46.0,ＲＣ,１種住居,改装済み,4400.0
2691,香櫨園,14.0,2.0,１ＬＤＫ,60.0,2018.0,46.0,ＲＣ,１種住居,改装済み,1000.0
2692,香櫨園,15.0,4.0,３ＬＤＫ,95.0,2018.0,25.0,ＲＣ,１種住居,改装済み,3000.0
2693,西宮(阪神),16.0,4.0,３ＬＤＫ,85.0,2018.0,39.0,ＳＲＣ,準工業,未改装,2100.0
2695,久寿川,5.0,4.0,３ＬＤＫ,65.0,2018.0,33.0,ＳＲＣ、ＲＣ,近隣商業,改装済み,1800.0
2698,久寿川,10.0,5.0,４ＬＤＫ,75.0,2018.0,21.0,ＳＲＣ,１種住居,改装済み,3000.0
2699,久寿川,10.0,4.0,３ＬＤＫ,60.0,2018.0,22.0,ＲＣ,１種住居,未改装,1900.0
2701,甲陽園,16.0,4.0,３ＬＤＫ,85.0,2018.0,24.0,ＲＣ,１中住専,改装済み,2600.0
2703,甲陽園,17.0,4.0,３ＬＤＫ,80.0,2018.0,24.0,ＲＣ,１中住専,改装済み,2500.0
2706,甲陽園,16.0,4.0,３ＬＤＫ,60.0,2018.0,40.0,ＲＣ,１中住専,改装済み,980.0
2707,洲先,5.0,5.0,４ＬＤＫ,85.0,2018.0,13.0,ＲＣ,１種住居,未改装,2800.0
2708,鳴尾・武庫川女子大前,15.0,4.0,３ＬＤＫ,75.0,2018.0,32.0,ＲＣ,１種住居,未改装,1700.0
2709,武庫川団地前,5.0,5.0,４ＬＤＫ,70.0,2018.0,43.0,ＲＣ,１種住居,未改装,500.0
2710,苦楽園口,15.0,4.0,３ＬＤＫ,65.0,2018.0,13.0,ＲＣ,１中住専,改装済み,2900.0
2715,夙川,14.0,5.0,４ＬＤＫ,90.0,2018.0,44.0,ＲＣ,１中住専,改装済み,2500.0
2716,西宮北口,10.0,4.0,３ＬＤＫ,75.0,2018.0,7.0,ＲＣ,１中住専,未改装,4800.0
2717,西宮北口,9.0,3.0,２ＬＤＫ,65.0,2018.0,26.0,ＲＣ,１中住専,未改装,2400.0
2718,西宮北口,10.0,4.0,３ＬＤＫ,70.0,2018.0,22.0,ＲＣ,１中住専,改装済み,3400.0
2719,西宮北口,11.0,4.0,３ＬＤＫ,85.0,2018.0,22.0,ＲＣ,１中住専,未改装,3500.0
2721,苦楽園口,14.0,4.0,３ＬＤＫ,70.0,2018.0,21.0,ＲＣ,１中住専,未改装,2400.0
2722,苦楽園口,12.0,5.0,４ＬＤＫ,85.0,2018.0,21.0,ＲＣ,１中住専,未改装,2700.0
2723,鳴尾・武庫川女子大前,8.0,4.0,３ＬＤＫ,70.0,2018.0,21.0,ＲＣ,１中住専,未改装,2600.0
2724,さくら夙川,4.0,3.0,２ＬＤＫ,65.0,2018.0,39.0,ＳＲＣ,近隣商業,改装済み,2500.0
2725,さくら夙川,3.0,4.0,３ＬＤＫ,60.0,2018.0,21.0,ＲＣ,１種住居,未改装,3400.0
2726,さくら夙川,2.0,4.0,３ＬＤＫ,70.0,2018.0,39.0,ＳＲＣ,近隣商業,未改装,1600.0
2728,東鳴尾,7.0,4.0,３ＬＤＫ,80.0,2018.0,21.0,ＲＣ,近隣商業,改装済み,3000.0
2729,東鳴尾,5.0,4.0,３ＬＤＫ,75.0,2018.0,27.0,ＳＲＣ,１種住居,改装済み,2300.0
2730,東鳴尾,7.0,4.0,３ＬＤＫ,75.0,2018.0,21.0,ＲＣ,近隣商業,未改装,2000.0
2732,苦楽園口,14.0,3.0,２ＬＤＫ,90.0,2018.0,31.0,ＲＣ,１中住専,改装済み,4500.0
2733,苦楽園口,15.0,4.0,３ＬＤＫ,75.0,2018.0,11.0,ＲＣ,１中住専,未改装,2700.0
2734,苦楽園口,14.0,4.0,３ＬＤＫ,85.0,2018.0,31.0,ＲＣ,１中住専,改装済み,3900.0
2736,久寿川,11.0,5.0,４ＬＤＫ,95.0,2018.0,9.0,ＲＣ,準工業,未改装,4100.0
2737,久寿川,10.0,4.0,３ＬＤＫ,70.0,2018.0,9.0,ＲＣ,準工業,改装済み,3300.0
2738,甲子園,13.0,2.0,１Ｋ,15.0,2018.0,23.0,ＲＣ,１中住専,未改装,500.0
2740,甲子園口,13.0,2.0,１ＤＫ,25.0,2018.0,30.0,ＲＣ,１中住専,未改装,630.0
2743,甲子園口,16.0,4.0,３ＬＤＫ,75.0,2018.0,19.0,ＲＣ,１中住専,改装済み,3500.0
2745,甲東園,13.0,4.0,３ＬＤＫ,75.0,2018.0,12.0,ＳＲＣ,１低住専,未改装,4300.0
2746,甲東園,4.0,4.0,３ＬＤＫ,75.0,2018.0,17.0,ＲＣ,１中住専,未改装,3900.0
2748,苦楽園口,7.0,4.0,３ＬＤＫ,75.0,2018.0,5.0,ＲＣ,１中住専,未改装,4000.0
2750,香櫨園,9.0,5.0,４ＬＤＫ,95.0,2018.0,34.0,ＲＣ,１中住専,未改装,2100.0
2751,西宮北口,13.0,4.0,３ＬＤＫ,70.0,2018.0,7.0,ＲＣ,１中住専,未改装,4300.0
2752,西宮北口,14.0,4.0,３ＬＤＫ,70.0,2018.0,7.0,ＲＣ,１中住専,改装済み,4300.0
2754,西宮北口,14.0,5.0,４ＬＤＫ,85.0,2018.0,5.0,ＲＣ,１中住専,未改装,5100.0
2757,苦楽園口,5.0,3.0,２ＬＤＫ,75.0,2018.0,17.0,ＲＣ,１低住専,未改装,4900.0
2759,西宮北口,6.0,2.0,１ＤＫ,35.0,2018.0,20.0,ＳＲＣ,１中住専,未改装,1700.0
2760,西宮(阪神),12.0,5.0,４ＬＤＫ,70.0,2018.0,44.0,ＳＲＣ,準工業,改装済み,1700.0
2761,西宮(阪神),12.0,3.0,２ＬＤＫ,75.0,2018.0,44.0,ＳＲＣ,準工業,改装済み,1500.0
2762,西宮(阪神),14.0,4.0,３ＬＤＫ,65.0,2018.0,44.0,ＳＲＣ,準工業,未改装,1000.0
2764,西宮(阪神),18.0,4.0,３ＬＤＫ,65.0,2018.0,22.0,ＲＣ,準工業,未改装,1800.0
2765,甲子園口,6.0,4.0,３ＬＤＫ,70.0,2018.0,17.0,ＲＣ,１中住専,未改装,2700.0
2768,甲子園口,7.0,4.0,３ＬＤＫ,70.0,2018.0,11.0,ＲＣ,１中住専,未改装,4100.0
2770,西宮(ＪＲ),7.0,4.0,３ＬＤＫ,75.0,2018.0,11.0,ＲＣ,１中住専,未改装,4200.0
2771,苦楽園口,12.0,4.0,３ＬＤＫ,75.0,2018.0,44.0,ＲＣ,１低住専,未改装,1400.0
2773,苦楽園口,15.0,4.0,３ＬＤＫ,90.0,2018.0,10.0,ＳＲＣ,１低住専,改装済み,4100.0
2774,夙川,10.0,4.0,３ＬＤＫ,55.0,2018.0,19.0,ＲＣ,１中住専,未改装,3000.0
2775,夙川,7.0,4.0,３ＬＤＫ,75.0,2018.0,20.0,ＲＣ,１中住専,未改装,4500.0
2776,甲子園,10.0,4.0,３ＤＫ,75.0,2018.0,49.0,ＲＣ,２中住専,改装済み,1700.0
2779,甲子園,7.0,4.0,３ＬＤＫ,75.0,2018.0,16.0,ＲＣ,２種住居,未改装,3000.0
2781,甲子園,2.0,3.0,２ＬＤＫ,60.0,2018.0,28.0,ＲＣ,１種住居,未改装,1000.0
2782,甲子園,6.0,3.0,２ＬＤＫ,55.0,2018.0,49.0,ＲＣ,近隣商業,未改装,910.0
2783,甲子園,5.0,4.0,３ＬＤＫ,60.0,2018.0,44.0,ＲＣ,１種住居,改装済み,1400.0
2784,甲子園,11.0,4.0,３ＬＤＫ,70.0,2018.0,12.0,ＲＣ,２種住居,未改装,3300.0
2786,鳴尾・武庫川女子大前,14.0,4.0,３ＬＤＫ,80.0,2018.0,12.0,ＲＣ,２種住居,未改装,3600.0
2788,甲子園,2.0,4.0,３ＬＤＫ,75.0,2018.0,15.0,ＲＣ,２中住専,改装済み,5400.0
2790,甲子園口,2.0,3.0,２ＬＤＫ,55.0,2018.0,18.0,ＲＣ,近隣商業,未改装,2400.0
2791,甲子園口,6.0,2.0,１Ｋ,15.0,2018.0,34.0,ＲＣ,近隣商業,未改装,300.0
2792,甲子園口,9.0,4.0,３ＬＤＫ,70.0,2018.0,46.0,ＲＣ,１中住専,未改装,1500.0
2793,甲子園口,16.0,4.0,３ＬＤＫ,65.0,2018.0,18.0,ＲＣ,近隣商業,未改装,2200.0
2795,甲子園口,3.0,4.0,３ＬＤＫ,75.0,2018.0,20.0,ＲＣ,近隣商業,未改装,3400.0
2798,甲子園口,4.0,4.0,３ＬＤＫ,65.0,2018.0,18.0,ＲＣ,１中住専,未改装,3000.0
2799,甲子園口,4.0,4.0,３ＬＤＫ,80.0,2018.0,20.0,ＲＣ,１中住専,未改装,3400.0
2800,甲子園口,3.0,4.0,３ＬＤＫ,110.0,2018.0,11.0,ＲＣ,１中住専,未改装,6000.0
2801,甲子園口,5.0,4.0,３ＬＤＫ,80.0,2018.0,40.0,ＲＣ,１中住専,未改装,2100.0
2805,甲子園,8.0,4.0,３ＬＤＫ,55.0,2018.0,22.0,ＲＣ,１種住居,未改装,1600.0
2808,甲子園,9.0,3.0,２ＤＫ,55.0,2018.0,14.0,ＲＣ,近隣商業,未改装,2100.0
2812,甲子園,11.0,2.0,１ＬＤＫ,50.0,2018.0,14.0,ＲＣ,近隣商業,未改装,1900.0
2813,甲東園,3.0,4.0,３ＬＤＫ,70.0,2018.0,45.0,ＳＲＣ,近隣商業,未改装,1600.0
2814,甲東園,1.0,4.0,３ＬＤＫ,65.0,2018.0,12.0,ＲＣ,近隣商業,改装済み,4300.0
2815,甲東園,3.0,4.0,３ＤＫ,55.0,2018.0,21.0,ＲＣ,近隣商業,未改装,2200.0
2816,甲東園,3.0,4.0,３ＬＤＫ,60.0,2018.0,20.0,ＲＣ,近隣商業,未改装,2600.0
2817,甲東園,3.0,4.0,３ＬＤＫ,75.0,2018.0,45.0,ＳＲＣ,近隣商業,改装済み,2400.0
2818,香櫨園,12.0,4.0,３ＬＤＫ,85.0,2018.0,4.0,ＲＣ,近隣商業,未改装,4400.0
2819,甲陽園,3.0,5.0,４ＬＤＫ,90.0,2018.0,20.0,ＲＣ,２低住専,未改装,4500.0
2820,甲陽園,14.0,4.0,３ＬＤＫ,95.0,2018.0,5.0,ＲＣ,１中住専,改装済み,3300.0
2822,甲陽園,1.0,2.0,１ＬＤＫ,50.0,2018.0,47.0,ＲＣ,近隣商業,改装済み,1600.0
2824,甲陽園,2.0,3.0,２ＬＤＫ,60.0,2018.0,47.0,ＲＣ,近隣商業,改装済み,1400.0
2826,甲陽園,2.0,3.0,２ＤＫ,55.0,2018.0,47.0,ＲＣ,近隣商業,未改装,1000.0
2827,甲陽園,3.0,4.0,３ＬＤＫ,65.0,2018.0,41.0,ＳＲＣ,近隣商業,未改装,1400.0
2828,甲陽園,1.0,3.0,２ＬＤＫ,60.0,2018.0,47.0,ＲＣ,近隣商業,改装済み,1800.0
2830,甲陽園,1.0,3.0,２ＬＤＫ,50.0,2018.0,47.0,ＲＣ,近隣商業,改装済み,1400.0
2831,甲陽園,1.0,3.0,２ＬＤＫ,85.0,2018.0,3.0,ＲＣ,１中住専,未改装,6000.0
2834,甲子園口,14.0,4.0,３ＬＤＫ,75.0,2018.0,14.0,ＲＣ,２中住専,未改装,3200.0
2836,武庫川,13.0,5.0,４ＬＤＫ,75.0,2018.0,21.0,ＲＣ,２中住専,改装済み,3900.0
2837,武庫川,15.0,4.0,３ＬＤＫ,75.0,2018.0,3.0,ＲＣ,２中住専,改装済み,4000.0
2838,武庫川,13.0,4.0,３ＬＤＫ,75.0,2018.0,21.0,ＲＣ,２中住専,改装済み,4000.0
2839,武庫川,13.0,3.0,２ＬＤＫ,75.0,2018.0,21.0,ＲＣ,２中住専,改装済み,3800.0
2840,武庫川,12.0,5.0,４ＬＤＫ,75.0,2018.0,3.0,ＲＣ,２中住専,改装済み,4000.0
2841,武庫川,11.0,4.0,３ＬＤＫ,75.0,2018.0,21.0,ＲＣ,２中住専,改装済み,3700.0
2842,武庫川,12.0,4.0,３ＬＤＫ,75.0,2018.0,21.0,ＲＣ,１中住専,改装済み,4000.0
2843,武庫川,12.0,4.0,３ＬＤＫ,75.0,2018.0,3.0,ＲＣ,２中住専,改装済み,4300.0
2847,鳴尾・武庫川女子大前,8.0,3.0,２ＬＤＫ,55.0,2018.0,46.0,ＳＲＣ,１種住居,改装済み,1500.0
2850,苦楽園口,9.0,4.0,３ＬＤＫ,80.0,2018.0,18.0,ＲＣ,１低住専,未改装,3900.0
2852,西宮(阪神),5.0,2.0,１Ｋ,20.0,2018.0,11.0,ＲＣ,近隣商業,未改装,1600.0
2855,西宮名塩,8.0,4.0,３ＬＤＫ,65.0,2018.0,19.0,ＲＣ,１中住専,未改装,1000.0
2856,西宮名塩,8.0,4.0,３ＬＤＫ,75.0,2018.0,19.0,ＲＣ,１中住専,未改装,1400.0
2858,香櫨園,11.0,4.0,３ＬＤＫ,80.0,2018.0,21.0,ＲＣ,１中住専,未改装,3100.0
2861,甲東園,2.0,4.0,３ＬＤＫ,70.0,2018.0,19.0,ＲＣ,近隣商業,未改装,4000.0
2863,苦楽園口,10.0,3.0,２ＬＤＫ,85.0,2018.0,12.0,ＲＣ,１低住専,未改装,5000.0
2865,甲陽園,12.0,4.0,３ＬＤＫ,75.0,2018.0,18.0,ＲＣ,１低住専,未改装,2700.0
2866,甲陽園,11.0,4.0,３ＬＤＫ,65.0,2018.0,18.0,ＲＣ,１低住専,未改装,2400.0
2868,苦楽園口,18.0,5.0,４ＬＤＫ,95.0,2018.0,15.0,ＲＣ,１低住専,未改装,3500.0
2869,苦楽園口,16.0,5.0,４ＬＤＫ,100.0,2018.0,13.0,ＲＣ,１中住専,未改装,3100.0
2871,苦楽園口,15.0,4.0,３ＬＤＫ,65.0,2018.0,41.0,ＲＣ,１中住専,改装済み,1300.0
2872,苦楽園口,14.0,4.0,３ＬＤＫ,70.0,2018.0,22.0,ＲＣ,１中住専,改装済み,3000.0
2875,甲陽園,23.0,3.0,２ＬＤＫ,65.0,2018.0,29.0,ＲＣ,１中住専,改装済み,2000.0
2879,甲陽園,23.0,4.0,３ＬＤＫ,65.0,2018.0,29.0,ＲＣ,１中住専,未改装,1500.0
2881,西宮(ＪＲ),29.0,4.0,３ＬＤＫ,75.0,2018.0,22.0,ＲＣ,１中住専,未改装,2000.0
2884,武庫川団地前,11.0,5.0,４ＬＤＫ,95.0,2018.0,28.0,ＳＲＣ,１中住専,未改装,1500.0
2885,武庫川団地前,6.0,5.0,４ＬＤＫ,95.0,2018.0,14.0,ＲＣ,１中住専,未改装,2900.0
2887,武庫川団地前,14.0,4.0,３ＬＤＫ,95.0,2018.0,33.0,ＳＲＣ,１中住専,未改装,2100.0
2888,武庫川団地前,5.0,3.0,２ＬＤＫ,60.0,2018.0,29.0,ＳＲＣ,１中住専,改装済み,1300.0
2889,武庫川団地前,12.0,5.0,４ＬＤＫ,95.0,2018.0,33.0,ＳＲＣ,１中住専,未改装,1600.0
2891,夙川,12.0,3.0,２ＬＤＫ,60.0,2018.0,50.0,ＲＣ,１中住専,改装済み,1200.0
2893,西宮北口,10.0,3.0,２ＬＤＫ,60.0,2018.0,43.0,ＳＲＣ,準工業,未改装,1200.0
2894,西宮北口,3.0,4.0,３ＬＤＫ,65.0,2018.0,18.0,ＳＲＣ,商業,未改装,3700.0
2895,西宮北口,3.0,3.0,２ＬＤＫ,75.0,2018.0,10.0,ＲＣ,商業,改装済み,6900.0
2896,西宮北口,10.0,4.0,３ＬＤＫ,85.0,2018.0,4.0,ＲＣ,１種住居,未改装,4700.0
2900,香櫨園,10.0,4.0,３ＬＤＫ,70.0,2018.0,17.0,ＲＣ,１種住居,未改装,2800.0
2901,香櫨園,10.0,4.0,２ＬＤＫ＋Ｓ,60.0,2018.0,21.0,ＲＣ,１種住居,未改装,2100.0
2902,香櫨園,12.0,4.0,３ＬＤＫ,65.0,2018.0,21.0,ＲＣ,１種住居,未改装,2600.0
2904,西宮(阪神),3.0,3.0,２ＬＤＫ,55.0,2018.0,12.0,ＲＣ,商業,未改装,3100.0
2905,仁川,11.0,4.0,３ＬＤＫ,70.0,2018.0,15.0,ＲＣ,１中住専,未改装,3000.0
2906,仁川,8.0,2.0,１ＬＤＫ,60.0,2018.0,10.0,ＲＣ,２中住専,未改装,2600.0
2909,阪神国道,4.0,4.0,３ＬＤＫ,65.0,2018.0,3.0,ＲＣ,１種住居,未改装,3300.0
2910,阪神国道,6.0,4.0,３ＬＤＫ,70.0,2018.0,20.0,ＲＣ,準工業,改装済み,2900.0
2915,西宮(ＪＲ),3.0,3.0,２ＬＤＫ,60.0,2018.0,11.0,ＲＣ,２種住居,未改装,3200.0
2916,西宮(ＪＲ),8.0,4.0,３ＬＤＫ,65.0,2018.0,17.0,ＲＣ,準工業,未改装,3100.0
2917,今津(阪神),3.0,4.0,３ＬＤＫ,60.0,2018.0,4.0,ＲＣ,近隣商業,未改装,3000.0
2919,今津(阪神),2.0,4.0,３ＬＤＫ,70.0,2018.0,13.0,ＲＣ,近隣商業,未改装,3400.0
2921,今津(阪神),9.0,4.0,３ＬＤＫ,60.0,2018.0,22.0,ＳＲＣ,１種住居,未改装,2200.0
2924,甲子園口,7.0,4.0,３ＬＤＫ,65.0,2018.0,46.0,ＲＣ,１中住専,未改装,1600.0
2926,夙川,9.0,3.0,２ＬＤＫ,55.0,2018.0,21.0,ＲＣ,１低住専,未改装,2700.0
2927,甲子園口,10.0,4.0,３ＬＤＫ,70.0,2018.0,14.0,ＲＣ,１種住居,未改装,3100.0
2928,甲子園口,12.0,3.0,２ＬＤＫ,35.0,2018.0,30.0,ＲＣ,１種住居,未改装,420.0
2929,西宮(ＪＲ),12.0,4.0,３ＬＤＫ,65.0,2018.0,20.0,ＲＣ,１種住居,未改装,2600.0
2930,甲子園口,12.0,4.0,３ＬＤＫ,70.0,2018.0,20.0,ＳＲＣ,近隣商業,未改装,2000.0
2931,西宮(ＪＲ),9.0,4.0,３ＬＤＫ,65.0,2018.0,14.0,ＲＣ,１種住居,未改装,3300.0
2932,西宮(ＪＲ),9.0,4.0,３ＬＤＫ,70.0,2018.0,14.0,ＲＣ,１種住居,未改装,3500.0
2933,西宮(ＪＲ),9.0,3.0,２ＬＤＫ,55.0,2018.0,14.0,ＳＲＣ,１種住居,改装済み,2700.0
2936,西宮名塩,9.0,4.0,３ＬＤＫ,70.0,2018.0,22.0,ＲＣ,２中住専,未改装,950.0
2938,西宮名塩,5.0,4.0,３ＬＤＫ,70.0,2018.0,22.0,ＲＣ,２中住専,未改装,950.0
2939,西宮名塩,1.0,5.0,４ＬＤＫ,95.0,2018.0,10.0,ＲＣ,商業,未改装,2800.0
2941,西宮名塩,1.0,4.0,３ＬＤＫ,75.0,2018.0,10.0,ＲＣ,商業,未改装,2100.0
2942,西宮名塩,5.0,5.0,４ＬＤＫ,85.0,2018.0,12.0,ＲＣ,１中住専,未改装,2100.0
2945,生瀬,12.0,4.0,３ＬＤＫ,75.0,2018.0,19.0,ＳＲＣ,２中住専,改装済み,2100.0
2946,生瀬,12.0,5.0,４ＬＤＫ,75.0,2018.0,19.0,ＳＲＣ,２中住専,未改装,1300.0
2947,生瀬,13.0,4.0,３ＬＤＫ,75.0,2018.0,21.0,ＳＲＣ,２中住専,未改装,1100.0
2949,鳴尾・武庫川女子大前,7.0,4.0,３ＬＤＫ,70.0,2018.0,7.0,ＳＲＣ,１種住居,未改装,3600.0
2951,鳴尾・武庫川女子大前,6.0,4.0,３ＤＫ,40.0,2018.0,47.0,鉄骨造,１種住居,未改装,420.0
2954,鳴尾・武庫川女子大前,4.0,4.0,３ＬＤＫ,80.0,2018.0,14.0,ＲＣ,近隣商業,未改装,3500.0
2956,仁川,5.0,4.0,３ＬＤＫ,70.0,2018.0,3.0,ＲＣ,２低住専,未改装,4100.0
2958,仁川,15.0,4.0,３ＬＤＫ,65.0,2018.0,17.0,ＲＣ,１低住専,未改装,1800.0
2959,西宮(阪神),10.0,2.0,１Ｋ,25.0,2018.0,10.0,ＲＣ,近隣商業,改装済み,990.0
2960,西宮(阪神),10.0,2.0,１Ｋ,25.0,2018.0,10.0,ＲＣ,近隣商業,未改装,1500.0
2963,西宮(阪神),30.0,4.0,３ＬＤＫ,75.0,2018.0,20.0,ＳＲＣ,１中住専,改装済み,1900.0
2965,西宮(阪神),30.0,5.0,４ＬＤＫ,85.0,2018.0,20.0,ＳＲＣ、ＲＣ,１中住専,改装済み,2400.0
2967,西宮(阪神),30.0,3.0,２ＬＤＫ,70.0,2018.0,20.0,ＳＲＣ,１中住専,未改装,1400.0
2969,西宮(阪神),30.0,4.0,３ＬＤＫ,70.0,2018.0,20.0,ＳＲＣ,１中住専,未改装,1200.0
2970,甲陽園,13.0,4.0,３ＬＤＫ,85.0,2018.0,11.0,ＲＣ,１中住専,改装済み,4100.0
2972,門戸厄神,4.0,4.0,３ＬＤＫ,70.0,2018.0,23.0,ＲＣ,１中住専,改装済み,4700.0
2973,門戸厄神,5.0,5.0,４ＬＤＫ,85.0,2018.0,32.0,ＲＣ,１中住専,未改装,2700.0
2976,門戸厄神,4.0,4.0,３ＬＤＫ,70.0,2018.0,2.0,ＲＣ,１中住専,改装済み,4500.0
2977,夙川,4.0,4.0,３ＬＤＫ,90.0,2018.0,22.0,ＲＣ,１中住専,未改装,6200.0
2979,西宮(ＪＲ),7.0,3.0,２ＬＤＫ,65.0,2018.0,17.0,ＲＣ,１種住居,改装済み,2800.0
2980,西宮(ＪＲ),8.0,4.0,３ＬＤＫ,70.0,2018.0,5.0,ＲＣ,１種住居,未改装,4200.0
2981,西宮(ＪＲ),8.0,4.0,３ＬＤＫ,65.0,2018.0,7.0,ＲＣ,近隣商業,未改装,3500.0
2982,西宮(ＪＲ),8.0,4.0,３ＬＤＫ,65.0,2018.0,5.0,ＲＣ,近隣商業,未改装,3400.0
2985,西宮(阪神),5.0,3.0,２ＬＤＫ,85.0,2018.0,12.0,ＲＣ,商業,未改装,4400.0
2987,西宮(阪神),4.0,4.0,３ＬＤＫ,70.0,2018.0,17.0,ＳＲＣ,商業,改装済み,3900.0
2989,甲子園,19.0,4.0,３ＬＤＫ,75.0,2018.0,19.0,ＲＣ,１中住専,改装済み,2500.0
2991,甲子園,16.0,4.0,３ＬＤＫ,95.0,2018.0,16.0,ＳＲＣ,１種住居,改装済み,3400.0
2992,今津(阪神),13.0,5.0,４ＬＤＫ,80.0,2018.0,7.0,ＲＣ,準工業,未改装,3900.0
2993,東鳴尾,6.0,4.0,３ＬＤＫ,60.0,2018.0,41.0,ＲＣ,１種住居,改装済み,1600.0
2994,東鳴尾,4.0,4.0,３ＬＤＫ,60.0,2018.0,39.0,ＳＲＣ,１種住居,未改装,900.0
2996,西宮(阪神),18.0,4.0,３ＬＤＫ,75.0,2018.0,14.0,ＲＣ,準工業,未改装,2800.0
2998,西宮(阪神),15.0,4.0,３ＬＤＫ,75.0,2018.0,14.0,ＲＣ,準工業,未改装,3000.0
2999,西宮(阪神),19.0,4.0,３ＬＤＫ,60.0,2018.0,22.0,ＲＣ,準工業,未改装,1700.0
3000,西宮(阪神),19.0,4.0,３ＬＤＫ,60.0,2018.0,21.0,ＳＲＣ,準工業,改装済み,2000.0
3001,西宮(阪神),19.0,4.0,３ＬＤＫ,60.0,2018.0,21.0,ＳＲＣ,準工業,未改装,1200.0
3002,西宮(阪神),19.0,4.0,３ＬＤＫ,65.0,2018.0,21.0,ＳＲＣ,準工業,未改装,1900.0
3003,西宮名塩,12.0,4.0,３ＬＤＫ,100.0,2018.0,25.0,ＲＣ,１中住専,未改装,1600.0
3004,西宮名塩,14.0,4.0,３ＬＤＫ,80.0,2018.0,24.0,ＲＣ,１中住専,未改装,800.0
3007,苦楽園口,12.0,5.0,４ＬＤＫ,85.0,2018.0,21.0,ＲＣ,１中住専,未改装,4000.0
3012,門戸厄神,12.0,4.0,３ＬＤＫ,75.0,2018.0,23.0,ＲＣ,１中住専,未改装,2400.0
3013,門戸厄神,15.0,4.0,３ＬＤＫ,60.0,2018.0,15.0,ＲＣ,１中住専,未改装,2600.0
3014,西宮北口,7.0,4.0,３ＬＤＫ,70.0,2018.0,20.0,ＲＣ,１中住専,未改装,3200.0
3015,西宮北口,16.0,2.0,１Ｋ,15.0,2018.0,32.0,ＲＣ,１中住専,未改装,310.0
3016,西宮北口,16.0,4.0,３ＬＤＫ,55.0,2018.0,15.0,ＲＣ,２中住専,改装済み,2600.0
3017,西宮北口,20.0,4.0,３ＬＤＫ,70.0,2018.0,19.0,ＲＣ,１中住専,未改装,2600.0
3019,夙川,16.0,5.0,４ＬＤＫ,80.0,2018.0,17.0,ＲＣ,１低住専,改装済み,3200.0
3020,西宮北口,9.0,3.0,２ＬＤＫ,60.0,2018.0,8.0,ＲＣ,工業,未改装,3300.0
3021,西宮北口,9.0,2.0,１Ｋ,20.0,2018.0,9.0,ＲＣ,準工業,未改装,1200.0
3022,門戸厄神,6.0,3.0,２ＬＤＫ,50.0,2018.0,21.0,ＲＣ,１中住専,改装済み,2200.0
3023,甲子園口,4.0,3.0,２ＬＤＫ,85.0,2018.0,17.0,ＲＣ,１中住専,改装済み,4700.0
3025,苦楽園口,8.0,2.0,１ＬＤＫ,35.0,2018.0,48.0,鉄骨造,１低住専,未改装,300.0
3026,苦楽園口,8.0,2.0,１ＤＫ,45.0,2018.0,48.0,鉄骨造,１低住専,未改装,300.0
3029,香櫨園,11.0,4.0,３ＬＤＫ,75.0,2018.0,17.0,ＲＣ,１種住居,改装済み,2100.0
3031,さくら夙川,7.0,4.0,３ＬＤＫ,115.0,2018.0,29.0,ＲＣ,１中住専,未改装,4700.0
3034,夙川,8.0,4.0,３ＬＤＫ,145.0,2018.0,13.0,ＲＣ,１中住専,未改装,10000.0
3035,甲子園口,7.0,4.0,３ＬＤＫ,75.0,2018.0,11.0,ＲＣ,１中住専,改装済み,4100.0
3036,甲子園口,7.0,4.0,３ＬＤＫ,75.0,2018.0,11.0,ＲＣ,１中住専,未改装,4400.0
3037,甲子園口,8.0,4.0,３ＬＤＫ,75.0,2018.0,14.0,ＲＣ,１中住専,未改装,5100.0
3038,西宮(ＪＲ),3.0,2.0,１ＬＤＫ,65.0,2018.0,5.0,ＲＣ,近隣商業,未改装,4300.0
3039,西宮(ＪＲ),5.0,3.0,２ＬＤＫ,75.0,2018.0,12.0,ＲＣ,近隣商業,未改装,3800.0
3040,西宮北口,11.0,4.0,３ＬＤＫ,65.0,2018.0,16.0,ＲＣ,１中住専,未改装,2400.0
3042,西宮北口,8.0,4.0,３ＬＤＫ,70.0,2018.0,18.0,ＲＣ,１中住専,改装済み,4000.0
3045,夙川,12.0,4.0,３ＬＤＫ,75.0,2018.0,47.0,ＲＣ,１中住専,改装済み,1500.0
3047,甲子園,13.0,4.0,３ＬＤＫ,80.0,2018.0,13.0,ＲＣ,２種住居,未改装,4300.0
3048,甲子園,10.0,4.0,３ＬＤＫ,75.0,2018.0,16.0,ＲＣ,２中住専,未改装,3300.0
3050,苦楽園口,3.0,3.0,２ＬＤＫ,80.0,2018.0,10.0,ＲＣ,１中住専,未改装,6900.0
3052,西宮(ＪＲ),12.0,5.0,４ＬＤＫ,85.0,2018.0,5.0,ＲＣ,１種住居,改装済み,5200.0
3053,甲東園,13.0,4.0,３ＬＤＫ,75.0,2018.0,19.0,ＲＣ,１中住専,改装済み,2900.0
3054,甲東園,13.0,4.0,３ＬＤＫ,75.0,2018.0,19.0,ＲＣ,１中住専,未改装,2100.0
3055,門戸厄神,9.0,5.0,４ＬＤＫ,80.0,2018.0,14.0,ＲＣ,１中住専,未改装,4300.0
3056,門戸厄神,9.0,4.0,３ＬＤＫ,70.0,2018.0,14.0,ＲＣ,１中住専,未改装,3200.0
3058,さくら夙川,8.0,4.0,３ＬＤＫ,75.0,2018.0,19.0,ＲＣ,近隣商業,改装済み,4600.0
3059,さくら夙川,2.0,4.0,３ＬＤＫ,75.0,2018.0,21.0,ＳＲＣ,１中住専,改装済み,5400.0
3060,有馬温泉,25.0,3.0,２ＬＤＫ,60.0,2018.0,19.0,ＲＣ,１低住専,改装済み,800.0
3063,香櫨園,8.0,5.0,４ＬＤＫ,145.0,2018.0,27.0,ＲＣ,１種住居,未改装,3700.0
3066,西宮(阪神),4.0,2.0,１Ｋ,25.0,2018.0,9.0,ＲＣ,近隣商業,未改装,1800.0
3067,西宮(阪神),3.0,3.0,２ＤＫ,55.0,2018.0,5.0,ＲＣ,近隣商業,未改装,3000.0
3068,西宮北口,3.0,4.0,３ＬＤＫ,80.0,2018.0,18.0,ＳＲＣ,２種住居,改装済み,5200.0
3069,西宮北口,5.0,4.0,３ＬＤＫ,80.0,2018.0,18.0,ＳＲＣ,２種住居,改装済み,4900.0
3071,西宮北口,6.0,4.0,３ＬＤＫ,80.0,2018.0,7.0,ＲＣ,２種住居,未改装,5000.0
3072,西宮(ＪＲ),7.0,3.0,２ＬＤＫ,65.0,2018.0,20.0,ＳＲＣ,近隣商業,改装済み,3900.0
3073,西宮(ＪＲ),7.0,4.0,３ＬＤＫ,105.0,2018.0,20.0,ＳＲＣ,近隣商業,未改装,4700.0
3077,鳴尾・武庫川女子大前,13.0,5.0,４ＬＤＫ,140.0,2018.0,16.0,ＲＣ,１中住専,未改装,7300.0
3078,夙川,8.0,4.0,３ＬＤＫ,65.0,2018.0,21.0,ＲＣ,１中住専,未改装,3900.0
3079,夙川,6.0,4.0,３ＬＤＫ,65.0,2018.0,7.0,ＲＣ,１中住専,未改装,4200.0
3080,夙川,8.0,4.0,３ＬＤＫ,80.0,2018.0,21.0,ＲＣ,１中住専,改装済み,4500.0
3082,甲子園,10.0,4.0,３ＬＤＫ,75.0,2014.0,43.0,ＲＣ,１中住専,未改装,1500.0
3083,西宮(ＪＲ),1.0,4.0,３ＬＤＫ,75.0,2014.0,19.0,ＳＲＣ,近隣商業,未改装,3000.0
3084,西宮(ＪＲ),2.0,4.0,３ＬＤＫ,90.0,2014.0,21.0,ＳＲＣ,近隣商業,未改装,3300.0
3085,西宮(ＪＲ),1.0,4.0,３ＬＤＫ,100.0,2014.0,21.0,ＳＲＣ,近隣商業,改装済み,3400.0
3086,西宮(ＪＲ),1.0,4.0,３ＬＤＫ,75.0,2014.0,19.0,ＳＲＣ,近隣商業,未改装,2800.0
3087,香櫨園,14.0,4.0,３ＬＤＫ,60.0,2014.0,42.0,ＲＣ,１種住居,改装済み,850.0
3088,香櫨園,15.0,4.0,３ＬＤＫ,60.0,2014.0,36.0,ＳＲＣ,準工業,改装済み,1300.0
3089,香櫨園,16.0,5.0,４ＬＤＫ,75.0,2014.0,9.0,ＲＣ,準工業,未改装,2500.0
3090,香櫨園,15.0,5.0,４ＬＤＫ,150.0,2014.0,22.0,ＲＣ,１種住居,未改装,3700.0
3091,西宮(阪神),21.0,4.0,３ＬＤＫ,75.0,2014.0,9.0,ＲＣ,準工業,未改装,2600.0
3092,甲陽園,18.0,4.0,３ＬＤＫ,75.0,2014.0,15.0,ＲＣ,１中住専,未改装,2000.0
3093,甲陽園,20.0,4.0,３ＬＤＫ,70.0,2014.0,15.0,ＲＣ,１中住専,未改装,2000.0
3094,西宮北口,30.0,4.0,３ＬＤＫ,70.0,2014.0,34.0,ＲＣ,１中住専,未改装,900.0
3095,門戸厄神,30.0,4.0,３ＬＤＫ,75.0,2014.0,15.0,ＲＣ,１中住専,未改装,2200.0
3097,仁川,20.0,3.0,２ＬＤＫ,55.0,2014.0,16.0,ＲＣ,１中住専,改装済み,2000.0
3098,仁川,23.0,4.0,３ＬＤＫ,75.0,2014.0,13.0,ＲＣ,１中住専,未改装,2400.0
3100,久寿川,13.0,5.0,４ＬＤＫ,80.0,2014.0,16.0,ＳＲＣ,１種住居,未改装,2300.0
3102,久寿川,18.0,4.0,３ＬＤＫ,75.0,2014.0,31.0,ＲＣ,１種住居,改装済み,930.0
3103,西宮北口,30.0,4.0,３ＬＤＫ,60.0,2014.0,16.0,ＲＣ,１中住専,改装済み,1500.0
3104,甲東園,25.0,3.0,２ＬＤＫ,70.0,2014.0,17.0,ＲＣ,１中住専,未改装,1900.0
3105,甲東園,26.0,5.0,４ＬＤＫ,85.0,2014.0,17.0,ＲＣ,１中住専,改装済み,2400.0
3106,甲陽園,23.0,4.0,３ＬＤＫ,80.0,2014.0,20.0,ＲＣ,１中住専,改装済み,2300.0
3107,甲陽園,18.0,4.0,３ＬＤＫ,75.0,2014.0,20.0,ＲＣ,１中住専,未改装,2200.0
3109,甲陽園,15.0,4.0,３ＬＤＫ,65.0,2014.0,36.0,ＳＲＣ,１中住専,未改装,990.0
3110,甲陽園,16.0,4.0,３ＬＤＫ,65.0,2014.0,36.0,ＳＲＣ,１中住専,改装済み,1100.0
3111,洲先,4.0,4.0,３ＬＤＫ,75.0,2014.0,9.0,ＲＣ,１種住居,未改装,2600.0
3112,武庫川団地前,9.0,5.0,４ＬＤＫ,80.0,2014.0,30.0,ＳＲＣ,１種住居,未改装,1400.0
3115,苦楽園口,19.0,3.0,２ＬＤＫ,55.0,2014.0,39.0,鉄骨造,１低住専,未改装,360.0
3116,夙川,14.0,5.0,４ＬＤＫ,90.0,2014.0,40.0,ＲＣ,１中住専,未改装,2500.0
3117,夙川,14.0,4.0,３ＬＤＫ,85.0,2014.0,40.0,ＲＣ,１中住専,未改装,1100.0
3118,夙川,14.0,4.0,２ＬＤＫ＋Ｓ,85.0,2014.0,40.0,ＲＣ,１中住専,未改装,1200.0
3120,香櫨園,12.0,4.0,３ＬＤＫ,90.0,2014.0,3.0,ＲＣ,１種住居,未改装,4000.0
3121,香櫨園,11.0,4.0,３ＬＤＫ,70.0,2014.0,8.0,ＲＣ,１種住居,未改装,2600.0
3122,香櫨園,15.0,3.0,２ＬＤＫ,75.0,2014.0,30.0,ＲＣ,１種住居,未改装,2600.0
3123,香櫨園,13.0,4.0,３ＬＤＫ,70.0,2014.0,3.0,ＲＣ,１種住居,未改装,2700.0
3124,西宮北口,20.0,4.0,３ＬＤＫ,70.0,2014.0,19.0,ＲＣ,１中住専,未改装,2500.0
3126,苦楽園口,13.0,4.0,３ＬＤＫ,70.0,2014.0,17.0,ＲＣ,１中住専,未改装,2300.0
3127,苦楽園口,15.0,4.0,３ＬＤＫ,70.0,2014.0,16.0,ＳＲＣ,１種住居,未改装,2400.0
3128,鳴尾・武庫川女子大前,7.0,5.0,４ＬＤＫ,85.0,2014.0,12.0,ＲＣ,１中住専,未改装,3500.0
3129,鳴尾・武庫川女子大前,8.0,4.0,３ＬＤＫ,75.0,2014.0,17.0,ＲＣ,１中住専,改装済み,2000.0
3130,鳴尾・武庫川女子大前,8.0,4.0,３ＬＤＫ,70.0,2014.0,17.0,ＲＣ,１中住専,未改装,2300.0
3131,さくら夙川,3.0,4.0,３ＬＤＫ,70.0,2014.0,35.0,ＲＣ,近隣商業,未改装,1800.0
3132,東鳴尾,5.0,4.0,３ＬＤＫ,80.0,2014.0,23.0,ＳＲＣ,１種住居,未改装,2200.0
3133,夙川,7.0,2.0,１Ｋ,15.0,2014.0,30.0,ＲＣ,１中住専,未改装,400.0
3134,苦楽園口,13.0,3.0,２ＬＤＫ,80.0,2014.0,40.0,ＲＣ,１中住専,改装済み,1700.0
3135,苦楽園口,14.0,4.0,３ＬＤＫ,65.0,2014.0,40.0,ＲＣ,１中住専,未改装,980.0
3136,苦楽園口,15.0,4.0,３ＬＤＫ,105.0,2014.0,11.0,ＲＣ,１中住専,未改装,4100.0
3137,苦楽園口,18.0,4.0,３ＬＤＫ,80.0,2014.0,7.0,ＲＣ,１中住専,未改装,3000.0
3138,夙川,20.0,5.0,４ＬＤＫ,90.0,2014.0,28.0,ＲＣ,１中住専,未改装,2000.0
3139,西宮(ＪＲ),23.0,4.0,３ＬＤＫ,90.0,2014.0,28.0,ＲＣ,１中住専,未改装,2200.0
3140,久寿川,11.0,4.0,３ＬＤＫ,70.0,2014.0,5.0,ＲＣ,準工業,未改装,3000.0
3141,甲子園,11.0,4.0,３ＬＤＫ,70.0,2014.0,4.0,ＲＣ,１中住専,未改装,3800.0
3142,甲子園,13.0,2.0,１ＤＫ,25.0,2014.0,19.0,ＲＣ,１中住専,未改装,550.0
3143,甲子園,14.0,4.0,３ＬＤＫ,75.0,2014.0,16.0,ＲＣ,２中住専,改装済み,3000.0
3144,阪神国道,12.0,4.0,３ＬＤＫ,60.0,2014.0,12.0,ＲＣ,準工業,改装済み,2500.0
3145,甲東園,11.0,4.0,３ＬＤＫ,75.0,2014.0,8.0,ＲＣ,１中住専,未改装,370.0
3146,仁川,8.0,4.0,３ＬＤＫ,65.0,2014.0,14.0,ＲＣ,１中住専,未改装,2400.0
3147,香櫨園,6.0,1.0,１Ｒ,15.0,2010.0,21.0,ＲＣ,１種住居,未改装,2800.0
3148,甲陽園,4.0,4.0,３ＬＤＫ,110.0,2014.0,8.0,ＲＣ,１低住専,未改装,5000.0
3149,西宮(ＪＲ),1.0,3.0,２ＬＤＫ,65.0,2010.0,17.0,ＳＲＣ,近隣商業,改装済み,2500.0
3150,西宮(ＪＲ),2.0,4.0,３ＬＤＫ,100.0,2010.0,17.0,ＳＲＣ,近隣商業,改装済み,4000.0
3151,香櫨園,9.0,4.0,３ＬＤＫ,65.0,2014.0,14.0,ＲＣ,１中住専,未改装,2400.0
3152,香櫨園,15.0,4.0,３ＬＤＫ,65.0,2010.0,8.0,ＲＣ,準工業,未改装,2400.0
3153,香櫨園,16.0,4.0,３ＬＤＫ,70.0,2010.0,5.0,ＲＣ,準工業,未改装,2400.0
3154,香櫨園,10.0,4.0,３ＬＤＫ,75.0,2014.0,8.0,ＲＣ,１中住専,未改装,3100.0
3155,香櫨園,10.0,4.0,３ＬＤＫ,65.0,2014.0,8.0,ＲＣ,１中住専,未改装,3000.0
3156,香櫨園,9.0,4.0,３ＬＤＫ,75.0,2014.0,11.0,ＲＣ,１中住専,未改装,2900.0
3157,西宮北口,23.0,3.0,２ＬＤＫ,65.0,2010.0,30.0,ＲＣ,１中住専,未改装,1200.0
3160,香櫨園,2.0,4.0,３ＬＤＫ,80.0,2014.0,16.0,ＳＲＣ,１中住専,未改装,2800.0
3161,久寿川,13.0,4.0,３ＬＤＫ,70.0,2010.0,13.0,ＳＲＣ,１種住居,未改装,1800.0
3162,甲陽園,8.0,4.0,３ＬＤＫ,70.0,2014.0,14.0,ＲＣ,１種住居,未改装,2900.0
3164,西宮北口,6.0,4.0,３ＬＤＫ,70.0,2014.0,15.0,ＲＣ,１中住専,未改装,3800.0
3167,甲東園,25.0,4.0,３ＬＤＫ,70.0,2010.0,13.0,ＲＣ,１中住専,改装済み,2100.0
3168,甲東園,26.0,4.0,３ＬＤＫ,75.0,2010.0,12.0,ＲＣ,１中住専,改装済み,1500.0
3169,苦楽園口,7.0,4.0,３ＬＤＫ,90.0,2014.0,7.0,ＲＣ,１低住専,未改装,6300.0
3170,鳴尾・武庫川女子大前,4.0,4.0,３ＬＤＫ,70.0,2017.0,20.0,ＲＣ,１種住居,改装済み,3500.0
3171,甲陽園,24.0,4.0,３ＬＤＫ,70.0,2010.0,13.0,ＲＣ,１中住専,未改装,2000.0
3173,甲陽園,15.0,4.0,３ＬＤＫ,75.0,2010.0,16.0,ＲＣ,１中住専,改装済み,2000.0
3174,洲先,4.0,4.0,３ＬＤＫ,75.0,2010.0,5.0,ＲＣ,１種住居,未改装,2800.0
3175,甲子園口,10.0,4.0,３ＬＤＫ,65.0,2014.0,37.0,ＲＣ,１中住専,未改装,1400.0
3176,甲子園口,8.0,4.0,３ＬＤＫ,75.0,2014.0,7.0,ＲＣ,１中住専,未改装,4100.0
3177,甲子園口,8.0,4.0,３ＬＤＫ,70.0,2014.0,7.0,ＲＣ,１中住専,未改装,4100.0
3178,甲子園口,7.0,4.0,３ＬＤＫ,70.0,2014.0,7.0,ＲＣ,１中住専,未改装,4100.0
3179,甲子園口,9.0,4.0,３ＬＤＫ,70.0,2014.0,3.0,ＲＣ,１中住専,未改装,3600.0
3180,甲子園口,11.0,4.0,３ＬＤＫ,70.0,2014.0,3.0,ＲＣ,１中住専,未改装,3700.0
3181,西宮(ＪＲ),4.0,1.0,１Ｒ,20.0,2017.0,33.0,ＲＣ,近隣商業,改装済み,550.0
3183,西宮(ＪＲ),2.0,3.0,２ＬＤＫ,75.0,2017.0,24.0,ＳＲＣ,近隣商業,未改装,2800.0
3184,武庫川,4.0,4.0,３ＬＤＫ,65.0,2017.0,33.0,ＲＣ,１種住居,未改装,1600.0
3185,苦楽園口,16.0,4.0,３ＬＤＫ,80.0,2014.0,6.0,ＲＣ,１低住専,未改装,4000.0
3186,洲先,10.0,4.0,３ＬＤＫ,70.0,2010.0,9.0,ＲＣ,１種住居,未改装,2300.0
3187,西宮(阪神),6.0,3.0,２ＬＤＫ,65.0,2010.0,9.0,ＲＣ,近隣商業,改装済み,2500.0
3188,香櫨園,16.0,4.0,３ＬＤＫ,90.0,2017.0,15.0,ＲＣ,準工業,未改装,3400.0
3190,苦楽園口,23.0,5.0,４ＬＤＫ,105.0,2017.0,14.0,ＲＣ,１中住専,未改装,3600.0
3191,苦楽園口,18.0,4.0,３ＬＤＫ,60.0,2010.0,35.0,鉄骨造,１低住専,改装済み,940.0
3192,苦楽園口,16.0,4.0,３ＬＤＫ,75.0,2010.0,0.0,ＲＣ,１中住専,未改装,4800.0
3193,苦楽園口,17.0,3.0,２ＬＤＫ,65.0,2010.0,0.0,ＲＣ,１中住専,未改装,3700.0
3194,苦楽園口,19.0,4.0,３ＬＤＫ,90.0,2010.0,0.0,ＲＣ,１中住専,未改装,5900.0
3196,甲陽園,20.0,4.0,３ＬＤＫ,75.0,2017.0,6.0,ＲＣ,１中住専,未改装,2700.0
3197,甲陽園,21.0,4.0,３ＬＤＫ,70.0,2017.0,37.0,ＲＣ,１中住専,未改装,1200.0
3200,夙川,9.0,4.0,３ＬＤＫ,75.0,2014.0,15.0,ＲＣ,１中住専,改装済み,3400.0
3201,夙川,8.0,4.0,３ＬＤＫ,75.0,2014.0,12.0,ＲＣ,１中住専,未改装,3500.0
3203,甲東園,24.0,3.0,２ＤＫ,45.0,2017.0,40.0,ＲＣ,１中住専,改装済み,850.0
3204,甲子園口,10.0,4.0,３ＬＤＫ,70.0,2014.0,13.0,ＲＣ,近隣商業,改装済み,2800.0
3205,久寿川,5.0,5.0,４ＬＤＫ,75.0,2017.0,32.0,ＳＲＣ、ＲＣ,近隣商業,改装済み,2100.0
3206,久寿川,5.0,4.0,３ＬＤＫ,65.0,2017.0,32.0,ＳＲＣ,近隣商業,改装済み,1600.0
3207,甲子園,15.0,4.0,３ＬＤＫ,70.0,2014.0,45.0,ＲＣ,２中住専,改装済み,1700.0
3208,甲子園,15.0,4.0,３ＬＤＫ,65.0,2014.0,18.0,ＲＣ,１中住専,未改装,2500.0
3209,夙川,11.0,2.0,１ＤＫ,50.0,2010.0,2.0,ＲＣ,１中住専,未改装,2400.0
3210,夙川,11.0,4.0,３ＬＤＫ,75.0,2010.0,2.0,ＲＣ,１中住専,未改装,3600.0
3211,夙川,11.0,4.0,３ＬＤＫ,75.0,2010.0,2.0,ＲＣ,１中住専,未改装,3200.0
3212,夙川,13.0,2.0,１ＬＤＫ,50.0,2010.0,2.0,ＲＣ,１中住専,未改装,2700.0
3213,夙川,13.0,5.0,４ＬＤＫ,85.0,2010.0,36.0,ＲＣ,１中住専,改装済み,1700.0
3214,久寿川,11.0,4.0,３ＬＤＫ,60.0,2017.0,21.0,ＲＣ,１種住居,改装済み,2100.0
3215,久寿川,11.0,4.0,３ＬＤＫ,85.0,2017.0,20.0,ＳＲＣ,１種住居,未改装,3000.0
3216,久寿川,14.0,4.0,３ＬＤＫ,60.0,2017.0,21.0,ＳＲＣ,１種住居,未改装,1800.0
3217,久寿川,15.0,5.0,３ＬＤＫ＋Ｓ,90.0,2017.0,5.0,ＲＣ,準工業,未改装,2900.0
3218,西宮北口,11.0,4.0,３ＬＤＫ,65.0,2010.0,10.0,ＲＣ,１中住専,未改装,2300.0
3219,久寿川,12.0,4.0,３ＬＤＫ,90.0,2017.0,5.0,ＲＣ,準工業,未改装,3000.0
3220,西宮北口,11.0,4.0,３ＬＤＫ,60.0,2010.0,13.0,ＲＣ,準住居,未改装,1900.0
3221,香櫨園,14.0,2.0,１ＬＤＫ,65.0,2010.0,26.0,ＲＣ,１種住居,改装済み,2300.0
3222,香櫨園,11.0,3.0,２ＬＤＫ,60.0,2010.0,4.0,ＲＣ,１種住居,未改装,1900.0
3223,香櫨園,12.0,5.0,４ＬＤＫ,85.0,2010.0,4.0,ＲＣ,１種住居,未改装,3700.0
3224,香櫨園,13.0,4.0,３ＬＤＫ,80.0,2010.0,4.0,ＲＣ,１種住居,未改装,3500.0
3225,香櫨園,14.0,5.0,４ＬＤＫ,85.0,2010.0,10.0,ＲＣ,１種住居,未改装,2500.0
3226,久寿川,15.0,4.0,３ＬＤＫ,75.0,2017.0,34.0,ＲＣ,１種住居,改装済み,1600.0
3228,甲子園,21.0,5.0,４ＬＤＫ,90.0,2017.0,34.0,ＲＣ,１種住居,未改装,1400.0
3229,今津(阪神),4.0,4.0,３ＬＤＫ,65.0,2017.0,7.0,ＲＣ,近隣商業,未改装,3000.0
3231,西宮北口,15.0,4.0,３ＬＤＫ,75.0,2010.0,13.0,ＲＣ,１中住専,未改装,2700.0
3232,西宮北口,16.0,4.0,３ＬＤＫ,70.0,2010.0,14.0,ＲＣ,１中住専,未改装,2800.0
3233,甲子園,11.0,4.0,３ＬＤＫ,60.0,2014.0,16.0,ＲＣ,１中住専,改装済み,2000.0
3234,甲子園,8.0,4.0,３ＬＤＫ,70.0,2014.0,14.0,ＲＣ,２中住専,未改装,1900.0
3235,西宮北口,9.0,4.0,３ＬＤＫ,65.0,2010.0,13.0,ＲＣ,１種住居,未改装,2700.0
3236,甲子園,11.0,3.0,２ＬＤＫ,55.0,2014.0,14.0,ＲＣ,２中住専,未改装,1900.0
3237,西宮北口,9.0,4.0,３ＬＤＫ,70.0,2010.0,13.0,ＲＣ,１種住居,未改装,2700.0
3238,鳴尾・武庫川女子大前,11.0,5.0,４ＬＤＫ,80.0,2014.0,8.0,ＲＣ,２種住居,未改装,3700.0
3240,苦楽園口,15.0,4.0,３ＬＤＫ,70.0,2010.0,12.0,ＳＲＣ,１種住居,未改装,2400.0
3241,久寿川,3.0,4.0,３ＬＤＫ,60.0,2014.0,24.0,ＲＣ,１種住居,未改装,1800.0
3242,甲子園,4.0,4.0,３ＬＤＫ,90.0,2014.0,9.0,ＲＣ,２中住専,未改装,5500.0
3243,さくら夙川,3.0,4.0,３ＬＤＫ,70.0,2010.0,31.0,ＲＣ,近隣商業,改装済み,2600.0
3244,さくら夙川,3.0,3.0,２ＬＤＫ,60.0,2010.0,31.0,ＳＲＣ,近隣商業,未改装,2000.0
3245,さくら夙川,3.0,5.0,４ＬＤＫ,90.0,2010.0,31.0,ＳＲＣ,近隣商業,改装済み,2600.0
3246,東鳴尾,4.0,5.0,４ＬＤＫ,90.0,2010.0,17.0,ＲＣ,１種住居,改装済み,2700.0
3247,東鳴尾,7.0,3.0,２ＬＤＫ,60.0,2010.0,9.0,ＲＣ,近隣商業,改装済み,1900.0
3248,甲陽園,16.0,5.0,４ＬＤＫ,90.0,2017.0,39.0,ＳＲＣ,１中住専,改装済み,2000.0
3250,夙川,6.0,3.0,２ＬＤＫ,90.0,2010.0,11.0,ＲＣ,１中住専,未改装,3900.0
3251,甲陽園,16.0,3.0,２ＬＤＫ,65.0,2017.0,39.0,ＳＲＣ,１中住専,改装済み,970.0
3252,洲先,5.0,3.0,２ＬＤＫ,70.0,2017.0,12.0,ＲＣ,１種住居,改装済み,3000.0
3253,甲子園口,14.0,5.0,４ＬＤＫ,75.0,2014.0,11.0,ＲＣ,１種住居,未改装,3200.0
3255,甲子園口,6.0,3.0,１ＬＤＫ＋Ｓ,60.0,2014.0,18.0,ＲＣ,近隣商業,未改装,1600.0
3256,甲子園口,5.0,5.0,４ＬＤＫ,80.0,2014.0,16.0,ＲＣ,近隣商業,未改装,3400.0
3257,甲子園口,7.0,4.0,３ＬＤＫ,75.0,2014.0,11.0,ＲＣ,１中住専,改装済み,3900.0
3258,武庫川団地前,2.0,5.0,４ＬＤＫ,80.0,2017.0,36.0,ＳＲＣ,準工業,改装済み,2000.0
3259,甲子園口,5.0,3.0,２ＬＤＫ,65.0,2014.0,16.0,ＲＣ,近隣商業,未改装,2300.0
3260,甲子園口,8.0,4.0,３ＬＤＫ,85.0,2014.0,10.0,ＲＣ,１中住専,未改装,4000.0
3261,甲子園口,11.0,5.0,４ＬＤＫ,85.0,2014.0,8.0,ＲＣ,近隣商業,未改装,3600.0
3262,甲子園口,10.0,4.0,３ＬＤＫ,70.0,2014.0,8.0,ＲＣ,近隣商業,未改装,2900.0
3263,甲子園口,7.0,3.0,２ＬＤＫ,105.0,2014.0,24.0,ＲＣ,１中住専,未改装,2500.0
3264,西宮(ＪＲ),15.0,5.0,４ＬＤＫ,75.0,2014.0,14.0,ＲＣ,近隣商業,未改装,2500.0
3265,武庫川団地前,4.0,4.0,３ＬＤＫ,70.0,2017.0,42.0,ＲＣ,１種住居,未改装,540.0
3266,甲子園口,2.0,5.0,４ＬＤＫ,95.0,2014.0,18.0,ＲＣ,近隣商業,未改装,4000.0
3267,甲子園口,4.0,4.0,３ＬＤＫ,110.0,2014.0,7.0,ＲＣ,１中住専,未改装,4300.0
3268,苦楽園口,16.0,3.0,２ＬＤＫ,75.0,2010.0,3.0,ＲＣ,１中住専,未改装,2900.0
3270,甲子園,8.0,4.0,３ＬＤＫ,70.0,2014.0,14.0,ＳＲＣ,１種住居,改装済み,2500.0
3271,甲子園,4.0,3.0,２ＬＤＫ,60.0,2014.0,8.0,ＲＣ,近隣商業,未改装,2700.0
3272,久寿川,10.0,4.0,３ＬＤＫ,65.0,2010.0,12.0,ＲＣ,準工業,未改装,2400.0
3273,甲子園,4.0,4.0,３ＬＤＫ,70.0,2014.0,8.0,ＲＣ,近隣商業,改装済み,3500.0
3274,甲子園,8.0,4.0,３ＬＤＫ,75.0,2014.0,3.0,ＲＣ,１中住専,未改装,3700.0
3275,甲子園,10.0,4.0,３ＤＫ,50.0,2014.0,41.0,ＲＣ,近隣商業,未改装,1200.0
3276,甲子園,9.0,4.0,３ＬＤＫ,65.0,2014.0,8.0,ＲＣ,１種住居,未改装,3000.0
3277,苦楽園口,15.0,4.0,３ＬＤＫ,80.0,2017.0,43.0,ＲＣ,１中住専,未改装,860.0
3278,苦楽園口,18.0,5.0,４ＬＤＫ,80.0,2017.0,43.0,ＲＣ,１中住専,改装済み,900.0
3279,苦楽園口,18.0,5.0,４ＬＤＫ,85.0,2017.0,20.0,ＲＣ,１中住専,改装済み,3300.0
3280,今津(阪急),1.0,4.0,３ＬＤＫ,70.0,2014.0,15.0,ＳＲＣ,近隣商業,未改装,3100.0
3282,甲東園,3.0,4.0,３ＬＤＫ,60.0,2014.0,41.0,ＳＲＣ,近隣商業,未改装,1100.0
3283,甲東園,3.0,3.0,２ＬＤＫ,60.0,2014.0,16.0,ＲＣ,近隣商業,改装済み,2500.0
3284,甲東園,3.0,4.0,３ＬＤＫ,75.0,2014.0,41.0,ＳＲＣ,近隣商業,未改装,2800.0
3285,さくら夙川,9.0,4.0,３ＬＤＫ,75.0,2014.0,8.0,ＲＣ,１中住専,未改装,3900.0
3286,夙川,13.0,4.0,３ＬＤＫ,75.0,2017.0,7.0,ＲＣ,１中住専,未改装,4200.0
3287,夙川,13.0,3.0,２ＬＤＫ,75.0,2017.0,5.0,ＲＣ,１中住専,未改装,3700.0
3288,夙川,10.0,2.0,１ＤＫ,50.0,2017.0,9.0,ＲＣ,１中住専,未改装,2200.0
3290,甲東園,10.0,4.0,３ＬＤＫ,75.0,2010.0,10.0,ＲＣ,１低住専,未改装,3500.0
3291,西宮北口,9.0,3.0,２ＬＤＫ,55.0,2017.0,23.0,ＲＣ,１中住専,改装済み,2700.0
3293,西宮北口,9.0,4.0,３ＬＤＫ,75.0,2017.0,6.0,ＲＣ,１中住専,未改装,4700.0
3294,西宮北口,14.0,3.0,２ＬＤＫ,60.0,2017.0,17.0,ＲＣ,準住居,未改装,2400.0
3295,甲東園,9.0,4.0,３ＬＤＫ,80.0,2010.0,10.0,ＲＣ,２低住専,未改装,3200.0
3296,甲東園,7.0,3.0,２ＬＤＫ,70.0,2010.0,10.0,ＲＣ,１低住専,未改装,2800.0
3297,甲陽園,2.0,5.0,４ＬＤＫ,90.0,2014.0,14.0,ＲＣ,２低住専,未改装,3300.0
3298,甲陽園,10.0,4.0,３ＬＤＫ,95.0,2014.0,14.0,ＲＣ,１低住専,改装済み,2600.0
3299,甲陽園,3.0,4.0,３ＬＤＫ,70.0,2014.0,14.0,ＲＣ,２低住専,未改装,2900.0
3300,仁川,7.0,5.0,４ＬＤＫ,85.0,2010.0,10.0,ＲＣ,１低住専,未改装,3800.0
3301,甲陽園,10.0,5.0,４ＬＤＫ,95.0,2014.0,16.0,ＲＣ,１低住専,未改装,2400.0
3302,香櫨園,12.0,4.0,３ＬＤＫ,70.0,2017.0,7.0,ＲＣ,１種住居,未改装,3400.0
3304,香櫨園,14.0,4.0,３ＬＤＫ,95.0,2017.0,33.0,ＲＣ,１種住居,未改装,1500.0
3305,甲陽園,5.0,4.0,３ＬＤＫ,85.0,2010.0,12.0,ＲＣ,１中住専,未改装,3300.0
3307,甲陽園,15.0,4.0,３ＬＤＫ,75.0,2014.0,16.0,ＲＣ,１中住専,未改装,2200.0
3308,苦楽園口,14.0,4.0,３ＬＤＫ,70.0,2017.0,19.0,ＳＲＣ,１種住居,改装済み,2800.0
3309,甲陽園,4.0,5.0,４ＬＤＫ,90.0,2014.0,15.0,ＲＣ,近隣商業,未改装,3900.0
3310,夙川,7.0,4.0,３ＬＤＫ,65.0,2017.0,21.0,ＲＣ,１中住専,改装済み,3000.0
3311,香櫨園,10.0,4.0,３ＬＤＫ,60.0,2010.0,10.0,ＲＣ,１中住専,未改装,2400.0
3312,香櫨園,12.0,4.0,３ＬＤＫ,85.0,2010.0,3.0,ＲＣ,１中住専,未改装,4000.0
3313,香櫨園,9.0,4.0,２ＬＤＫ＋Ｓ,75.0,2010.0,3.0,ＲＣ,１中住専,未改装,4100.0
3314,香櫨園,10.0,4.0,３ＬＤＫ,65.0,2010.0,10.0,ＲＣ,１中住専,未改装,2600.0
3315,甲陽園,1.0,3.0,２ＤＫ,50.0,2014.0,43.0,ＲＣ,近隣商業,未改装,650.0
3316,さくら夙川,4.0,4.0,３ＬＤＫ,70.0,2017.0,38.0,ＳＲＣ,近隣商業,改装済み,2700.0
3317,甲陽園,2.0,4.0,３ＬＤＫ,60.0,2014.0,43.0,ＲＣ,近隣商業,未改装,820.0
3318,甲陽園,3.0,5.0,４ＬＤＫ,70.0,2014.0,37.0,ＳＲＣ,近隣商業,改装済み,2300.0
3319,香櫨園,12.0,4.0,３ＬＤＫ,90.0,2010.0,26.0,ＲＣ,１中住専,未改装,1800.0
3320,香櫨園,10.0,4.0,３ＬＤＫ,70.0,2010.0,4.0,ＲＣ,１中住専,未改装,3200.0
3321,香櫨園,9.0,4.0,３ＬＤＫ,65.0,2010.0,4.0,ＲＣ,１中住専,未改装,3100.0
3322,東鳴尾,5.0,4.0,３ＬＤＫ,80.0,2017.0,26.0,ＳＲＣ,１種住居,改装済み,2500.0
3324,甲陽園,4.0,5.0,４ＬＤＫ,85.0,2014.0,14.0,ＲＣ,１中住専,未改装,2900.0
3325,夙川,6.0,2.0,１Ｋ,25.0,2017.0,33.0,ＲＣ,１中住専,改装済み,500.0
3326,夙川,6.0,4.0,３ＬＤＫ,90.0,2017.0,19.0,ＲＣ,１中住専,未改装,5300.0
3327,夙川,6.0,2.0,１Ｋ,15.0,2017.0,33.0,ＲＣ,１種住居,未改装,420.0
3328,夙川,6.0,2.0,１Ｋ,15.0,2017.0,33.0,ＲＣ,１中住専,改装済み,600.0
3330,甲子園口,13.0,4.0,３ＬＤＫ,80.0,2014.0,10.0,ＲＣ,１種住居,未改装,3300.0
3331,甲子園口,13.0,5.0,４ＬＤＫ,80.0,2014.0,10.0,ＲＣ,１種住居,未改装,3200.0
3332,甲陽園,10.0,5.0,４ＬＤＫ,80.0,2010.0,6.0,ＲＣ,近隣商業,未改装,2500.0
3334,夙川,3.0,4.0,３ＬＤＫ,80.0,2014.0,14.0,ＲＣ,１中住専,未改装,5100.0
3335,西宮北口,0.0,4.0,３ＤＫ,60.0,2010.0,9.0,ＳＲＣ,商業,未改装,3400.0
3336,西宮北口,2.0,5.0,４ＬＤＫ,95.0,2010.0,9.0,ＳＲＣ,商業,未改装,6100.0
3337,苦楽園口,14.0,3.0,２ＬＤＫ,85.0,2017.0,28.0,ＲＣ,１中住専,改装済み,4000.0
3338,苦楽園口,14.0,4.0,３ＬＤＫ,150.0,2017.0,2.0,ＲＣ,１中住専,改装済み,6100.0
3339,西宮北口,6.0,2.0,１ＬＤＫ,35.0,2010.0,12.0,ＳＲＣ,１中住専,改装済み,1100.0
3340,久寿川,11.0,4.0,３ＬＤＫ,70.0,2017.0,8.0,ＲＣ,準工業,未改装,3300.0
3341,鳴尾・武庫川女子大前,9.0,3.0,２ＬＤＫ,70.0,2014.0,42.0,ＳＲＣ,１種住居,未改装,800.0
3342,鳴尾・武庫川女子大前,8.0,3.0,２ＬＤＫ,55.0,2014.0,42.0,ＳＲＣ,１種住居,未改装,1300.0
3343,鳴尾・武庫川女子大前,9.0,3.0,２ＬＤＫ,65.0,2014.0,27.0,ＳＲＣ,１種住居,改装済み,1200.0
3344,甲子園,10.0,4.0,３ＬＤＫ,70.0,2017.0,7.0,ＲＣ,１中住専,未改装,4100.0
3345,甲子園,9.0,4.0,３ＬＤＫ,70.0,2017.0,7.0,ＲＣ,１中住専,改装済み,4100.0
3346,武庫川,6.0,4.0,３ＬＤＫ,70.0,2014.0,6.0,ＲＣ,２中住専,未改装,3000.0
3347,甲子園口,16.0,4.0,３ＤＫ,50.0,2017.0,20.0,ＳＲＣ,近隣商業,改装済み,1600.0
3349,西宮(阪神),14.0,4.0,３ＬＤＫ,65.0,2010.0,36.0,ＳＲＣ,準工業,改装済み,1200.0
3350,西宮(阪神),12.0,4.0,３ＬＤＫ,55.0,2010.0,36.0,ＳＲＣ,準工業,改装済み,1200.0
3351,西宮(阪神),11.0,4.0,３ＬＤＫ,55.0,2010.0,36.0,ＳＲＣ,準工業,未改装,580.0
3352,苦楽園口,11.0,4.0,３ＬＤＫ,75.0,2014.0,16.0,ＲＣ,１低住専,未改装,3500.0
3353,苦楽園口,9.0,3.0,２ＬＤＫ,85.0,2014.0,10.0,ＲＣ,１低住専,未改装,5200.0
3354,甲東園,4.0,4.0,３ＬＤＫ,70.0,2017.0,16.0,ＲＣ,１中住専,未改装,3800.0
3355,甲東園,10.0,4.0,３ＬＤＫ,80.0,2017.0,17.0,ＲＣ,２低住専,未改装,3300.0
3356,甲子園口,8.0,4.0,３ＬＤＫ,75.0,2010.0,3.0,ＲＣ,１中住専,未改装,3900.0
3358,西宮(阪神),5.0,4.0,３ＬＤＫ,65.0,2014.0,16.0,ＳＲＣ,近隣商業,改装済み,2700.0
3359,西宮(阪神),5.0,4.0,３ＬＤＫ,65.0,2014.0,16.0,ＳＲＣ,近隣商業,未改装,2600.0
3360,生瀬,16.0,4.0,３ＬＤＫ,80.0,2014.0,22.0,ＲＣ,１中住専,未改装,820.0
3362,甲陽園,10.0,4.0,３ＬＤＫ,70.0,2014.0,13.0,ＲＣ,１中住専,未改装,2900.0
3363,甲陽園,9.0,5.0,４ＬＤＫ,85.0,2014.0,10.0,ＲＣ,１中住専,未改装,3700.0
3364,夙川,9.0,4.0,３ＬＤＫ,95.0,2014.0,18.0,ＲＣ,１中住専,未改装,4100.0
3365,夙川,9.0,4.0,３ＬＤＫ,75.0,2014.0,18.0,ＲＣ,１中住専,未改装,3600.0
3366,夙川,9.0,4.0,３ＬＤＫ,70.0,2014.0,18.0,ＲＣ,１中住専,未改装,3200.0
3367,夙川,9.0,4.0,３ＬＤＫ,80.0,2010.0,14.0,ＲＣ,１中住専,未改装,3500.0
3368,夙川,8.0,4.0,３ＬＤＫ,85.0,2010.0,8.0,ＲＣ,１中住専,改装済み,4500.0
3369,香櫨園,11.0,4.0,３ＬＤＫ,70.0,2014.0,7.0,ＲＣ,１中住専,未改装,3100.0
3370,香櫨園,9.0,4.0,３ＬＤＫ,80.0,2017.0,1.0,ＲＣ,１中住専,未改装,5600.0
3371,香櫨園,8.0,3.0,２ＬＤＫ,75.0,2017.0,9.0,ＲＣ,１中住専,未改装,3700.0
3372,甲子園口,14.0,5.0,４ＬＤＫ,90.0,2010.0,13.0,ＲＣ,１中住専,未改装,2800.0
3373,香櫨園,6.0,5.0,４ＬＤＫ,115.0,2017.0,33.0,ＲＣ,１中住専,未改装,3400.0
3374,香櫨園,5.0,4.0,３ＬＤＫ,90.0,2017.0,33.0,ＲＣ,１中住専,改装済み,3400.0
3375,甲子園,11.0,5.0,４ＤＫ,70.0,2010.0,41.0,ＲＣ,２中住専,未改装,1400.0
3376,香櫨園,2.0,4.0,３ＬＤＫ,80.0,2017.0,19.0,ＳＲＣ,準工業,改装済み,3400.0
3377,香櫨園,2.0,4.0,３ＬＤＫ,80.0,2017.0,19.0,ＳＲＣ,準住居,未改装,2900.0
3378,香櫨園,2.0,4.0,３ＬＤＫ,75.0,2017.0,19.0,ＳＲＣ,準住居,改装済み,3900.0
3379,苦楽園口,11.0,4.0,３ＬＤＫ,80.0,2014.0,12.0,ＲＣ,１低住専,未改装,3900.0
3380,苦楽園口,13.0,4.0,３ＬＤＫ,80.0,2014.0,9.0,ＲＣ,１低住専,未改装,3300.0
3381,西宮(ＪＲ),8.0,4.0,３ＬＤＫ,70.0,2014.0,0.0,ＲＣ,準工業,未改装,4100.0
3382,西宮(ＪＲ),9.0,4.0,３ＬＤＫ,70.0,2014.0,0.0,ＲＣ,準工業,未改装,4000.0
3383,西宮北口,9.0,4.0,３ＬＤＫ,70.0,2014.0,0.0,ＲＣ,準工業,未改装,4000.0
3384,西宮北口,9.0,3.0,２ＬＤＫ,75.0,2014.0,0.0,ＲＣ,準工業,未改装,4200.0
3385,西宮北口,8.0,4.0,３ＬＤＫ,70.0,2014.0,0.0,ＲＣ,工業,未改装,4100.0
3387,西宮北口,9.0,4.0,３ＬＤＫ,70.0,2014.0,0.0,ＲＣ,準工業,改装済み,4300.0
3388,西宮北口,10.0,4.0,３ＬＤＫ,75.0,2014.0,0.0,ＲＣ,準工業,未改装,4300.0
3390,夙川,10.0,2.0,１Ｋ,15.0,2014.0,30.0,ＲＣ,１種住居,未改装,640.0
3391,苦楽園口,16.0,3.0,２ＬＤＫ,110.0,2014.0,24.0,ＲＣ,１低住専,改装済み,2000.0
3392,苦楽園口,18.0,4.0,３ＬＤＫ,85.0,2014.0,11.0,ＲＣ,１低住専,改装済み,3500.0
3393,甲子園,14.0,5.0,４ＬＤＫ,75.0,2010.0,4.0,ＲＣ,２種住居,未改装,3300.0
3394,甲子園,14.0,4.0,３ＬＤＫ,75.0,2010.0,4.0,ＲＣ,２種住居,未改装,3500.0
3395,甲子園,11.0,4.0,３ＬＤＫ,55.0,2010.0,10.0,ＲＣ,２中住専,未改装,1000.0
3396,甲子園,14.0,5.0,４ＬＤＫ,90.0,2010.0,4.0,ＲＣ,２種住居,未改装,3900.0
3397,苦楽園口,13.0,4.0,３ＬＤＫ,75.0,2014.0,18.0,ＲＣ,１中住専,未改装,2600.0
3398,苦楽園口,15.0,4.0,３ＬＤＫ,65.0,2014.0,37.0,ＲＣ,１中住専,未改装,880.0
3399,鳴尾・武庫川女子大前,12.0,3.0,２ＬＤＫ,70.0,2010.0,4.0,ＲＣ,２種住居,未改装,3300.0
3400,鳴尾・武庫川女子大前,13.0,5.0,４ＬＤＫ,90.0,2010.0,4.0,ＲＣ,２種住居,未改装,3000.0
3401,西宮北口,11.0,3.0,２ＬＤＫ,75.0,2014.0,38.0,ＲＣ,１中住専,改装済み,1700.0
3402,西宮北口,15.0,4.0,２ＬＤＫ＋Ｓ,55.0,2014.0,12.0,ＲＣ,１中住専,未改装,2500.0
3403,西宮北口,13.0,4.0,３ＬＤＫ,70.0,2014.0,11.0,ＲＣ,１中住専,未改装,4400.0
3404,甲子園,2.0,5.0,４ＬＤＫ,110.0,2010.0,7.0,ＲＣ,２中住専,未改装,5700.0
3405,甲陽園,23.0,3.0,２ＬＤＫ,50.0,2014.0,25.0,ＲＣ,１中住専,未改装,920.0
3407,武庫川団地前,7.0,3.0,２ＬＤＫ,60.0,2014.0,23.0,ＲＣ,１中住専,未改装,1300.0
3408,武庫川団地前,8.0,4.0,３ＬＤＫ,85.0,2014.0,14.0,ＲＣ,１中住専,未改装,2200.0
3409,武庫川団地前,11.0,4.0,３ＬＤＫ,65.0,2014.0,29.0,ＳＲＣ,１中住専,未改装,1400.0
3411,武庫川団地前,8.0,4.0,３ＬＤＫ,85.0,2014.0,14.0,ＲＣ,１中住専,未改装,2300.0
3412,甲子園口,7.0,4.0,３ＬＤＫ,70.0,2017.0,3.0,ＲＣ,１中住専,未改装,4900.0
3413,武庫川団地前,7.0,4.0,３ＬＤＫ,85.0,2014.0,12.0,ＲＣ,１中住専,未改装,2400.0
3414,武庫川団地前,7.0,5.0,４ＬＤＫ,95.0,2014.0,25.0,ＳＲＣ,１中住専,未改装,1700.0
3415,武庫川団地前,5.0,4.0,３ＬＤＫ,95.0,2014.0,10.0,ＲＣ,１中住専,未改装,2400.0
3416,武庫川団地前,10.0,4.0,３ＬＤＫ,95.0,2014.0,29.0,ＳＲＣ,１中住専,改装済み,1900.0
3417,武庫川団地前,6.0,5.0,４ＬＤＫ,85.0,2014.0,10.0,ＲＣ,１中住専,未改装,2800.0
3418,武庫川団地前,8.0,5.0,４ＬＤＫ,95.0,2014.0,31.0,ＳＲＣ,１中住専,改装済み,1700.0
3419,苦楽園口,12.0,3.0,２ＬＤＫ,75.0,2017.0,43.0,ＲＣ,１低住専,改装済み,1700.0
3420,苦楽園口,14.0,5.0,４ＤＫ,75.0,2017.0,43.0,ＲＣ,１低住専,未改装,750.0
3421,甲子園口,2.0,4.0,３ＬＤＫ,60.0,2010.0,10.0,ＲＣ,１中住専,未改装,2800.0
3422,甲子園口,3.0,4.0,３ＬＤＫ,105.0,2010.0,19.0,ＲＣ,近隣商業,未改装,2500.0
3423,甲子園口,7.0,5.0,４ＬＤＫ,85.0,2010.0,6.0,ＲＣ,１中住専,未改装,4100.0
3424,甲子園口,5.0,4.0,３ＬＤＫ,60.0,2010.0,13.0,ＲＣ,近隣商業,改装済み,2300.0
3425,西宮北口,3.0,5.0,４ＬＤＫ,85.0,2014.0,6.0,ＲＣ,商業,未改装,5900.0
3426,西宮北口,10.0,3.0,２ＤＫ,45.0,2014.0,15.0,ＳＲＣ,１種住居,未改装,2000.0
3427,西宮北口,10.0,4.0,３ＬＤＫ,70.0,2014.0,9.0,ＲＣ,１種住居,未改装,3100.0
3428,西宮北口,9.0,3.0,２ＬＤＫ,70.0,2014.0,9.0,ＲＣ,１種住居,未改装,2700.0
3429,甲子園口,4.0,4.0,３ＬＤＫ,85.0,2010.0,3.0,ＲＣ,１中住専,未改装,4600.0
3430,甲子園口,6.0,5.0,４ＬＤＫ,85.0,2010.0,32.0,ＲＣ,１中住専,未改装,1700.0
3431,甲子園口,5.0,4.0,３ＬＤＫ,70.0,2010.0,12.0,ＲＣ,１中住専,改装済み,2900.0
3432,苦楽園口,6.0,3.0,２ＬＤＫ,60.0,2017.0,18.0,ＲＣ,１中住専,未改装,3100.0
3433,香櫨園,11.0,4.0,３ＬＤＫ,60.0,2014.0,17.0,ＲＣ,１種住居,未改装,2000.0
3434,甲子園,8.0,4.0,３ＬＤＫ,70.0,2010.0,12.0,ＳＲＣ,近隣商業,未改装,2700.0
3435,甲子園,7.0,4.0,３ＬＤＫ,65.0,2010.0,12.0,ＳＲＣ,近隣商業,未改装,2100.0
3436,夙川,9.0,4.0,３ＬＤＫ,95.0,2017.0,6.0,ＲＣ,１中住専,未改装,6000.0
3437,甲子園,7.0,4.0,３ＬＤＫ,70.0,2010.0,12.0,ＳＲＣ,近隣商業,未改装,2200.0
3438,夙川,7.0,5.0,４ＬＤＫ,85.0,2017.0,19.0,ＲＣ,１中住専,未改装,4700.0
3440,西宮(阪神),2.0,4.0,３ＬＤＫ,80.0,2014.0,11.0,ＳＲＣ,商業,未改装,4100.0
3441,西宮(阪神),2.0,4.0,３ＬＤＫ,75.0,2014.0,11.0,ＳＲＣ,商業,未改装,3700.0
3442,西宮(阪神),2.0,3.0,２ＬＤＫ,75.0,2014.0,11.0,ＲＣ,商業,未改装,3100.0
3443,甲子園,10.0,4.0,３ＬＤＫ,50.0,2010.0,37.0,ＲＣ,近隣商業,未改装,890.0
3444,甲子園,9.0,3.0,２ＬＤＫ,65.0,2010.0,37.0,ＲＣ,２種住居,未改装,1200.0
3445,甲子園,9.0,4.0,３ＬＤＫ,65.0,2010.0,37.0,ＲＣ,２種住居,改装済み,1500.0
3446,甲東園,19.0,4.0,３ＬＤＫ,75.0,2014.0,35.0,ＲＣ,１中住専,改装済み,1500.0
3447,甲子園,9.0,4.0,３ＬＤＫ,85.0,2017.0,16.0,ＲＣ,１中住専,未改装,4300.0
3448,甲子園,5.0,4.0,３ＬＤＫ,70.0,2017.0,12.0,ＲＣ,１中住専,未改装,4000.0
3449,甲子園,11.0,5.0,３ＬＤＫ＋Ｓ,90.0,2010.0,11.0,ＲＣ,１中住専,未改装,3800.0
3450,甲子園,10.0,4.0,３ＬＤＫ,90.0,2010.0,11.0,ＲＣ,２中住専,未改装,3600.0
3451,甲子園,10.0,5.0,４ＬＤＫ,130.0,2010.0,11.0,ＲＣ,１中住専,改装済み,4500.0
3452,仁川,8.0,4.0,３ＬＤＫ,65.0,2014.0,8.0,ＲＣ,１中住専,未改装,2800.0
3453,仁川,5.0,5.0,４ＬＤＫ,85.0,2014.0,4.0,ＲＣ,１中住専,未改装,4500.0
3454,仁川,8.0,4.0,３ＬＤＫ,80.0,2014.0,4.0,ＲＣ,１中住専,未改装,4200.0
3456,仁川,7.0,4.0,３ＬＤＫ,75.0,2014.0,4.0,ＲＣ,１中住専,未改装,4100.0
3457,甲子園,5.0,3.0,２ＤＫ,40.0,2017.0,48.0,ＲＣ,近隣商業,未改装,800.0
3458,甲子園,4.0,4.0,３ＬＤＫ,60.0,2017.0,43.0,ＲＣ,１種住居,未改装,900.0
3459,甲東園,1.0,3.0,２ＤＫ,40.0,2010.0,11.0,ＳＲＣ,近隣商業,未改装,1500.0
3460,甲東園,1.0,3.0,２ＬＤＫ,65.0,2010.0,22.0,ＲＣ,近隣商業,改装済み,2100.0
3461,甲子園,6.0,3.0,２ＬＤＫ,55.0,2017.0,48.0,ＲＣ,近隣商業,未改装,700.0
3462,甲子園,4.0,2.0,１ＬＤＫ,40.0,2017.0,48.0,ＲＣ,近隣商業,未改装,750.0
3463,甲東園,1.0,3.0,２ＤＫ,40.0,2010.0,11.0,ＳＲＣ,近隣商業,未改装,820.0
3464,甲子園,6.0,4.0,３ＬＤＫ,85.0,2017.0,44.0,ＲＣ,１種住居,改装済み,2400.0
3465,甲東園,1.0,4.0,３ＬＤＫ,60.0,2010.0,11.0,ＳＲＣ,近隣商業,未改装,2700.0
3466,甲子園,6.0,4.0,３ＬＤＫ,75.0,2017.0,44.0,ＲＣ,２種住居,改装済み,2100.0
3467,甲東園,1.0,4.0,３ＬＤＫ,60.0,2010.0,11.0,ＳＲＣ,近隣商業,未改装,3100.0
3468,さくら夙川,3.0,4.0,３ＬＤＫ,80.0,2014.0,16.0,ＲＣ,１中住専,未改装,4300.0
3469,甲子園,12.0,5.0,４ＬＤＫ,65.0,2017.0,11.0,ＲＣ,２種住居,未改装,3200.0
3470,鳴尾・武庫川女子大前,12.0,5.0,４ＬＤＫ,75.0,2017.0,11.0,ＲＣ,２種住居,未改装,3600.0
3471,鳴尾・武庫川女子大前,12.0,4.0,３ＬＤＫ,75.0,2017.0,11.0,ＲＣ,２種住居,未改装,3100.0
3472,阪神国道,5.0,4.0,３ＬＤＫ,70.0,2014.0,16.0,ＲＣ,準工業,改装済み,2500.0
3473,阪神国道,5.0,4.0,３ＬＤＫ,70.0,2014.0,16.0,ＲＣ,準工業,改装済み,2800.0
3474,阪神国道,5.0,4.0,３ＬＤＫ,70.0,2014.0,16.0,ＲＣ,準工業,改装済み,2300.0
3475,阪神国道,5.0,4.0,３ＬＤＫ,70.0,2014.0,16.0,ＲＣ,準工業,改装済み,2900.0
3477,阪神国道,6.0,4.0,３ＬＤＫ,70.0,2014.0,16.0,ＲＣ,準工業,改装済み,2600.0
3478,阪神国道,5.0,4.0,３ＬＤＫ,70.0,2014.0,15.0,ＲＣ,準工業,改装済み,2300.0
3479,阪神国道,6.0,4.0,３ＬＤＫ,70.0,2014.0,16.0,ＲＣ,準工業,改装済み,2700.0
3480,西宮(ＪＲ),6.0,3.0,２ＬＤＫ,60.0,2014.0,15.0,ＲＣ,近隣商業,未改装,2200.0
3481,西宮(ＪＲ),6.0,4.0,３ＬＤＫ,65.0,2014.0,15.0,ＲＣ,近隣商業,改装済み,2300.0
3483,西宮(ＪＲ),6.0,4.0,３ＬＤＫ,70.0,2014.0,15.0,ＲＣ,近隣商業,未改装,2800.0
3484,西宮(ＪＲ),7.0,4.0,３ＬＤＫ,65.0,2014.0,15.0,ＲＣ,近隣商業,未改装,2000.0
3485,西宮(ＪＲ),4.0,4.0,３ＬＤＫ,70.0,2014.0,19.0,ＲＣ,２種住居,未改装,2600.0
3486,西宮(ＪＲ),7.0,4.0,３ＬＤＫ,75.0,2014.0,15.0,ＲＣ,近隣商業,改装済み,3300.0
3488,西宮(ＪＲ),5.0,4.0,３ＬＤＫ,75.0,2014.0,15.0,ＲＣ,近隣商業,未改装,3200.0
3489,阪神国道,2.0,4.0,３ＬＤＫ,65.0,2014.0,6.0,ＲＣ,近隣商業,未改装,2800.0
3490,阪神国道,2.0,4.0,３ＬＤＫ,70.0,2014.0,6.0,ＲＣ,近隣商業,未改装,2800.0
3491,甲陽園,11.0,4.0,３ＬＤＫ,75.0,2010.0,5.0,ＲＣ,１中住専,改装済み,2700.0
3492,今津(阪神),2.0,4.0,３ＬＤＫ,70.0,2014.0,9.0,ＲＣ,近隣商業,未改装,2700.0
3493,甲陽園,7.0,4.0,３ＬＤＫ,70.0,2010.0,4.0,ＲＣ,１中住専,未改装,3200.0
3494,今津(阪急),8.0,4.0,３ＬＤＫ,55.0,2014.0,18.0,ＳＲＣ,１種住居,未改装,1700.0
3495,今津(阪神),6.0,4.0,３ＬＤＫ,60.0,2014.0,18.0,ＳＲＣ,１種住居,未改装,2000.0
3496,甲子園口,9.0,6.0,５ＬＤＫ,120.0,2017.0,45.0,ＲＣ,１中住専,未改装,2200.0
3498,甲陽園,1.0,2.0,１ＬＤＫ,50.0,2010.0,39.0,ＲＣ,近隣商業,未改装,400.0
3499,甲陽園,4.0,5.0,４ＬＤＫ,75.0,2010.0,33.0,ＳＲＣ,近隣商業,未改装,1300.0
3500,甲陽園,4.0,4.0,３ＬＤＫ,75.0,2010.0,33.0,ＳＲＣ,近隣商業,改装済み,1900.0
3501,甲陽園,3.0,4.0,３ＬＤＫ,155.0,2010.0,33.0,ＳＲＣ,近隣商業,改装済み,4200.0
3502,甲子園口,16.0,5.0,４ＬＤＫ,75.0,2017.0,17.0,ＲＣ,近隣商業,未改装,2800.0
3503,西宮(阪神),11.0,3.0,２ＬＤＫ,55.0,2014.0,25.0,ＳＲＣ,１種住居,改装済み,1500.0
3504,西宮(阪神),9.0,4.0,３ＬＤＫ,65.0,2014.0,25.0,ＳＲＣ,１種住居,未改装,1400.0
3505,甲子園口,4.0,3.0,２ＬＤＫ,50.0,2017.0,10.0,ＲＣ,近隣商業,未改装,1900.0
3506,甲子園口,8.0,5.0,４ＬＤＫ,80.0,2017.0,7.0,ＲＣ,近隣商業,未改装,4100.0
3507,甲子園口,7.0,3.0,２ＬＤＫ,60.0,2017.0,22.0,ＲＣ,１中住専,未改装,2600.0
3508,甲子園口,8.0,4.0,３ＬＤＫ,75.0,2017.0,16.0,ＲＣ,１中住専,未改装,3200.0
3509,甲子園口,7.0,4.0,３ＬＤＫ,75.0,2014.0,13.0,ＲＣ,１中住専,未改装,3400.0
3510,甲陽園,4.0,4.0,３ＬＤＫ,70.0,2010.0,10.0,ＲＣ,１中住専,未改装,2700.0
3511,甲陽園,4.0,4.0,３ＬＤＫ,70.0,2010.0,10.0,ＲＣ,１中住専,未改装,2600.0
3512,甲陽園,13.0,4.0,３ＬＤＫ,75.0,2010.0,14.0,ＲＣ,１中住専,改装済み,1600.0
3513,甲陽園,9.0,4.0,３ＬＤＫ,80.0,2010.0,1.0,ＲＣ,１中住専,未改装,3400.0
3514,甲陽園,14.0,5.0,４ＬＤＫ,75.0,2010.0,1.0,ＲＣ,１中住専,未改装,3400.0
3515,甲陽園,13.0,5.0,４ＬＤＫ,80.0,2010.0,1.0,ＲＣ,１中住専,未改装,3600.0
3516,甲陽園,13.0,5.0,４ＬＤＫ,75.0,2010.0,1.0,ＲＣ,１中住専,未改装,3300.0
3517,甲陽園,9.0,5.0,４ＬＤＫ,85.0,2010.0,1.0,ＲＣ,１中住専,未改装,3400.0
3518,甲子園口,5.0,4.0,３ＬＤＫ,70.0,2017.0,47.0,ＲＣ,１中住専,改装済み,2200.0
3519,甲陽園,9.0,4.0,３ＬＤＫ,75.0,2010.0,14.0,ＲＣ,１中住専,改装済み,1900.0
3520,甲子園口,2.0,5.0,４ＬＤＫ,90.0,2017.0,21.0,ＲＣ,近隣商業,未改装,4100.0
3521,甲子園口,5.0,4.0,３ＬＤＫ,75.0,2017.0,47.0,ＳＲＣ,１中住専,未改装,1500.0
3522,西宮(阪神),11.0,5.0,４ＬＤＫ,80.0,2010.0,4.0,ＲＣ,近隣商業,未改装,2700.0
3523,西宮(阪神),3.0,3.0,２ＬＤＫ,55.0,2014.0,8.0,ＲＣ,商業,未改装,2700.0
3524,西宮(阪神),11.0,4.0,３ＬＤＫ,70.0,2010.0,4.0,ＲＣ,近隣商業,未改装,2900.0
3526,甲子園,8.0,4.0,３ＬＤＫ,70.0,2017.0,17.0,ＳＲＣ,１種住居,改装済み,2900.0
3527,甲子園,8.0,3.0,２ＤＫ,60.0,2017.0,21.0,ＲＣ,１種住居,未改装,1800.0
3528,甲子園口,13.0,4.0,３ＬＤＫ,75.0,2010.0,6.0,ＲＣ,１種住居,未改装,3100.0
3529,甲子園口,15.0,5.0,４ＬＤＫ,85.0,2010.0,6.0,ＲＣ,２中住専,未改装,3400.0
3530,甲子園,8.0,3.0,２ＬＤＫ,70.0,2017.0,4.0,ＲＣ,１中住専,改装済み,3800.0
3531,夙川,5.0,4.0,３ＬＤＫ,70.0,2010.0,15.0,ＲＣ,１種住居,改装済み,3200.0
3532,夙川,2.0,4.0,３ＬＤＫ,75.0,2010.0,10.0,ＲＣ,１中住専,未改装,3900.0
3533,香櫨園,5.0,5.0,４ＬＤＫ,85.0,2014.0,12.0,ＲＣ,１中住専,未改装,3700.0
3534,西宮(ＪＲ),9.0,4.0,３ＬＤＫ,75.0,2014.0,10.0,ＲＣ,１種住居,未改装,3300.0
3535,鳴尾・武庫川女子大前,9.0,4.0,３ＬＤＫ,65.0,2010.0,38.0,ＳＲＣ,１種住居,未改装,1300.0
3536,西宮北口,19.0,4.0,３ＬＤＫ,70.0,2014.0,14.0,ＲＣ,１種住居,未改装,2500.0
3537,鳴尾・武庫川女子大前,8.0,4.0,３ＤＫ,65.0,2010.0,40.0,ＳＲＣ,１種住居,未改装,850.0
3538,西宮北口,23.0,4.0,３ＬＤＫ,70.0,2014.0,17.0,ＲＣ,１種住居,未改装,2500.0
3539,西宮北口,20.0,4.0,３ＬＤＫ,70.0,2014.0,17.0,ＲＣ,１種住居,未改装,2300.0
3541,鳴尾・武庫川女子大前,12.0,4.0,３ＬＤＫ,70.0,2010.0,6.0,ＲＣ,１種住居,未改装,140.0
3543,甲東園,3.0,4.0,３ＬＤＫ,55.0,2017.0,20.0,ＲＣ,近隣商業,改装済み,2400.0
3544,苦楽園口,12.0,4.0,３ＬＤＫ,95.0,2010.0,12.0,ＲＣ,１低住専,未改装,4500.0
3545,西宮名塩,30.0,4.0,３ＬＤＫ,65.0,2014.0,19.0,ＲＣ,１低住専,未改装,470.0
3546,甲陽園,2.0,4.0,３ＬＤＫ,70.0,2017.0,17.0,ＲＣ,２低住専,未改装,3800.0
3547,甲陽園,12.0,5.0,４ＬＤＫ,100.0,2010.0,19.0,ＲＣ,１中住専,未改装,2600.0
3548,甲陽園,10.0,4.0,３ＬＤＫ,75.0,2017.0,12.0,ＲＣ,１低住専,改装済み,2900.0
3550,苦楽園口,7.0,5.0,４ＬＤＫ,105.0,2014.0,16.0,ＲＣ,１中住専,未改装,3800.0
3551,甲陽園,13.0,4.0,３ＬＤＫ,80.0,2017.0,4.0,ＲＣ,１中住専,改装済み,3000.0
3552,西宮(阪神),6.0,2.0,１Ｋ,20.0,2010.0,3.0,ＲＣ,近隣商業,未改装,750.0
3553,西宮(阪神),3.0,3.0,２ＬＤＫ,55.0,2010.0,12.0,ＳＲＣ,近隣商業,未改装,2200.0
3554,甲陽園,6.0,5.0,４ＬＤＫ,75.0,2017.0,21.0,ＲＣ,１中住専,改装済み,2700.0
3555,甲陽園,11.0,4.0,３ＬＤＫ,70.0,2017.0,21.0,ＲＣ,１中住専,未改装,2300.0
3556,甲陽園,11.0,4.0,３ＬＤＫ,70.0,2017.0,21.0,ＲＣ,１中住専,未改装,2500.0
3557,西宮名塩,9.0,4.0,３ＬＤＫ,70.0,2010.0,11.0,ＲＣ,１中住専,改装済み,1500.0
3558,西宮名塩,9.0,4.0,３ＬＤＫ,75.0,2010.0,11.0,ＲＣ,１中住専,改装済み,1300.0
3559,西宮名塩,7.0,4.0,３ＬＤＫ,75.0,2010.0,11.0,ＲＣ,１中住専,改装済み,1400.0
3560,苦楽園口,9.0,4.0,３ＬＤＫ,65.0,2010.0,13.0,ＲＣ,１中住専,未改装,2600.0
3562,甲陽園,2.0,4.0,３ＬＤＫ,60.0,2017.0,46.0,ＲＣ,近隣商業,未改装,900.0
3563,甲陽園,4.0,4.0,３ＬＤＫ,65.0,2017.0,40.0,ＳＲＣ,近隣商業,改装済み,1700.0
3564,甲陽園,6.0,4.0,３ＬＤＫ,75.0,2010.0,10.0,ＲＣ,１中住専,未改装,2800.0
3565,甲陽園,8.0,4.0,３ＬＤＫ,90.0,2017.0,17.0,ＲＣ,１中住専,未改装,3600.0
3566,甲陽園,10.0,4.0,３ＬＤＫ,65.0,2010.0,9.0,ＲＣ,１中住専,改装済み,2500.0
3567,甲陽園,1.0,4.0,３ＬＤＫ,70.0,2017.0,46.0,ＲＣ,近隣商業,未改装,950.0
3568,宝塚,19.0,5.0,４ＬＤＫ,75.0,2014.0,17.0,ＳＲＣ,２中住専,未改装,1700.0
3569,宝塚,18.0,4.0,３ＬＤＫ,75.0,2014.0,15.0,ＳＲＣ,２中住専,改装済み,1700.0
3570,宝塚,15.0,4.0,３ＬＤＫ,75.0,2014.0,15.0,ＳＲＣ,２中住専,改装済み,1700.0
3571,生瀬,13.0,4.0,３ＬＤＫ,70.0,2014.0,17.0,ＳＲＣ,２中住専,未改装,1700.0
3572,甲陽園,1.0,4.0,３ＬＤＫ,85.0,2017.0,2.0,ＲＣ,１中住専,未改装,5700.0
3573,甲陽園,9.0,4.0,３ＬＤＫ,70.0,2017.0,21.0,ＲＣ,１中住専,未改装,1400.0
3574,西宮(阪神),10.0,5.0,４ＬＤＫ,85.0,2017.0,11.0,ＲＣ,近隣商業,未改装,3800.0
3575,香櫨園,10.0,4.0,３ＬＤＫ,75.0,2010.0,13.0,ＲＣ,１中住専,未改装,3000.0
3576,香櫨園,15.0,4.0,３ＬＤＫ,70.0,2010.0,3.0,ＲＣ,１中住専,未改装,3300.0
3577,甲子園口,11.0,4.0,３ＬＤＫ,65.0,2017.0,18.0,ＲＣ,２種住居,未改装,2800.0
3578,甲子園口,11.0,4.0,３ＬＤＫ,65.0,2017.0,18.0,ＲＣ,２種住居,未改装,2900.0
3579,鳴尾・武庫川女子大前,10.0,4.0,３ＬＤＫ,80.0,2014.0,19.0,ＲＣ,１種住居,未改装,2400.0
3580,鳴尾・武庫川女子大前,6.0,4.0,３ＬＤＫ,85.0,2014.0,17.0,ＲＣ,近隣商業,未改装,2800.0
3581,鳴尾・武庫川女子大前,13.0,4.0,３ＬＤＫ,80.0,2014.0,19.0,ＲＣ,１種住居,改装済み,2800.0
3582,鳴尾・武庫川女子大前,5.0,4.0,３ＬＤＫ,80.0,2014.0,17.0,ＲＣ,２種住居,未改装,2700.0
3583,鳴尾・武庫川女子大前,10.0,4.0,３ＬＤＫ,80.0,2014.0,19.0,ＲＣ,１種住居,未改装,2300.0
3584,苦楽園口,6.0,2.0,１ＬＤＫ,40.0,2014.0,6.0,ＲＣ,１中住専,未改装,1900.0
3585,武庫川,11.0,3.0,２ＬＤＫ,75.0,2017.0,20.0,ＲＣ,２中住専,改装済み,3800.0
3586,武庫川,11.0,3.0,２ＬＤＫ,75.0,2017.0,20.0,ＲＣ,１中住専,改装済み,4000.0
3587,武庫川,13.0,4.0,３ＬＤＫ,75.0,2017.0,20.0,ＲＣ,２中住専,改装済み,3800.0
3588,武庫川,11.0,4.0,３ＬＤＫ,75.0,2017.0,2.0,ＲＣ,２中住専,未改装,4000.0
3589,武庫川,12.0,4.0,３ＬＤＫ,75.0,2017.0,20.0,ＲＣ,２中住専,改装済み,4000.0
3591,苦楽園口,10.0,3.0,２ＬＤＫ,85.0,2010.0,4.0,ＲＣ,１低住専,未改装,4800.0
3592,武庫川,12.0,4.0,３ＬＤＫ,75.0,2017.0,19.0,ＲＣ,２低住専,改装済み,4000.0
3593,鳴尾・武庫川女子大前,9.0,3.0,２ＬＤＫ,70.0,2017.0,45.0,ＳＲＣ,１種住居,改装済み,1500.0
3594,甲陽園,12.0,4.0,３ＬＤＫ,65.0,2010.0,9.0,ＲＣ,１低住専,未改装,1700.0
3595,甲陽園,10.0,4.0,３ＬＤＫ,80.0,2010.0,23.0,ＲＣ,１低住専,未改装,1400.0
3596,仁川,2.0,5.0,４ＬＤＫ,85.0,2014.0,12.0,ＲＣ,１中住専,未改装,4700.0
3597,仁川,11.0,4.0,３ＬＤＫ,70.0,2014.0,26.0,ＲＣ,１低住専,改装済み,2100.0
3598,甲陽園,16.0,4.0,３ＬＤＫ,85.0,2010.0,7.0,ＲＣ,１低住専,未改装,3900.0
3599,仁川,10.0,4.0,３ＬＤＫ,75.0,2014.0,13.0,ＲＣ,１低住専,未改装,2800.0
3600,苦楽園口,15.0,4.0,３ＬＤＫ,65.0,2010.0,33.0,ＲＣ,１中住専,改装済み,850.0
3601,苦楽園口,23.0,4.0,３ＬＤＫ,70.0,2010.0,9.0,ＲＣ,１中住専,未改装,2300.0
3602,苦楽園口,16.0,4.0,３ＬＤＫ,75.0,2010.0,5.0,ＲＣ,１中住専,未改装,2800.0
3603,苦楽園口,15.0,4.0,３ＬＤＫ,65.0,2010.0,9.0,ＲＣ,１中住専,未改装,2100.0
3604,苦楽園口,17.0,4.0,３ＬＤＫ,80.0,2010.0,9.0,ＲＣ,１中住専,未改装,2700.0
3605,苦楽園口,14.0,3.0,２ＬＤＫ,60.0,2010.0,14.0,ＲＣ,１中住専,改装済み,1800.0
3606,甲陽園,11.0,4.0,３ＬＤＫ,80.0,2017.0,26.0,ＲＣ,１中住専,未改装,2000.0
3607,西宮(阪神),30.0,4.0,３ＬＤＫ,70.0,2014.0,16.0,ＳＲＣ,１中住専,未改装,1400.0
3608,西宮北口,15.0,5.0,４ＬＤＫ,75.0,2010.0,8.0,ＲＣ,１中住専,未改装,3800.0
3609,西宮(阪神),30.0,5.0,４ＬＤＫ,80.0,2014.0,16.0,ＳＲＣ,１中住専,未改装,1500.0
3610,西宮(阪神),30.0,4.0,３ＬＤＫ,65.0,2014.0,16.0,ＳＲＣ,１中住専,未改装,1700.0
3611,西宮(阪神),30.0,4.0,３ＬＤＫ,65.0,2014.0,16.0,ＳＲＣ,１中住専,未改装,1500.0
3612,西宮(阪神),30.0,4.0,３ＬＤＫ,75.0,2014.0,16.0,ＳＲＣ,１中住専,未改装,1600.0
3613,甲陽園,23.0,3.0,２ＤＫ,50.0,2010.0,21.0,ＲＣ,１中住専,未改装,970.0
3614,西宮(阪神),6.0,2.0,１Ｋ,20.0,2017.0,10.0,ＲＣ,近隣商業,未改装,1400.0
3615,西宮(阪神),4.0,4.0,３ＬＤＫ,80.0,2017.0,19.0,ＳＲＣ,近隣商業,未改装,3100.0
3616,生瀬,16.0,3.0,２ＬＤＫ,70.0,2017.0,25.0,ＲＣ,１中住専,改装済み,830.0
3619,門戸厄神,6.0,4.0,３ＬＤＫ,70.0,2014.0,12.0,ＲＣ,１中住専,未改装,3600.0
3620,門戸厄神,6.0,5.0,４ＬＤＫ,95.0,2014.0,12.0,ＲＣ,１中住専,未改装,4800.0
3621,武庫川団地前,6.0,5.0,４ＬＤＫ,100.0,2010.0,6.0,ＲＣ,１中住専,未改装,3000.0
3622,武庫川団地前,6.0,4.0,３ＬＤＫ,70.0,2010.0,21.0,ＳＲＣ,１中住専,未改装,1400.0
3623,武庫川団地前,6.0,4.0,３ＬＤＫ,70.0,2010.0,21.0,ＳＲＣ,１中住専,改装済み,87.0
3624,門戸厄神,4.0,4.0,３ＬＤＫ,70.0,2017.0,3.0,ＲＣ,１中住専,未改装,4200.0
3625,武庫川団地前,9.0,5.0,４ＬＤＫ,65.0,2010.0,27.0,ＳＲＣ,１中住専,未改装,1400.0
3626,武庫川団地前,6.0,4.0,３ＬＤＫ,85.0,2010.0,6.0,ＲＣ,１中住専,未改装,2100.0
3627,武庫川団地前,9.0,5.0,４ＬＤＫ,65.0,2010.0,27.0,ＳＲＣ,１中住専,未改装,1600.0
3628,武庫川団地前,10.0,4.0,３ＬＤＫ,65.0,2010.0,25.0,ＳＲＣ,１中住専,改装済み,1400.0
3629,武庫川団地前,5.0,4.0,３ＬＤＫ,75.0,2010.0,19.0,ＲＣ,１中住専,未改装,1900.0
3630,西宮(ＪＲ),7.0,4.0,３ＬＤＫ,70.0,2014.0,13.0,ＲＣ,１種住居,未改装,2800.0
3631,西宮(阪神),8.0,4.0,３ＬＤＫ,70.0,2014.0,10.0,ＲＣ,近隣商業,未改装,2900.0
3632,夙川,11.0,4.0,３ＬＤＫ,95.0,2010.0,23.0,ＲＣ,１中住専,改装済み,1500.0
3633,香櫨園,11.0,4.0,３ＬＤＫ,70.0,2017.0,10.0,ＲＣ,１中住専,改装済み,3400.0
3634,香櫨園,10.0,5.0,４ＬＤＫ,90.0,2017.0,10.0,ＲＣ,１中住専,改装済み,3900.0
3635,西宮北口,11.0,4.0,３ＬＤＫ,60.0,2010.0,35.0,ＳＲＣ,準工業,未改装,1100.0
3636,西宮北口,11.0,4.0,３ＬＤＫ,70.0,2010.0,11.0,ＲＣ,準工業,未改装,2100.0
3637,甲子園,11.0,4.0,３ＬＤＫ,65.0,2014.0,13.0,ＲＣ,１中住専,未改装,3200.0
3640,西宮(阪神),11.0,4.0,３ＬＤＫ,70.0,2017.0,19.0,ＲＣ,近隣商業,改装済み,3200.0
3641,西宮(阪神),11.0,4.0,３ＬＤＫ,70.0,2017.0,19.0,ＲＣ,近隣商業,改装済み,3200.0
3642,西宮(阪神),10.0,4.0,３ＬＤＫ,70.0,2017.0,19.0,ＲＣ,近隣商業,改装済み,3700.0
3643,西宮(阪神),2.0,4.0,３ＬＤＫ,65.0,2014.0,13.0,ＳＲＣ,商業,改装済み,2800.0
3644,西宮(阪神),5.0,4.0,２Ｌ＋Ｓ,65.0,2014.0,10.0,ＳＲＣ,商業,未改装,2600.0
3645,西宮(阪神),5.0,4.0,３ＬＤＫ,65.0,2014.0,10.0,ＳＲＣ,商業,改装済み,2800.0
3646,西宮北口,10.0,4.0,３ＬＤＫ,65.0,2010.0,11.0,ＳＲＣ,１種住居,改装済み,2600.0
3648,苦楽園口,12.0,5.0,４ＬＤＫ,90.0,2017.0,12.0,ＲＣ,１低住専,未改装,4400.0
3649,西宮(ＪＲ),9.0,4.0,３ＬＤＫ,70.0,2017.0,3.0,ＲＣ,準工業,未改装,4400.0
3650,香櫨園,9.0,4.0,３ＬＤＫ,60.0,2010.0,13.0,ＲＣ,準工業,未改装,2100.0
3651,西宮北口,9.0,5.0,４ＬＤＫ,85.0,2017.0,3.0,ＲＣ,準工業,未改装,5100.0
3652,西宮北口,10.0,3.0,２ＬＤＫ,60.0,2017.0,4.0,ＲＣ,工業,未改装,3200.0
3653,西宮(阪神),2.0,4.0,３ＬＤＫ,75.0,2010.0,4.0,ＲＣ,商業,未改装,3800.0
3654,西宮(阪神),2.0,3.0,２ＬＤＫ,80.0,2010.0,7.0,ＲＣ,商業,未改装,5000.0
3655,西宮(阪神),3.0,4.0,３ＬＤＫ,65.0,2010.0,4.0,ＲＣ,商業,改装済み,3600.0
3656,甲子園,18.0,3.0,２ＬＤＫ,95.0,2014.0,12.0,ＳＲＣ,１中住専,未改装,3100.0
3657,甲子園,18.0,4.0,３ＬＤＫ,95.0,2014.0,12.0,ＳＲＣ,１種住居,未改装,3200.0
3658,甲子園,16.0,4.0,３ＬＤＫ,85.0,2014.0,12.0,ＳＲＣ,１種住居,未改装,2800.0
3659,甲子園,20.0,5.0,４ＬＤＫ,80.0,2014.0,14.0,ＳＲＣ,２中住専,未改装,2900.0
3660,西宮(阪神),9.0,4.0,３ＬＤＫ,65.0,2017.0,19.0,ＲＣ,近隣商業,未改装,2900.0
3662,西宮(阪神),9.0,4.0,３ＬＤＫ,70.0,2014.0,11.0,ＳＲＣ,準工業,未改装,2700.0
3663,西宮(阪神),5.0,3.0,２ＬＤＫ,65.0,2014.0,14.0,ＳＲＣ,近隣商業,未改装,2400.0
3664,甲東園,16.0,3.0,２ＬＤＫ,65.0,2010.0,31.0,ＲＣ,１中住専,改装済み,1100.0
3665,甲東園,8.0,4.0,３ＬＤＫ,70.0,2010.0,7.0,ＲＣ,１中住専,未改装,3000.0
3667,甲東園,19.0,4.0,３ＬＤＫ,75.0,2010.0,31.0,ＲＣ,１中住専,未改装,1400.0
3668,洲先,4.0,4.0,３ＬＤＫ,70.0,2014.0,37.0,ＲＣ,１種住居,改装済み,1200.0
3670,苦楽園口,14.0,4.0,３ＬＤＫ,75.0,2017.0,21.0,ＲＣ,１中住専,未改装,1600.0
3671,苦楽園口,16.0,4.0,３ＬＤＫ,70.0,2017.0,16.0,ＲＣ,１中住専,未改装,2000.0
3672,苦楽園口,15.0,5.0,４ＬＤＫ,85.0,2017.0,12.0,ＲＣ,１中住専,未改装,2600.0
3673,苦楽園口,19.0,4.0,３ＬＤＫ,80.0,2017.0,16.0,ＲＣ,１中住専,未改装,2300.0
3674,西宮北口,25.0,4.0,３ＬＤＫ,65.0,2017.0,40.0,ＳＲＣ,１中住専,改装済み,1100.0
3675,東鳴尾,4.0,4.0,３ＤＫ,60.0,2014.0,35.0,ＳＲＣ,１種住居,未改装,400.0
3676,東鳴尾,5.0,4.0,３ＬＤＫ,70.0,2014.0,32.0,ＲＣ,１種住居,改装済み,1800.0
3677,今津(阪急),18.0,4.0,３ＬＤＫ,65.0,2014.0,10.0,ＲＣ,準工業,未改装,2400.0
3679,今津(阪神),15.0,4.0,３ＬＤＫ,70.0,2014.0,9.0,ＲＣ,準工業,未改装,2200.0
3680,今津(阪神),15.0,5.0,４ＬＤＫ,80.0,2014.0,8.0,ＲＣ,準工業,改装済み,2600.0
3681,仁川,10.0,4.0,３ＬＤＫ,65.0,2010.0,7.0,ＲＣ,１中住専,未改装,2600.0
3683,西宮北口,25.0,5.0,４ＬＤＫ,90.0,2017.0,28.0,ＲＣ,１中住専,未改装,2500.0
3684,西宮(阪神),15.0,5.0,４ＬＤＫ,80.0,2014.0,10.0,ＲＣ,準工業,未改装,2800.0
3686,西宮名塩,8.0,5.0,４ＬＤＫ,110.0,2014.0,22.0,ＲＣ,１中住専,改装済み,1800.0
3688,西宮名塩,13.0,5.0,４ＬＤＫ,85.0,2014.0,11.0,ＲＣ,１中住専,未改装,2400.0
3690,西宮名塩,20.0,5.0,４ＬＤＫ,85.0,2014.0,11.0,ＲＣ,１中住専,改装済み,1700.0
3691,西宮名塩,9.0,4.0,３ＬＤＫ,95.0,2014.0,20.0,ＲＣ,１中住専,未改装,1700.0
3692,西宮名塩,6.0,4.0,３ＬＤＫ,80.0,2014.0,11.0,ＲＣ,１中住専,未改装,1800.0
3693,西宮名塩,15.0,5.0,４ＬＤＫ,85.0,2014.0,17.0,ＲＣ,１中住専,改装済み,1700.0
3694,西宮名塩,7.0,4.0,３ＬＤＫ,90.0,2014.0,20.0,ＲＣ,１中住専,改装済み,1300.0
3695,西宮名塩,5.0,5.0,４ＬＤＫ,95.0,2014.0,18.0,ＲＣ,１中住専,未改装,1700.0
3696,西宮名塩,14.0,4.0,３ＬＤＫ,75.0,2014.0,17.0,ＲＣ,１中住専,改装済み,1400.0
3697,武庫川団地前,10.0,4.0,３ＬＤＫ,70.0,2017.0,34.0,ＳＲＣ,１中住専,改装済み,1500.0
3699,武庫川団地前,5.0,4.0,３ＬＤＫ,75.0,2017.0,26.0,ＲＣ,１中住専,未改装,1700.0
3700,武庫川団地前,4.0,4.0,３ＬＤＫ,70.0,2017.0,28.0,ＳＲＣ,１中住専,改装済み,1900.0
3702,武庫川団地前,4.0,4.0,３ＬＤＫ,70.0,2017.0,28.0,ＳＲＣ,１中住専,未改装,1000.0
3703,武庫川団地前,4.0,4.0,３ＬＤＫ,70.0,2017.0,28.0,ＳＲＣ,１中住専,未改装,1000.0
3704,武庫川団地前,8.0,4.0,３ＬＤＫ,90.0,2017.0,22.0,ＲＣ,１中住専,未改装,2200.0
3705,武庫川団地前,16.0,3.0,２ＬＤＫ,65.0,2017.0,27.0,ＳＲＣ,１中住専,未改装,1200.0
3706,武庫川団地前,9.0,5.0,４ＬＤＫ,95.0,2017.0,21.0,ＲＣ,１中住専,未改装,2000.0
3707,武庫川団地前,14.0,4.0,２ＬＤＫ＋Ｓ,65.0,2017.0,32.0,ＳＲＣ,１中住専,改装済み,1400.0
3709,夙川,13.0,4.0,３ＬＤＫ,85.0,2017.0,4.0,ＳＲＣ,１低住専,未改装,6400.0
3710,夙川,12.0,2.0,１ＬＤＫ,60.0,2017.0,49.0,ＲＣ,１中住専,未改装,870.0
3711,苦楽園口,12.0,3.0,２ＬＤＫ,70.0,2014.0,14.0,ＲＣ,１中住専,未改装,4000.0
3712,苦楽園口,12.0,4.0,３ＬＤＫ,70.0,2014.0,14.0,ＲＣ,１中住専,未改装,3500.0
3714,苦楽園口,12.0,4.0,３ＬＤＫ,85.0,2014.0,14.0,ＲＣ,１中住専,未改装,3700.0
3715,西宮北口,11.0,3.0,２ＬＤＫ,65.0,2017.0,42.0,ＳＲＣ,準工業,改装済み,1900.0
3717,今津(阪神),3.0,3.0,２ＬＤＫ,50.0,2010.0,13.0,ＲＣ,近隣商業,未改装,1600.0
3718,今津(阪急),1.0,4.0,３ＬＤＫ,65.0,2010.0,12.0,ＳＲＣ,商業,未改装,1600.0
3719,門戸厄神,14.0,4.0,３ＬＤＫ,70.0,2014.0,19.0,ＲＣ,１中住専,未改装,2400.0
3720,今津(阪神),8.0,4.0,３ＬＤＫ,70.0,2010.0,8.0,ＲＣ,１種住居,未改装,2500.0
3721,今津(阪神),4.0,2.0,１ＤＫ,25.0,2010.0,21.0,ＲＣ,商業,改装済み,3400.0
3722,門戸厄神,16.0,4.0,３ＬＤＫ,65.0,2014.0,20.0,ＲＣ,１中住専,改装済み,2400.0
3723,今津(阪神),7.0,3.0,２ＬＤＫ,55.0,2010.0,14.0,ＳＲＣ,１種住居,未改装,1400.0
3725,今津(阪神),8.0,4.0,３ＬＤＫ,60.0,2010.0,14.0,ＳＲＣ,１種住居,未改装,1900.0
3726,今津(阪神),7.0,3.0,２ＬＤＫ,60.0,2010.0,14.0,ＳＲＣ,１種住居,未改装,1500.0
3727,今津(阪神),6.0,4.0,３ＬＤＫ,60.0,2010.0,14.0,ＳＲＣ,１種住居,未改装,1500.0
3729,西宮(阪神),2.0,4.0,３ＬＤＫ,75.0,2017.0,14.0,ＳＲＣ,商業,未改装,4300.0
3733,甲東園,16.0,4.0,３ＬＤＫ,65.0,2017.0,38.0,ＲＣ,１中住専,改装済み,1700.0
3734,西宮(阪神),8.0,3.0,２ＬＤＫ,60.0,2010.0,12.0,ＲＣ,近隣商業,未改装,2000.0
3735,西宮(阪神),8.0,3.0,２ＬＤＫ,60.0,2010.0,12.0,ＲＣ,近隣商業,未改装,2400.0
3737,西宮北口,9.0,4.0,３ＬＤＫ,65.0,2014.0,4.0,ＲＣ,工業,未改装,3100.0
3738,西宮北口,6.0,1.0,１Ｒ,15.0,2014.0,27.0,ＲＣ,近隣商業,未改装,400.0
3739,甲子園口,7.0,4.0,３ＬＤＫ,65.0,2010.0,38.0,ＲＣ,１中住専,未改装,1500.0
3740,西宮北口,12.0,4.0,３ＬＤＫ,85.0,2014.0,8.0,ＲＣ,１中住専,未改装,4800.0
3741,西宮(阪神),3.0,4.0,３ＬＤＫ,65.0,2010.0,4.0,ＲＣ,商業,未改装,2800.0
3742,西宮(阪神),3.0,4.0,３ＬＤＫ,85.0,2010.0,4.0,ＲＣ,商業,未改装,3700.0
3744,甲子園口,6.0,4.0,３ＬＤＫ,100.0,2014.0,46.0,ＲＣ,１中住専,未改装,3000.0
3745,甲子園口,6.0,3.0,２ＬＤＫ,70.0,2014.0,46.0,ＲＣ,１中住専,未改装,1700.0
3746,夙川,9.0,3.0,２ＤＫ,40.0,2010.0,13.0,ＲＣ,１低住専,未改装,2000.0
3747,尼崎(ＪＲ),10.0,3.0,２ＬＤＫ,55.0,2010.0,13.0,ＲＣ,１種住居,改装済み,2000.0
3748,鳴尾・武庫川女子大前,10.0,5.0,４ＬＤＫ,80.0,2014.0,35.0,ＳＲＣ,１中住専,改装済み,2000.0
3749,夙川,13.0,4.0,３ＬＤＫ,60.0,2014.0,14.0,ＲＣ,近隣商業,未改装,2500.0
3750,甲子園口,11.0,3.0,２ＤＫ,35.0,2010.0,22.0,ＲＣ,１種住居,未改装,550.0
3751,西宮(阪神),8.0,4.0,３ＬＤＫ,60.0,2014.0,14.0,ＲＣ,近隣商業,未改装,2700.0
3752,甲子園口,11.0,3.0,２ＤＫ,35.0,2010.0,22.0,ＲＣ,１種住居,未改装,550.0
3753,甲子園口,10.0,4.0,３ＬＤＫ,80.0,2010.0,13.0,ＲＣ,１種住居,改装済み,2800.0
3754,仁川,7.0,4.0,３ＬＤＫ,70.0,2017.0,9.0,ＲＣ,２中住専,未改装,3700.0
3755,香櫨園,11.0,5.0,４ＬＤＫ,95.0,2014.0,17.0,ＲＣ,１中住専,未改装,2400.0
3756,今津(阪神),8.0,3.0,２ＬＤＫ,70.0,2017.0,2.0,ＲＣ,１種住居,未改装,3700.0
3757,西宮(阪神),18.0,4.0,３ＬＤＫ,70.0,2014.0,1.0,ＲＣ,準工業,未改装,2700.0
3758,西宮(阪神),16.0,4.0,３ＬＤＫ,70.0,2014.0,1.0,ＲＣ,準工業,未改装,2900.0
3760,西宮(ＪＲ),12.0,4.0,２ＬＤＫ＋Ｓ,70.0,2010.0,10.0,ＲＣ,近隣商業,未改装,2500.0
3761,今津(阪神),13.0,4.0,３ＬＤＫ,65.0,2017.0,16.0,ＲＣ,工業,改装済み,2600.0
3762,西宮北口,19.0,4.0,３ＬＤＫ,65.0,2010.0,13.0,ＲＣ,１種住居,改装済み,2000.0
3763,西宮北口,21.0,4.0,３ＬＤＫ,80.0,2010.0,16.0,ＲＣ,１種住居,未改装,2100.0
3764,香櫨園,4.0,4.0,３ＬＤＫ,100.0,2014.0,25.0,ＲＣ,１中住専,未改装,3800.0
3765,西宮(ＪＲ),6.0,3.0,２ＬＤＫ,55.0,2017.0,18.0,ＲＣ,２種住居,未改装,2300.0
3766,西宮(ＪＲ),3.0,4.0,３ＬＤＫ,65.0,2017.0,22.0,ＲＣ,２種住居,未改装,2800.0
3768,西宮(ＪＲ),7.0,4.0,３ＬＤＫ,75.0,2017.0,16.0,ＲＣ,準工業,未改装,3400.0
3769,さくら夙川,13.0,4.0,３ＬＤＫ,75.0,2014.0,15.0,ＲＣ,１中住専,改装済み,3100.0
3772,夙川,7.0,4.0,３ＬＤＫ,75.0,2014.0,2.0,ＲＣ,１中住専,未改装,5200.0
3773,夙川,8.0,4.0,３ＬＤＫ,95.0,2014.0,5.0,ＲＣ,１中住専,未改装,7900.0
3774,今津(阪神),3.0,4.0,３ＬＤＫ,65.0,2017.0,3.0,ＲＣ,近隣商業,未改装,2900.0
3776,今津(阪神),2.0,3.0,２ＬＤＫ,55.0,2017.0,13.0,ＲＣ,商業,改装済み,2700.0
3780,甲子園口,7.0,4.0,３ＬＤＫ,75.0,2014.0,10.0,ＲＣ,１中住専,未改装,4200.0
3782,甲子園口,7.0,4.0,３ＬＤＫ,65.0,2014.0,19.0,ＲＣ,１中住専,改装済み,2400.0
3784,西宮(ＪＲ),4.0,3.0,２ＬＤＫ,65.0,2014.0,19.0,ＲＣ,近隣商業,未改装,2600.0
3785,西宮(ＪＲ),4.0,4.0,３ＬＤＫ,65.0,2014.0,12.0,ＲＣ,近隣商業,未改装,3000.0
3786,甲子園口,13.0,4.0,３ＬＤＫ,80.0,2014.0,9.0,ＲＣ,１中住専,未改装,3200.0
3787,甲子園口,15.0,4.0,３ＬＤＫ,90.0,2014.0,11.0,ＲＣ,１中住専,未改装,3700.0
3788,西宮北口,8.0,3.0,２ＬＤＫ,75.0,2014.0,13.0,ＲＣ,１中住専,未改装,3700.0
3789,西宮北口,8.0,4.0,３ＬＤＫ,70.0,2014.0,18.0,ＲＣ,１中住専,未改装,2800.0
3790,西宮北口,8.0,4.0,３ＬＤＫ,65.0,2014.0,14.0,ＲＣ,１中住専,未改装,2800.0
3791,西宮北口,8.0,4.0,３ＬＤＫ,70.0,2014.0,18.0,ＲＣ,１中住専,未改装,3000.0
3792,西宮名塩,29.0,4.0,３ＬＤＫ,65.0,2010.0,15.0,ＲＣ,１低住専,未改装,260.0
3793,甲子園口,8.0,4.0,３ＬＤＫ,75.0,2017.0,16.0,ＲＣ,１中住専,未改装,3100.0
3794,門戸厄神,8.0,4.0,３ＬＤＫ,70.0,2014.0,15.0,ＲＣ,２中住専,未改装,2200.0
3796,夙川,13.0,4.0,３ＬＤＫ,75.0,2014.0,43.0,ＲＣ,１中住専,改装済み,1500.0
3797,夙川,12.0,4.0,３ＬＤＫ,75.0,2014.0,43.0,ＲＣ,１中住専,未改装,1300.0
3798,夙川,12.0,4.0,３ＬＤＫ,75.0,2014.0,43.0,ＲＣ,１中住専,未改装,1700.0
3799,甲子園口,9.0,4.0,３ＬＤＫ,85.0,2017.0,9.0,ＲＣ,１中住専,未改装,4000.0
3800,甲子園口,9.0,5.0,４ＬＤＫ,90.0,2017.0,9.0,ＲＣ,１中住専,未改装,4600.0
3801,西宮(阪神),3.0,4.0,３ＬＤＫ,60.0,2017.0,11.0,ＲＣ,商業,未改装,3000.0
3802,甲子園,13.0,5.0,４ＬＤＫ,105.0,2014.0,9.0,ＲＣ,２種住居,未改装,4500.0
3803,甲子園,10.0,4.0,３ＬＤＫ,75.0,2014.0,12.0,ＲＣ,２中住専,未改装,3100.0
3804,甲子園,11.0,4.0,３ＬＤＫ,80.0,2014.0,12.0,ＲＣ,２中住専,未改装,3300.0
3805,甲子園,13.0,3.0,２ＬＤＫ,75.0,2014.0,9.0,ＲＣ,２種住居,未改装,3300.0
3806,苦楽園口,2.0,3.0,２ＬＤＫ,80.0,2014.0,6.0,ＲＣ,１中住専,未改装,6000.0
3807,苦楽園口,3.0,4.0,３ＬＤＫ,80.0,2014.0,6.0,ＲＣ,１中住専,未改装,5200.0
3808,宝塚,15.0,4.0,３ＬＤＫ,75.0,2010.0,13.0,ＳＲＣ,２中住専,未改装,1500.0
3809,宝塚,15.0,4.0,３ＬＤＫ,75.0,2010.0,11.0,ＳＲＣ,２中住専,未改装,1700.0
3810,西宮北口,6.0,4.0,３ＬＤＫ,80.0,2014.0,16.0,ＲＣ,１中住専,未改装,3700.0
3811,西宮北口,6.0,4.0,３ＬＤＫ,75.0,2014.0,0.0,ＲＣ,１種住居,未改装,5300.0
3813,西宮北口,7.0,2.0,１Ｋ,25.0,2014.0,16.0,ＳＲＣ,１中住専,未改装,1300.0
3814,西宮北口,6.0,4.0,３ＬＤＫ,80.0,2014.0,0.0,ＲＣ,１種住居,未改装,5600.0
3815,香櫨園,4.0,4.0,３ＬＤＫ,85.0,2014.0,17.0,ＲＣ,１種住居,未改装,4200.0
3816,香櫨園,3.0,4.0,３ＬＤＫ,70.0,2014.0,20.0,ＲＣ,１種住居,改装済み,2700.0
3817,生瀬,12.0,4.0,３ＬＤＫ,75.0,2010.0,11.0,ＳＲＣ,２中住専,未改装,1500.0
3818,生瀬,11.0,4.0,３ＬＤＫ,75.0,2010.0,11.0,ＳＲＣ,２中住専,改装済み,1500.0
3819,夙川,3.0,4.0,３ＬＤＫ,70.0,2014.0,17.0,ＲＣ,１種住居,未改装,2800.0
3820,西宮(ＪＲ),11.0,4.0,３ＬＤＫ,70.0,2014.0,1.0,ＲＣ,１種住居,未改装,3500.0
3821,門戸厄神,13.0,5.0,４ＬＤＫ,85.0,2014.0,19.0,ＲＣ,１中住専,未改装,3300.0
3822,門戸厄神,10.0,4.0,３ＬＤＫ,65.0,2014.0,19.0,ＲＣ,１中住専,未改装,2400.0
3823,鳴尾・武庫川女子大前,7.0,3.0,２ＬＤＫ,40.0,2010.0,39.0,鉄骨造,１種住居,改装済み,850.0
3824,門戸厄神,6.0,4.0,３ＬＤＫ,70.0,2014.0,14.0,ＲＣ,１中住専,未改装,2900.0
3825,鳴尾・武庫川女子大前,3.0,4.0,３ＬＤＫ,70.0,2010.0,6.0,ＲＣ,近隣商業,未改装,2500.0
3826,鳴尾・武庫川女子大前,6.0,3.0,２ＤＫ,45.0,2010.0,39.0,鉄骨造,１種住居,未改装,700.0
3828,門戸厄神,15.0,4.0,３ＬＤＫ,70.0,2014.0,15.0,ＲＣ,１中住専,未改装,2000.0
3829,西宮名塩,28.0,4.0,３ＬＤＫ,65.0,2017.0,22.0,ＲＣ,１低住専,未改装,4000.0
3830,西宮名塩,8.0,5.0,４ＬＤＫ,95.0,2017.0,11.0,ＲＣ,１中住専,未改装,2200.0
3832,西宮北口,15.0,4.0,３ＬＤＫ,90.0,2014.0,8.0,ＲＣ,１中住専,未改装,5000.0
3833,さくら夙川,8.0,4.0,３ＬＤＫ,75.0,2014.0,15.0,ＲＣ,近隣商業,未改装,3500.0
3834,苦楽園口,5.0,5.0,４ＬＤＫ,80.0,2017.0,16.0,ＲＣ,１中住専,改装済み,4200.0
3835,仁川,9.0,5.0,４ＬＤＫ,85.0,2010.0,12.0,ＲＣ,１種住居,未改装,2700.0
3837,宝塚,15.0,5.0,４ＬＤＫ,95.0,2017.0,18.0,ＳＲＣ,２中住専,未改装,2100.0
3838,生瀬,10.0,4.0,３ＬＤＫ,70.0,2017.0,20.0,ＳＲＣ,２中住専,未改装,1400.0
3839,生瀬,13.0,4.0,３ＬＤＫ,75.0,2017.0,20.0,ＳＲＣ,２中住専,未改装,1600.0
3840,西宮(阪神),30.0,4.0,３ＬＤＫ,95.0,2010.0,6.0,ＳＲＣ,１中住専,未改装,4300.0
3841,西宮(阪神),30.0,4.0,３ＬＤＫ,70.0,2010.0,12.0,ＳＲＣ,１中住専,未改装,1600.0
3842,西宮(阪神),30.0,3.0,２ＬＤＫ,65.0,2010.0,12.0,ＳＲＣ,１中住専,改装済み,1200.0
3843,西宮(阪神),30.0,4.0,３ＬＤＫ,80.0,2010.0,6.0,ＲＣ,１中住専,未改装,2000.0
3844,西宮(阪神),30.0,3.0,２ＬＤＫ,120.0,2010.0,6.0,ＳＲＣ,１中住専,未改装,3800.0
3845,西宮(阪神),30.0,3.0,２ＬＤＫ,95.0,2010.0,6.0,ＳＲＣ,１中住専,未改装,4500.0
3846,西宮(阪神),30.0,5.0,４ＬＤＫ,80.0,2010.0,12.0,ＳＲＣ,１中住専,改装済み,1900.0
3847,西宮(阪神),30.0,4.0,３ＬＤＫ,70.0,2010.0,12.0,ＳＲＣ,１中住専,改装済み,1500.0
3848,西宮(阪神),30.0,4.0,３ＬＤＫ,75.0,2010.0,11.0,ＳＲＣ,近隣商業,未改装,2100.0
3849,西宮(阪神),30.0,4.0,３ＬＤＫ,70.0,2010.0,12.0,ＳＲＣ,１中住専,未改装,1600.0
3850,西宮(阪神),30.0,3.0,２ＬＤＫ,100.0,2010.0,6.0,ＲＣ,１中住専,未改装,5200.0
3851,西宮(阪神),30.0,5.0,４ＬＤＫ,90.0,2010.0,11.0,ＳＲＣ,近隣商業,未改装,3300.0
3852,西宮(阪神),30.0,4.0,３ＬＤＫ,80.0,2010.0,11.0,ＳＲＣ,近隣商業,未改装,2800.0
3853,西宮(阪神),30.0,4.0,３ＬＤＫ,70.0,2010.0,12.0,ＳＲＣ,１中住専,未改装,1700.0
3854,西宮(阪神),30.0,4.0,３ＬＤＫ,95.0,2010.0,6.0,ＲＣ,１中住専,未改装,3900.0
3855,西宮(阪神),30.0,4.0,３ＬＤＫ,70.0,2010.0,12.0,ＳＲＣ,１中住専,未改装,1300.0
3856,西宮(阪神),30.0,4.0,３ＬＤＫ,70.0,2010.0,12.0,ＳＲＣ,１中住専,未改装,1300.0
3857,西宮(阪神),30.0,4.0,３ＬＤＫ,70.0,2010.0,12.0,ＳＲＣ,１中住専,改装済み,1600.0
3858,苦楽園口,14.0,5.0,４ＬＤＫ,95.0,2010.0,3.0,ＲＣ,１中住専,未改装,4200.0
3859,苦楽園口,13.0,4.0,３ＬＤＫ,70.0,2010.0,25.0,ＲＣ,１中住専,未改装,1100.0
3860,苦楽園口,14.0,3.0,２ＬＤＫ,85.0,2010.0,3.0,ＲＣ,１中住専,未改装,2600.0
3861,苦楽園口,6.0,2.0,１ＬＤＫ,40.0,2017.0,9.0,ＲＣ,１中住専,未改装,2100.0
3862,夙川,16.0,4.0,３ＬＤＫ,140.0,2017.0,33.0,ＲＣ,１低住専,未改装,4200.0
3863,さくら夙川,13.0,4.0,３ＬＤＫ,60.0,2014.0,12.0,ＲＣ,近隣商業,未改装,2600.0
3864,さくら夙川,13.0,4.0,３ＬＤＫ,55.0,2014.0,12.0,ＲＣ,近隣商業,未改装,2400.0
3865,西宮(阪神),10.0,3.0,２ＬＤＫ,70.0,2014.0,29.0,ＳＲＣ,準工業,未改装,1500.0
3866,門戸厄神,6.0,4.0,３ＬＤＫ,70.0,2010.0,8.0,ＲＣ,１中住専,未改装,3000.0
3867,門戸厄神,7.0,4.0,３ＬＤＫ,75.0,2010.0,24.0,ＲＣ,１中住専,改装済み,2000.0
3868,西宮(阪神),3.0,2.0,１Ｋ,25.0,2014.0,5.0,ＲＣ,近隣商業,未改装,1400.0
3869,西宮(阪神),5.0,2.0,１Ｋ,25.0,2014.0,5.0,ＲＣ,近隣商業,未改装,1400.0
3870,夙川,3.0,2.0,１ＤＫ,50.0,2010.0,10.0,ＲＣ,近隣商業,改装済み,2300.0
3871,夙川,2.0,4.0,３ＬＤＫ,120.0,2010.0,24.0,ＲＣ,近隣商業,改装済み,4900.0
3872,西宮(ＪＲ),7.0,4.0,３ＬＤＫ,70.0,2010.0,9.0,ＲＣ,１種住居,未改装,2400.0
3873,西宮(阪神),8.0,2.0,１ＬＤＫ,55.0,2010.0,1.0,ＲＣ,近隣商業,未改装,2500.0
3874,西宮北口,3.0,4.0,３ＬＤＫ,75.0,2014.0,14.0,ＳＲＣ,２種住居,改装済み,4000.0
3875,西宮北口,3.0,4.0,２ＬＤＫ＋Ｓ,80.0,2014.0,14.0,ＳＲＣ,２種住居,改装済み,4000.0
3876,西宮北口,3.0,4.0,３ＬＤＫ,80.0,2014.0,14.0,ＳＲＣ,２種住居,未改装,4600.0
3877,西宮北口,5.0,5.0,４ＬＤＫ,85.0,2014.0,9.0,ＲＣ,２種住居,未改装,4700.0
3878,西宮北口,5.0,4.0,３ＬＤＫ,80.0,2014.0,14.0,ＳＲＣ,２種住居,改装済み,4900.0
3879,西宮北口,3.0,4.0,３ＬＤＫ,80.0,2014.0,14.0,ＳＲＣ,２種住居,未改装,3500.0
3881,西宮北口,3.0,3.0,２ＬＤＫ,60.0,2014.0,14.0,ＳＲＣ,２種住居,未改装,3600.0
3882,西宮(ＪＲ),7.0,3.0,２ＬＤＫ,65.0,2014.0,16.0,ＳＲＣ,近隣商業,改装済み,2700.0
3883,仁川,11.0,4.0,３ＬＤＫ,75.0,2017.0,20.0,ＲＣ,１中住専,未改装,3800.0
3884,西宮(阪神),4.0,4.0,３ＬＤＫ,70.0,2010.0,9.0,ＳＲＣ,商業,未改装,2800.0
3885,西宮(阪神),2.0,4.0,３ＬＤＫ,65.0,2010.0,4.0,ＲＣ,商業,未改装,3100.0
3886,西宮(阪神),3.0,5.0,４ＬＤＫ,100.0,2010.0,11.0,ＲＣ,商業,未改装,3500.0
3887,西宮(阪神),3.0,4.0,３ＬＤＫ,60.0,2010.0,4.0,ＲＣ,商業,未改装,2500.0
3888,西宮(阪神),4.0,4.0,３ＬＤＫ,70.0,2010.0,9.0,ＳＲＣ,商業,未改装,2700.0
3889,西宮(阪神),2.0,4.0,３ＬＤＫ,70.0,2010.0,9.0,ＳＲＣ,商業,未改装,2800.0
3890,西宮(阪神),3.0,4.0,３ＬＤＫ,70.0,2010.0,11.0,ＳＲＣ,商業,未改装,2100.0
3891,甲子園,15.0,3.0,１ＬＤＫ＋Ｓ,75.0,2014.0,8.0,ＲＣ,１中住専,未改装,3100.0
3892,甲子園口,14.0,4.0,３ＬＤＫ,75.0,2014.0,14.0,ＲＣ,１種住居,改装済み,3000.0
3893,甲子園口,19.0,4.0,３ＬＤＫ,70.0,2014.0,14.0,ＲＣ,１中住専,未改装,3200.0
3895,門戸厄神,8.0,4.0,３ＬＤＫ,65.0,2014.0,12.0,ＲＣ,準住居,未改装,2700.0
3896,西宮(阪神),3.0,2.0,１Ｋ,20.0,2014.0,9.0,ＲＣ,商業,未改装,1000.0
3898,西宮(阪神),30.0,5.0,４ＬＤＫ,110.0,2017.0,13.0,ＳＲＣ,１中住専,改装済み,3200.0
3900,西宮(阪神),30.0,4.0,３ＬＤＫ,70.0,2017.0,19.0,ＳＲＣ,１中住専,未改装,1400.0
3901,西宮(阪神),30.0,5.0,４ＬＤＫ,80.0,2017.0,19.0,ＲＣ,１中住専,未改装,1800.0
3903,西宮(阪神),30.0,4.0,３ＬＤＫ,85.0,2017.0,13.0,ＲＣ,１中住専,改装済み,3400.0
3904,甲子園,21.0,4.0,３ＬＤＫ,70.0,2010.0,10.0,ＲＣ,１種住居,未改装,2400.0
3905,西宮(阪神),30.0,5.0,４ＬＤＫ,85.0,2017.0,19.0,ＳＲＣ,１中住専,未改装,1900.0
3906,甲子園,16.0,4.0,３ＬＤＫ,90.0,2010.0,8.0,ＳＲＣ,１種住居,未改装,2700.0
3907,西宮(阪神),30.0,4.0,３ＬＤＫ,70.0,2017.0,19.0,ＳＲＣ,１中住専,未改装,1500.0
3908,西宮(阪神),30.0,4.0,３ＬＤＫ,75.0,2017.0,19.0,ＲＣ,１中住専,未改装,1900.0
3909,甲子園,18.0,4.0,３ＬＤＫ,80.0,2010.0,8.0,ＳＲＣ,１種住居,改装済み,3300.0
3910,西宮(阪神),30.0,4.0,３ＬＤＫ,65.0,2017.0,19.0,ＳＲＣ,１中住専,改装済み,1800.0
3911,西宮(阪神),30.0,4.0,３ＬＤＫ,70.0,2017.0,19.0,ＳＲＣ,１中住専,改装済み,1400.0
3912,西宮(阪神),10.0,5.0,４ＬＤＫ,80.0,2010.0,7.0,ＳＲＣ,準工業,未改装,3100.0
3913,洲先,3.0,4.0,３ＬＤＫ,70.0,2010.0,12.0,ＲＣ,１種住居,改装済み,2700.0
3914,洲先,3.0,4.0,３ＬＤＫ,75.0,2010.0,12.0,ＲＣ,１種住居,未改装,2400.0
3916,門戸厄神,4.0,4.0,３ＬＤＫ,75.0,2017.0,1.0,ＲＣ,１中住専,改装済み,4900.0
3918,門戸厄神,5.0,3.0,２ＬＤＫ,70.0,2017.0,22.0,ＲＣ,１中住専,改装済み,4000.0
3919,門戸厄神,5.0,4.0,３ＬＤＫ,70.0,2017.0,22.0,ＲＣ,１中住専,改装済み,4300.0
3920,東鳴尾,5.0,4.0,３ＬＤＫ,70.0,2010.0,33.0,ＲＣ,１種住居,改装済み,1700.0
3922,今津(阪神),16.0,5.0,４ＬＤＫ,100.0,2010.0,5.0,ＲＣ,準工業,改装済み,3400.0
3923,西宮(ＪＲ),6.0,4.0,３ＬＤＫ,75.0,2017.0,8.0,ＲＣ,近隣商業,改装済み,3800.0
3924,西宮(阪神),8.0,4.0,３ＬＤＫ,80.0,2017.0,8.0,ＲＣ,近隣商業,未改装,4300.0
3925,西宮(阪神),19.0,4.0,３ＬＤＫ,60.0,2010.0,13.0,ＲＣ,準工業,未改装,1200.0
3927,西宮(阪神),17.0,3.0,２ＬＤＫ,65.0,2010.0,6.0,ＲＣ,準工業,未改装,2300.0
3929,西宮(阪神),4.0,4.0,２ＬＤＫ＋Ｓ,70.0,2017.0,18.0,ＳＲＣ,商業,改装済み,2400.0
3930,西宮(阪神),4.0,3.0,２ＬＤＫ,65.0,2017.0,13.0,ＳＲＣ,商業,改装済み,3200.0
3931,西宮(阪神),3.0,3.0,２ＬＤＫ,70.0,2017.0,16.0,ＳＲＣ,商業,改装済み,3200.0
3932,西宮(阪神),3.0,4.0,３ＬＤＫ,65.0,2017.0,11.0,ＲＣ,商業,未改装,3500.0
3933,西宮(阪神),3.0,3.0,２ＬＤＫ,60.0,2017.0,12.0,ＲＣ,商業,未改装,2600.0
3934,西宮名塩,14.0,4.0,３ＬＤＫ,90.0,2010.0,7.0,ＲＣ,１中住専,未改装,2200.0
3935,西宮名塩,19.0,4.0,３ＬＤＫ,85.0,2010.0,7.0,ＲＣ,１中住専,未改装,2300.0
3936,西宮名塩,16.0,3.0,２ＬＤＫ,80.0,2010.0,18.0,ＲＣ,１中住専,未改装,1700.0
3937,西宮名塩,4.0,4.0,３ＬＤＫ,85.0,2010.0,17.0,ＲＣ,１中住専,未改装,1200.0
3938,西宮名塩,7.0,4.0,３ＬＤＫ,90.0,2010.0,16.0,ＲＣ,１中住専,未改装,1600.0
3939,西宮名塩,7.0,4.0,３ＬＤＫ,80.0,2010.0,14.0,ＲＣ,１中住専,改装済み,1800.0
3940,西宮名塩,13.0,4.0,３ＬＤＫ,80.0,2010.0,7.0,ＲＣ,１中住専,未改装,2200.0
3941,西宮名塩,15.0,4.0,３ＬＤＫ,85.0,2010.0,7.0,ＲＣ,１中住専,改装済み,2400.0
3942,西宮(阪神),7.0,4.0,３ＬＤＫ,65.0,2017.0,17.0,ＳＲＣ,近隣商業,未改装,2700.0
3943,苦楽園口,9.0,3.0,２ＬＤＫ,65.0,2010.0,36.0,ＲＣ,１種住居,改装済み,1500.0
3944,苦楽園口,14.0,5.0,４ＬＤＫ,90.0,2010.0,2.0,ＲＣ,１中住専,未改装,5700.0
3945,苦楽園口,16.0,6.0,５ＬＤＫ,115.0,2010.0,28.0,ＲＣ,１中住専,改装済み,3300.0
3946,苦楽園口,13.0,4.0,３ＬＤＫ,70.0,2010.0,3.0,ＲＣ,１中住専,未改装,3600.0
3947,苦楽園口,9.0,3.0,２ＬＤＫ,65.0,2010.0,36.0,ＲＣ,１種住居,未改装,800.0
3948,苦楽園口,9.0,4.0,３ＬＤＫ,65.0,2010.0,36.0,ＲＣ,１種住居,未改装,1500.0
3949,洲先,3.0,4.0,３ＬＤＫ,75.0,2017.0,19.0,ＲＣ,１種住居,未改装,250.0
3950,東鳴尾,4.0,4.0,３ＬＤＫ,70.0,2017.0,35.0,ＲＣ,１種住居,改装済み,1600.0
3952,東鳴尾,4.0,5.0,４ＬＤＫ,75.0,2017.0,38.0,ＳＲＣ,１種住居,未改装,1300.0
3953,門戸厄神,18.0,4.0,３ＬＤＫ,75.0,2010.0,15.0,ＲＣ,１中住専,未改装,2300.0
3954,今津(阪神),16.0,5.0,４ＬＤＫ,80.0,2017.0,30.0,ＳＲＣ,準工業,改装済み,1500.0
3955,西宮(阪神),15.0,4.0,３ＬＤＫ,70.0,2017.0,21.0,ＲＣ,準工業,未改装,2000.0
3956,西宮(阪神),16.0,4.0,３ＬＤＫ,70.0,2017.0,21.0,ＲＣ,準工業,未改装,1700.0
3957,西宮(阪神),20.0,5.0,４ＬＤＫ,80.0,2017.0,30.0,ＲＣ,準工業,未改装,780.0
3958,西宮(阪神),15.0,4.0,３ＬＤＫ,70.0,2017.0,21.0,ＲＣ,準工業,未改装,2100.0
3959,西宮北口,14.0,5.0,４ＬＤＫ,75.0,2010.0,7.0,ＲＣ,２中住専,未改装,2700.0
3960,西宮北口,19.0,4.0,３ＬＤＫ,65.0,2010.0,10.0,ＲＣ,１中住専,改装済み,2300.0
3961,西宮北口,15.0,2.0,１Ｋ,15.0,2010.0,24.0,ＲＣ,２中住専,未改装,200.0
3962,西宮名塩,9.0,3.0,２ＬＤＫ,75.0,2017.0,21.0,ＲＣ,１中住専,改装済み,1500.0
3963,西宮名塩,15.0,4.0,３ＬＤＫ,70.0,2017.0,20.0,ＲＣ,１中住専,未改装,1200.0
3965,西宮名塩,16.0,4.0,３ＬＤＫ,80.0,2017.0,25.0,ＲＣ,１中住専,改装済み,1700.0
3966,西宮北口,7.0,2.0,１Ｋ,15.0,2010.0,22.0,ＲＣ,２種住居,未改装,320.0
3968,甲子園口,6.0,5.0,３ＬＤＫ＋Ｓ,120.0,2010.0,42.0,ＲＣ,１中住専,未改装,2000.0
3970,苦楽園口,13.0,3.0,２ＬＤＫ,65.0,2017.0,10.0,ＲＣ,１中住専,未改装,3600.0
3971,苦楽園口,14.0,4.0,３ＬＤＫ,80.0,2017.0,32.0,ＲＣ,１種住居,改装済み,3000.0
3972,苦楽園口,16.0,4.0,３ＬＤＫ,85.0,2017.0,35.0,ＲＣ,１中住専,未改装,2000.0
3973,苦楽園口,9.0,4.0,３ＬＤＫ,115.0,2017.0,43.0,ＲＣ,１種住居,未改装,2900.0
3974,門戸厄神,12.0,5.0,４ＬＤＫ,85.0,2017.0,22.0,ＲＣ,１中住専,未改装,2900.0
3975,苦楽園口,9.0,2.0,１ＬＤＫ,45.0,2010.0,25.0,鉄骨造,１低住専,改装済み,780.0
3976,苦楽園口,8.0,3.0,２ＬＤＫ,45.0,2010.0,40.0,鉄骨造,１低住専,改装済み,780.0
3979,西宮北口,6.0,3.0,２ＬＤＫ,50.0,2017.0,12.0,ＲＣ,１種住居,未改装,2500.0
3980,香櫨園,11.0,4.0,３ＬＤＫ,80.0,2010.0,13.0,ＲＣ,１中住専,未改装,2200.0
3981,西宮(ＪＲ),18.0,5.0,４ＬＤＫ,95.0,2017.0,14.0,ＲＣ,２中住専,改装済み,4000.0
3982,香櫨園,12.0,4.0,３ＬＤＫ,65.0,2010.0,9.0,ＲＣ,１種住居,未改装,2600.0
3983,西宮北口,19.0,3.0,２ＬＤＫ,75.0,2017.0,18.0,ＲＣ,１中住専,改装済み,2800.0
3984,西宮北口,19.0,3.0,２ＬＤＫ,70.0,2017.0,17.0,ＲＣ,１中住専,未改装,2400.0
3985,西宮北口,16.0,5.0,４ＬＤＫ,75.0,2017.0,14.0,ＲＣ,２中住専,改装済み,2700.0
3986,西宮北口,16.0,4.0,３ＬＤＫ,85.0,2017.0,18.0,ＲＣ,１中住専,未改装,3000.0
3988,苦楽園口,6.0,4.0,３ＬＤＫ,115.0,2010.0,4.0,ＲＣ,１中住専,未改装,6400.0
3990,西宮北口,9.0,5.0,４ＬＤＫ,70.0,2017.0,36.0,ＲＣ,２種住居,改装済み,1300.0
3991,香櫨園,6.0,4.0,３ＬＤＫ,95.0,2010.0,21.0,ＲＣ,１中住専,未改装,3200.0
3992,門戸厄神,5.0,3.0,２ＬＤＫ,50.0,2017.0,21.0,ＲＣ,１中住専,未改装,1500.0
3994,甲子園口,6.0,4.0,３ＬＤＫ,100.0,2017.0,49.0,ＲＣ,１中住専,未改装,2800.0
3995,鳴尾・武庫川女子大前,10.0,3.0,２ＬＤＫ,60.0,2017.0,38.0,ＳＲＣ,１中住専,未改装,1300.0
3996,甲子園口,10.0,3.0,２ＬＤＫ,60.0,2010.0,33.0,ＲＣ,１中住専,未改装,1000.0
3997,甲子園口,11.0,3.0,２ＬＤＫ,75.0,2010.0,33.0,ＲＣ,１中住専,改装済み,1600.0
3998,甲子園口,8.0,4.0,３ＬＤＫ,85.0,2010.0,22.0,ＲＣ,１中住専,未改装,2600.0
3999,西宮(ＪＲ),5.0,4.0,３ＬＤＫ,75.0,2010.0,15.0,ＲＣ,近隣商業,改装済み,2600.0
4000,香櫨園,11.0,4.0,３ＬＤＫ,70.0,2017.0,20.0,ＲＣ,１中住専,改装済み,2600.0
4001,甲子園口,13.0,4.0,３ＬＤＫ,70.0,2010.0,7.0,ＲＣ,１中住専,未改装,3200.0
4004,西宮北口,8.0,4.0,３ＬＤＫ,65.0,2010.0,14.0,ＲＣ,１中住専,未改装,2600.0
4005,鳴尾・武庫川女子大前,4.0,4.0,３ＬＤＫ,60.0,2011.0,14.0,ＲＣ,１種住居,改装済み,2300.0
4006,さくら夙川,6.0,4.0,３ＬＤＫ,70.0,2017.0,5.0,ＲＣ、鉄骨造,近隣商業,未改装,5500.0
4007,鳴尾・武庫川女子大前,4.0,4.0,３ＬＤＫ,70.0,2011.0,14.0,ＲＣ,１種住居,未改装,2700.0
4008,鳴尾・武庫川女子大前,4.0,4.0,３ＬＤＫ,85.0,2011.0,14.0,ＲＣ,１種住居,未改装,3100.0
4009,夙川,9.0,4.0,３ＬＤＫ,70.0,2017.0,18.0,ＲＣ,１中住専,未改装,3300.0
4010,甲子園口,7.0,3.0,２ＬＤＫ,80.0,2017.0,29.0,ＲＣ,１中住専,改装済み,3500.0
4011,甲子園口,7.0,4.0,３ＬＤＫ,75.0,2017.0,13.0,ＲＣ,１中住専,未改装,4700.0
4012,甲子園口,8.0,4.0,３ＬＤＫ,65.0,2017.0,22.0,ＲＣ,１中住専,未改装,2500.0
4013,甲子園口,8.0,4.0,３ＬＤＫ,65.0,2017.0,22.0,ＲＣ,１中住専,未改装,2700.0
4014,西宮(ＪＲ),4.0,3.0,２ＬＤＫ,55.0,2017.0,6.0,ＲＣ,近隣商業,未改装,3600.0
4015,甲子園口,13.0,5.0,４ＬＤＫ,80.0,2017.0,14.0,ＲＣ,１中住専,未改装,4000.0
4016,西宮北口,15.0,5.0,４ＬＤＫ,85.0,2017.0,15.0,ＲＣ,１中住専,未改装,4000.0
4017,甲子園,13.0,4.0,３ＬＤＫ,95.0,2010.0,5.0,ＲＣ,２種住居,未改装,3800.0
4018,甲子園,12.0,4.0,３ＬＤＫ,80.0,2010.0,5.0,ＲＣ,２種住居,未改装,3500.0
4019,甲子園,12.0,5.0,４ＬＤＫ,85.0,2010.0,5.0,ＲＣ,２種住居,未改装,3600.0
4020,甲子園,13.0,4.0,３ＬＤＫ,85.0,2010.0,5.0,ＲＣ,２種住居,未改装,3700.0
4021,甲子園,13.0,4.0,３ＬＤＫ,85.0,2010.0,5.0,ＲＣ,２種住居,未改装,3600.0
4022,甲子園,17.0,4.0,３ＬＤＫ,85.0,2010.0,5.0,ＲＣ,２種住居,未改装,3500.0
4023,西宮(ＪＲ),4.0,4.0,３ＬＤＫ,50.0,2011.0,35.0,ＳＲＣ,近隣商業,未改装,850.0
4024,西宮(ＪＲ),5.0,3.0,２ＬＤＫ,65.0,2011.0,18.0,ＳＲＣ,近隣商業,未改装,2500.0
4025,西宮(ＪＲ),1.0,4.0,３ＬＤＫ,75.0,2011.0,18.0,ＳＲＣ,近隣商業,未改装,2700.0
4026,西宮(ＪＲ),1.0,4.0,３ＬＤＫ,80.0,2011.0,16.0,ＳＲＣ,近隣商業,未改装,2500.0
4028,西宮北口,5.0,3.0,２ＬＤＫ,55.0,2010.0,9.0,ＲＣ,１種住居,未改装,2600.0
4029,西宮北口,6.0,4.0,３ＬＤＫ,80.0,2010.0,12.0,ＳＲＣ,１中住専,改装済み,3700.0
4030,西宮北口,6.0,2.0,１ＤＫ,35.0,2010.0,12.0,ＳＲＣ,１中住専,未改装,1600.0
4031,西宮北口,5.0,3.0,２ＬＤＫ,55.0,2010.0,12.0,ＲＣ,１種住居,未改装,1900.0
4032,今津(阪神),21.0,4.0,３ＬＤＫ,75.0,2011.0,9.0,ＲＣ,準工業,未改装,2700.0
4033,香櫨園,15.0,4.0,３ＬＤＫ,60.0,2011.0,33.0,ＳＲＣ,準工業,未改装,930.0
4034,香櫨園,16.0,3.0,２ＬＤＫ,60.0,2011.0,33.0,ＳＲＣ,準工業,改装済み,1500.0
4035,西宮(ＪＲ),13.0,3.0,２ＬＤＫ,50.0,2010.0,13.0,ＲＣ,２中住専,未改装,1800.0
4036,香櫨園,16.0,4.0,３ＬＤＫ,75.0,2011.0,6.0,ＲＣ,準工業,未改装,2500.0
4037,香櫨園,15.0,3.0,２ＬＤＫ,60.0,2011.0,33.0,ＳＲＣ,準工業,未改装,1000.0
4038,香櫨園,15.0,4.0,３ＬＤＫ,70.0,2011.0,33.0,ＳＲＣ,準工業,未改装,1400.0
4039,香櫨園,16.0,3.0,２ＬＤＫ,60.0,2011.0,33.0,ＳＲＣ,準工業,改装済み,1200.0
4040,西宮(阪神),18.0,4.0,３ＬＤＫ,70.0,2011.0,6.0,ＲＣ,準工業,未改装,2400.0
4041,西宮(阪神),18.0,4.0,３ＬＤＫ,75.0,2011.0,9.0,ＲＣ,準工業,未改装,2600.0
4042,甲陽園,19.0,4.0,３ＬＤＫ,70.0,2011.0,12.0,ＲＣ,１中住専,未改装,2100.0
4043,甲陽園,19.0,3.0,２ＬＤＫ,75.0,2011.0,8.0,ＲＣ,１中住専,改装済み,2300.0
4044,門戸厄神,29.0,4.0,３ＬＤＫ,70.0,2011.0,31.0,ＲＣ,１中住専,未改装,710.0
4045,門戸厄神,10.0,5.0,４ＬＤＫ,95.0,2010.0,12.0,ＲＣ,１低住専,未改装,3800.0
4046,門戸厄神,6.0,4.0,３ＬＤＫ,75.0,2010.0,13.0,ＲＣ,１中住専,未改装,2800.0
4047,門戸厄神,7.0,4.0,３ＬＤＫ,70.0,2010.0,13.0,ＲＣ,１中住専,改装済み,2800.0
4048,甲東園,23.0,5.0,４ＬＤＫ,75.0,2011.0,10.0,ＲＣ,１中住専,改装済み,2700.0
4049,門戸厄神,6.0,4.0,３ＬＤＫ,75.0,2010.0,10.0,ＲＣ,１中住専,未改装,3000.0
4050,甲子園,12.0,4.0,３ＬＤＫ,85.0,2017.0,11.0,ＲＣ,２種住居,未改装,3700.0
4051,苦楽園口,2.0,4.0,３ＬＤＫ,80.0,2017.0,9.0,ＲＣ,１中住専,未改装,6200.0
4052,門戸厄神,5.0,4.0,３ＬＤＫ,60.0,2010.0,13.0,ＳＲＣ,１中住専,未改装,3000.0
4053,甲東園,13.0,4.0,３ＬＤＫ,75.0,2010.0,11.0,ＲＣ,１中住専,未改装,2700.0
4054,久寿川,5.0,5.0,４ＬＤＫ,75.0,2011.0,26.0,ＳＲＣ,近隣商業,未改装,1000.0
4055,西宮北口,6.0,4.0,３ＬＤＫ,90.0,2017.0,8.0,ＲＣ,１中住専,未改装,6800.0
4057,西宮北口,6.0,4.0,３ＬＤＫ,75.0,2017.0,3.0,ＲＣ,１種住居,未改装,5300.0
4059,久寿川,14.0,4.0,３ＬＤＫ,65.0,2011.0,15.0,ＲＣ,１種住居,未改装,1800.0
4060,久寿川,13.0,4.0,３ＬＤＫ,75.0,2011.0,13.0,ＳＲＣ,１種住居,未改装,2500.0
4061,門戸厄神,10.0,3.0,２ＬＤＫ,65.0,2010.0,6.0,ＲＣ,２中住専,未改装,2800.0
4062,今津(阪神),5.0,4.0,３ＬＤＫ,80.0,2011.0,22.0,ＲＣ,近隣商業,未改装,1800.0
4063,香櫨園,6.0,3.0,２ＬＤＫ,55.0,2010.0,10.0,ＲＣ,近隣商業,未改装,2200.0
4064,久寿川,18.0,4.0,３ＬＤＫ,70.0,2011.0,28.0,ＲＣ,１種住居,未改装,1000.0
4065,夙川,4.0,3.0,２ＬＤＫ,80.0,2010.0,12.0,ＲＣ,１中住専,未改装,4000.0
4066,久寿川,1.0,1.0,１Ｒ,15.0,2011.0,22.0,ＲＣ,近隣商業,未改装,310.0
4067,門戸厄神,7.0,4.0,３ＬＤＫ,75.0,2017.0,20.0,ＲＣ,１中住専,未改装,3400.0
4069,門戸厄神,6.0,4.0,３ＬＤＫ,70.0,2017.0,19.0,ＲＣ,１中住専,未改装,3500.0
4070,有馬温泉,28.0,4.0,３ＬＤＫ,60.0,2010.0,11.0,ＲＣ,１中住専,未改装,350.0
4072,甲陽園,16.0,4.0,３ＬＤＫ,60.0,2011.0,13.0,ＲＣ,１中住専,未改装,1200.0
4073,門戸厄神,9.0,4.0,３ＬＤＫ,90.0,2017.0,13.0,ＲＣ,１中住専,未改装,4100.0
4074,甲東園,25.0,4.0,３ＬＤＫ,75.0,2011.0,14.0,ＲＣ,１中住専,未改装,1900.0
4075,甲陽園,24.0,4.0,３ＬＤＫ,75.0,2011.0,13.0,ＲＣ,１中住専,改装済み,2000.0
4076,香櫨園,8.0,4.0,３ＬＤＫ,55.0,2017.0,17.0,ＲＣ,近隣商業,未改装,2500.0
4077,さくら夙川,8.0,4.0,３ＬＤＫ,80.0,2017.0,18.0,ＲＣ,近隣商業,未改装,3400.0
4078,甲陽園,19.0,4.0,３ＬＤＫ,75.0,2011.0,17.0,ＲＣ,１中住専,未改装,2000.0
4079,甲陽園,16.0,3.0,２ＬＤＫ,55.0,2011.0,33.0,ＳＲＣ,１中住専,未改装,700.0
4080,武庫川団地前,2.0,5.0,４ＬＤＫ,80.0,2011.0,30.0,ＳＲＣ,準工業,改装済み,1300.0
4081,武庫川団地前,3.0,5.0,４ＬＤＫ,80.0,2011.0,30.0,ＳＲＣ,準工業,未改装,1600.0
4082,武庫川団地前,6.0,4.0,３ＬＤＫ,75.0,2011.0,27.0,ＳＲＣ,１種住居,改装済み,1300.0
4083,武庫川団地前,2.0,6.0,５ＬＤＫ,90.0,2011.0,30.0,ＳＲＣ,準工業,未改装,1500.0
4084,武庫川団地前,2.0,5.0,４ＬＤＫ,80.0,2011.0,30.0,ＳＲＣ,準工業,改装済み,1700.0
4085,香櫨園,11.0,4.0,３ＬＤＫ,125.0,2010.0,20.0,ＲＣ,１中住専,改装済み,4400.0
4086,香櫨園,11.0,5.0,４ＬＤＫ,130.0,2010.0,20.0,ＲＣ,１中住専,未改装,4400.0
4087,香櫨園,8.0,3.0,２ＤＫ,65.0,2010.0,19.0,ＲＣ,１種住居,改装済み,1800.0
4088,香櫨園,11.0,3.0,２ＬＤＫ,110.0,2010.0,20.0,ＲＣ,１中住専,未改装,3600.0
4089,香櫨園,12.0,4.0,３ＬＤＫ,60.0,2010.0,8.0,ＲＣ,近隣商業,未改装,2400.0
4090,香櫨園,7.0,5.0,４ＬＤＫ,90.0,2010.0,4.0,ＲＣ,１種住居,未改装,3900.0
4091,西宮(阪神),11.0,4.0,３ＬＤＫ,55.0,2010.0,3.0,ＲＣ,近隣商業,未改装,2500.0
4092,西宮(阪神),10.0,4.0,３ＬＤＫ,65.0,2010.0,3.0,ＲＣ,近隣商業,未改装,2700.0
4094,苦楽園口,18.0,5.0,４ＬＤＫ,85.0,2011.0,1.0,ＲＣ,１中住専,改装済み,4400.0
4095,苦楽園口,18.0,3.0,２ＤＫ,45.0,2011.0,36.0,鉄骨造,１低住専,未改装,400.0
4097,苦楽園口,18.0,4.0,３ＬＤＫ,105.0,2011.0,1.0,ＲＣ,１中住専,改装済み,5200.0
4098,苦楽園口,16.0,4.0,３ＬＤＫ,70.0,2011.0,6.0,ＲＣ,１中住専,未改装,3300.0
4100,苦楽園口,17.0,4.0,３ＬＤＫ,80.0,2011.0,1.0,ＲＣ,１中住専,未改装,4700.0
4101,苦楽園口,19.0,4.0,３ＬＤＫ,85.0,2011.0,1.0,ＲＣ,１中住専,未改装,4500.0
4102,苦楽園口,18.0,4.0,３ＬＤＫ,105.0,2011.0,1.0,ＲＣ,１中住専,改装済み,5600.0
4103,西宮北口,3.0,4.0,３ＬＤＫ,80.0,2010.0,10.0,ＳＲＣ,２種住居,未改装,3800.0
4104,西宮北口,4.0,4.0,３ＬＤＫ,65.0,2010.0,5.0,ＲＣ,２種住居,未改装,3500.0
4105,西宮北口,3.0,4.0,３ＬＤＫ,80.0,2010.0,10.0,ＳＲＣ,２種住居,未改装,3700.0
4106,西宮北口,5.0,3.0,２ＬＤＫ,75.0,2010.0,10.0,ＳＲＣ,２種住居,未改装,3400.0
4107,香櫨園,11.0,3.0,２ＬＤＫ,55.0,2017.0,15.0,ＲＣ,近隣商業,改装済み,2700.0
4108,西宮(阪神),8.0,4.0,３ＬＤＫ,70.0,2017.0,32.0,ＳＲＣ,近隣商業,改装済み,2200.0
4109,西宮(阪神),10.0,4.0,３ＬＤＫ,65.0,2017.0,10.0,ＲＣ,近隣商業,改装済み,2900.0
4110,夙川,6.0,4.0,３ＬＤＫ,110.0,2011.0,23.0,ＲＣ,１中住専,未改装,4000.0
4111,西宮(阪神),6.0,4.0,３ＬＤＫ,85.0,2010.0,12.0,ＳＲＣ,近隣商業,改装済み,3900.0
4112,甲東園,12.0,4.0,３ＬＤＫ,60.0,2010.0,34.0,ＲＣ,１中住専,未改装,750.0
4114,西宮(阪神),4.0,2.0,１Ｋ,25.0,2017.0,8.0,ＲＣ,近隣商業,未改装,1500.0
4116,甲陽園,14.0,3.0,２ＬＤＫ,60.0,2010.0,34.0,ＲＣ,１中住専,未改装,500.0
4117,夙川,14.0,4.0,３ＬＤＫ,70.0,2011.0,37.0,ＲＣ,１中住専,改装済み,1100.0
4118,夙川,9.0,5.0,４ＬＤＫ,90.0,2011.0,16.0,ＲＣ,１中住専,改装済み,2900.0
4119,西宮北口,6.0,4.0,３ＬＤＫ,70.0,2017.0,6.0,ＲＣ,２種住居,未改装,4300.0
4120,西宮北口,3.0,3.0,２ＬＤＫ,75.0,2017.0,17.0,ＳＲＣ,２種住居,改装済み,4300.0
4122,西宮北口,10.0,4.0,３ＬＤＫ,85.0,2011.0,15.0,ＲＣ,１中住専,未改装,3400.0
4124,西宮北口,12.0,4.0,３ＬＤＫ,60.0,2011.0,14.0,ＲＣ,１中住専,未改装,1600.0
4125,夙川,7.0,4.0,３ＬＤＫ,65.0,2010.0,13.0,ＲＣ,１中住専,未改装,3000.0
4126,門戸厄神,13.0,5.0,３ＬＤＫ＋Ｓ,80.0,2010.0,10.0,ＲＣ,１中住専,未改装,3100.0
4127,門戸厄神,11.0,5.0,４ＬＤＫ,80.0,2010.0,10.0,ＲＣ,１中住専,未改装,3200.0
4128,香櫨園,14.0,4.0,３ＬＤＫ,70.0,2011.0,11.0,ＲＣ,１種住居,改装済み,1900.0
4129,香櫨園,14.0,4.0,３ＬＤＫ,65.0,2011.0,11.0,ＲＣ,１種住居,未改装,1900.0
4130,香櫨園,11.0,4.0,３ＬＤＫ,80.0,2011.0,5.0,ＲＣ,１種住居,未改装,3100.0
4131,香櫨園,11.0,4.0,３ＬＤＫ,80.0,2011.0,5.0,ＲＣ,１種住居,未改装,3200.0
4132,甲陽園,16.0,3.0,２ＬＤＫ,60.0,2017.0,41.0,ＲＣ,１中住専,改装済み,1200.0
4133,西宮(阪神),3.0,4.0,３ＬＤＫ,50.0,2010.0,10.0,ＲＣ,商業,未改装,100.0
4134,西宮(阪神),2.0,2.0,１Ｋ,20.0,2010.0,5.0,ＲＣ,商業,改装済み,1100.0
4135,西宮北口,15.0,4.0,３ＬＤＫ,80.0,2011.0,14.0,ＲＣ,１中住専,未改装,2700.0
4136,西宮北口,19.0,4.0,３ＬＤＫ,70.0,2011.0,16.0,ＲＣ,１中住専,未改装,2200.0
4137,鳴尾・武庫川女子大前,14.0,4.0,３ＬＤＫ,120.0,2017.0,11.0,ＲＣ,１中住専,未改装,5600.0
4138,西宮北口,8.0,4.0,３ＬＤＫ,70.0,2011.0,14.0,ＲＣ,１種住居,未改装,2800.0
4139,夙川,7.0,4.0,３ＬＤＫ,90.0,2017.0,18.0,ＲＣ,１中住専,未改装,3900.0
4140,苦楽園口,12.0,4.0,３ＬＤＫ,70.0,2011.0,14.0,ＲＣ,１中住専,未改装,2200.0
4143,西宮(阪神),3.0,2.0,１Ｋ,25.0,2017.0,12.0,ＲＣ,商業,未改装,1300.0
4145,さくら夙川,4.0,3.0,２ＬＤＫ,60.0,2011.0,32.0,ＳＲＣ,近隣商業,未改装,1800.0
4147,夙川,6.0,4.0,３ＬＤＫ,110.0,2011.0,12.0,ＲＣ,１中住専,未改装,4800.0
4148,門戸厄神,10.0,4.0,３ＬＤＫ,65.0,2011.0,15.0,ＲＣ,１中住専,未改装,2300.0
4149,苦楽園口,15.0,5.0,４ＬＤＫ,100.0,2011.0,4.0,ＲＣ,１中住専,未改装,3100.0
4150,西宮北口,23.0,4.0,３ＬＤＫ,85.0,2011.0,8.0,ＲＣ,１中住専,未改装,3000.0
4151,久寿川,14.0,4.0,３ＬＤＫ,70.0,2011.0,25.0,ＳＲＣ,準工業,未改装,1700.0
4152,甲子園,15.0,4.0,３ＬＤＫ,65.0,2011.0,14.0,ＲＣ,１種住居,未改装,2400.0
4153,甲子園,18.0,4.0,３ＬＤＫ,75.0,2011.0,9.0,ＲＣ,準工業,未改装,2400.0
4154,甲子園,18.0,4.0,３ＬＤＫ,70.0,2011.0,25.0,ＳＲＣ,準工業,未改装,1700.0
4155,甲子園口,14.0,3.0,２ＬＤＫ,40.0,2011.0,39.0,鉄骨造,２中住専,未改装,500.0
4157,阪神国道,13.0,4.0,３ＬＤＫ,70.0,2011.0,25.0,ＳＲＣ,１種住居,改装済み,1800.0
4158,阪神国道,13.0,4.0,３ＬＤＫ,70.0,2011.0,25.0,ＳＲＣ,準工業,未改装,1700.0
4159,甲東園,5.0,4.0,３ＬＤＫ,90.0,2011.0,10.0,ＲＣ,１中住専,未改装,4500.0
4160,甲東園,8.0,4.0,３ＬＤＫ,80.0,2011.0,11.0,ＲＣ,１低住専,改装済み,3200.0
4161,甲陽園,4.0,4.0,３ＬＤＫ,75.0,2011.0,5.0,ＲＣ,１低住専,未改装,3700.0
4162,香櫨園,12.0,5.0,４ＬＤＫ,85.0,2011.0,6.0,ＲＣ,１中住専,未改装,3800.0
4163,香櫨園,9.0,4.0,３ＬＤＫ,70.0,2011.0,8.0,ＲＣ,１中住専,未改装,3000.0
4164,香櫨園,5.0,4.0,３ＬＤＫ,80.0,2011.0,27.0,ＲＣ,１中住専,未改装,2100.0
4165,香櫨園,2.0,4.0,３ＬＤＫ,90.0,2011.0,13.0,ＳＲＣ,準住居,未改装,3100.0
4166,香櫨園,5.0,4.0,３ＬＤＫ,65.0,2011.0,10.0,ＲＣ,１中住専,改装済み,2200.0
4167,香櫨園,5.0,3.0,２ＤＫ,50.0,2011.0,13.0,ＲＣ,１中住専,未改装,1400.0
4168,香櫨園,6.0,3.0,２ＬＤＫ,55.0,2011.0,13.0,ＲＣ,１中住専,未改装,1500.0
4169,甲陽園,10.0,5.0,４ＬＤＫ,75.0,2011.0,7.0,ＲＣ,１種住居,未改装,2500.0
4170,西宮北口,6.0,2.0,１ＤＫ,40.0,2011.0,13.0,ＳＲＣ,１中住専,未改装,1100.0
4172,西宮北口,4.0,4.0,３ＬＤＫ,70.0,2011.0,12.0,ＲＣ,１中住専,未改装,3100.0
4173,西宮(阪神),14.0,4.0,３ＬＤＫ,55.0,2011.0,37.0,ＳＲＣ,準工業,未改装,750.0
4174,西宮(阪神),14.0,4.0,３ＬＤＫ,70.0,2011.0,37.0,ＳＲＣ,準工業,未改装,850.0
4175,西宮(阪神),14.0,5.0,４ＬＤＫ,80.0,2011.0,37.0,ＳＲＣ,準工業,未改装,750.0
4176,西宮(阪神),8.0,4.0,３ＬＤＫ,80.0,2011.0,37.0,ＳＲＣ,準工業,未改装,1100.0
4177,西宮(阪神),14.0,4.0,３ＬＤＫ,55.0,2011.0,37.0,ＳＲＣ,準工業,未改装,730.0
4178,苦楽園口,15.0,4.0,３ＬＤＫ,80.0,2011.0,2.0,ＲＣ,１低住専,未改装,4000.0
4179,苦楽園口,16.0,5.0,４ＬＤＫ,90.0,2011.0,37.0,ＲＣ,１低住専,改装済み,1600.0
4180,苦楽園口,16.0,5.0,４ＬＤＫ,130.0,2011.0,3.0,ＲＣ,１低住専,改装済み,8900.0
4181,苦楽園口,15.0,5.0,４ＤＫ,90.0,2011.0,37.0,ＲＣ,１低住専,改装済み,1700.0
4182,苦楽園口,6.0,3.0,２ＬＤＫ,55.0,2011.0,12.0,ＲＣ,１中住専,未改装,2000.0
4183,夙川,7.0,5.0,４ＬＤＫ,85.0,2011.0,13.0,ＲＣ,１中住専,未改装,4900.0
4184,甲子園,6.0,4.0,３ＬＤＫ,55.0,2011.0,38.0,ＲＣ,１種住居,未改装,1300.0
4185,甲子園,5.0,4.0,３ＤＫ,60.0,2011.0,37.0,ＲＣ,１種住居,改装済み,1200.0
4186,甲子園,18.0,4.0,３ＬＤＫ,65.0,2011.0,34.0,ＲＣ,２種住居,改装済み,1900.0
4187,甲子園,14.0,5.0,４ＬＤＫ,90.0,2011.0,5.0,ＲＣ,２種住居,改装済み,4000.0
4188,甲子園,14.0,5.0,４ＬＤＫ,80.0,2011.0,5.0,ＲＣ,２種住居,未改装,3600.0
4189,甲子園,14.0,4.0,３ＬＤＫ,65.0,2011.0,7.0,ＲＣ,２種住居,未改装,2800.0
4191,甲子園,10.0,4.0,３ＬＤＫ,80.0,2011.0,11.0,ＲＣ,２中住専,未改装,2700.0
4192,鳴尾・武庫川女子大前,14.0,4.0,３ＬＤＫ,70.0,2011.0,5.0,ＲＣ,２種住居,改装済み,3100.0
4193,甲子園,5.0,3.0,２ＬＤＫ,75.0,2011.0,6.0,ＲＣ,２中住専,未改装,3600.0
4194,甲子園口,6.0,4.0,３ＬＤＫ,70.0,2011.0,15.0,ＲＣ,近隣商業,未改装,2400.0
4195,甲子園口,9.0,4.0,３ＬＤＫ,65.0,2011.0,14.0,ＲＣ,１中住専,未改装,2300.0
4196,甲子園口,8.0,3.0,２ＬＤＫ,60.0,2011.0,10.0,ＲＣ,１中住専,未改装,2500.0
4197,甲子園口,6.0,5.0,４ＬＤＫ,80.0,2011.0,15.0,ＲＣ,近隣商業,改装済み,3700.0
4198,甲子園口,8.0,4.0,３ＬＤＫ,75.0,2011.0,10.0,ＲＣ,１中住専,改装済み,3700.0
4199,甲子園口,9.0,4.0,３ＬＤＫ,65.0,2011.0,39.0,ＲＣ,１中住専,未改装,1400.0
4200,甲子園口,8.0,4.0,３ＬＤＫ,75.0,2011.0,7.0,ＲＣ,１中住専,未改装,3500.0
4201,甲子園口,4.0,3.0,２ＬＤＫ,70.0,2011.0,33.0,ＲＣ,１中住専,改装済み,1900.0
4202,甲子園口,3.0,4.0,３ＬＤＫ,75.0,2011.0,11.0,ＲＣ,１中住専,未改装,3300.0
4203,甲子園口,6.0,3.0,２ＬＤＫ,70.0,2011.0,33.0,ＲＣ,１中住専,未改装,1600.0
4204,甲子園,9.0,5.0,４ＬＤＫ,95.0,2011.0,38.0,ＲＣ,２種住居,未改装,1900.0
4207,甲子園,11.0,5.0,４ＬＤＫ,105.0,2011.0,10.0,ＲＣ,２中住専,未改装,3800.0
4208,甲子園,9.0,4.0,３ＬＤＫ,65.0,2011.0,38.0,ＲＣ,２種住居,改装済み,1700.0
4209,久寿川,9.0,5.0,４ＬＤＫ,85.0,2011.0,5.0,ＲＣ,１種住居,未改装,4100.0
4210,甲東園,1.0,4.0,３ＬＤＫ,80.0,2011.0,12.0,ＳＲＣ,近隣商業,改装済み,3600.0
4212,甲東園,3.0,4.0,３ＬＤＫ,60.0,2011.0,38.0,ＳＲＣ,近隣商業,改装済み,1500.0
4213,甲陽園,5.0,4.0,３ＬＤＫ,95.0,2011.0,7.0,ＲＣ,１低住専,未改装,4500.0
4214,甲陽園,3.0,4.0,３ＬＤＫ,80.0,2011.0,11.0,ＲＣ,２低住専,未改装,4000.0
4215,甲陽園,3.0,4.0,３ＬＤＫ,70.0,2011.0,11.0,ＲＣ,２低住専,未改装,3400.0
4216,甲陽園,10.0,4.0,３ＬＤＫ,75.0,2011.0,12.0,ＲＣ,１低住専,未改装,2000.0
4217,甲陽園,13.0,5.0,４ＬＤＫ,80.0,2011.0,12.0,ＲＣ,１低住専,改装済み,2500.0
4218,甲陽園,2.0,4.0,３ＬＤＫ,70.0,2011.0,11.0,ＲＣ,近隣商業,未改装,3400.0
4219,甲陽園,6.0,4.0,３ＬＤＫ,75.0,2011.0,15.0,ＲＣ,１中住専,未改装,2300.0
4220,甲陽園,4.0,4.0,３ＬＤＫ,75.0,2011.0,34.0,ＳＲＣ,近隣商業,改装済み,2000.0
4221,甲陽園,3.0,4.0,３ＬＤＫ,75.0,2011.0,34.0,ＳＲＣ,近隣商業,改装済み,1800.0
4222,西宮(阪神),10.0,4.0,３ＬＤＫ,70.0,2011.0,5.0,ＲＣ,近隣商業,未改装,3100.0
4223,甲子園口,13.0,4.0,３ＬＤＫ,75.0,2011.0,7.0,ＲＣ,１種住居,未改装,3000.0
4224,夙川,3.0,5.0,４ＬＤＫ,95.0,2011.0,11.0,ＲＣ,１中住専,未改装,6300.0
4225,夙川,3.0,5.0,４ＬＤＫ,95.0,2011.0,11.0,ＲＣ,１中住専,未改装,5900.0
4226,鳴尾・武庫川女子大前,15.0,4.0,３ＬＤＫ,65.0,2011.0,7.0,ＲＣ,２中住専,未改装,2700.0
4227,鳴尾・武庫川女子大前,14.0,5.0,４ＬＤＫ,80.0,2011.0,7.0,ＲＣ,２中住専,未改装,3800.0
4228,鳴尾・武庫川女子大前,15.0,5.0,４ＬＤＫ,85.0,2011.0,7.0,ＲＣ,２中住専,未改装,3900.0
4229,武庫川,16.0,5.0,４ＬＤＫ,85.0,2011.0,7.0,ＲＣ,２中住専,未改装,3900.0
4230,鳴尾・武庫川女子大前,10.0,4.0,３ＬＤＫ,55.0,2011.0,39.0,ＳＲＣ,１種住居,改装済み,1200.0
4231,鳴尾・武庫川女子大前,9.0,3.0,２ＬＤＫ,60.0,2011.0,20.0,ＲＣ,１種住居,改装済み,1600.0
4232,武庫川,10.0,4.0,３ＬＤＫ,65.0,2011.0,3.0,ＲＣ,２中住専,未改装,3300.0
4233,鳴尾・武庫川女子大前,2.0,4.0,３ＬＤＫ,70.0,2011.0,20.0,ＲＣ,１種住居,未改装,1500.0
4234,西宮(阪神),6.0,4.0,３ＬＤＫ,70.0,2011.0,13.0,ＲＣ,近隣商業,未改装,2700.0
4235,生瀬,18.0,4.0,３ＬＤＫ,75.0,2011.0,19.0,ＲＣ,１中住専,未改装,520.0
4236,生瀬,14.0,4.0,３ＬＤＫ,80.0,2011.0,19.0,ＲＣ,１中住専,未改装,720.0
4237,西宮名塩,20.0,4.0,３ＬＤＫ,80.0,2011.0,19.0,ＲＣ,１中住専,未改装,500.0
4238,西宮名塩,8.0,5.0,４ＬＤＫ,80.0,2011.0,12.0,ＲＣ,１中住専,改装済み,1400.0
4239,西宮名塩,8.0,3.0,２ＬＤＫ,55.0,2011.0,12.0,ＲＣ,１中住専,未改装,960.0
4240,苦楽園口,9.0,4.0,３ＬＤＫ,70.0,2011.0,14.0,ＲＣ,１中住専,未改装,2500.0
4241,苦楽園口,9.0,4.0,３ＬＤＫ,65.0,2011.0,14.0,ＲＣ,１中住専,未改装,2400.0
4242,苦楽園口,11.0,4.0,３ＬＤＫ,65.0,2011.0,10.0,ＲＣ,１中住専,未改装,2400.0
4243,甲陽園,11.0,4.0,３ＬＤＫ,75.0,2011.0,14.0,ＲＣ,１中住専,未改装,2700.0
4244,香櫨園,13.0,4.0,３ＬＤＫ,75.0,2011.0,4.0,ＲＣ,１中住専,改装済み,3500.0
4245,甲東園,4.0,4.0,３ＬＤＫ,70.0,2011.0,14.0,ＲＣ,１中住専,未改装,3300.0
4247,苦楽園口,11.0,3.0,２ＬＤＫ,80.0,2011.0,9.0,ＲＣ,１低住専,未改装,2900.0
4248,夙川,9.0,2.0,１Ｋ,15.0,2011.0,27.0,ＲＣ,１種住居,未改装,280.0
4249,西宮(阪神),9.0,4.0,３ＬＤＫ,70.0,2011.0,13.0,ＲＣ,近隣商業,未改装,2500.0
4250,苦楽園口,16.0,4.0,３ＬＤＫ,80.0,2011.0,6.0,ＲＣ,１中住専,未改装,2900.0
4251,苦楽園口,14.0,4.0,３ＬＤＫ,75.0,2011.0,15.0,ＲＣ,１中住専,未改装,2100.0
4252,苦楽園口,14.0,3.0,２ＬＤＫ,65.0,2011.0,34.0,ＲＣ,１中住専,改装済み,980.0
4253,苦楽園口,19.0,4.0,３ＬＤＫ,70.0,2011.0,10.0,ＲＣ,１中住専,未改装,2400.0
4254,西宮北口,16.0,4.0,３ＬＤＫ,70.0,2011.0,9.0,ＲＣ,１中住専,未改装,3000.0
4255,甲陽園,23.0,3.0,２ＬＤＫ,50.0,2011.0,22.0,ＲＣ,１中住専,未改装,900.0
4256,西宮北口,30.0,5.0,４ＬＤＫ,75.0,2011.0,26.0,ＲＣ,１中住専,改装済み,1600.0
4257,西宮北口,30.0,5.0,４ＬＤＫ,80.0,2011.0,26.0,ＲＣ,１中住専,未改装,1400.0
4258,門戸厄神,21.0,4.0,３ＬＤＫ,85.0,2011.0,11.0,ＲＣ,１低住専,未改装,1500.0
4259,鳴尾・武庫川女子大前,15.0,5.0,４ＬＤＫ,95.0,2011.0,21.0,ＳＲＣ,１中住専,未改装,2200.0
4261,武庫川団地前,13.0,4.0,３ＬＤＫ,70.0,2011.0,28.0,ＳＲＣ,１中住専,改装済み,1600.0
4262,武庫川団地前,10.0,4.0,３ＬＤＫ,70.0,2011.0,28.0,ＳＲＣ,１中住専,未改装,1300.0
4263,武庫川団地前,12.0,4.0,３ＬＤＫ,70.0,2011.0,28.0,ＳＲＣ,１中住専,未改装,900.0
4265,武庫川団地前,11.0,5.0,４ＬＤＫ,65.0,2011.0,26.0,ＳＲＣ,１中住専,未改装,1300.0
4266,武庫川団地前,8.0,5.0,４ＬＤＫ,95.0,2011.0,9.0,ＲＣ,１中住専,未改装,1800.0
4267,武庫川団地前,7.0,4.0,３ＬＤＫ,80.0,2011.0,7.0,ＲＣ,１中住専,未改装,2500.0
4268,夙川,11.0,3.0,２ＬＤＫ,60.0,2011.0,43.0,ＲＣ,１中住専,改装済み,1200.0
4269,夙川,11.0,4.0,３ＬＤＫ,110.0,2011.0,24.0,ＲＣ,１中住専,改装済み,1500.0
4270,阪神国道,14.0,3.0,２ＬＤＫ,60.0,2011.0,36.0,ＳＲＣ,準工業,未改装,1300.0
4271,西宮北口,3.0,4.0,３ＬＤＫ,60.0,2011.0,11.0,ＳＲＣ,商業,未改装,3100.0
4272,西宮北口,3.0,2.0,１ＬＤＫ,60.0,2011.0,3.0,ＲＣ,商業,未改装,3700.0
4273,西宮北口,12.0,4.0,３ＬＤＫ,70.0,2011.0,12.0,ＳＲＣ,１種住居,改装済み,2900.0
4274,香櫨園,10.0,4.0,３ＬＤＫ,70.0,2011.0,10.0,ＲＣ,１種住居,未改装,2600.0
4275,香櫨園,10.0,4.0,３ＬＤＫ,70.0,2011.0,10.0,ＲＣ,準工業,改装済み,2600.0
4277,西宮(阪神),2.0,5.0,４ＬＤＫ,85.0,2011.0,8.0,ＳＲＣ,商業,未改装,4400.0
4278,西宮(阪神),2.0,4.0,３ＬＤＫ,75.0,2011.0,8.0,ＳＲＣ,商業,未改装,3200.0
4279,甲東園,6.0,5.0,４ＬＤＫ,80.0,2011.0,8.0,ＲＣ,１中住専,未改装,3900.0
4280,甲東園,16.0,4.0,３ＬＤＫ,75.0,2011.0,32.0,ＲＣ,１中住専,改装済み,1400.0
4281,甲東園,16.0,4.0,３ＬＤＫ,65.0,2011.0,32.0,ＲＣ,１中住専,改装済み,1100.0
4283,仁川,12.0,5.0,４ＬＤＫ,65.0,2011.0,27.0,ＲＣ,１中住専,未改装,1400.0
4284,仁川,15.0,3.0,２ＬＤＫ,75.0,2011.0,8.0,ＲＣ,１中住専,未改装,2700.0
4285,仁川,15.0,5.0,４ＬＤＫ,85.0,2011.0,8.0,ＲＣ,１中住専,未改装,3100.0
4286,仁川,9.0,4.0,３ＬＤＫ,75.0,2011.0,5.0,ＲＣ,２中住専,未改装,3300.0
4288,今津(阪神),9.0,4.0,３ＬＤＫ,70.0,2011.0,10.0,ＲＣ,１種住居,未改装,2500.0
4289,西宮(ＪＲ),7.0,4.0,３ＬＤＫ,80.0,2011.0,12.0,ＲＣ,近隣商業,未改装,2400.0
4290,西宮(ＪＲ),4.0,4.0,３ＬＤＫ,60.0,2011.0,16.0,ＲＣ,２種住居,未改装,2400.0
4291,西宮(ＪＲ),5.0,4.0,３ＬＤＫ,60.0,2011.0,4.0,ＲＣ,準工業,未改装,3000.0
4292,西宮(ＪＲ),8.0,4.0,３ＬＤＫ,65.0,2011.0,10.0,ＲＣ,準工業,改装済み,2600.0
4293,西宮(ＪＲ),4.0,4.0,３ＬＤＫ,65.0,2011.0,16.0,ＲＣ,準工業,未改装,2400.0
4294,西宮(ＪＲ),6.0,3.0,２ＬＤＫ,55.0,2011.0,12.0,ＲＣ,近隣商業,未改装,2000.0
4295,西宮(ＪＲ),4.0,4.0,３ＬＤＫ,70.0,2011.0,15.0,ＳＲＣ,近隣商業,改装済み,2500.0
4296,西宮(ＪＲ),4.0,4.0,３ＬＤＫ,70.0,2011.0,16.0,ＲＣ,準工業,未改装,2500.0
4297,阪神国道,2.0,4.0,３ＬＤＫ,70.0,2011.0,3.0,ＲＣ,近隣商業,未改装,2700.0
4298,阪神国道,5.0,5.0,４ＬＤＫ,80.0,2011.0,10.0,ＲＣ,準工業,未改装,3200.0
4299,阪神国道,4.0,3.0,２ＬＤＫ,60.0,2011.0,10.0,ＲＣ,準工業,未改装,1800.0
4300,今津(阪神),2.0,4.0,３ＬＤＫ,55.0,2011.0,6.0,ＲＣ,商業,改装済み,2200.0
4301,今津(阪神),1.0,4.0,３ＬＤＫ,70.0,2011.0,7.0,ＲＣ,商業,未改装,2800.0
4302,今津(阪神),3.0,2.0,１ＤＫ,25.0,2011.0,22.0,ＲＣ,商業,未改装,350.0
4303,西宮(ＪＲ),6.0,3.0,２ＬＤＫ,60.0,2011.0,22.0,ＳＲＣ,１種住居,未改装,1200.0
4304,甲子園口,8.0,4.0,３ＬＤＫ,75.0,2011.0,10.0,ＲＣ,１中住専,未改装,2800.0
4305,西宮(阪神),7.0,4.0,３ＬＤＫ,110.0,2011.0,18.0,ＲＣ,近隣商業,未改装,3600.0
4306,甲子園口,8.0,3.0,２ＬＤＫ,65.0,2011.0,39.0,ＲＣ,１中住専,改装済み,1300.0
4307,甲子園口,9.0,4.0,３ＬＤＫ,70.0,2011.0,14.0,ＲＣ,１種住居,未改装,2500.0
4308,香櫨園,6.0,4.0,３ＬＤＫ,70.0,2011.0,9.0,ＲＣ,１中住専,未改装,3100.0
4309,西宮(ＪＲ),10.0,2.0,１Ｋ,15.0,2011.0,25.0,ＲＣ,近隣商業,未改装,240.0
4310,西宮(ＪＲ),11.0,4.0,３ＬＤＫ,70.0,2011.0,11.0,ＲＣ,近隣商業,未改装,2900.0
4311,西宮北口,21.0,5.0,４ＬＤＫ,70.0,2011.0,15.0,ＲＣ,１種住居,改装済み,2400.0
4312,西宮北口,19.0,4.0,３ＬＤＫ,70.0,2011.0,14.0,ＲＣ,１種住居,未改装,2500.0
4313,西宮北口,20.0,5.0,４ＬＤＫ,75.0,2011.0,14.0,ＲＣ,１種住居,未改装,3100.0
4314,西宮名塩,6.0,4.0,３ＬＤＫ,65.0,2011.0,15.0,ＲＣ,２中住専,未改装,800.0
4315,西宮名塩,6.0,5.0,４ＬＤＫ,85.0,2011.0,15.0,ＲＣ,２中住専,未改装,1400.0
4316,西宮名塩,9.0,4.0,３ＬＤＫ,70.0,2011.0,15.0,ＲＣ,２中住専,未改装,1100.0
4317,苦楽園口,6.0,5.0,４ＬＤＫ,110.0,2011.0,13.0,ＲＣ,１中住専,未改装,4600.0
4319,宝塚,16.0,4.0,３ＬＤＫ,75.0,2011.0,12.0,ＳＲＣ,２中住専,未改装,1400.0
4320,生瀬,11.0,4.0,３ＬＤＫ,70.0,2011.0,14.0,ＳＲＣ,２中住専,改装済み,1400.0
4321,鳴尾・武庫川女子大前,6.0,3.0,２ＬＤＫ,50.0,2011.0,40.0,鉄骨造,１種住居,改装済み,1200.0
4322,鳴尾・武庫川女子大前,5.0,5.0,４ＬＤＫ,85.0,2011.0,14.0,ＲＣ,近隣商業,未改装,3000.0
4324,鳴尾・武庫川女子大前,5.0,4.0,３ＬＤＫ,80.0,2011.0,14.0,ＲＣ,２種住居,改装済み,2900.0
4325,鳴尾・武庫川女子大前,6.0,4.0,３ＬＤＫ,75.0,2011.0,11.0,ＲＣ,１種住居,改装済み,2500.0
4326,鳴尾・武庫川女子大前,7.0,3.0,２ＤＫ,40.0,2011.0,40.0,鉄骨造,１種住居,未改装,630.0
4327,鳴尾・武庫川女子大前,6.0,3.0,２ＤＫ,40.0,2011.0,40.0,鉄骨造,１種住居,未改装,750.0
4328,鳴尾・武庫川女子大前,5.0,4.0,３ＬＤＫ,80.0,2011.0,8.0,ＲＣ,２種住居,改装済み,3500.0
4329,鳴尾・武庫川女子大前,4.0,4.0,３ＬＤＫ,80.0,2011.0,7.0,ＲＣ,近隣商業,改装済み,3100.0
4330,夙川,8.0,2.0,１ＬＤＫ,40.0,2011.0,7.0,ＲＣ,１中住専,未改装,2700.0
4331,仁川,9.0,5.0,４ＬＤＫ,80.0,2011.0,10.0,ＲＣ,１低住専,未改装,2700.0
4332,西宮(阪神),30.0,4.0,３ＬＤＫ,65.0,2011.0,13.0,ＳＲＣ,１中住専,改装済み,1300.0
4333,西宮(阪神),30.0,4.0,３ＬＤＫ,80.0,2011.0,13.0,ＲＣ,１中住専,未改装,1800.0
4334,西宮(阪神),30.0,3.0,２ＬＤＫ,75.0,2011.0,12.0,ＳＲＣ,近隣商業,未改装,2500.0
4335,西宮(阪神),30.0,4.0,３ＬＤＫ,70.0,2011.0,13.0,ＳＲＣ,１中住専,改装済み,1800.0
4336,西宮(阪神),30.0,4.0,３ＬＤＫ,70.0,2011.0,13.0,ＳＲＣ,１中住専,改装済み,1600.0
4337,西宮(阪神),30.0,4.0,３ＬＤＫ,70.0,2011.0,13.0,ＳＲＣ,１中住専,改装済み,1500.0
4338,西宮(阪神),30.0,5.0,４ＬＤＫ,85.0,2011.0,13.0,ＳＲＣ,１中住専,改装済み,2300.0
4339,西宮(阪神),30.0,3.0,２ＬＤＫ,110.0,2011.0,7.0,ＳＲＣ,１中住専,改装済み,3900.0
4340,西宮(阪神),30.0,4.0,３ＬＤＫ,85.0,2011.0,7.0,ＲＣ,１中住専,未改装,2500.0
4341,西宮(阪神),30.0,4.0,３ＬＤＫ,70.0,2011.0,13.0,ＳＲＣ,１中住専,未改装,1300.0
4342,西宮(阪神),30.0,4.0,３ＬＤＫ,70.0,2011.0,13.0,ＳＲＣ,１中住専,未改装,1800.0
4343,西宮(阪神),30.0,4.0,３ＬＤＫ,70.0,2011.0,12.0,ＳＲＣ,１中住専,未改装,1700.0
4344,西宮(阪神),30.0,4.0,３ＬＤＫ,70.0,2011.0,13.0,ＲＣ,１中住専,改装済み,1400.0
4345,西宮(阪神),30.0,4.0,３ＬＤＫ,80.0,2011.0,13.0,ＲＣ,１中住専,改装済み,1900.0
4346,西宮(阪神),30.0,4.0,３ＬＤＫ,90.0,2011.0,12.0,ＳＲＣ,近隣商業,改装済み,2300.0
4347,西宮(阪神),30.0,4.0,３ＬＤＫ,70.0,2011.0,13.0,ＳＲＣ,１中住専,改装済み,1500.0
4348,西宮(阪神),30.0,4.0,３ＬＤＫ,70.0,2011.0,13.0,ＳＲＣ,１中住専,未改装,1500.0
4349,西宮(阪神),30.0,4.0,３ＬＤＫ,70.0,2011.0,13.0,ＳＲＣ,１中住専,未改装,1700.0
4350,西宮(阪神),30.0,4.0,３ＬＤＫ,70.0,2011.0,13.0,ＳＲＣ,１中住専,改装済み,1100.0
4352,西宮(阪神),30.0,5.0,４ＬＤＫ,90.0,2011.0,13.0,ＳＲＣ,１中住専,未改装,1800.0
4353,西宮(阪神),30.0,4.0,３ＬＤＫ,75.0,2011.0,13.0,ＳＲＣ,１中住専,未改装,1700.0
4354,苦楽園口,14.0,3.0,２ＬＤＫ,70.0,2011.0,26.0,ＲＣ,１中住専,改装済み,1500.0
4355,西宮北口,14.0,4.0,３ＬＤＫ,90.0,2011.0,1.0,ＲＣ,２中住専,未改装,3900.0
4356,門戸厄神,5.0,4.0,３ＬＤＫ,75.0,2011.0,25.0,ＲＣ,１中住専,改装済み,2000.0
4357,門戸厄神,5.0,4.0,３ＬＤＫ,70.0,2011.0,9.0,ＲＣ,１中住専,未改装,2500.0
4358,夙川,4.0,2.0,１Ｋ,20.0,2011.0,27.0,ＲＣ,近隣商業,改装済み,680.0
4359,夙川,3.0,4.0,３ＬＤＫ,105.0,2011.0,15.0,ＲＣ,１中住専,改装済み,6300.0
4360,西宮(ＪＲ),8.0,3.0,２ＬＤＫ,55.0,2011.0,2.0,ＲＣ,１種住居,未改装,2000.0
4361,西宮(ＪＲ),8.0,4.0,３ＬＤＫ,65.0,2011.0,10.0,ＲＣ,１種住居,未改装,2300.0
4362,甲子園,12.0,4.0,３ＬＤＫ,70.0,2011.0,10.0,ＲＣ,１中住専,未改装,2900.0
4363,鳴尾・武庫川女子大前,13.0,4.0,３ＬＤＫ,70.0,2011.0,10.0,ＲＣ,１中住専,未改装,3000.0
4365,西宮(阪神),4.0,4.0,３ＬＤＫ,65.0,2011.0,10.0,ＲＣ,商業,未改装,2800.0
4366,西宮(阪神),4.0,4.0,３ＬＤＫ,70.0,2011.0,13.0,ＳＲＣ,商業,未改装,2200.0
4367,西宮(阪神),4.0,4.0,３ＬＤＫ,65.0,2011.0,13.0,ＳＲＣ,商業,未改装,2400.0
4368,西宮(阪神),4.0,4.0,３ＬＤＫ,60.0,2011.0,12.0,ＲＣ,商業,未改装,2600.0
4369,西宮(阪神),2.0,4.0,３ＬＤＫ,65.0,2011.0,10.0,ＳＲＣ,商業,未改装,2500.0
4370,西宮(阪神),3.0,4.0,３ＬＤＫ,70.0,2011.0,12.0,ＲＣ,商業,未改装,2300.0
4371,甲子園,21.0,4.0,３ＬＤＫ,70.0,2011.0,11.0,ＲＣ,１種住居,未改装,1900.0
4372,甲子園,20.0,4.0,３ＬＤＫ,90.0,2011.0,9.0,ＳＲＣ,１種住居,改装済み,2900.0
4373,甲子園,19.0,4.0,３ＬＤＫ,90.0,2011.0,9.0,ＳＲＣ,１種住居,改装済み,3200.0
4374,西宮(阪神),11.0,4.0,３ＬＤＫ,75.0,2011.0,8.0,ＳＲＣ,準工業,未改装,3200.0
4375,洲先,4.0,4.0,３ＬＤＫ,75.0,2011.0,12.0,ＲＣ,１種住居,未改装,2500.0
4376,今津(阪急),18.0,4.0,３ＬＤＫ,60.0,2011.0,15.0,ＲＣ,準工業,未改装,1400.0
4377,今津(阪神),15.0,5.0,４ＬＤＫ,75.0,2011.0,5.0,ＲＣ,準工業,未改装,2500.0
4378,西宮(阪神),15.0,4.0,３ＬＤＫ,70.0,2011.0,15.0,ＲＣ,準工業,未改装,2100.0
4379,西宮(阪神),18.0,4.0,３ＬＤＫ,60.0,2011.0,14.0,ＲＣ,準工業,改装済み,1700.0
4380,西宮名塩,6.0,4.0,３ＬＤＫ,80.0,2011.0,8.0,ＲＣ,１中住専,未改装,2100.0
4381,西宮名塩,13.0,4.0,３ＬＤＫ,80.0,2011.0,14.0,ＲＣ,１中住専,未改装,1200.0
4382,西宮名塩,8.0,4.0,３ＬＤＫ,80.0,2011.0,15.0,ＲＣ,１中住専,改装済み,1800.0
4383,西宮名塩,16.0,5.0,４ＬＤＫ,85.0,2011.0,8.0,ＲＣ,１種住居,未改装,2500.0
4384,西宮名塩,11.0,4.0,３ＬＤＫ,85.0,2011.0,18.0,ＲＣ,１種住居,改装済み,1600.0
4385,苦楽園口,12.0,4.0,３ＬＤＫ,80.0,2011.0,26.0,ＲＣ,１種住居,未改装,2300.0
4386,苦楽園口,14.0,4.0,３ＬＤＫ,90.0,2011.0,14.0,ＲＣ,１中住専,未改装,3800.0
4387,苦楽園口,15.0,4.0,３ＬＤＫ,75.0,2011.0,3.0,ＲＣ,１低住専,未改装,3800.0
4388,苦楽園口,14.0,2.0,１ＬＤＫ,60.0,2011.0,39.0,ＲＣ,１中住専,改装済み,1200.0
4389,苦楽園口,9.0,3.0,２ＬＤＫ,65.0,2011.0,37.0,ＲＣ,１種住居,改装済み,1600.0
4390,苦楽園口,15.0,4.0,３ＬＤＫ,85.0,2011.0,29.0,ＲＣ,１中住専,改装済み,1300.0
4391,苦楽園口,9.0,3.0,２ＬＤＫ,70.0,2011.0,37.0,ＲＣ,１種住居,未改装,1400.0
4392,苦楽園口,15.0,4.0,３ＬＤＫ,85.0,2011.0,29.0,ＲＣ,１中住専,未改装,2200.0
4393,苦楽園口,13.0,4.0,３ＬＤＫ,80.0,2011.0,13.0,ＲＣ,１中住専,改装済み,3600.0
4394,苦楽園口,15.0,4.0,３ＬＤＫ,75.0,2011.0,9.0,ＲＣ,１中住専,未改装,3500.0
4395,西宮北口,19.0,2.0,１Ｋ,15.0,2011.0,25.0,ＲＣ,１中住専,未改装,270.0
4396,西宮北口,19.0,4.0,３ＬＤＫ,60.0,2011.0,12.0,ＲＣ,１中住専,改装済み,200.0
4398,門戸厄神,8.0,4.0,３ＬＤＫ,75.0,2011.0,8.0,ＲＣ,１中住専,未改装,4100.0
4399,甲子園口,5.0,4.0,３ＬＤＫ,65.0,2011.0,10.0,ＲＣ,１中住専,未改装,2900.0
4400,甲子園口,5.0,4.0,３ＬＤＫ,70.0,2011.0,10.0,ＲＣ,１中住専,未改装,3400.0
4401,甲子園口,6.0,4.0,３ＬＤＫ,100.0,2011.0,43.0,ＲＣ,１中住専,改装済み,2000.0
4402,苦楽園口,9.0,4.0,３ＤＫ,50.0,2011.0,41.0,鉄骨造,１低住専,改装済み,620.0
4403,苦楽園口,8.0,4.0,３ＤＫ,45.0,2011.0,41.0,鉄骨造,１低住専,未改装,430.0
4404,苦楽園口,9.0,2.0,１ＤＫ,35.0,2011.0,41.0,鉄骨造,１低住専,改装済み,530.0
4405,香櫨園,5.0,4.0,３ＬＤＫ,105.0,2011.0,43.0,ＲＣ,１中住専,未改装,650.0
4406,夙川,6.0,4.0,３ＬＤＫ,85.0,2011.0,14.0,ＲＣ,１中住専,未改装,4600.0
4407,夙川,7.0,3.0,２ＤＫ,70.0,2011.0,5.0,ＲＣ,１中住専,未改装,4800.0
4408,甲子園口,10.0,4.0,３ＬＤＫ,70.0,2011.0,34.0,ＲＣ,１中住専,未改装,1600.0
4409,甲子園口,11.0,4.0,３ＬＤＫ,60.0,2011.0,34.0,ＲＣ,１中住専,未改装,1200.0
4410,甲子園口,7.0,4.0,３ＬＤＫ,70.0,2011.0,7.0,ＲＣ,１中住専,未改装,3100.0
4411,甲子園口,6.0,5.0,４ＬＤＫ,115.0,2011.0,18.0,ＲＣ,１中住専,未改装,5300.0
4412,甲子園口,6.0,5.0,４ＬＤＫ,155.0,2011.0,18.0,ＲＣ,１中住専,未改装,7800.0
4413,甲子園口,9.0,4.0,３ＬＤＫ,65.0,2011.0,10.0,ＲＣ,１中住専,未改装,3100.0
4414,西宮(ＪＲ),4.0,3.0,２ＬＤＫ,60.0,2011.0,23.0,ＳＲＣ,近隣商業,改装済み,1400.0
4415,西宮北口,8.0,4.0,３ＬＤＫ,75.0,2011.0,10.0,ＲＣ,１中住専,未改装,3700.0
4416,甲子園,12.0,4.0,２ＬＤＫ＋Ｓ,60.0,2011.0,6.0,ＲＣ,１中住専,未改装,2100.0
4417,甲子園,13.0,4.0,３ＬＤＫ,75.0,2011.0,6.0,ＲＣ,２種住居,未改装,3000.0
4418,苦楽園口,2.0,4.0,３ＬＤＫ,70.0,2011.0,10.0,ＲＣ,１中住専,未改装,4000.0
4419,西宮北口,6.0,2.0,１ＬＤＫ,40.0,2011.0,13.0,ＳＲＣ,１中住専,未改装,1800.0
4420,西宮北口,6.0,2.0,１ＬＤＫ,25.0,2011.0,13.0,ＳＲＣ,１中住専,未改装,600.0
4421,西宮北口,6.0,2.0,１ＤＫ,35.0,2011.0,13.0,ＳＲＣ,１中住専,未改装,1900.0
4422,西宮北口,4.0,2.0,１ＬＤＫ,55.0,2011.0,13.0,ＲＣ,１種住居,未改装,2100.0
4423,西宮北口,6.0,3.0,２ＤＫ,50.0,2011.0,13.0,ＳＲＣ,１中住専,未改装,2400.0
4424,西宮北口,7.0,2.0,１ＬＤＫ,40.0,2011.0,13.0,ＳＲＣ,１中住専,未改装,2000.0
4425,西宮(ＪＲ),16.0,4.0,３ＬＤＫ,65.0,2011.0,14.0,ＲＣ,１種住居,改装済み,2000.0
4426,門戸厄神,11.0,5.0,４ＬＤＫ,85.0,2011.0,16.0,ＲＣ,１中住専,改装済み,2900.0
4427,門戸厄神,6.0,4.0,３ＬＤＫ,65.0,2011.0,11.0,ＲＣ,１中住専,未改装,2600.0
4428,甲東園,13.0,4.0,３ＬＤＫ,70.0,2011.0,12.0,ＲＣ,１中住専,未改装,2900.0
4429,西宮北口,14.0,4.0,３ＬＤＫ,55.0,2011.0,11.0,ＲＣ,１中住専,改装済み,3000.0
4430,西宮北口,15.0,4.0,３ＬＤＫ,80.0,2011.0,5.0,ＲＣ,１中住専,未改装,4000.0
4431,さくら夙川,3.0,5.0,４ＬＤＫ,80.0,2011.0,14.0,ＲＣ,１中住専,未改装,4100.0
4432,夙川,4.0,4.0,３ＬＤＫ,75.0,2011.0,13.0,ＲＣ,１中住専,未改装,3600.0
4433,香櫨園,9.0,4.0,３ＬＤＫ,85.0,2011.0,20.0,ＲＣ,１種住居,未改装,200.0
4434,香櫨園,9.0,2.0,１ＬＤＫ,60.0,2011.0,20.0,ＲＣ,１種住居,改装済み,1200.0
4435,香櫨園,11.0,4.0,３ＬＤＫ,125.0,2011.0,21.0,ＲＣ,１中住専,未改装,4500.0
4436,西宮(阪神),11.0,4.0,３ＬＤＫ,55.0,2011.0,4.0,ＲＣ,近隣商業,未改装,2300.0
4437,西宮北口,6.0,4.0,３ＬＤＫ,75.0,2011.0,6.0,ＲＣ,２種住居,未改装,3700.0
4438,西宮(ＪＲ),7.0,4.0,３ＬＤＫ,80.0,2011.0,13.0,ＳＲＣ,近隣商業,未改装,3300.0
4439,西宮(ＪＲ),7.0,4.0,３ＬＤＫ,95.0,2011.0,13.0,ＳＲＣ,近隣商業,未改装,4200.0
4440,甲陽園,14.0,3.0,２ＬＤＫ,55.0,2011.0,35.0,ＲＣ,１中住専,改装済み,920.0
4441,甲陽園,14.0,4.0,３ＬＤＫ,60.0,2011.0,35.0,ＲＣ,１中住専,改装済み,1100.0
4442,鳴尾・武庫川女子大前,13.0,4.0,３ＬＤＫ,75.0,2011.0,17.0,ＲＣ,１中住専,未改装,2500.0
4443,鳴尾・武庫川女子大前,13.0,5.0,４ＬＤＫ,85.0,2011.0,17.0,ＲＣ,１種住居,改装済み,3300.0
4444,門戸厄神,9.0,4.0,３ＬＤＫ,75.0,2011.0,9.0,ＲＣ,準住居,未改装,3100.0
4445,西宮(阪神),2.0,4.0,３ＬＤＫ,75.0,2011.0,3.0,ＲＣ,商業,未改装,4400.0
4446,西宮(阪神),2.0,5.0,４ＬＤＫ,90.0,2011.0,3.0,ＲＣ,商業,未改装,5100.0
4447,西宮北口,14.0,4.0,３ＬＤＫ,80.0,2015.0,28.0,ＲＣ,１種住居,改装済み,2300.0
4448,甲子園,6.0,2.0,１ＬＤＫ,60.0,2015.0,44.0,ＲＣ,１中住専,改装済み,2200.0
4449,甲子園,10.0,4.0,３ＬＤＫ,65.0,2015.0,44.0,ＲＣ,１中住専,未改装,1400.0
4450,香櫨園,5.0,2.0,１Ｋ,20.0,2015.0,26.0,ＲＣ,１種住居,未改装,420.0
4451,香櫨園,8.0,3.0,２ＬＤＫ,55.0,2015.0,17.0,ＲＣ,１種住居,未改装,1800.0
4452,西宮(ＪＲ),3.0,2.0,１Ｋ,15.0,2015.0,31.0,ＲＣ,近隣商業,未改装,590.0
4453,西宮(ＪＲ),4.0,4.0,３ＬＤＫ,55.0,2015.0,39.0,ＳＲＣ,近隣商業,改装済み,1900.0
4454,今津(阪神),21.0,4.0,３ＬＤＫ,75.0,2015.0,13.0,ＲＣ,準工業,未改装,2600.0
4455,香櫨園,15.0,4.0,３ＬＤＫ,70.0,2015.0,13.0,ＲＣ,準工業,改装済み,2500.0
4456,香櫨園,14.0,4.0,３ＬＤＫ,60.0,2015.0,37.0,ＳＲＣ,準工業,未改装,870.0
4458,香櫨園,15.0,4.0,３ＬＤＫ,70.0,2015.0,13.0,ＲＣ,準工業,未改装,1800.0
4459,西宮(阪神),18.0,4.0,３ＬＤＫ,90.0,2015.0,13.0,ＲＣ,準工業,未改装,3300.0
4460,西宮(阪神),20.0,5.0,４ＬＤＫ,80.0,2015.0,10.0,ＲＣ,準工業,未改装,3200.0
4461,甲陽園,21.0,4.0,３ＬＤＫ,75.0,2015.0,4.0,ＲＣ,１中住専,未改装,2700.0
4462,甲陽園,18.0,4.0,３ＬＤＫ,70.0,2015.0,35.0,ＲＣ,１中住専,改装済み,1400.0
4463,甲東園,19.0,4.0,３ＬＤＫ,70.0,2015.0,17.0,ＲＣ,１中住専,改装済み,2800.0
4464,甲東園,19.0,4.0,３ＬＤＫ,70.0,2015.0,17.0,ＲＣ,１中住専,改装済み,2900.0
4465,甲東園,19.0,4.0,３ＬＤＫ,70.0,2015.0,17.0,ＲＣ,１中住専,改装済み,3200.0
4466,甲東園,19.0,4.0,３ＬＤＫ,70.0,2015.0,17.0,ＲＣ,１中住専,改装済み,2900.0
4467,甲東園,19.0,4.0,３ＬＤＫ,70.0,2015.0,17.0,ＲＣ,１中住専,改装済み,2900.0
4468,甲東園,19.0,4.0,３ＬＤＫ,70.0,2015.0,17.0,ＲＣ,１中住専,改装済み,2800.0
4469,甲東園,21.0,4.0,３ＬＤＫ,70.0,2015.0,17.0,ＲＣ,１中住専,改装済み,2800.0
4470,仁川,20.0,3.0,２ＬＤＫ,55.0,2015.0,17.0,ＲＣ,１中住専,改装済み,2000.0
4471,久寿川,13.0,4.0,３ＬＤＫ,65.0,2015.0,19.0,ＳＲＣ,１種住居,改装済み,2000.0
4472,久寿川,19.0,5.0,４ＬＤＫ,80.0,2015.0,28.0,ＲＣ,１種住居,未改装,860.0
4473,久寿川,1.0,2.0,１Ｋ,15.0,2015.0,26.0,ＲＣ,近隣商業,未改装,650.0
4474,甲東園,19.0,4.0,３ＬＤＫ,85.0,2015.0,26.0,ＲＣ,１中住専,未改装,2100.0
4475,甲陽園,23.0,5.0,４ＬＤＫ,80.0,2015.0,21.0,ＲＣ,１中住専,改装済み,1600.0
4476,甲陽園,15.0,3.0,２ＬＤＫ,100.0,2015.0,30.0,ＲＣ,１中住専,未改装,1400.0
4477,甲陽園,16.0,5.0,４ＬＤＫ,95.0,2015.0,37.0,ＳＲＣ,１中住専,改装済み,1700.0
4478,甲陽園,16.0,4.0,３ＬＤＫ,70.0,2015.0,37.0,ＲＣ,１中住専,未改装,800.0
4479,甲陽園,15.0,4.0,３ＬＤＫ,95.0,2015.0,30.0,ＲＣ,１中住専,未改装,2400.0
4480,甲陽園,16.0,3.0,２ＬＤＫ,60.0,2015.0,37.0,ＳＲＣ,１中住専,未改装,850.0
4481,武庫川団地前,6.0,4.0,３ＬＤＫ,75.0,2015.0,27.0,ＳＲＣ,１種住居,未改装,1600.0
4482,武庫川団地前,2.0,5.0,４ＬＤＫ,80.0,2015.0,34.0,ＳＲＣ,１種住居,未改装,1400.0
4483,洲先,10.0,4.0,３ＬＤＫ,70.0,2015.0,14.0,ＲＣ,１種住居,改装済み,2600.0
4484,鳴尾・武庫川女子大前,14.0,5.0,４ＬＤＫ,75.0,2015.0,14.0,ＲＣ,１種住居,改装済み,2500.0
4485,武庫川団地前,5.0,4.0,３ＬＤＫ,70.0,2015.0,40.0,ＲＣ,１種住居,未改装,920.0
4486,武庫川団地前,4.0,4.0,３ＬＤＫ,70.0,2015.0,40.0,ＲＣ,１種住居,改装済み,510.0
4487,苦楽園口,17.0,4.0,３ＬＤＫ,75.0,2015.0,5.0,ＲＣ,１中住専,未改装,3300.0
4488,苦楽園口,20.0,6.0,５ＬＤＫ,160.0,2015.0,11.0,ＲＣ,１中住専,未改装,7500.0
4489,苦楽園口,18.0,4.0,３ＬＤＫ,70.0,2015.0,40.0,鉄骨造,１低住専,未改装,850.0
4490,苦楽園口,20.0,4.0,３ＬＤＫ,60.0,2015.0,40.0,鉄骨造,１低住専,未改装,600.0
4491,苦楽園口,19.0,3.0,２ＬＤＫ,60.0,2015.0,11.0,ＲＣ,１中住専,未改装,2500.0
4492,夙川,14.0,4.0,３ＬＤＫ,70.0,2015.0,41.0,ＲＣ,１中住専,改装済み,1700.0
4493,夙川,13.0,5.0,４ＬＤＫ,180.0,2015.0,17.0,ＲＣ,１中住専,未改装,5200.0
4494,夙川,16.0,4.0,２ＬＤＫ＋Ｓ,85.0,2015.0,41.0,ＲＣ,１中住専,改装済み,1700.0
4495,夙川,11.0,3.0,２ＤＫ,90.0,2015.0,5.0,ＲＣ,１中住専,改装済み,5600.0
4496,夙川,14.0,4.0,３ＬＤＫ,70.0,2015.0,41.0,ＲＣ,１中住専,未改装,1500.0
4497,夙川,9.0,4.0,３ＬＤＫ,65.0,2015.0,20.0,ＲＣ,１中住専,改装済み,2100.0
4499,夙川,14.0,4.0,３ＬＤＫ,80.0,2015.0,5.0,ＲＣ,１中住専,未改装,5300.0
4502,西宮北口,8.0,3.0,２ＬＤＫ,60.0,2015.0,24.0,ＲＣ,１中住専,未改装,2100.0
4503,香櫨園,12.0,4.0,３ＬＤＫ,80.0,2015.0,4.0,ＲＣ,１種住居,未改装,2200.0
4505,西宮北口,9.0,4.0,３ＬＤＫ,70.0,2015.0,18.0,ＲＣ,１種住居,未改装,2400.0
4506,苦楽園口,12.0,5.0,３ＬＤＫ＋Ｓ,85.0,2015.0,18.0,ＲＣ,１中住専,未改装,2600.0
4507,苦楽園口,12.0,4.0,３ＬＤＫ,90.0,2015.0,18.0,ＲＣ,１中住専,改装済み,3100.0
4508,さくら夙川,7.0,2.0,１Ｋ,15.0,2015.0,21.0,ＲＣ,１中住専,未改装,370.0
4509,鳴尾・武庫川女子大前,11.0,4.0,３ＬＤＫ,60.0,2015.0,14.0,ＳＲＣ,近隣商業,改装済み,2400.0
4510,さくら夙川,8.0,2.0,１Ｋ,25.0,2015.0,31.0,ＲＣ,１中住専,改装済み,670.0
4511,夙川,6.0,2.0,１Ｋ,15.0,2015.0,31.0,ＲＣ,１種住居,未改装,300.0
4512,夙川,7.0,2.0,１Ｋ,15.0,2015.0,31.0,ＲＣ,１中住専,未改装,550.0
4513,夙川,6.0,2.0,１ＬＤＫ,55.0,2015.0,16.0,ＲＣ,１中住専,未改装,2500.0
4514,夙川,7.0,4.0,３ＬＤＫ,80.0,2015.0,16.0,ＲＣ,１中住専,未改装,4400.0
4515,門戸厄神,10.0,5.0,４ＬＤＫ,90.0,2015.0,19.0,ＲＣ,１中住専,未改装,3300.0
4516,苦楽園口,16.0,4.0,３ＬＤＫ,75.0,2015.0,11.0,ＲＣ,１中住専,未改装,2700.0
4517,苦楽園口,13.0,4.0,３ＬＤＫ,95.0,2015.0,41.0,ＲＣ,１中住専,未改装,800.0
4518,久寿川,11.0,4.0,３ＬＤＫ,70.0,2015.0,6.0,ＲＣ,準工業,未改装,3100.0
4519,久寿川,11.0,4.0,３ＬＤＫ,70.0,2015.0,6.0,ＲＣ,準工業,未改装,3200.0
4520,甲子園,11.0,4.0,３ＬＤＫ,70.0,2015.0,5.0,ＲＣ,１中住専,改装済み,4000.0
4521,甲子園,12.0,4.0,３ＬＤＫ,55.0,2015.0,15.0,ＲＣ,１中住専,改装済み,2600.0
4522,甲子園,13.0,2.0,１Ｋ,20.0,2015.0,20.0,ＲＣ,１中住専,未改装,650.0
4523,甲子園口,12.0,3.0,２ＬＤＫ,45.0,2015.0,43.0,鉄骨造,２中住専,改装済み,1100.0
4524,甲子園口,13.0,3.0,２ＤＫ,45.0,2015.0,43.0,鉄骨造,２中住専,未改装,350.0
4525,甲子園口,9.0,4.0,３ＬＤＫ,70.0,2015.0,6.0,ＲＣ,近隣商業,未改装,3900.0
4527,甲子園口,13.0,4.0,３ＤＫ,45.0,2015.0,43.0,鉄骨造,２中住専,未改装,600.0
4528,甲東園,4.0,4.0,３ＬＤＫ,70.0,2015.0,17.0,ＲＣ,１中住専,未改装,3900.0
4529,甲陽園,5.0,4.0,３ＬＤＫ,75.0,2015.0,9.0,ＲＣ,１低住専,未改装,3600.0
4530,香櫨園,9.0,3.0,２ＬＤＫ,85.0,2015.0,18.0,ＲＣ,１中住専,未改装,2700.0
4531,香櫨園,11.0,5.0,４ＬＤＫ,95.0,2015.0,17.0,ＲＣ,１中住専,未改装,3700.0
4532,香櫨園,7.0,4.0,３ＬＤＫ,70.0,2015.0,17.0,ＲＣ,１中住専,未改装,2300.0
4533,香櫨園,10.0,4.0,３ＬＤＫ,65.0,2015.0,15.0,ＲＣ,１中住専,改装済み,2400.0
4534,香櫨園,8.0,4.0,３ＬＤＫ,75.0,2015.0,15.0,ＲＣ,１中住専,未改装,3100.0
4535,香櫨園,7.0,4.0,３ＬＤＫ,70.0,2015.0,17.0,ＲＣ,１中住専,未改装,2500.0
4536,香櫨園,8.0,4.0,３ＬＤＫ,70.0,2015.0,15.0,ＲＣ,１中住専,改装済み,2600.0
4537,香櫨園,5.0,2.0,１ＬＤＫ,50.0,2015.0,31.0,ＲＣ,１中住専,未改装,550.0
4538,香櫨園,5.0,4.0,３ＬＤＫ,80.0,2015.0,31.0,ＲＣ,１中住専,未改装,2400.0
4540,香櫨園,2.0,4.0,３ＬＤＫ,80.0,2015.0,17.0,ＳＲＣ,１中住専,未改装,3100.0
4542,西宮北口,13.0,4.0,３ＬＤＫ,70.0,2015.0,2.0,ＲＣ,１中住専,未改装,4100.0
4543,苦楽園口,8.0,3.0,２ＬＤＫ,70.0,2015.0,15.0,ＲＣ,１中住専,改装済み,2800.0
4544,甲陽園,8.0,4.0,３ＬＤＫ,75.0,2015.0,15.0,ＲＣ,１種住居,未改装,2800.0
4545,西宮北口,8.0,4.0,３ＬＤＫ,65.0,2015.0,16.0,ＲＣ,１中住専,未改装,3100.0
4546,西宮北口,6.0,3.0,２ＬＤＫ,60.0,2015.0,16.0,ＲＣ,１中住専,未改装,3100.0
4547,西宮北口,5.0,4.0,３ＬＤＫ,75.0,2015.0,17.0,ＲＣ,１中住専,未改装,2900.0
4548,夙川,6.0,4.0,３ＬＤＫ,85.0,2015.0,8.0,ＲＣ,１中住専,未改装,6200.0
4549,西宮(阪神),12.0,4.0,３ＬＤＫ,65.0,2015.0,41.0,ＳＲＣ,準工業,未改装,850.0
4550,西宮(阪神),14.0,3.0,２ＬＤＫ,75.0,2015.0,41.0,ＳＲＣ,準工業,改装済み,1300.0
4551,西宮(阪神),12.0,4.0,３ＬＤＫ,65.0,2015.0,41.0,ＳＲＣ,準工業,未改装,1100.0
4552,甲子園口,8.0,4.0,３ＬＤＫ,80.0,2015.0,8.0,ＲＣ,１中住専,未改装,4700.0
4554,甲子園口,8.0,4.0,３ＬＤＫ,70.0,2015.0,8.0,ＲＣ,１中住専,未改装,4300.0
4555,甲子園口,8.0,4.0,３ＬＤＫ,55.0,2015.0,38.0,ＲＣ,１中住専,未改装,1500.0
4556,苦楽園口,14.0,4.0,３ＬＤＫ,75.0,2015.0,41.0,ＲＣ,１低住専,未改装,1200.0
4557,夙川,9.0,4.0,３ＬＤＫ,95.0,2015.0,19.0,ＲＣ,１中住専,未改装,4200.0
4558,夙川,6.0,4.0,２ＬＤＫ＋Ｓ,75.0,2015.0,17.0,ＲＣ,１中住専,未改装,3900.0
4560,甲子園口,14.0,5.0,４ＬＤＫ,90.0,2015.0,18.0,ＲＣ,１中住専,未改装,3400.0
4561,甲子園口,11.0,4.0,３ＬＤＫ,70.0,2015.0,15.0,ＲＣ,１中住専,未改装,3500.0
4562,甲子園口,11.0,4.0,３ＬＤＫ,75.0,2015.0,15.0,ＲＣ,１中住専,未改装,4000.0
4563,甲子園口,14.0,4.0,３ＬＤＫ,70.0,2015.0,14.0,ＲＣ,１種住居,未改装,3500.0
4565,甲子園,6.0,4.0,３ＬＤＫ,95.0,2015.0,29.0,ＲＣ,２種住居,未改装,2900.0
4566,甲子園,5.0,2.0,１ＬＤＫ,40.0,2015.0,46.0,ＲＣ,近隣商業,改装済み,880.0
4568,鳴尾・武庫川女子大前,6.0,4.0,３ＬＤＫ,60.0,2015.0,42.0,ＲＣ,２種住居,改装済み,1900.0
4569,甲子園,14.0,4.0,３ＬＤＫ,80.0,2015.0,9.0,ＲＣ,２種住居,未改装,3400.0
4570,甲子園,4.0,5.0,４ＬＤＫ,95.0,2015.0,10.0,ＲＣ,２中住専,未改装,5800.0
4571,甲子園口,10.0,4.0,３ＬＤＫ,65.0,2015.0,18.0,ＲＣ,１中住専,未改装,2100.0
4573,甲子園口,1.0,4.0,３ＬＤＫ,65.0,2015.0,17.0,ＳＲＣ,近隣商業,改装済み,3500.0
4574,甲子園口,5.0,4.0,３ＬＤＫ,65.0,2015.0,3.0,ＲＣ,１中住専,未改装,4000.0
4575,甲子園口,3.0,2.0,１Ｋ,20.0,2015.0,31.0,ＲＣ,１中住専,改装済み,620.0
4576,甲子園口,4.0,4.0,３ＬＤＫ,75.0,2015.0,9.0,ＲＣ,１中住専,未改装,2800.0
4579,甲子園口,5.0,5.0,４ＬＤＫ,75.0,2015.0,45.0,ＳＲＣ,１中住専,未改装,1100.0
4580,久寿川,8.0,4.0,３ＬＤＫ,60.0,2015.0,19.0,ＲＣ,１種住居,改装済み,2000.0
4581,久寿川,6.0,5.0,４ＬＤＫ,70.0,2015.0,13.0,ＲＣ,１種住居,未改装,3000.0
4582,甲子園,4.0,4.0,３ＬＤＫ,60.0,2015.0,9.0,ＲＣ,近隣商業,改装済み,3200.0
4583,甲子園,9.0,4.0,３ＬＤＫ,65.0,2015.0,19.0,ＲＣ,１種住居,改装済み,2200.0
4584,甲子園,9.0,4.0,３ＬＤＫ,70.0,2015.0,2.0,ＲＣ,１中住専,未改装,4000.0
4585,甲子園,8.0,3.0,２ＬＤＫ,75.0,2015.0,4.0,ＲＣ,１中住専,改装済み,4200.0
4586,甲子園,10.0,4.0,３ＬＤＫ,70.0,2015.0,14.0,ＲＣ,２中住専,未改装,2600.0
4588,甲子園,11.0,4.0,３ＬＤＫ,75.0,2015.0,16.0,ＲＣ,１中住専,未改装,2800.0
4589,甲陽園,15.0,4.0,３ＬＤＫ,75.0,2015.0,17.0,ＲＣ,１中住専,未改装,2000.0
4591,甲陽園,12.0,4.0,３ＬＤＫ,75.0,2015.0,10.0,ＲＣ,１低住専,改装済み,2700.0
4592,甲陽園,14.0,4.0,３ＬＤＫ,80.0,2015.0,2.0,ＲＣ,１中住専,改装済み,3400.0
4593,甲陽園,6.0,4.0,３ＬＤＫ,70.0,2015.0,9.0,ＲＣ,１中住専,未改装,3000.0
4594,甲陽園,3.0,4.0,３ＬＤＫ,75.0,2015.0,38.0,ＳＲＣ,近隣商業,未改装,1400.0
4595,甲陽園,2.0,4.0,３ＬＤＫ,70.0,2015.0,44.0,ＲＣ,近隣商業,未改装,1200.0
4596,甲陽園,1.0,4.0,３ＬＤＫ,70.0,2015.0,44.0,ＲＣ,近隣商業,未改装,1600.0
4597,甲陽園,4.0,4.0,３ＬＤＫ,85.0,2015.0,27.0,ＲＣ,近隣商業,未改装,2500.0
4598,甲陽園,4.0,3.0,２ＬＤＫ,55.0,2015.0,38.0,ＳＲＣ,近隣商業,改装済み,990.0
4599,甲陽園,4.0,3.0,２ＬＤＫ,65.0,2015.0,38.0,ＳＲＣ,近隣商業,未改装,1300.0
4600,甲陽園,5.0,4.0,３ＬＤＫ,85.0,2015.0,15.0,ＲＣ,１中住専,未改装,3000.0
4601,甲子園口,15.0,4.0,３ＬＤＫ,65.0,2015.0,16.0,ＲＣ,２種住居,未改装,2900.0
4602,夙川,6.0,4.0,３ＬＤＫ,70.0,2015.0,10.0,ＲＣ,１種住居,未改装,3600.0
4603,夙川,2.0,4.0,３ＬＤＫ,65.0,2015.0,15.0,ＲＣ,１中住専,未改装,3800.0
4604,夙川,4.0,3.0,２ＬＤＫ,80.0,2015.0,20.0,ＲＣ,１種住居,未改装,3200.0
4605,鳴尾・武庫川女子大前,14.0,5.0,４ＬＤＫ,80.0,2015.0,11.0,ＲＣ,２中住専,改装済み,3600.0
4608,鳴尾・武庫川女子大前,8.0,3.0,２ＬＤＫ,55.0,2015.0,43.0,ＳＲＣ,１種住居,未改装,800.0
4609,鳴尾・武庫川女子大前,7.0,4.0,３ＬＤＫ,75.0,2015.0,25.0,ＲＣ,１種住居,未改装,1700.0
4610,武庫川,9.0,4.0,３ＬＤＫ,65.0,2015.0,6.0,ＲＣ,２中住専,未改装,3100.0
4611,武庫川,6.0,3.0,２ＬＤＫ,65.0,2015.0,6.0,ＲＣ,２中住専,改装済み,3000.0
4612,武庫川,7.0,4.0,３ＬＤＫ,70.0,2015.0,11.0,ＲＣ,１種住居,改装済み,2800.0
4614,苦楽園口,10.0,4.0,３ＬＤＫ,85.0,2015.0,11.0,ＲＣ,１低住専,未改装,4500.0
4615,苦楽園口,8.0,4.0,３ＬＤＫ,85.0,2015.0,15.0,ＲＣ,１低住専,改装済み,4800.0
4616,さくら夙川,4.0,3.0,２ＬＤＫ,60.0,2015.0,15.0,ＲＣ,近隣商業,未改装,2100.0
4617,生瀬,14.0,4.0,３ＬＤＫ,80.0,2015.0,23.0,ＲＣ,１中住専,改装済み,900.0
4618,西宮名塩,8.0,4.0,３ＬＤＫ,65.0,2015.0,16.0,ＲＣ,１中住専,未改装,1000.0
4619,苦楽園口,10.0,4.0,３ＬＤＫ,70.0,2015.0,11.0,ＲＣ,１中住専,改装済み,2800.0
4620,苦楽園口,10.0,5.0,４ＬＤＫ,85.0,2015.0,18.0,ＲＣ,１中住専,未改装,3200.0
4621,甲陽園,11.0,4.0,３ＬＤＫ,70.0,2015.0,18.0,ＲＣ,１中住専,改装済み,2500.0
4622,夙川,9.0,4.0,３ＬＤＫ,75.0,2015.0,19.0,ＲＣ,１中住専,未改装,3400.0
4623,香櫨園,11.0,5.0,４ＬＤＫ,95.0,2015.0,8.0,ＲＣ,１中住専,未改装,4100.0
4625,香櫨園,13.0,4.0,３ＬＤＫ,75.0,2015.0,8.0,ＲＣ,１中住専,未改装,2800.0
4626,香櫨園,13.0,4.0,３ＬＤＫ,70.0,2015.0,8.0,ＲＣ,１中住専,未改装,3200.0
4627,苦楽園口,12.0,4.0,３ＬＤＫ,85.0,2015.0,10.0,ＲＣ,１低住専,未改装,3900.0
4628,西宮(ＪＲ),9.0,4.0,３ＬＤＫ,70.0,2015.0,1.0,ＲＣ,準工業,未改装,3200.0
4629,西宮(ＪＲ),8.0,4.0,３ＬＤＫ,75.0,2015.0,1.0,ＲＣ,準工業,改装済み,4500.0
4630,阪神国道,3.0,4.0,３ＬＤＫ,70.0,2015.0,1.0,ＲＣ,準工業,未改装,4100.0
4631,西宮(阪神),9.0,5.0,４ＬＤＫ,75.0,2015.0,17.0,ＲＣ,近隣商業,未改装,2800.0
4632,苦楽園口,18.0,4.0,３ＬＤＫ,115.0,2015.0,12.0,ＲＣ,１低住専,未改装,4900.0
4633,苦楽園口,15.0,4.0,３ＬＤＫ,65.0,2015.0,0.0,ＲＣ,１中住専,未改装,800.0
4634,苦楽園口,16.0,4.0,３ＬＤＫ,105.0,2015.0,10.0,ＲＣ,１中住専,未改装,4400.0
4635,苦楽園口,14.0,4.0,３ＬＤＫ,75.0,2015.0,10.0,ＲＣ,１中住専,未改装,2700.0
4636,西宮北口,25.0,4.0,３ＬＤＫ,75.0,2015.0,38.0,ＲＣ,１中住専,未改装,1200.0
4637,西宮北口,14.0,4.0,３ＬＤＫ,60.0,2015.0,42.0,ＲＣ,１中住専,未改装,1600.0
4638,西宮北口,30.0,5.0,４ＬＤＫ,75.0,2015.0,30.0,ＲＣ,１中住専,改装済み,1400.0
4639,西宮北口,25.0,4.0,３ＬＤＫ,65.0,2015.0,26.0,ＲＣ,１中住専,未改装,1100.0
4640,武庫川団地前,5.0,4.0,３ＬＤＫ,95.0,2015.0,26.0,ＳＲＣ,１中住専,未改装,1800.0
4641,武庫川団地前,10.0,4.0,３ＬＤＫ,95.0,2015.0,30.0,ＳＲＣ,１中住専,未改装,1700.0
4642,武庫川団地前,13.0,5.0,４ＬＤＫ,125.0,2015.0,30.0,ＳＲＣ,１中住専,未改装,2300.0
4643,武庫川団地前,11.0,4.0,３ＬＤＫ,65.0,2015.0,32.0,ＳＲＣ,１中住専,未改装,1300.0
4644,武庫川団地前,13.0,3.0,２ＬＤＫ,65.0,2015.0,30.0,ＳＲＣ,１中住専,未改装,900.0
4645,武庫川団地前,11.0,4.0,３ＬＤＫ,65.0,2015.0,30.0,ＳＲＣ,１中住専,未改装,1500.0
4646,武庫川団地前,8.0,4.0,３ＬＤＫ,80.0,2015.0,20.0,ＲＣ,１中住専,未改装,1600.0
4647,武庫川団地前,5.0,4.0,３ＬＤＫ,75.0,2015.0,24.0,ＲＣ,１中住専,未改装,1600.0
4650,西宮北口,10.0,4.0,３ＬＤＫ,70.0,2015.0,18.0,ＲＣ,準工業,未改装,2300.0
4651,西宮北口,11.0,4.0,３ＬＤＫ,60.0,2015.0,40.0,ＳＲＣ,準工業,未改装,1200.0
4652,西宮北口,10.0,4.0,３ＬＤＫ,65.0,2015.0,16.0,ＲＣ,準工業,未改装,2600.0
4653,西宮北口,2.0,2.0,１ＤＫ,70.0,2015.0,7.0,ＲＣ,商業,未改装,5500.0
4654,西宮北口,9.0,4.0,３ＬＤＫ,70.0,2015.0,1.0,ＲＣ,１種住居,未改装,3700.0
4655,西宮北口,9.0,5.0,４ＬＤＫ,75.0,2015.0,10.0,ＲＣ,１種住居,未改装,3500.0
4656,西宮北口,10.0,4.0,３ＬＤＫ,65.0,2015.0,10.0,ＲＣ,１種住居,未改装,2900.0
4657,西宮北口,11.0,4.0,３ＬＤＫ,65.0,2015.0,16.0,ＳＲＣ,１種住居,未改装,2000.0
4658,香櫨園,10.0,4.0,３ＬＤＫ,85.0,2015.0,14.0,ＲＣ,１種住居,未改装,3000.0
4659,西宮(阪神),2.0,3.0,２ＬＤＫ,60.0,2015.0,12.0,ＲＣ,商業,未改装,3400.0
4660,西宮(阪神),3.0,5.0,４ＬＤＫ,120.0,2015.0,12.0,ＲＣ,商業,未改装,7300.0
4661,西宮(阪神),3.0,3.0,２ＬＤＫ,75.0,2015.0,9.0,ＲＣ,商業,未改装,4200.0
4663,甲東園,8.0,4.0,３ＬＤＫ,80.0,2015.0,14.0,ＲＣ,１中住専,改装済み,3300.0
4664,仁川,18.0,5.0,４ＬＤＫ,75.0,2015.0,29.0,ＲＣ,１中住専,未改装,1500.0
4665,仁川,9.0,4.0,３ＬＤＫ,80.0,2015.0,9.0,ＲＣ,２中住専,未改装,3400.0
4667,今津(阪神),11.0,3.0,２ＬＤＫ,65.0,2015.0,14.0,ＲＣ,１種住居,未改装,2600.0
4668,今津(阪神),9.0,4.0,３ＬＤＫ,65.0,2015.0,14.0,ＲＣ,１種住居,未改装,2500.0
4669,今津(阪神),13.0,4.0,３ＬＤＫ,65.0,2015.0,7.0,ＲＣ,工業,未改装,2800.0
4670,阪神国道,11.0,4.0,３ＬＤＫ,70.0,2015.0,17.0,ＲＣ,準工業,改装済み,2600.0
4671,阪神国道,6.0,4.0,３ＬＤＫ,70.0,2015.0,17.0,ＲＣ,準工業,改装済み,3000.0
4672,阪神国道,6.0,4.0,３ＬＤＫ,70.0,2015.0,17.0,ＲＣ,準工業,改装済み,3000.0
4673,阪神国道,5.0,4.0,３ＬＤＫ,70.0,2015.0,17.0,ＲＣ,準工業,改装済み,2600.0
4674,西宮(ＪＲ),4.0,4.0,３ＬＤＫ,70.0,2015.0,19.0,ＳＲＣ,近隣商業,未改装,2500.0
4676,阪神国道,2.0,4.0,３ＬＤＫ,70.0,2015.0,7.0,ＲＣ,近隣商業,未改装,3000.0
4677,今津(阪神),3.0,4.0,３ＬＤＫ,60.0,2015.0,1.0,ＲＣ,近隣商業,未改装,2800.0
4678,今津(阪神),2.0,4.0,３ＬＤＫ,70.0,2015.0,11.0,ＲＣ,商業,未改装,2900.0
4679,今津(阪神),2.0,2.0,１Ｋ,25.0,2015.0,26.0,ＲＣ,商業,未改装,650.0
4680,今津(阪神),8.0,4.0,３ＬＤＫ,65.0,2015.0,13.0,ＲＣ,１種住居,未改装,3400.0
4681,今津(阪神),3.0,2.0,１ＤＫ,25.0,2015.0,26.0,ＲＣ,商業,未改装,400.0
4682,今津(阪神),7.0,4.0,３ＬＤＫ,65.0,2015.0,13.0,ＲＣ,１種住居,未改装,2600.0
4683,今津(阪神),8.0,4.0,３ＬＤＫ,55.0,2015.0,18.0,ＳＲＣ,１種住居,未改装,1900.0
4684,今津(阪神),8.0,3.0,２ＬＤＫ,55.0,2015.0,19.0,ＳＲＣ,１種住居,未改装,1700.0
4685,今津(阪神),8.0,3.0,２ＬＤＫ,55.0,2015.0,19.0,ＳＲＣ,１種住居,未改装,1500.0
4686,甲子園口,8.0,4.0,３ＬＤＫ,75.0,2015.0,14.0,ＲＣ,１中住専,改装済み,3300.0
4687,さくら夙川,6.0,4.0,３ＬＤＫ,65.0,2015.0,31.0,ＲＣ,１中住専,未改装,2000.0
4688,香櫨園,5.0,4.0,３ＬＤＫ,85.0,2015.0,13.0,ＲＣ,１中住専,未改装,3800.0
4690,西宮(ＪＲ),13.0,2.0,１Ｋ,15.0,2015.0,29.0,ＲＣ,近隣商業,未改装,580.0
4691,西宮(ＪＲ),14.0,4.0,３ＬＤＫ,70.0,2015.0,17.0,ＳＲＣ,近隣商業,未改装,2500.0
4692,西宮北口,21.0,5.0,４ＬＤＫ,95.0,2015.0,18.0,ＲＣ,１種住居,未改装,3300.0
4693,西宮名塩,5.0,4.0,３ＬＤＫ,60.0,2015.0,19.0,ＲＣ,２中住専,未改装,900.0
4694,西宮名塩,25.0,4.0,３ＬＤＫ,65.0,2015.0,20.0,ＲＣ,１低住専,未改装,450.0
4695,西宮名塩,8.0,5.0,４ＬＤＫ,50.0,2015.0,11.0,ＲＣ,１中住専,未改装,1900.0
4696,苦楽園口,7.0,3.0,２ＬＤＫ,130.0,2015.0,26.0,ＲＣ,１中住専,未改装,3300.0
4697,苦楽園口,6.0,3.0,２ＬＤＫ,145.0,2015.0,26.0,ＲＣ,１中住専,未改装,3700.0
4698,宝塚,9.0,4.0,３ＬＤＫ,95.0,2015.0,11.0,ＲＣ,１種住居,未改装,3100.0
4699,生瀬,9.0,4.0,３ＬＤＫ,75.0,2015.0,16.0,ＳＲＣ,２中住専,未改装,1700.0
4701,生瀬,11.0,4.0,３ＬＤＫ,70.0,2015.0,18.0,ＳＲＣ,２中住専,改装済み,1600.0
4703,鳴尾・武庫川女子大前,6.0,4.0,３ＬＤＫ,65.0,2015.0,18.0,ＲＣ,近隣商業,未改装,2700.0
4705,夙川,9.0,4.0,３ＬＤＫ,90.0,2015.0,31.0,ＲＣ,１低住専,改装済み,3000.0
4706,仁川,2.0,5.0,４ＬＤＫ,95.0,2015.0,13.0,ＲＣ,１中住専,未改装,4400.0
4707,仁川,2.0,4.0,３ＬＤＫ,70.0,2015.0,14.0,ＲＣ,１中住専,未改装,2700.0
4708,西宮(阪神),11.0,2.0,１Ｋ,25.0,2015.0,7.0,ＲＣ,近隣商業,未改装,1200.0
4709,西宮(阪神),30.0,4.0,３ＬＤＫ,70.0,2015.0,17.0,ＳＲＣ,１中住専,未改装,1200.0
4710,西宮(阪神),30.0,4.0,３ＬＤＫ,70.0,2015.0,17.0,ＲＣ,１中住専,改装済み,1600.0
4712,西宮(阪神),30.0,3.0,２ＬＤＫ,120.0,2015.0,11.0,ＳＲＣ,１中住専,未改装,4900.0
4713,西宮(阪神),30.0,5.0,４ＬＤＫ,85.0,2015.0,17.0,ＳＲＣ,１中住専,未改装,1500.0
4714,西宮(阪神),30.0,4.0,３ＬＤＫ,65.0,2015.0,16.0,ＳＲＣ,近隣商業,未改装,1600.0
4715,西宮(阪神),30.0,4.0,３ＬＤＫ,70.0,2015.0,17.0,ＳＲＣ,１中住専,改装済み,1500.0
4716,西宮(阪神),30.0,5.0,４ＬＤＫ,80.0,2015.0,17.0,ＳＲＣ,１中住専,未改装,1900.0
4717,西宮(阪神),30.0,4.0,３ＬＤＫ,85.0,2015.0,11.0,ＲＣ,１中住専,未改装,2500.0
4718,西宮(阪神),30.0,5.0,４ＬＤＫ,85.0,2015.0,17.0,ＲＣ,１中住専,未改装,1300.0
4719,西宮(阪神),30.0,5.0,４ＬＤＫ,110.0,2015.0,11.0,ＳＲＣ,１中住専,改装済み,3100.0
4720,西宮(阪神),30.0,4.0,３ＬＤＫ,75.0,2015.0,16.0,ＳＲＣ,近隣商業,改装済み,2700.0
4721,西宮(阪神),30.0,4.0,３ＬＤＫ,70.0,2015.0,17.0,ＳＲＣ,１中住専,改装済み,1600.0
4722,西宮(ＪＲ),12.0,4.0,３ＬＤＫ,90.0,2016.0,29.0,ＲＣ,１種住居,未改装,2300.0
4723,門戸厄神,13.0,5.0,４ＬＤＫ,75.0,2015.0,5.0,ＲＣ,２中住専,未改装,3400.0
4724,西宮北口,14.0,4.0,３ＬＤＫ,75.0,2016.0,29.0,ＲＣ,１種住居,改装済み,2000.0
4725,門戸厄神,6.0,4.0,３ＬＤＫ,75.0,2015.0,13.0,ＲＣ,１中住専,未改装,3500.0
4726,門戸厄神,6.0,5.0,４ＬＤＫ,90.0,2015.0,13.0,ＲＣ,１中住専,未改装,4400.0
4727,門戸厄神,5.0,5.0,４ＬＤＫ,85.0,2015.0,29.0,ＲＣ,１中住専,改装済み,2000.0
4729,甲子園,7.0,3.0,２ＤＫ,45.0,2016.0,45.0,ＲＣ,１中住専,改装済み,1400.0
4730,甲子園,7.0,3.0,２ＬＤＫ,60.0,2016.0,45.0,ＲＣ,１中住専,改装済み,1600.0
4732,西宮(ＪＲ),7.0,4.0,３ＬＤＫ,75.0,2015.0,14.0,ＲＣ,近隣商業,未改装,3200.0
4733,西宮(ＪＲ),7.0,4.0,３ＬＤＫ,70.0,2015.0,14.0,ＲＣ,１種住居,未改装,2700.0
4734,鳴尾・武庫川女子大前,4.0,3.0,２ＬＤＫ,60.0,2016.0,20.0,ＲＣ,１種住居,未改装,2200.0
4735,甲子園,10.0,3.0,２ＬＤＫ,70.0,2015.0,19.0,ＲＣ,１中住専,未改装,2100.0
4736,甲子園,11.0,5.0,４ＬＤＫ,80.0,2015.0,14.0,ＲＣ,１中住専,改装済み,4000.0
4737,西宮北口,8.0,4.0,３ＬＤＫ,70.0,2016.0,4.0,ＲＣ,２種住居,未改装,3900.0
4738,西宮北口,8.0,3.0,２ＬＤＫ,75.0,2016.0,4.0,ＲＣ,２種住居,未改装,4300.0
4739,西宮北口,7.0,4.0,３ＬＤＫ,70.0,2016.0,4.0,ＲＣ,２種住居,未改装,3900.0
4741,西宮(阪神),5.0,3.0,２ＬＤＫ,60.0,2015.0,11.0,ＳＲＣ,商業,改装済み,2900.0
4742,西宮(阪神),4.0,3.0,２ＬＤＫ,65.0,2015.0,17.0,ＳＲＣ,商業,改装済み,2400.0
4743,西宮(阪神),4.0,4.0,３ＬＤＫ,70.0,2015.0,17.0,ＳＲＣ,商業,未改装,2700.0
4744,西宮(阪神),6.0,4.0,３ＬＤＫ,70.0,2015.0,17.0,ＳＲＣ,商業,未改装,2900.0
4745,西宮(阪神),5.0,4.0,３ＬＤＫ,75.0,2015.0,17.0,ＳＲＣ,商業,未改装,2800.0
4746,西宮(阪神),5.0,4.0,３ＬＤＫ,65.0,2015.0,17.0,ＳＲＣ,商業,未改装,2800.0
4747,西宮(阪神),2.0,4.0,３ＬＤＫ,75.0,2015.0,16.0,ＳＲＣ,商業,改装済み,2700.0
4748,西宮(阪神),3.0,3.0,２ＬＤＫ,60.0,2015.0,9.0,ＲＣ,商業,未改装,3000.0
4749,門戸厄神,13.0,4.0,３ＬＤＫ,65.0,2016.0,15.0,ＲＣ,１中住専,未改装,2500.0
4750,門戸厄神,14.0,4.0,３ＬＤＫ,80.0,2016.0,15.0,ＲＣ,１中住専,未改装,3100.0
4751,門戸厄神,13.0,5.0,４ＬＤＫ,75.0,2016.0,15.0,ＲＣ,１中住専,未改装,3000.0
4753,西宮(ＪＲ),3.0,3.0,２ＬＤＫ,60.0,2016.0,40.0,ＳＲＣ,近隣商業,改装済み,1600.0
4754,西宮(ＪＲ),4.0,3.0,２ＤＫ,50.0,2016.0,40.0,ＳＲＣ,近隣商業,改装済み,1800.0
4755,西宮(ＪＲ),4.0,3.0,２ＤＫ,50.0,2016.0,40.0,ＳＲＣ,近隣商業,改装済み,1600.0
4756,西宮(ＪＲ),4.0,3.0,２ＤＫ,50.0,2016.0,40.0,ＳＲＣ,近隣商業,改装済み,1300.0
4757,西宮(ＪＲ),3.0,3.0,２ＬＤＫ,60.0,2016.0,23.0,ＳＲＣ,近隣商業,未改装,2400.0
4758,西宮(ＪＲ),4.0,3.0,２ＤＫ,50.0,2016.0,40.0,ＳＲＣ,近隣商業,未改装,1100.0
4759,甲子園,18.0,3.0,２ＬＤＫ,95.0,2015.0,11.0,ＳＲＣ,１種住居,未改装,3300.0
4760,甲子園,16.0,4.0,３ＬＤＫ,95.0,2015.0,13.0,ＳＲＣ,１種住居,未改装,3300.0
4761,甲子園,19.0,5.0,４ＬＤＫ,90.0,2015.0,13.0,ＳＲＣ,１種住居,未改装,2200.0
4762,今津(阪神),10.0,4.0,３ＬＤＫ,70.0,2015.0,2.0,ＲＣ,準工業,未改装,3000.0
4763,夙川,4.0,4.0,３ＬＤＫ,90.0,2012.0,14.0,ＲＣ,２中住専,未改装,4700.0
4764,夙川,2.0,4.0,３ＬＤＫ,70.0,2012.0,14.0,ＲＣ,２中住専,未改装,4000.0
4765,西宮(阪神),6.0,4.0,３ＬＤＫ,65.0,2015.0,15.0,ＳＲＣ,近隣商業,未改装,2300.0
4766,西宮(阪神),6.0,4.0,３ＬＤＫ,65.0,2015.0,15.0,ＳＲＣ,近隣商業,未改装,2500.0
4767,洲先,3.0,4.0,３ＬＤＫ,75.0,2015.0,16.0,ＲＣ,１種住居,改装済み,2600.0
4768,香櫨園,15.0,4.0,３ＬＤＫ,60.0,2016.0,38.0,ＳＲＣ,準工業,未改装,1000.0
4769,香櫨園,15.0,3.0,２ＤＫ,60.0,2016.0,38.0,ＳＲＣ,準工業,改装済み,1700.0
4770,香櫨園,15.0,3.0,２ＬＤＫ,70.0,2016.0,38.0,ＳＲＣ,準工業,未改装,1400.0
4771,東鳴尾,4.0,4.0,３ＬＤＫ,65.0,2015.0,36.0,ＳＲＣ,１種住居,改装済み,1500.0
4772,東鳴尾,5.0,4.0,３ＬＤＫ,60.0,2015.0,38.0,ＲＣ,１種住居,改装済み,1500.0
4774,西宮(阪神),16.0,4.0,３ＬＤＫ,75.0,2016.0,11.0,ＲＣ,準工業,未改装,2800.0
4775,甲陽園,24.0,4.0,３ＬＤＫ,70.0,2016.0,36.0,ＲＣ,１中住専,改装済み,1500.0
4776,今津(阪神),15.0,4.0,３ＬＤＫ,70.0,2015.0,19.0,ＲＣ,準工業,未改装,1900.0
4777,今津(阪神),15.0,5.0,４ＬＤＫ,90.0,2015.0,9.0,ＲＣ,準工業,未改装,3300.0
4778,今津(阪神),15.0,4.0,３ＬＤＫ,75.0,2015.0,9.0,ＲＣ,準工業,未改装,2800.0
4780,甲東園,19.0,3.0,２ＬＤＫ,60.0,2016.0,39.0,ＲＣ,１中住専,未改装,820.0
4781,甲東園,20.0,4.0,３ＬＤＫ,70.0,2016.0,1.0,ＲＣ,１中住専,改装済み,2900.0
4782,甲東園,19.0,4.0,３ＬＤＫ,70.0,2016.0,18.0,ＲＣ,１中住専,改装済み,2900.0
4783,甲東園,19.0,4.0,３ＬＤＫ,70.0,2016.0,18.0,ＲＣ,１中住専,改装済み,2900.0
4784,甲東園,18.0,4.0,３ＬＤＫ,70.0,2016.0,17.0,ＲＣ,１中住専,改装済み,2800.0
4785,甲東園,19.0,4.0,３ＬＤＫ,70.0,2016.0,18.0,ＲＣ,１中住専,改装済み,2400.0
4786,西宮(阪神),20.0,4.0,３ＬＤＫ,80.0,2015.0,18.0,ＳＲＣ,準工業,未改装,2000.0
4787,甲東園,19.0,4.0,３ＬＤＫ,70.0,2016.0,18.0,ＲＣ,１中住専,改装済み,2800.0
4788,西宮(阪神),16.0,4.0,３ＬＤＫ,65.0,2015.0,18.0,ＲＣ,準工業,未改装,2000.0
4789,甲東園,19.0,4.0,３ＬＤＫ,70.0,2016.0,18.0,ＲＣ,１中住専,改装済み,2900.0
4790,西宮(阪神),20.0,4.0,３ＬＤＫ,70.0,2015.0,18.0,ＲＣ,準工業,未改装,1800.0
4791,西宮(阪神),20.0,4.0,３ＬＤＫ,65.0,2015.0,19.0,ＲＣ,準工業,未改装,2000.0
4792,仁川,24.0,4.0,３ＬＤＫ,70.0,2016.0,1.0,ＲＣ,１中住専,改装済み,2900.0
4793,西宮名塩,15.0,3.0,２ＬＤＫ,95.0,2015.0,21.0,ＲＣ,１中住専,未改装,1600.0
4794,西宮名塩,14.0,4.0,３ＬＤＫ,80.0,2015.0,18.0,ＲＣ,１中住専,未改装,1200.0
4795,西宮名塩,11.0,5.0,４ＬＤＫ,55.0,2015.0,12.0,ＲＣ,１中住専,未改装,2400.0
4796,西宮名塩,5.0,4.0,３ＬＤＫ,80.0,2015.0,19.0,ＲＣ,１中住専,未改装,1500.0
4797,西宮名塩,14.0,4.0,３ＬＤＫ,70.0,2015.0,18.0,ＲＣ,１中住専,改装済み,1200.0
4798,西宮(ＪＲ),2.0,4.0,３ＬＤＫ,90.0,2012.0,19.0,ＳＲＣ,近隣商業,未改装,3300.0
4799,西宮(ＪＲ),3.0,2.0,１Ｋ,20.0,2012.0,28.0,ＲＣ,近隣商業,改装済み,600.0
4801,久寿川,15.0,4.0,３ＬＤＫ,60.0,2016.0,18.0,ＳＲＣ,１種住居,改装済み,2200.0
4803,久寿川,13.0,4.0,３ＬＤＫ,70.0,2016.0,4.0,ＲＣ,準工業,未改装,2300.0
4804,西宮(ＪＲ),1.0,4.0,３ＬＤＫ,90.0,2012.0,19.0,ＳＲＣ,近隣商業,改装済み,3600.0
4806,久寿川,13.0,4.0,３ＬＤＫ,70.0,2016.0,19.0,ＳＲＣ,１種住居,未改装,2300.0
4807,今津(阪神),5.0,5.0,４ＬＤＫ,100.0,2016.0,27.0,ＲＣ,近隣商業,未改装,2500.0
4808,久寿川,18.0,5.0,４ＬＤＫ,90.0,2016.0,33.0,ＲＣ,１種住居,改装済み,1600.0
4809,苦楽園口,9.0,3.0,２ＬＤＫ,65.0,2015.0,41.0,ＲＣ,１種住居,未改装,1700.0
4810,苦楽園口,14.0,4.0,３ＤＫ,60.0,2015.0,43.0,ＲＣ,１中住専,未改装,1100.0
4811,苦楽園口,9.0,4.0,３ＬＤＫ,65.0,2015.0,41.0,ＲＣ,１種住居,未改装,1100.0
4812,苦楽園口,14.0,4.0,３ＬＤＫ,75.0,2015.0,18.0,ＲＣ,１中住専,未改装,2300.0
4813,苦楽園口,9.0,4.0,３ＬＤＫ,65.0,2015.0,41.0,ＲＣ,１種住居,未改装,1400.0
4814,苦楽園口,8.0,4.0,３ＬＤＫ,75.0,2015.0,4.0,ＲＣ,１種住居,未改装,5300.0
4815,苦楽園口,14.0,4.0,３ＬＤＫ,85.0,2015.0,7.0,ＲＣ,１中住専,改装済み,5200.0
4816,苦楽園口,16.0,5.0,３ＬＤＫ＋Ｓ,85.0,2015.0,33.0,ＲＣ,１中住専,未改装,2400.0
4817,香櫨園,15.0,4.0,３ＬＤＫ,60.0,2012.0,34.0,ＳＲＣ,準工業,改装済み,1400.0
4818,香櫨園,13.0,5.0,４ＬＤＫ,95.0,2012.0,9.0,ＲＣ,１種住居,未改装,2800.0
4819,香櫨園,14.0,3.0,２ＬＤＫ,65.0,2012.0,20.0,ＲＣ,１種住居,未改装,1300.0
4820,香櫨園,15.0,4.0,３ＬＤＫ,60.0,2012.0,34.0,ＳＲＣ,準工業,未改装,1100.0
4821,西宮(阪神),20.0,4.0,３ＬＤＫ,75.0,2012.0,10.0,ＲＣ,準工業,未改装,2900.0
4822,甲東園,18.0,4.0,３ＬＤＫ,80.0,2016.0,27.0,ＲＣ,１中住専,改装済み,2600.0
4823,苦楽園口,23.0,4.0,３ＬＤＫ,70.0,2012.0,17.0,ＲＣ,１中住専,改装済み,2100.0
4824,門戸厄神,15.0,4.0,３ＬＤＫ,75.0,2015.0,20.0,ＲＣ,１中住専,未改装,2300.0
4825,西宮北口,30.0,4.0,３ＬＤＫ,70.0,2016.0,19.0,ＲＣ,１中住専,未改装,1700.0
4826,西宮北口,19.0,2.0,１Ｋ,15.0,2015.0,29.0,ＲＣ,１中住専,未改装,600.0
4827,西宮北口,19.0,4.0,３ＬＤＫ,70.0,2015.0,15.0,ＲＣ,１中住専,未改装,2400.0
4828,久寿川,5.0,4.0,３ＬＤＫ,70.0,2012.0,27.0,ＳＲＣ,近隣商業,改装済み,1500.0
4829,甲陽園,16.0,4.0,３ＤＫ,75.0,2016.0,38.0,ＳＲＣ,１中住専,改装済み,1300.0
4830,甲陽園,16.0,4.0,３ＬＤＫ,60.0,2016.0,38.0,ＳＲＣ,１中住専,改装済み,970.0
4831,甲陽園,15.0,4.0,３ＬＤＫ,65.0,2016.0,38.0,ＲＣ,１中住専,改装済み,930.0
4832,西宮北口,6.0,1.0,１Ｒ,15.0,2015.0,28.0,ＲＣ,近隣商業,改装済み,500.0
4833,西宮北口,7.0,1.0,１Ｒ,15.0,2015.0,27.0,ＲＣ,２種住居,未改装,370.0
4834,久寿川,12.0,4.0,３ＬＤＫ,60.0,2012.0,16.0,ＳＲＣ,１種住居,未改装,1700.0
4835,久寿川,11.0,4.0,３ＬＤＫ,80.0,2012.0,16.0,ＲＣ,１種住居,未改装,2300.0
4836,西宮北口,12.0,4.0,３ＬＤＫ,75.0,2015.0,9.0,ＲＣ,１中住専,未改装,4000.0
4837,久寿川,20.0,5.0,４ＬＤＫ,90.0,2012.0,29.0,ＲＣ,１種住居,未改装,1000.0
4838,甲子園口,6.0,4.0,２ＬＤＫ＋Ｓ,70.0,2015.0,7.0,ＲＣ,１中住専,未改装,3900.0
4839,久寿川,18.0,4.0,３ＬＤＫ,70.0,2012.0,29.0,ＲＣ,１種住居,改装済み,1300.0
4840,甲子園口,6.0,4.0,３ＬＤＫ,100.0,2015.0,44.0,ＲＣ,１中住専,改装済み,2500.0
4841,甲子園口,6.0,5.0,３ＬＤＫ＋Ｓ,120.0,2015.0,47.0,ＲＣ,１中住専,未改装,3200.0
4842,甲子園口,2.0,5.0,４ＬＤＫ,110.0,2015.0,29.0,ＲＣ,近隣商業,未改装,3400.0
4843,鳴尾・武庫川女子大前,11.0,5.0,４ＬＤＫ,80.0,2015.0,36.0,ＳＲＣ,１中住専,改装済み,2000.0
4845,苦楽園口,4.0,3.0,２ＬＤＫ,70.0,2015.0,15.0,ＲＣ,１種住居,未改装,3700.0
4847,久寿川,5.0,4.0,３ＬＤＫ,65.0,2012.0,6.0,ＲＣ,１種住居,未改装,2400.0
4848,香櫨園,7.0,4.0,３ＬＤＫ,75.0,2015.0,7.0,ＲＣ,１中住専,未改装,3300.0
4849,甲東園,19.0,4.0,３ＬＤＫ,80.0,2012.0,23.0,ＲＣ,１中住専,改装済み,1700.0
4850,西宮(阪神),15.0,4.0,３ＬＤＫ,70.0,2015.0,2.0,ＲＣ,準工業,未改装,2700.0
4851,甲陽園,16.0,4.0,２ＬＤＫ＋Ｓ,60.0,2012.0,14.0,ＲＣ,１中住専,未改装,1300.0
4852,夙川,4.0,4.0,３ＬＤＫ,75.0,2015.0,18.0,ＲＣ,１中住専,未改装,3500.0
4854,甲東園,25.0,4.0,３ＬＤＫ,70.0,2012.0,15.0,ＲＣ,１中住専,改装済み,2100.0
4855,甲陽園,24.0,5.0,４ＬＤＫ,85.0,2012.0,15.0,ＲＣ,１中住専,未改装,2000.0
4856,香櫨園,3.0,4.0,３ＬＤＫ,85.0,2015.0,19.0,ＲＣ,１中住専,未改装,2700.0
4857,香櫨園,5.0,4.0,３ＬＤＫ,95.0,2015.0,26.0,ＲＣ,１中住専,改装済み,3400.0
4858,苦楽園口,16.0,5.0,４ＬＤＫ,80.0,2016.0,42.0,ＲＣ,１中住専,改装済み,2000.0
4859,苦楽園口,18.0,5.0,４ＬＤＫ,80.0,2016.0,21.0,ＲＣ,１中住専,未改装,2600.0
4860,さくら夙川,6.0,4.0,３ＬＤＫ,110.0,2015.0,26.0,ＲＣ,１中住専,未改装,3900.0
4861,苦楽園口,16.0,4.0,３ＬＤＫ,60.0,2016.0,41.0,鉄骨造,１低住専,未改装,420.0
4862,さくら夙川,7.0,4.0,３ＬＤＫ,95.0,2015.0,26.0,ＲＣ,１中住専,未改装,3600.0
4863,苦楽園口,18.0,3.0,２ＬＤＫ,55.0,2016.0,41.0,鉄骨造,１低住専,改装済み,700.0
4864,甲陽園,19.0,4.0,３ＬＤＫ,85.0,2012.0,18.0,ＲＣ,１中住専,未改装,2300.0
4865,夙川,8.0,4.0,３ＬＤＫ,70.0,2015.0,3.0,ＲＣ,１中住専,未改装,4800.0
4866,夙川,6.0,3.0,２ＬＤＫ,65.0,2015.0,9.0,ＲＣ,１中住専,未改装,4200.0
4867,夙川,20.0,3.0,２ＬＤＫ,70.0,2016.0,19.0,ＲＣ,１中住専,未改装,2500.0
4868,夙川,20.0,5.0,４ＬＤＫ,85.0,2016.0,19.0,ＲＣ,１中住専,未改装,2600.0
4869,甲陽園,16.0,4.0,３ＬＤＫ,65.0,2012.0,34.0,ＲＣ,１中住専,未改装,720.0
4870,甲子園口,9.0,4.0,３ＬＤＫ,70.0,2015.0,38.0,ＲＣ,１中住専,改装済み,2000.0
4871,甲陽園,16.0,4.0,３ＬＤＫ,75.0,2012.0,34.0,ＲＣ,１中住専,未改装,1100.0
4872,甲子園口,6.0,4.0,３ＬＤＫ,105.0,2015.0,22.0,ＲＣ,１中住専,未改装,3400.0
4873,甲子園口,7.0,4.0,３ＬＤＫ,75.0,2015.0,8.0,ＲＣ,１中住専,未改装,4100.0
4874,西宮(ＪＲ),4.0,4.0,３ＬＤＫ,60.0,2015.0,27.0,ＳＲＣ,近隣商業,未改装,1300.0
4875,甲子園口,13.0,4.0,３ＬＤＫ,80.0,2015.0,12.0,ＲＣ,１中住専,未改装,3900.0
4876,夙川,13.0,4.0,３ＬＤＫ,85.0,2016.0,4.0,ＲＣ,１中住専,未改装,5500.0
4877,甲子園口,15.0,4.0,３ＬＤＫ,80.0,2015.0,12.0,ＲＣ,１中住専,未改装,3700.0
4878,夙川,16.0,4.0,３ＬＤＫ,80.0,2016.0,42.0,ＲＣ,１中住専,未改装,1100.0
4879,武庫川団地前,2.0,5.0,４ＬＤＫ,80.0,2012.0,31.0,ＳＲＣ,準工業,改装済み,1500.0
4880,武庫川団地前,3.0,5.0,４ＬＤＫ,85.0,2012.0,31.0,ＳＲＣ,準工業,未改装,2000.0
4881,洲先,8.0,5.0,４ＬＤＫ,80.0,2012.0,31.0,ＲＣ,１種住居,未改装,1100.0
4882,西宮北口,16.0,4.0,３ＬＤＫ,75.0,2015.0,12.0,ＲＣ,１中住専,未改装,3000.0
4883,洲先,10.0,4.0,３ＬＤＫ,70.0,2012.0,11.0,ＲＣ,１種住居,改装済み,2800.0
4884,洲先,8.0,5.0,４ＬＤＫ,95.0,2012.0,31.0,ＲＣ,１種住居,改装済み,1900.0
4885,鳴尾・武庫川女子大前,15.0,4.0,３ＬＤＫ,70.0,2012.0,11.0,ＲＣ,１種住居,未改装,2300.0
4886,西宮北口,9.0,4.0,３ＬＤＫ,75.0,2016.0,5.0,ＲＣ,１中住専,未改装,4500.0
4887,西宮北口,13.0,3.0,２ＬＤＫ,60.0,2016.0,16.0,ＲＣ,準住居,未改装,2500.0
4888,西宮北口,11.0,4.0,３ＬＤＫ,70.0,2015.0,13.0,ＲＣ,１中住専,未改装,3200.0
4889,西宮北口,12.0,4.0,３ＬＤＫ,70.0,2015.0,13.0,ＲＣ,１中住専,改装済み,3400.0
4890,香櫨園,15.0,3.0,２ＬＤＫ,65.0,2016.0,16.0,ＲＣ,１種住居,改装済み,2400.0
4891,香櫨園,13.0,4.0,３ＬＤＫ,80.0,2016.0,5.0,ＲＣ,１種住居,未改装,3100.0
4892,門戸厄神,5.0,4.0,２ＬＤＫ＋Ｓ,70.0,2015.0,16.0,ＲＣ,２中住専,未改装,2300.0
4893,苦楽園口,18.0,4.0,３ＬＤＫ,90.0,2012.0,2.0,ＲＣ,１中住専,未改装,4200.0
4894,苦楽園口,18.0,4.0,３ＬＤＫ,85.0,2012.0,2.0,ＲＣ,１中住専,未改装,4000.0
4895,苦楽園口,18.0,5.0,４ＬＤＫ,85.0,2012.0,2.0,ＲＣ,１中住専,未改装,4000.0
4896,苦楽園口,18.0,4.0,３ＬＤＫ,70.0,2012.0,2.0,ＲＣ,１中住専,未改装,3500.0
4897,苦楽園口,29.0,4.0,３ＬＤＫ,60.0,2012.0,37.0,鉄骨造,１低住専,未改装,330.0
4898,苦楽園口,18.0,5.0,４ＬＤＫ,95.0,2012.0,15.0,ＲＣ,１中住専,改装済み,3300.0
4899,苦楽園口,18.0,3.0,２ＬＤＫ,65.0,2012.0,8.0,ＲＣ,１中住専,未改装,2600.0
4900,西宮北口,14.0,4.0,３ＬＤＫ,70.0,2016.0,19.0,ＲＣ,１中住専,未改装,3200.0
4901,苦楽園口,18.0,3.0,２ＬＤＫ,65.0,2012.0,8.0,ＲＣ,１中住専,未改装,2800.0
4902,西宮北口,14.0,4.0,３ＬＤＫ,85.0,2016.0,19.0,ＲＣ,１中住専,未改装,3800.0
4903,苦楽園口,14.0,4.0,３ＬＤＫ,70.0,2016.0,18.0,ＳＲＣ,１種住居,未改装,2000.0
4904,苦楽園口,14.0,4.0,３ＬＤＫ,70.0,2016.0,19.0,ＲＣ,１中住専,改装済み,2800.0
4906,鳴尾・武庫川女子大前,8.0,5.0,４ＬＤＫ,85.0,2016.0,19.0,ＲＣ,１中住専,改装済み,3700.0
4907,夙川,14.0,3.0,２ＬＤＫ,70.0,2012.0,38.0,ＲＣ,１中住専,未改装,900.0
4908,夙川,14.0,4.0,３ＬＤＫ,70.0,2012.0,38.0,ＲＣ,１中住専,改装済み,1500.0
4909,夙川,13.0,4.0,３ＬＤＫ,70.0,2012.0,38.0,ＲＣ,１中住専,未改装,970.0
4910,夙川,13.0,4.0,３ＬＤＫ,70.0,2012.0,38.0,ＲＣ,１中住専,未改装,1100.0
4911,夙川,9.0,4.0,３ＬＤＫ,65.0,2012.0,17.0,ＲＣ,１中住専,改装済み,2400.0
4912,甲子園,13.0,5.0,４ＬＤＫ,95.0,2015.0,10.0,ＲＣ,２種住居,未改装,4000.0
4913,甲子園,11.0,4.0,３ＬＤＫ,75.0,2015.0,13.0,ＲＣ,２中住専,未改装,3200.0
4914,さくら夙川,4.0,4.0,３ＬＤＫ,70.0,2016.0,37.0,ＳＲＣ,近隣商業,改装済み,2900.0
4915,さくら夙川,3.0,4.0,３ＬＤＫ,90.0,2016.0,37.0,ＳＲＣ,近隣商業,未改装,2400.0
4916,甲子園,13.0,5.0,４ＬＤＫ,95.0,2015.0,10.0,ＲＣ,２種住居,未改装,4100.0
4917,さくら夙川,3.0,4.0,３ＬＤＫ,60.0,2016.0,37.0,ＳＲＣ,近隣商業,未改装,2000.0
4918,甲子園,13.0,4.0,３ＬＤＫ,80.0,2015.0,10.0,ＲＣ,２種住居,未改装,3500.0
4920,西宮北口,13.0,4.0,３ＬＤＫ,60.0,2012.0,15.0,ＲＣ,１中住専,改装済み,2000.0
4921,香櫨園,13.0,4.0,３ＬＤＫ,75.0,2012.0,1.0,ＲＣ,１種住居,未改装,2400.0
4922,西宮北口,6.0,4.0,３ＬＤＫ,65.0,2015.0,17.0,ＳＲＣ,１中住専,未改装,2800.0
4923,西宮北口,7.0,4.0,３ＬＤＫ,65.0,2015.0,17.0,ＳＲＣ,１中住専,未改装,2500.0
4925,西宮北口,6.0,4.0,３ＬＤＫ,75.0,2015.0,1.0,ＲＣ,１種住居,未改装,5200.0
4926,西宮北口,6.0,4.0,３ＬＤＫ,75.0,2015.0,1.0,ＲＣ,１種住居,未改装,4700.0
4927,西宮北口,8.0,4.0,３ＬＤＫ,75.0,2015.0,1.0,ＲＣ,１種住居,未改装,5100.0
4929,夙川,7.0,2.0,１Ｋ,15.0,2016.0,32.0,ＲＣ,１中住専,未改装,530.0
4930,夙川,7.0,2.0,１Ｋ,15.0,2016.0,32.0,ＲＣ,１中住専,未改装,650.0
4931,苦楽園口,14.0,4.0,３ＬＤＫ,80.0,2012.0,14.0,ＳＲＣ,１種住居,未改装,2300.0
4932,さくら夙川,6.0,4.0,３ＬＤＫ,65.0,2012.0,16.0,ＲＣ,１中住専,未改装,2700.0
4933,さくら夙川,6.0,4.0,３ＬＤＫ,65.0,2012.0,16.0,ＲＣ,１中住専,未改装,2800.0
4934,さくら夙川,7.0,1.0,１Ｒ,20.0,2012.0,18.0,ＲＣ,１中住専,未改装,550.0
4935,甲東園,12.0,4.0,３ＬＤＫ,75.0,2016.0,38.0,ＳＲＣ,１種住居,未改装,1400.0
4936,さくら夙川,6.0,4.0,３ＬＤＫ,65.0,2012.0,16.0,ＲＣ,１中住専,未改装,2600.0
4937,門戸厄神,5.0,4.0,３ＬＤＫ,70.0,2015.0,15.0,ＲＣ,１中住専,未改装,2900.0
4938,門戸厄神,8.0,4.0,３ＬＤＫ,80.0,2015.0,18.0,ＲＣ,１中住専,未改装,3100.0
4939,苦楽園口,15.0,4.0,３ＬＤＫ,70.0,2016.0,9.0,ＲＣ,１中住専,未改装,1900.0
4940,苦楽園口,14.0,4.0,３ＬＤＫ,105.0,2016.0,29.0,ＲＣ,１中住専,改装済み,5000.0
4941,苦楽園口,14.0,4.0,３ＬＤＫ,85.0,2016.0,29.0,ＲＣ,１中住専,改装済み,3700.0
4942,苦楽園口,14.0,4.0,３ＬＤＫ,95.0,2016.0,29.0,ＲＣ,１中住専,改装済み,4200.0
4943,苦楽園口,15.0,4.0,３ＬＤＫ,90.0,2016.0,29.0,ＲＣ,１中住専,未改装,3600.0
4945,門戸厄神,4.0,4.0,３ＬＤＫ,70.0,2015.0,18.0,ＳＲＣ,１中住専,未改装,2900.0
4946,苦楽園口,14.0,4.0,３ＬＤＫ,95.0,2016.0,29.0,ＲＣ,１中住専,未改装,4000.0
4947,門戸厄神,3.0,4.0,３ＬＤＫ,70.0,2015.0,18.0,ＳＲＣ,１中住専,未改装,3200.0
4948,さくら夙川,4.0,4.0,３ＬＤＫ,65.0,2012.0,33.0,ＳＲＣ,近隣商業,改装済み,1900.0
4949,夙川,23.0,4.0,３ＬＤＫ,80.0,2016.0,12.0,ＲＣ,１中住専,未改装,3100.0
4950,さくら夙川,4.0,4.0,３ＬＤＫ,60.0,2012.0,33.0,ＳＲＣ,近隣商業,改装済み,1700.0
4951,さくら夙川,2.0,4.0,３ＬＤＫ,60.0,2012.0,15.0,ＲＣ,近隣商業,改装済み,2100.0
4952,東鳴尾,5.0,4.0,３ＬＤＫ,80.0,2012.0,21.0,ＳＲＣ,１種住居,未改装,1900.0
4953,西宮北口,20.0,3.0,２ＬＤＫ,60.0,2015.0,11.0,ＲＣ,２中住専,未改装,2600.0
4954,久寿川,10.0,4.0,３ＬＤＫ,70.0,2016.0,7.0,ＲＣ,準工業,未改装,3300.0
4955,門戸厄神,9.0,5.0,４ＬＤＫ,80.0,2015.0,11.0,ＲＣ,２中住専,改装済み,3100.0
4956,門戸厄神,9.0,4.0,３ＬＤＫ,70.0,2015.0,11.0,ＲＣ,２中住専,未改装,3200.0
4957,夙川,6.0,3.0,２ＬＤＫ,85.0,2012.0,13.0,ＲＣ,１中住専,未改装,4300.0
4958,門戸厄神,10.0,4.0,３ＬＤＫ,70.0,2015.0,9.0,ＲＣ,１中住専,未改装,4200.0
4959,西宮(ＪＲ),20.0,4.0,３ＬＤＫ,70.0,2015.0,17.0,ＲＣ,１種住居,改装済み,2400.0
4960,西宮北口,20.0,4.0,３ＬＤＫ,70.0,2015.0,17.0,ＲＣ,１種住居,未改装,2600.0
4961,甲子園口,20.0,4.0,３ＤＫ,50.0,2016.0,19.0,ＳＲＣ,近隣商業,改装済み,1500.0
4962,苦楽園口,13.0,3.0,２ＬＤＫ,85.0,2012.0,38.0,ＲＣ,１中住専,未改装,500.0
4963,苦楽園口,18.0,3.0,２ＬＤＫ,75.0,2012.0,9.0,ＲＣ,１中住専,未改装,2700.0
4964,苦楽園口,16.0,2.0,１ＬＤＫ,60.0,2012.0,8.0,ＲＣ,１中住専,未改装,1900.0
4965,甲東園,8.0,4.0,３ＬＤＫ,75.0,2016.0,16.0,ＲＣ,１低住専,未改装,3200.0
4966,西宮(阪神),18.0,4.0,３ＬＤＫ,60.0,2012.0,8.0,ＲＣ,１中住専,未改装,2100.0
4967,武庫之荘,25.0,4.0,３ＬＤＫ,70.0,2012.0,9.0,ＲＣ,１中住専,改装済み,2800.0
4968,久寿川,11.0,4.0,３ＬＤＫ,65.0,2012.0,3.0,ＲＣ,準工業,未改装,3000.0
4970,苦楽園口,9.0,4.0,３ＬＤＫ,75.0,2016.0,0.0,ＲＣ,１中住専,未改装,5100.0
4972,苦楽園口,9.0,4.0,３ＬＤＫ,75.0,2016.0,0.0,ＲＣ,１中住専,未改装,4500.0
4973,苦楽園口,9.0,4.0,３ＬＤＫ,100.0,2016.0,0.0,ＲＣ,１中住専,未改装,7000.0
4974,甲子園,9.0,4.0,３ＬＤＫ,70.0,2012.0,2.0,ＲＣ,１中住専,未改装,4000.0
4975,甲子園口,16.0,4.0,３ＤＫ,50.0,2012.0,15.0,ＳＲＣ,近隣商業,未改装,900.0
4976,甲子園口,12.0,3.0,２ＤＫ,40.0,2012.0,40.0,鉄骨造,２中住専,未改装,520.0
4977,甲子園口,13.0,5.0,４ＤＫ,60.0,2012.0,40.0,鉄骨造,２中住専,未改装,720.0
4978,甲子園口,13.0,3.0,２ＬＤＫ,55.0,2012.0,40.0,鉄骨造,２中住専,改装済み,780.0
4979,打出,9.0,5.0,４ＬＤＫ,180.0,2015.0,25.0,ＲＣ,１中住専,改装済み,6000.0
4980,阪神国道,13.0,4.0,３ＬＤＫ,75.0,2012.0,26.0,ＳＲＣ,１種住居,改装済み,1600.0
4981,苦楽園口,9.0,5.0,４ＬＤＫ,90.0,2012.0,11.0,ＲＣ,１中住専,未改装,5000.0
4982,甲陽園,3.0,2.0,１ＬＤＫ,40.0,2016.0,18.0,ＲＣ,１中住専,未改装,1800.0
4983,香櫨園,15.0,5.0,４ＬＤＫ,175.0,2015.0,24.0,ＲＣ,１種住居,未改装,4200.0
4985,香櫨園,10.0,4.0,３ＬＤＫ,70.0,2015.0,8.0,ＲＣ,近隣商業,未改装,3000.0
4986,香櫨園,11.0,4.0,３ＬＤＫ,55.0,2015.0,13.0,ＲＣ,近隣商業,未改装,2600.0
4987,香櫨園,8.0,3.0,２ＬＤＫ,85.0,2015.0,24.0,ＲＣ,１種住居,未改装,2600.0
4988,香櫨園,10.0,3.0,２ＬＤＫ,55.0,2015.0,13.0,ＲＣ,近隣商業,未改装,2500.0
4989,香櫨園,8.0,4.0,３ＬＤＫ,70.0,2015.0,9.0,ＲＣ,１種住居,未改装,3100.0
4990,西宮(ＪＲ),9.0,4.0,３ＬＤＫ,65.0,2015.0,12.0,ＲＣ,近隣商業,未改装,2700.0
4991,香櫨園,9.0,4.0,３ＬＤＫ,65.0,2016.0,16.0,ＲＣ,１中住専,未改装,2500.0
4993,香櫨園,14.0,5.0,４ＬＤＫ,95.0,2016.0,11.0,ＲＣ,１中住専,改装済み,4000.0
4994,甲東園,8.0,5.0,３ＬＤＫ＋Ｓ,80.0,2012.0,12.0,ＲＣ,１低住専,未改装,3200.0
4995,西宮北口,3.0,4.0,３ＬＤＫ,65.0,2015.0,10.0,ＲＣ,２種住居,未改装,3900.0
4996,西宮北口,3.0,4.0,３ＬＤＫ,65.0,2015.0,15.0,ＳＲＣ,２種住居,未改装,6300.0
4997,西宮北口,5.0,4.0,３ＬＤＫ,90.0,2015.0,15.0,ＳＲＣ,２種住居,未改装,5200.0
4998,西宮北口,3.0,3.0,２ＬＤＫ,75.0,2015.0,15.0,ＳＲＣ,２種住居,未改装,3600.0
4999,西宮北口,6.0,4.0,３ＬＤＫ,70.0,2015.0,10.0,ＲＣ,２種住居,未改装,4300.0
5000,西宮北口,3.0,4.0,３ＬＤＫ,80.0,2015.0,15.0,ＳＲＣ,２種住居,改装済み,4400.0
5001,甲東園,13.0,4.0,３ＬＤＫ,75.0,2012.0,6.0,ＲＣ,１低住専,未改装,3500.0
5002,西宮北口,3.0,3.0,２ＬＤＫ,85.0,2015.0,15.0,ＳＲＣ,２種住居,未改装,3300.0
5003,西宮北口,6.0,4.0,３ＬＤＫ,75.0,2015.0,4.0,ＲＣ,２種住居,未改装,4600.0
5004,西宮北口,3.0,4.0,３ＬＤＫ,80.0,2015.0,15.0,ＳＲＣ,２種住居,改装済み,5300.0
5005,打出,8.0,5.0,４ＬＤＫ,100.0,2016.0,13.0,ＲＣ,１中住専,未改装,4000.0
5007,西宮北口,5.0,4.0,３ＬＤＫ,80.0,2015.0,15.0,ＳＲＣ,２種住居,改装済み,4600.0
5008,西宮(阪神),6.0,5.0,４ＬＤＫ,105.0,2015.0,17.0,ＳＲＣ,近隣商業,未改装,4700.0
5009,香櫨園,12.0,5.0,４ＬＤＫ,100.0,2016.0,32.0,ＲＣ,１中住専,未改装,2000.0
5010,甲陽園,14.0,4.0,３ＬＤＫ,60.0,2015.0,39.0,ＲＣ,１中住専,改装済み,1400.0
5011,香櫨園,6.0,3.0,２ＬＤＫ,50.0,2016.0,18.0,ＲＣ,１中住専,未改装,1500.0
5012,香櫨園,2.0,4.0,３ＬＤＫ,85.0,2016.0,18.0,ＳＲＣ,１中住専,未改装,2700.0
5013,西宮北口,15.0,4.0,３ＬＤＫ,80.0,2016.0,3.0,ＲＣ,１中住専,未改装,5000.0
5014,香櫨園,14.0,5.0,４ＬＤＫ,95.0,2012.0,7.0,ＲＣ,１中住専,未改装,3800.0
5015,香櫨園,7.0,4.0,３ＬＤＫ,70.0,2012.0,14.0,ＲＣ,１中住専,未改装,2800.0
5016,香櫨園,12.0,3.0,２ＬＤＫ,95.0,2012.0,14.0,ＲＣ,１中住専,未改装,4100.0
5017,夙川,8.0,4.0,３ＬＤＫ,75.0,2015.0,18.0,ＲＣ,１中住専,未改装,3900.0
5018,門戸厄神,11.0,4.0,３ＬＤＫ,70.0,2015.0,15.0,ＲＣ,１中住専,未改装,2500.0
5020,西宮北口,7.0,3.0,２ＤＫ,45.0,2016.0,18.0,ＳＲＣ,１中住専,未改装,1900.0
5021,苦楽園口,7.0,4.0,３ＬＤＫ,75.0,2016.0,4.0,ＲＣ,１中住専,未改装,4600.0
5022,香櫨園,2.0,4.0,３ＬＤＫ,65.0,2012.0,14.0,ＳＲＣ,１中住専,未改装,2200.0
5023,香櫨園,2.0,4.0,３ＬＤＫ,75.0,2012.0,14.0,ＳＲＣ,準住居,改装済み,2700.0
5024,香櫨園,5.0,2.0,１ＤＫ,50.0,2012.0,14.0,ＲＣ,１中住専,改装済み,1800.0
5025,甲子園口,12.0,4.0,３ＬＤＫ,70.0,2012.0,7.0,ＲＣ,１種住居,未改装,2700.0
5026,甲陽園,10.0,3.0,２ＬＤＫ,65.0,2012.0,8.0,ＲＣ,１種住居,未改装,2200.0
5027,苦楽園口,5.0,3.0,２ＬＤＫ,75.0,2012.0,11.0,ＲＣ,１低住専,未改装,4200.0
5028,苦楽園口,6.0,3.0,２ＬＤＫ,80.0,2012.0,11.0,ＲＣ,１低住専,未改装,5200.0
5029,西宮北口,8.0,4.0,３ＬＤＫ,70.0,2012.0,14.0,ＲＣ,１中住専,未改装,2700.0
5030,西宮(阪神),12.0,4.0,３ＬＤＫ,65.0,2016.0,42.0,ＳＲＣ,準工業,改装済み,1500.0
5031,西宮(阪神),12.0,4.0,３ＬＤＫ,55.0,2016.0,42.0,ＳＲＣ,準工業,未改装,630.0
5032,西宮(阪神),12.0,4.0,３ＬＤＫ,55.0,2016.0,42.0,ＳＲＣ,準工業,未改装,550.0
5033,甲子園口,8.0,4.0,３ＬＤＫ,70.0,2016.0,43.0,ＲＣ,１中住専,未改装,1200.0
5034,甲子園口,6.0,4.0,３ＬＤＫ,70.0,2016.0,2.0,ＲＣ,１中住専,未改装,4700.0
5035,甲子園口,10.0,3.0,２ＬＤＫ,55.0,2016.0,39.0,ＲＣ,１中住専,改装済み,1400.0
5036,甲子園口,7.0,4.0,３ＬＤＫ,70.0,2016.0,9.0,ＲＣ,１中住専,未改装,3900.0
5037,甲子園口,10.0,3.0,２ＬＤＫ,55.0,2016.0,39.0,ＲＣ,１中住専,未改装,900.0
5038,甲子園口,5.0,4.0,３ＬＤＫ,70.0,2016.0,15.0,ＲＣ,１中住専,改装済み,3400.0
5039,西宮(阪神),18.0,4.0,３ＬＤＫ,65.0,2012.0,16.0,ＲＣ,準工業,改装済み,1700.0
5040,西宮(阪神),18.0,5.0,４ＬＤＫ,75.0,2012.0,16.0,ＲＣ,準工業,未改装,1900.0
5041,西宮(阪神),13.0,4.0,３ＬＤＫ,55.0,2012.0,38.0,ＳＲＣ,準工業,改装済み,1200.0
5042,西宮(阪神),13.0,4.0,３ＬＤＫ,70.0,2012.0,38.0,ＳＲＣ,準工業,改装済み,1500.0
5044,甲子園口,11.0,3.0,２ＬＤＫ,55.0,2012.0,35.0,ＲＣ,１中住専,未改装,1300.0
5045,甲子園口,9.0,3.0,２ＬＤＫ,55.0,2012.0,39.0,ＲＣ,１中住専,改装済み,1300.0
5046,甲子園口,12.0,4.0,３ＬＤＫ,70.0,2012.0,1.0,ＲＣ,１中住専,未改装,3700.0
5047,甲子園口,6.0,4.0,３ＬＤＫ,70.0,2012.0,11.0,ＲＣ,１中住専,未改装,3000.0
5048,苦楽園口,8.0,4.0,３ＬＤＫ,70.0,2016.0,14.0,ＲＣ,１中住専,未改装,4000.0
5049,夙川,8.0,4.0,３ＬＤＫ,75.0,2016.0,17.0,ＲＣ,１中住専,未改装,3700.0
5050,苦楽園口,14.0,3.0,２ＬＤＫ,85.0,2012.0,38.0,ＲＣ,１低住専,改装済み,2000.0
5051,甲子園口,14.0,5.0,４ＬＤＫ,70.0,2016.0,15.0,ＲＣ,１種住居,未改装,3400.0
5052,甲子園口,12.0,4.0,３ＬＤＫ,105.0,2016.0,25.0,ＲＣ,１中住専,未改装,3300.0
5053,甲子園,14.0,3.0,２ＬＤＫ,60.0,2016.0,16.0,ＲＣ,１中住専,未改装,2400.0
5054,甲子園,9.0,3.0,２ＬＤＫ,85.0,2016.0,15.0,ＲＣ,１中住専,未改装,4500.0
5055,甲子園,5.0,4.0,３ＬＤＫ,65.0,2016.0,47.0,ＲＣ,近隣商業,改装済み,1400.0
5056,甲子園,5.0,3.0,２ＬＤＫ,55.0,2016.0,47.0,ＲＣ,近隣商業,未改装,800.0
5057,甲子園,5.0,3.0,２ＬＤＫ,60.0,2016.0,42.0,ＲＣ,１種住居,改装済み,1300.0
5058,夙川,8.0,3.0,２ＤＫ,80.0,2012.0,13.0,ＲＣ,１中住専,未改装,4200.0
5059,夙川,8.0,3.0,２ＬＤＫ,80.0,2012.0,13.0,ＲＣ,１中住専,未改装,3500.0
5060,甲子園,14.0,5.0,４ＬＤＫ,90.0,2016.0,10.0,ＲＣ,２種住居,未改装,390.0
5062,甲子園,11.0,4.0,２ＬＤＫ＋Ｓ,60.0,2016.0,18.0,ＲＣ,１中住専,未改装,1900.0
5063,甲子園,10.0,5.0,３ＬＤＫ＋Ｓ,80.0,2016.0,16.0,ＲＣ,２中住専,未改装,2500.0
5064,鳴尾・武庫川女子大前,12.0,4.0,３ＬＤＫ,70.0,2016.0,10.0,ＲＣ,２種住居,改装済み,3200.0
5065,甲子園口,14.0,4.0,３ＬＤＫ,60.0,2012.0,11.0,ＲＣ,１種住居,未改装,2600.0
5066,甲子園口,10.0,5.0,４ＬＤＫ,75.0,2012.0,11.0,ＲＣ,近隣商業,未改装,2900.0
5067,甲子園口,11.0,4.0,３ＬＤＫ,80.0,2012.0,12.0,ＲＣ,１中住専,未改装,4000.0
5068,甲子園口,14.0,4.0,２ＬＤＫ＋Ｓ,65.0,2012.0,11.0,ＲＣ,１種住居,未改装,3100.0
5070,甲子園,15.0,4.0,３ＬＤＫ,65.0,2012.0,16.0,ＲＣ,１中住専,未改装,2700.0
5071,甲子園,11.0,4.0,３ＬＤＫ,65.0,2012.0,43.0,ＲＣ,１中住専,未改装,800.0
5072,甲子園,9.0,4.0,３ＬＤＫ,65.0,2012.0,43.0,ＲＣ,２中住専,改装済み,1700.0
5073,甲子園,6.0,3.0,２ＬＤＫ,70.0,2012.0,26.0,ＲＣ,２種住居,改装済み,2300.0
5074,甲子園,6.0,5.0,４ＬＤＫ,110.0,2012.0,26.0,ＲＣ,２種住居,未改装,3500.0
5075,甲子園,5.0,3.0,２ＬＤＫ,55.0,2012.0,43.0,ＲＣ,近隣商業,未改装,670.0
5076,甲子園,6.0,4.0,３ＬＤＫ,60.0,2012.0,39.0,ＲＣ,２種住居,未改装,1500.0
5077,甲子園,5.0,4.0,３ＬＤＫ,75.0,2012.0,43.0,ＲＣ,近隣商業,改装済み,1700.0
5078,甲子園,6.0,3.0,２ＬＤＫ,70.0,2012.0,26.0,ＲＣ,２種住居,未改装,2500.0
5079,甲子園,6.0,4.0,３ＬＤＫ,85.0,2012.0,26.0,ＲＣ,２種住居,未改装,3300.0
5080,甲子園,6.0,4.0,３ＬＤＫ,60.0,2012.0,39.0,ＲＣ,１種住居,改装済み,1400.0
5081,甲子園,6.0,4.0,３ＬＤＫ,85.0,2012.0,26.0,ＲＣ,２種住居,未改装,3000.0
5082,鳴尾・武庫川女子大前,8.0,4.0,３ＬＤＫ,100.0,2012.0,26.0,ＲＣ,２種住居,未改装,3000.0
5083,甲子園口,5.0,5.0,４ＬＤＫ,85.0,2016.0,4.0,ＲＣ,近隣商業,未改装,5400.0
5084,甲子園口,14.0,4.0,３ＬＤＫ,75.0,2016.0,13.0,ＲＣ,１種住居,未改装,2800.0
5085,甲子園口,7.0,2.0,１ＬＤＫ,40.0,2016.0,18.0,ＲＣ,近隣商業,未改装,1600.0
5086,甲子園口,8.0,4.0,３ＬＤＫ,85.0,2016.0,12.0,ＲＣ,１中住専,改装済み,4100.0
5087,甲子園,14.0,4.0,３ＬＤＫ,70.0,2012.0,6.0,ＲＣ,２種住居,未改装,3100.0
5088,鳴尾・武庫川女子大前,12.0,4.0,３ＬＤＫ,75.0,2012.0,6.0,ＲＣ,２種住居,改装済み,3200.0
5089,鳴尾・武庫川女子大前,12.0,5.0,４ＬＤＫ,110.0,2012.0,6.0,ＲＣ,２種住居,未改装,5200.0
5090,鳴尾・武庫川女子大前,12.0,4.0,３ＬＤＫ,70.0,2012.0,6.0,ＲＣ,２種住居,未改装,3000.0
5091,久寿川,5.0,4.0,３ＬＤＫ,85.0,2012.0,7.0,ＲＣ,２中住専,未改装,5300.0
5093,甲子園口,5.0,3.0,２ＬＤＫ,75.0,2016.0,46.0,ＳＲＣ,１中住専,未改装,1600.0
5094,甲子園口,3.0,5.0,４ＬＤＫ,110.0,2016.0,9.0,ＲＣ,１中住専,未改装,5200.0
5095,甲子園口,4.0,5.0,４ＬＤＫ,75.0,2016.0,38.0,ＲＣ,１中住専,改装済み,2200.0
5096,甲子園口,4.0,4.0,３ＬＤＫ,65.0,2016.0,4.0,ＲＣ,１中住専,未改装,4000.0
5097,甲子園,9.0,3.0,２ＬＤＫ,60.0,2016.0,21.0,ＲＣ,１種住居,改装済み,1700.0
5098,甲子園,7.0,3.0,２ＬＤＫ,55.0,2016.0,30.0,ＳＲＣ,近隣商業,改装済み,2600.0
5099,甲子園,4.0,4.0,３ＬＤＫ,70.0,2016.0,10.0,ＲＣ,近隣商業,改装済み,3500.0
5100,甲子園,13.0,3.0,２ＤＫ,55.0,2016.0,12.0,ＲＣ,近隣商業,未改装,2500.0
5101,甲子園,9.0,4.0,３ＬＤＫ,60.0,2016.0,43.0,ＲＣ,２種住居,未改装,750.0
5102,甲子園,10.0,4.0,３ＬＤＫ,65.0,2016.0,10.0,ＲＣ,１種住居,未改装,3200.0
5103,甲子園口,11.0,4.0,３ＬＤＫ,60.0,2012.0,6.0,ＲＣ,近隣商業,未改装,2100.0
5104,甲子園口,2.0,4.0,３ＬＤＫ,75.0,2012.0,12.0,ＲＣ,近隣商業,未改装,3900.0
5105,甲子園口,9.0,4.0,３ＬＤＫ,65.0,2012.0,40.0,ＲＣ,１中住専,改装済み,1500.0
5106,甲子園口,4.0,3.0,２ＬＤＫ,60.0,2012.0,15.0,ＲＣ,近隣商業,改装済み,2200.0
5107,甲子園口,9.0,4.0,３ＬＤＫ,65.0,2012.0,40.0,ＲＣ,１中住専,改装済み,1000.0
5108,甲子園口,4.0,4.0,３ＬＤＫ,60.0,2012.0,16.0,ＲＣ,近隣商業,未改装,2000.0
5109,甲子園口,6.0,2.0,１Ｋ,15.0,2012.0,28.0,ＲＣ,近隣商業,改装済み,260.0
5110,甲子園口,9.0,4.0,３ＬＤＫ,65.0,2012.0,40.0,ＲＣ,１中住専,改装済み,1400.0
5111,甲東園,2.0,3.0,２ＬＤＫ,65.0,2016.0,28.0,ＲＣ,近隣商業,未改装,2100.0
5113,甲子園口,5.0,5.0,４ＬＤＫ,75.0,2012.0,42.0,ＳＲＣ,１中住専,改装済み,1600.0
5114,甲子園口,3.0,5.0,４ＬＤＫ,100.0,2012.0,5.0,ＲＣ,１中住専,未改装,5000.0
5116,甲子園口,6.0,4.0,３ＬＤＫ,80.0,2012.0,34.0,ＲＣ,１中住専,未改装,1900.0
5117,甲子園口,2.0,4.0,３ＬＤＫ,75.0,2012.0,16.0,ＲＣ,近隣商業,未改装,3600.0
5118,甲子園口,5.0,4.0,３ＬＤＫ,90.0,2012.0,42.0,ＳＲＣ,１中住専,未改装,1600.0
5119,甲子園口,5.0,4.0,３ＬＤＫ,75.0,2012.0,42.0,ＳＲＣ,１中住専,改装済み,1700.0
5120,甲子園口,4.0,4.0,３ＬＤＫ,70.0,2012.0,42.0,ＳＲＣ,１中住専,未改装,860.0
5121,香櫨園,12.0,4.0,３ＬＤＫ,70.0,2016.0,16.0,ＲＣ,１中住専,改装済み,3000.0
5123,甲陽園,9.0,4.0,３ＬＤＫ,70.0,2016.0,17.0,ＲＣ,１低住専,未改装,1700.0
5124,甲陽園,1.0,4.0,３ＬＤＫ,70.0,2016.0,16.0,ＲＣ,２低住専,未改装,3200.0
5125,甲陽園,3.0,4.0,３ＬＤＫ,70.0,2016.0,16.0,ＲＣ,近隣商業,未改装,3300.0
5127,甲子園,9.0,4.0,３ＤＫ,65.0,2012.0,39.0,ＲＣ,２種住居,未改装,900.0
5128,甲子園,11.0,3.0,２ＬＤＫ,55.0,2012.0,8.0,ＲＣ,近隣商業,未改装,2600.0
5129,甲子園,10.0,4.0,３ＬＤＫ,75.0,2012.0,9.0,ＲＣ,２中住専,未改装,3000.0
5130,甲子園,11.0,4.0,３ＬＤＫ,95.0,2012.0,6.0,ＲＣ,１種住居,改装済み,5000.0
5132,甲陽園,6.0,4.0,３ＬＤＫ,70.0,2016.0,10.0,ＲＣ,１中住専,未改装,2800.0
5133,甲陽園,6.0,3.0,２ＬＤＫ,60.0,2016.0,4.0,ＲＣ,１中住専,未改装,3100.0
5134,甲東園,3.0,4.0,３ＬＤＫ,85.0,2012.0,39.0,ＳＲＣ,近隣商業,未改装,1100.0
5135,甲東園,3.0,4.0,３ＬＤＫ,85.0,2012.0,39.0,ＳＲＣ,近隣商業,改装済み,2400.0
5136,甲東園,1.0,5.0,４ＬＤＫ,85.0,2012.0,13.0,ＳＲＣ,近隣商業,未改装,4500.0
5137,西宮北口,4.0,4.0,３ＬＤＫ,75.0,2012.0,9.0,ＲＣ,近隣商業,未改装,4200.0
5138,西宮北口,4.0,3.0,２ＬＤＫ,90.0,2012.0,9.0,ＲＣ,近隣商業,改装済み,5500.0
5139,甲陽園,1.0,3.0,２ＤＫ,50.0,2016.0,45.0,ＲＣ,近隣商業,未改装,900.0
5140,甲陽園,1.0,3.0,２ＬＤＫ,70.0,2016.0,45.0,ＲＣ,近隣商業,改装済み,1800.0
5141,甲陽園,3.0,4.0,３ＬＤＫ,75.0,2016.0,39.0,ＳＲＣ,近隣商業,未改装,1300.0
5142,甲陽園,3.0,3.0,２ＬＤＫ,80.0,2016.0,39.0,ＳＲＣ,近隣商業,改装済み,2000.0
5143,甲陽園,1.0,4.0,３ＬＤＫ,55.0,2016.0,45.0,ＲＣ,近隣商業,未改装,1200.0
5144,甲陽園,1.0,4.0,３ＬＤＫ,70.0,2016.0,45.0,ＲＣ,近隣商業,未改装,1500.0
5145,甲陽園,4.0,3.0,２ＬＤＫ,55.0,2016.0,39.0,ＳＲＣ,近隣商業,改装済み,1500.0
5146,香櫨園,11.0,4.0,３ＬＤＫ,70.0,2012.0,12.0,ＲＣ,近隣商業,未改装,2000.0
5147,香櫨園,11.0,4.0,３ＬＤＫ,70.0,2012.0,12.0,ＲＣ,近隣商業,改装済み,2600.0
5148,さくら夙川,11.0,4.0,３ＬＤＫ,70.0,2012.0,6.0,ＲＣ,１中住専,未改装,3300.0
5149,甲陽園,4.0,4.0,３ＬＤＫ,70.0,2016.0,16.0,ＲＣ,１中住専,未改装,2600.0
5150,苦楽園口,14.0,4.0,３ＬＤＫ,75.0,2016.0,18.0,ＲＣ,１中住専,改装済み,2600.0
5151,甲陽園,9.0,4.0,３ＬＤＫ,75.0,2016.0,20.0,ＲＣ,１中住専,改装済み,1800.0
5152,甲陽園,3.0,4.0,３ＬＤＫ,80.0,2012.0,12.0,ＲＣ,２低住専,未改装,3800.0
5153,西宮(阪神),10.0,5.0,４ＬＤＫ,85.0,2016.0,10.0,ＲＣ,近隣商業,未改装,3800.0
5155,甲陽園,12.0,4.0,３ＬＤＫ,75.0,2012.0,7.0,ＲＣ,１低住専,改装済み,2500.0
5156,さくら夙川,7.0,3.0,２ＬＤＫ,90.0,2016.0,14.0,ＲＣ,１中住専,未改装,4900.0
5157,甲陽園,16.0,4.0,３ＬＤＫ,120.0,2012.0,21.0,ＲＣ,１中住専,未改装,2900.0
5158,甲陽園,15.0,4.0,３ＬＤＫ,75.0,2012.0,14.0,ＲＣ,１中住専,未改装,1900.0
5159,甲陽園,5.0,4.0,３ＬＤＫ,70.0,2012.0,13.0,ＲＣ,近隣商業,未改装,2300.0
5160,武庫川,14.0,5.0,４ＬＤＫ,95.0,2016.0,12.0,ＲＣ,２中住専,未改装,4200.0
5161,武庫川,12.0,4.0,３ＬＤＫ,75.0,2016.0,1.0,ＲＣ,２中住専,改装済み,3900.0
5162,武庫川,13.0,4.0,３ＬＤＫ,75.0,2016.0,19.0,ＲＣ,２中住専,改装済み,4100.0
5163,武庫川,14.0,4.0,３ＬＤＫ,75.0,2016.0,19.0,ＲＣ,２中住専,改装済み,3900.0
5164,武庫川,13.0,5.0,４ＬＤＫ,75.0,2016.0,19.0,ＲＣ,２中住専,改装済み,4000.0
5165,武庫川,13.0,4.0,３ＬＤＫ,75.0,2016.0,19.0,ＲＣ,２中住専,改装済み,4100.0
5166,武庫川,13.0,4.0,３ＬＤＫ,75.0,2016.0,19.0,ＲＣ,２中住専,改装済み,4300.0
5167,武庫川,12.0,4.0,３ＬＤＫ,75.0,2016.0,19.0,ＲＣ,２中住専,改装済み,3900.0
5168,鳴尾・武庫川女子大前,8.0,4.0,３ＬＤＫ,100.0,2016.0,26.0,ＲＣ,１種住居,未改装,2000.0
5169,鳴尾・武庫川女子大前,9.0,3.0,２ＬＤＫ,55.0,2016.0,44.0,ＳＲＣ,１種住居,未改装,800.0
5170,甲陽園,3.0,4.0,３ＬＤＫ,75.0,2012.0,35.0,ＳＲＣ,近隣商業,改装済み,1600.0
5171,鳴尾・武庫川女子大前,9.0,3.0,２ＬＤＫ,55.0,2016.0,42.0,ＳＲＣ,１中住専,改装済み,1300.0
5173,甲陽園,9.0,4.0,３ＬＤＫ,75.0,2012.0,16.0,ＲＣ,１中住専,改装済み,1700.0
5174,甲陽園,12.0,6.0,４ＬＤＫ＋Ｓ,110.0,2012.0,22.0,ＲＣ,１中住専,改装済み,2100.0
5175,武庫川,10.0,4.0,３ＬＤＫ,70.0,2016.0,12.0,ＲＣ,１種住居,未改装,2900.0
5176,西宮(阪神),11.0,5.0,４ＬＤＫ,80.0,2012.0,6.0,ＲＣ,近隣商業,未改装,3200.0
5177,甲子園口,11.0,4.0,３ＬＤＫ,70.0,2012.0,13.0,ＲＣ,２種住居,未改装,3300.0
5178,甲子園口,15.0,4.0,３ＬＤＫ,85.0,2012.0,8.0,ＲＣ,２中住専,改装済み,3400.0
5179,苦楽園口,10.0,3.0,２ＬＤＫ,85.0,2016.0,12.0,ＲＣ,１低住専,未改装,5300.0
5180,さくら夙川,7.0,4.0,３ＬＤＫ,80.0,2012.0,10.0,ＲＣ,１中住専,未改装,4200.0
5181,夙川,8.0,4.0,３ＬＤＫ,90.0,2012.0,10.0,ＲＣ,１中住専,未改装,5100.0
5182,武庫川,14.0,4.0,３ＬＤＫ,70.0,2012.0,8.0,ＲＣ,２中住専,未改装,2800.0
5183,さくら夙川,6.0,2.0,１Ｋ,20.0,2016.0,9.0,ＲＣ,近隣商業,未改装,1400.0
5184,さくら夙川,4.0,3.0,２ＬＤＫ,70.0,2016.0,11.0,ＲＣ,１種住居,未改装,3900.0
5185,生瀬,15.0,4.0,３ＬＤＫ,75.0,2016.0,24.0,ＲＣ,１中住専,未改装,500.0
5186,鳴尾・武庫川女子大前,6.0,2.0,１ＬＤＫ,55.0,2012.0,40.0,ＳＲＣ,１種住居,未改装,950.0
5187,武庫川,8.0,4.0,３ＬＤＫ,55.0,2012.0,22.0,ＲＣ,１種住居,改装済み,1500.0
5188,武庫川,11.0,3.0,２ＬＤＫ,65.0,2012.0,40.0,ＳＲＣ,１種住居,改装済み,830.0
5189,西宮名塩,8.0,4.0,３ＬＤＫ,70.0,2016.0,17.0,ＲＣ,１中住専,未改装,1200.0
5190,苦楽園口,9.0,4.0,３ＬＤＫ,70.0,2016.0,19.0,ＲＣ,１中住専,未改装,1800.0
5191,武庫川,8.0,4.0,３ＬＤＫ,65.0,2012.0,8.0,ＲＣ,１種住居,未改装,3000.0
5192,香櫨園,11.0,4.0,３ＬＤＫ,70.0,2016.0,9.0,ＲＣ,１中住専,未改装,3200.0
5193,香櫨園,11.0,4.0,３ＬＤＫ,70.0,2016.0,9.0,ＲＣ,１中住専,未改装,3300.0
5194,西宮(ＪＲ),9.0,3.0,２ＬＤＫ,55.0,2016.0,18.0,ＲＣ,近隣商業,未改装,2300.0
5195,苦楽園口,9.0,4.0,３ＬＤＫ,105.0,2012.0,8.0,ＲＣ,１低住専,未改装,6300.0
5196,苦楽園口,9.0,4.0,３ＬＤＫ,100.0,2012.0,8.0,ＲＣ,１低住専,改装済み,6600.0
5197,苦楽園口,9.0,3.0,２ＬＤＫ,100.0,2012.0,8.0,ＲＣ,１低住専,未改装,6100.0
5198,苦楽園口,11.0,4.0,３ＬＤＫ,85.0,2016.0,11.0,ＲＣ,１低住専,未改装,4100.0
5199,西宮(ＪＲ),8.0,4.0,３ＬＤＫ,70.0,2016.0,2.0,ＲＣ,準工業,未改装,4300.0
5200,西宮(ＪＲ),9.0,4.0,３ＬＤＫ,65.0,2016.0,2.0,ＲＣ,準工業,未改装,3800.0
5201,西宮北口,9.0,4.0,３ＬＤＫ,70.0,2016.0,2.0,ＲＣ,準工業,未改装,2800.0
5202,西宮北口,9.0,4.0,３ＬＤＫ,70.0,2016.0,2.0,ＲＣ,準工業,未改装,4100.0
5203,阪神国道,4.0,4.0,３ＬＤＫ,60.0,2016.0,3.0,ＲＣ,工業,未改装,3500.0
5204,西宮(阪神),6.0,2.0,１Ｋ,20.0,2012.0,5.0,ＲＣ,近隣商業,未改装,1700.0
5205,生瀬,14.0,4.0,３ＬＤＫ,80.0,2012.0,20.0,ＲＣ,１中住専,改装済み,850.0
5206,西宮名塩,8.0,4.0,３ＬＤＫ,80.0,2012.0,13.0,ＲＣ,１中住専,未改装,1.4
5207,甲陽園,23.0,4.0,３ＬＤＫ,105.0,2016.0,13.0,ＲＣ,１低住専,未改装,3500.0
5208,苦楽園口,10.0,4.0,３ＬＤＫ,65.0,2012.0,8.0,ＲＣ,１中住専,未改装,2400.0
5209,苦楽園口,9.0,4.0,３ＬＤＫ,65.0,2012.0,15.0,ＲＣ,１中住専,改装済み,3000.0
5210,西宮(ＪＲ),9.0,4.0,３ＬＤＫ,60.0,2016.0,19.0,ＲＣ,近隣商業,改装済み,2100.0
5211,甲陽園,11.0,4.0,３ＬＤＫ,65.0,2012.0,12.0,ＲＣ,１中住専,未改装,2200.0
5212,苦楽園口,18.0,4.0,３ＬＤＫ,85.0,2016.0,15.0,ＲＣ,１中住専,未改装,2700.0
5213,西宮北口,13.0,4.0,３ＬＤＫ,75.0,2016.0,13.0,ＲＣ,１中住専,未改装,5200.0
5214,甲陽園,23.0,4.0,３ＬＤＫ,70.0,2016.0,27.0,ＲＣ,１中住専,改装済み,2200.0
5217,西宮北口,28.0,5.0,４ＬＤＫ,90.0,2016.0,27.0,ＲＣ,１中住専,未改装,1300.0
5218,香櫨園,14.0,4.0,３ＬＤＫ,70.0,2012.0,5.0,ＲＣ,１中住専,未改装,3300.0
5219,香櫨園,10.0,4.0,３ＬＤＫ,75.0,2012.0,5.0,ＲＣ,１中住専,未改装,3400.0
5221,甲東園,5.0,4.0,３ＬＤＫ,65.0,2012.0,15.0,ＲＣ,１中住専,未改装,2900.0
5222,苦楽園口,11.0,3.0,２ＤＫ,80.0,2012.0,10.0,ＲＣ,１低住専,未改装,3300.0
5224,武庫川団地前,6.0,4.0,３ＬＤＫ,75.0,2016.0,12.0,ＲＣ,１中住専,改装済み,2800.0
5225,武庫川団地前,6.0,5.0,４ＬＤＫ,90.0,2016.0,27.0,ＳＲＣ,１中住専,未改装,2100.0
5226,武庫川団地前,10.0,3.0,２ＬＤＫ,65.0,2016.0,31.0,ＳＲＣ,１中住専,未改装,1000.0
5227,武庫川団地前,8.0,4.0,３ＬＤＫ,90.0,2016.0,21.0,ＲＣ,１中住専,未改装,2000.0
5228,武庫川団地前,11.0,5.0,４ＬＤＫ,65.0,2016.0,31.0,ＳＲＣ,１中住専,改装済み,1700.0
5229,武庫川団地前,5.0,4.0,３ＬＤＫ,80.0,2016.0,24.0,ＲＣ,１中住専,未改装,1700.0
5232,武庫川団地前,11.0,4.0,３ＬＤＫ,70.0,2016.0,26.0,ＳＲＣ,１中住専,未改装,1400.0
5233,夙川,13.0,3.0,２ＬＤＫ,60.0,2016.0,48.0,ＲＣ,１中住専,改装済み,1300.0
5234,夙川,11.0,2.0,１ＬＤＫ,60.0,2016.0,29.0,ＲＣ,１中住専,改装済み,1400.0
5235,西宮北口,11.0,4.0,３ＬＤＫ,60.0,2016.0,41.0,ＳＲＣ,準工業,未改装,1200.0
5236,西宮北口,16.0,3.0,２ＤＫ,65.0,2016.0,41.0,ＳＲＣ,準工業,未改装,1600.0
5237,甲陽園,12.0,4.0,３ＬＤＫ,75.0,2012.0,12.0,ＲＣ,１低住専,未改装,2800.0
5238,夙川,9.0,1.0,１Ｒ,15.0,2012.0,28.0,ＲＣ,１種住居,未改装,350.0
5239,西宮北口,4.0,3.0,２ＬＤＫ,80.0,2016.0,8.0,ＲＣ,商業,未改装,4300.0
5240,西宮北口,2.0,3.0,２ＬＤＫ,70.0,2016.0,8.0,ＲＣ,商業,未改装,5800.0
5241,西宮北口,3.0,2.0,１ＬＤＫ,60.0,2016.0,8.0,ＳＲＣ,商業,未改装,4000.0
5242,西宮北口,3.0,3.0,２ＬＤＫ,75.0,2016.0,8.0,ＲＣ,商業,改装済み,6300.0
5243,西宮北口,4.0,4.0,３ＬＤＫ,70.0,2016.0,8.0,ＲＣ,商業,未改装,5500.0
5245,甲陽園,18.0,3.0,２ＬＤＫ,100.0,2012.0,9.0,ＲＣ,１低住専,改装済み,4200.0
5246,西宮北口,10.0,3.0,２ＬＤＫ,55.0,2016.0,17.0,ＳＲＣ,１種住居,改装済み,2700.0
5247,西宮北口,10.0,3.0,２ＬＤＫ,55.0,2016.0,17.0,ＳＲＣ,１種住居,未改装,1800.0
5248,苦楽園口,18.0,4.0,３ＬＤＫ,70.0,2012.0,11.0,ＲＣ,１中住専,未改装,2200.0
5249,苦楽園口,16.0,4.0,３ＬＤＫ,70.0,2012.0,11.0,ＲＣ,１中住専,未改装,2200.0
5250,苦楽園口,18.0,4.0,３ＬＤＫ,75.0,2012.0,11.0,ＲＣ,１中住専,改装済み,2400.0
5251,苦楽園口,18.0,4.0,３ＬＤＫ,70.0,2012.0,11.0,ＲＣ,１中住専,未改装,2200.0
5252,苦楽園口,18.0,4.0,３ＬＤＫ,75.0,2012.0,11.0,ＲＣ,１中住専,未改装,2500.0
5254,香櫨園,11.0,4.0,３ＬＤＫ,65.0,2016.0,19.0,ＲＣ,１種住居,未改装,2000.0
5255,西宮北口,25.0,4.0,３ＬＤＫ,95.0,2012.0,35.0,ＳＲＣ,１中住専,改装済み,1000.0
5256,西宮(阪神),3.0,3.0,２ＬＤＫ,65.0,2016.0,10.0,ＲＣ,商業,未改装,3700.0
5257,西宮北口,12.0,4.0,３ＬＤＫ,65.0,2012.0,39.0,ＲＣ,１中住専,未改装,1300.0
5258,西宮北口,11.0,3.0,２ＬＤＫ,65.0,2012.0,36.0,ＲＣ,１中住専,改装済み,1300.0
5259,甲東園,8.0,3.0,２ＬＤＫ,60.0,2016.0,14.0,ＲＣ,１中住専,未改装,2500.0
5260,甲東園,7.0,4.0,３ＬＤＫ,95.0,2016.0,13.0,ＲＣ,１中住専,未改装,3900.0
5261,甲東園,8.0,4.0,３ＬＤＫ,65.0,2016.0,14.0,ＲＣ,１中住専,未改装,2400.0
5262,甲東園,9.0,4.0,３ＬＤＫ,65.0,2016.0,14.0,ＲＣ,１中住専,未改装,2700.0
5263,門戸厄神,28.0,4.0,３ＬＤＫ,75.0,2012.0,27.0,ＲＣ,１中住専,未改装,1100.0
5264,武庫川,5.0,4.0,３ＬＤＫ,80.0,2012.0,20.0,ＲＣ,１中住専,改装済み,1800.0
5265,武庫川団地前,6.0,4.0,３ＬＤＫ,75.0,2012.0,8.0,ＲＣ,１中住専,未改装,2200.0
5266,武庫川団地前,10.0,4.0,３ＬＤＫ,95.0,2012.0,27.0,ＳＲＣ,１中住専,改装済み,1900.0
5267,武庫川団地前,6.0,4.0,３ＬＤＫ,75.0,2012.0,21.0,ＲＣ,１中住専,未改装,1400.0
5268,武庫川団地前,5.0,4.0,３ＬＤＫ,80.0,2012.0,20.0,ＲＣ,１中住専,未改装,1500.0
5269,武庫川団地前,6.0,4.0,３ＬＤＫ,75.0,2012.0,21.0,ＲＣ,１中住専,改装済み,1500.0
5270,仁川,8.0,4.0,３ＬＤＫ,75.0,2016.0,6.0,ＲＣ,１中住専,未改装,4300.0
5271,仁川,8.0,5.0,４ＬＤＫ,85.0,2016.0,8.0,ＲＣ,２中住専,未改装,3600.0
5272,武庫川団地前,13.0,4.0,３ＬＤＫ,100.0,2012.0,27.0,ＳＲＣ,１中住専,未改装,1700.0
5273,武庫川団地前,9.0,4.0,３ＬＤＫ,95.0,2012.0,27.0,ＳＲＣ,１中住専,未改装,1200.0
5274,武庫川団地前,6.0,5.0,４ＬＤＫ,90.0,2012.0,21.0,ＲＣ,１中住専,未改装,2300.0
5275,仁川,11.0,4.0,３ＬＤＫ,65.0,2016.0,13.0,ＲＣ,１中住専,改装済み,3000.0
5276,武庫川団地前,10.0,4.0,３ＬＤＫ,95.0,2012.0,27.0,ＳＲＣ,１中住専,未改装,1500.0
5277,武庫川団地前,8.0,5.0,４ＬＤＫ,95.0,2012.0,29.0,ＳＲＣ,１中住専,改装済み,1900.0
5278,武庫川団地前,6.0,5.0,４ＬＤＫ,90.0,2012.0,23.0,ＳＲＣ,１中住専,改装済み,2100.0
5279,さくら夙川,5.0,4.0,３ＬＤＫ,80.0,2016.0,29.0,ＲＣ,１中住専,未改装,3200.0
5280,さくら夙川,3.0,3.0,２ＬＤＫ,75.0,2016.0,18.0,ＲＣ,１中住専,未改装,4200.0
5281,西宮北口,2.0,3.0,２ＬＤＫ,55.0,2012.0,12.0,ＳＲＣ,商業,未改装,3000.0
5282,今津(阪神),9.0,4.0,３ＬＤＫ,70.0,2016.0,2.0,ＲＣ,準工業,改装済み,2800.0
5283,阪神国道,6.0,4.0,３ＬＤＫ,70.0,2016.0,18.0,ＲＣ,準工業,改装済み,2500.0
5284,阪神国道,6.0,3.0,２ＬＤＫ,70.0,2016.0,18.0,ＲＣ,準工業,改装済み,2500.0
5285,西宮北口,9.0,5.0,４ＬＤＫ,80.0,2012.0,7.0,ＲＣ,１種住居,未改装,3500.0
5286,西宮北口,9.0,4.0,３ＬＤＫ,70.0,2012.0,7.0,ＲＣ,１種住居,未改装,3000.0
5287,仁川,20.0,4.0,３ＬＤＫ,70.0,2012.0,26.0,ＲＣ,１種住居,未改装,950.0
5288,西宮(ＪＲ),7.0,4.0,３ＬＤＫ,70.0,2016.0,3.0,ＲＣ,準工業,未改装,3400.0
5289,阪神国道,2.0,4.0,３ＬＤＫ,70.0,2016.0,8.0,ＲＣ,近隣商業,未改装,3200.0
5291,香櫨園,9.0,4.0,３ＬＤＫ,80.0,2012.0,14.0,ＲＣ,１種住居,未改装,2800.0
5292,香櫨園,10.0,4.0,３ＬＤＫ,80.0,2012.0,11.0,ＲＣ,準工業,未改装,3400.0
5293,西宮(阪神),1.0,3.0,２ＬＤＫ,55.0,2012.0,6.0,ＲＣ,商業,未改装,2600.0
5294,西宮(阪神),2.0,4.0,３ＬＤＫ,75.0,2012.0,9.0,ＳＲＣ,商業,未改装,3700.0
5295,西宮(阪神),2.0,5.0,４ＬＤＫ,125.0,2012.0,9.0,ＲＣ,商業,未改装,7100.0
5296,今津(阪神),2.0,4.0,３ＬＤＫ,65.0,2016.0,12.0,ＲＣ,商業,未改装,2600.0
5297,今津(阪神),3.0,4.0,３ＬＤＫ,65.0,2016.0,2.0,ＲＣ,近隣商業,未改装,2900.0
5298,今津(阪神),3.0,4.0,３ＬＤＫ,70.0,2016.0,11.0,ＲＣ,近隣商業,未改装,3000.0
5299,今津(阪神),2.0,4.0,３ＬＤＫ,65.0,2016.0,12.0,ＲＣ,商業,未改装,2700.0
5300,今津(阪神),2.0,4.0,３ＬＤＫ,55.0,2016.0,11.0,ＲＣ,近隣商業,改装済み,2700.0
5301,今津(阪神),2.0,3.0,２ＬＤＫ,50.0,2016.0,19.0,ＲＣ,近隣商業,改装済み,1700.0
5302,今津(阪神),1.0,4.0,３ＬＤＫ,65.0,2016.0,16.0,ＳＲＣ,商業,未改装,2400.0
5304,西宮(阪神),8.0,3.0,２ＬＤＫ,55.0,2016.0,27.0,ＳＲＣ,１種住居,未改装,500.0
5305,甲東園,12.0,4.0,３ＬＤＫ,65.0,2012.0,6.0,ＲＣ,１中住専,未改装,2700.0
5306,甲東園,18.0,4.0,３ＬＤＫ,75.0,2012.0,33.0,ＲＣ,１中住専,未改装,1300.0
5307,西宮(ＪＲ),8.0,4.0,３ＬＤＫ,70.0,2016.0,4.0,ＲＣ,１種住居,未改装,3500.0
5308,甲東園,8.0,4.0,３ＬＤＫ,60.0,2012.0,10.0,ＲＣ,１中住専,未改装,2500.0
5309,甲東園,7.0,5.0,４ＬＤＫ,90.0,2012.0,9.0,ＲＣ,１中住専,未改装,3900.0
5310,甲子園口,7.0,3.0,２ＬＤＫ,70.0,2016.0,7.0,ＲＣ,１中住専,未改装,3800.0
5311,西宮(阪神),8.0,4.0,３ＬＤＫ,80.0,2016.0,23.0,ＲＣ,近隣商業,未改装,3000.0
5312,甲子園口,8.0,3.0,２ＤＫ,45.0,2016.0,44.0,ＲＣ,１中住専,改装済み,1300.0
5313,仁川,11.0,4.0,３ＬＤＫ,70.0,2012.0,9.0,ＲＣ,１中住専,未改装,2900.0
5314,仁川,9.0,4.0,３ＬＤＫ,70.0,2012.0,6.0,ＲＣ,１中住専,未改装,3100.0
5315,仁川,15.0,4.0,３ＬＤＫ,70.0,2012.0,9.0,ＲＣ,１中住専,未改装,2400.0
5316,西宮(阪神),3.0,4.0,３ＬＤＫ,65.0,2016.0,10.0,ＲＣ,商業,未改装,3400.0
5317,香櫨園,5.0,5.0,４ＬＤＫ,85.0,2016.0,14.0,ＲＣ,１中住専,未改装,3600.0
5319,西宮(ＪＲ),10.0,4.0,３ＬＤＫ,65.0,2016.0,12.0,ＲＣ,１種住居,未改装,3000.0
5320,西宮(ＪＲ),4.0,4.0,３ＬＤＫ,60.0,2012.0,17.0,ＲＣ,２種住居,未改装,2100.0
5321,西宮(ＪＲ),7.0,3.0,２ＬＤＫ,75.0,2012.0,13.0,ＲＣ,近隣商業,改装済み,3000.0
5322,西宮(ＪＲ),4.0,3.0,２ＬＤＫ,60.0,2012.0,5.0,ＲＣ,２種住居,未改装,2500.0
5323,西宮(ＪＲ),7.0,4.0,３ＬＤＫ,80.0,2012.0,13.0,ＲＣ,近隣商業,未改装,3000.0
5324,今津(阪神),1.0,3.0,２ＬＤＫ,60.0,2012.0,8.0,ＲＣ,商業,未改装,2300.0
5325,今津(阪神),2.0,4.0,３ＬＤＫ,55.0,2012.0,8.0,ＲＣ,商業,改装済み,2100.0
5326,今津(阪神),2.0,4.0,３ＬＤＫ,65.0,2012.0,8.0,ＲＣ,商業,未改装,2600.0
5327,今津(阪神),15.0,2.0,１ＤＫ,25.0,2012.0,23.0,ＲＣ,商業,未改装,360.0
5328,今津(阪神),3.0,2.0,１ＤＫ,25.0,2012.0,23.0,ＲＣ,商業,未改装,410.0
5329,今津(阪神),3.0,2.0,１ＤＫ,25.0,2012.0,23.0,ＲＣ,商業,未改装,110.0
5330,今津(阪神),8.0,4.0,３ＬＤＫ,55.0,2012.0,16.0,ＳＲＣ,１種住居,改装済み,2100.0
5331,今津(阪神),7.0,4.0,３ＬＤＫ,60.0,2012.0,16.0,ＲＣ,１種住居,未改装,2000.0
5332,今津(阪神),7.0,4.0,３ＬＤＫ,60.0,2012.0,16.0,ＲＣ,１種住居,未改装,1900.0
5333,西宮名塩,25.0,4.0,３ＬＤＫ,70.0,2016.0,21.0,ＲＣ,１低住専,未改装,540.0
5335,西宮名塩,6.0,5.0,４ＬＤＫ,95.0,2016.0,10.0,ＲＣ,１中住専,改装済み,2400.0
5336,甲子園口,8.0,4.0,３ＬＤＫ,70.0,2012.0,11.0,ＲＣ,１中住専,未改装,2800.0
5337,甲子園口,8.0,5.0,４ＬＤＫ,95.0,2012.0,25.0,ＲＣ,１中住専,未改装,2900.0
5339,甲子園口,8.0,4.0,３ＬＤＫ,65.0,2012.0,40.0,ＲＣ,１中住専,未改装,950.0
5340,甲子園口,9.0,5.0,４ＬＤＫ,90.0,2012.0,4.0,ＲＣ,１中住専,未改装,4000.0
5341,甲子園口,9.0,4.0,３ＬＤＫ,105.0,2012.0,24.0,ＲＣ,１中住専,未改装,2500.0
5343,西宮(阪神),3.0,4.0,３ＬＤＫ,65.0,2012.0,6.0,ＲＣ,商業,未改装,2700.0
5344,夙川,9.0,2.0,１ＤＫ,35.0,2012.0,15.0,ＲＣ,１低住専,未改装,920.0
5345,甲子園口,12.0,3.0,２ＤＫ,35.0,2012.0,24.0,ＲＣ,１種住居,未改装,500.0
5346,西宮(ＪＲ),9.0,4.0,３ＬＤＫ,70.0,2012.0,14.0,ＲＣ,１種住居,未改装,1700.0
5347,生瀬,13.0,4.0,３ＬＤＫ,90.0,2016.0,12.0,ＲＣ,１種住居,未改装,2900.0
5348,香櫨園,5.0,5.0,３ＬＤＫ＋Ｓ,85.0,2012.0,10.0,ＲＣ,１中住専,未改装,3600.0
5349,甲子園口,12.0,4.0,３ＬＤＫ,65.0,2012.0,14.0,ＳＲＣ,近隣商業,改装済み,2400.0
5350,西宮(ＪＲ),11.0,4.0,３ＬＤＫ,65.0,2012.0,12.0,ＲＣ,近隣商業,改装済み,2500.0
5351,西宮(ＪＲ),13.0,2.0,１Ｋ,15.0,2012.0,26.0,ＲＣ,近隣商業,改装済み,380.0
5352,西宮(ＪＲ),11.0,4.0,３ＬＤＫ,65.0,2012.0,12.0,ＲＣ,近隣商業,未改装,1900.0
5353,西宮(ＪＲ),13.0,2.0,１Ｋ,15.0,2012.0,26.0,ＲＣ,近隣商業,未改装,280.0
5354,西宮北口,19.0,4.0,３ＬＤＫ,65.0,2012.0,15.0,ＲＣ,１種住居,未改装,2300.0
5355,西宮北口,19.0,3.0,２ＬＤＫ,70.0,2012.0,15.0,ＲＣ,１種住居,未改装,2100.0
5356,西宮名塩,6.0,4.0,３ＬＤＫ,65.0,2012.0,16.0,ＲＣ,２中住専,未改装,820.0
5357,鳴尾・武庫川女子大前,6.0,4.0,３ＬＤＫ,80.0,2016.0,19.0,ＲＣ,２種住居,未改装,3000.0
5358,鳴尾・武庫川女子大前,4.0,4.0,３ＬＤＫ,70.0,2016.0,12.0,ＲＣ,近隣商業,未改装,2900.0
5359,鳴尾・武庫川女子大前,6.0,3.0,２ＤＫ,45.0,2016.0,45.0,鉄骨造,１種住居,未改装,1100.0
5360,夙川,8.0,4.0,３ＬＤＫ,75.0,2016.0,12.0,ＲＣ,１中住専,未改装,2600.0
5361,仁川,9.0,4.0,３ＬＤＫ,70.0,2016.0,15.0,ＲＣ,１低住専,未改装,3100.0
5362,仁川,3.0,4.0,３ＬＤＫ,80.0,2016.0,7.0,ＲＣ,２低住専,未改装,4200.0
5363,仁川,6.0,4.0,３ＬＤＫ,75.0,2016.0,8.0,ＲＣ,２低住専,未改装,4000.0
5364,西宮名塩,30.0,4.0,３ＬＤＫ,65.0,2012.0,17.0,ＲＣ,１低住専,未改装,580.0
5365,西宮名塩,29.0,4.0,３ＬＤＫ,65.0,2012.0,17.0,ＲＣ,１低住専,改装済み,490.0
5366,仁川,2.0,4.0,３ＬＤＫ,70.0,2016.0,14.0,ＲＣ,１中住専,未改装,2700.0
5367,仁川,4.0,4.0,３ＬＤＫ,80.0,2016.0,7.0,ＲＣ,２低住専,未改装,4200.0
5368,西宮(阪神),30.0,4.0,３ＬＤＫ,80.0,2016.0,18.0,ＳＲＣ,１中住専,改装済み,2300.0
5369,西宮(阪神),30.0,4.0,３ＬＤＫ,70.0,2016.0,18.0,ＳＲＣ,１中住専,未改装,1300.0
5370,西宮(阪神),30.0,4.0,３ＬＤＫ,70.0,2016.0,18.0,ＳＲＣ,１中住専,未改装,1400.0
5371,西宮(阪神),30.0,4.0,３ＬＤＫ,65.0,2016.0,17.0,ＲＣ,近隣商業,改装済み,2200.0
5372,西宮(阪神),30.0,4.0,３ＬＤＫ,65.0,2016.0,17.0,ＳＲＣ,近隣商業,未改装,1800.0
5373,西宮(阪神),30.0,3.0,２ＬＤＫ,120.0,2016.0,12.0,ＳＲＣ,１中住専,未改装,3100.0
5374,西宮(阪神),30.0,4.0,３ＬＤＫ,70.0,2016.0,18.0,ＲＣ,１中住専,未改装,1200.0
5375,西宮(阪神),30.0,4.0,３ＬＤＫ,70.0,2016.0,18.0,ＳＲＣ,１中住専,未改装,1300.0
5376,西宮(阪神),30.0,4.0,３ＬＤＫ,70.0,2016.0,18.0,ＳＲＣ,１中住専,改装済み,1700.0
5377,西宮(阪神),30.0,5.0,４ＬＤＫ,85.0,2016.0,18.0,ＲＣ,１中住専,改装済み,1800.0
5378,西宮(阪神),30.0,5.0,４ＬＤＫ,85.0,2016.0,18.0,ＲＣ,１中住専,改装済み,2100.0
5379,西宮(阪神),30.0,5.0,４ＬＤＫ,105.0,2016.0,18.0,ＳＲＣ,１中住専,改装済み,2400.0
5381,苦楽園口,15.0,4.0,３ＬＤＫ,100.0,2016.0,9.0,ＲＣ,１中住専,未改装,4800.0
5382,宝塚,15.0,4.0,３ＬＤＫ,70.0,2012.0,15.0,ＳＲＣ,２中住専,改装済み,1500.0
5383,宝塚,18.0,4.0,３ＬＤＫ,75.0,2012.0,13.0,ＳＲＣ,２中住専,改装済み,1600.0
5384,宝塚,15.0,4.0,３ＬＤＫ,75.0,2012.0,15.0,ＳＲＣ,２中住専,改装済み,1600.0
5385,生瀬,9.0,5.0,４ＬＤＫ,85.0,2012.0,15.0,ＳＲＣ,２中住専,未改装,1700.0
5386,生瀬,12.0,4.0,３ＬＤＫ,75.0,2012.0,15.0,ＲＣ,２中住専,改装済み,1600.0
5388,門戸厄神,4.0,4.0,３ＬＤＫ,70.0,2016.0,21.0,ＲＣ,１中住専,改装済み,4400.0
5389,門戸厄神,4.0,3.0,２ＬＤＫ,70.0,2016.0,21.0,ＲＣ,１中住専,改装済み,4800.0
5390,門戸厄神,5.0,3.0,２ＬＤＫ,75.0,2016.0,21.0,ＲＣ,１中住専,改装済み,5000.0
5391,門戸厄神,5.0,4.0,３ＬＤＫ,75.0,2016.0,21.0,ＲＣ,１中住専,改装済み,4300.0
5392,門戸厄神,4.0,4.0,３ＬＤＫ,75.0,2016.0,21.0,ＲＣ,１中住専,改装済み,5000.0
5393,門戸厄神,4.0,4.0,３ＬＤＫ,70.0,2016.0,21.0,ＲＣ,１中住専,改装済み,4100.0
5394,門戸厄神,5.0,4.0,３ＬＤＫ,75.0,2016.0,30.0,ＲＣ,１中住専,未改装,2500.0
5395,門戸厄神,6.0,4.0,３ＬＤＫ,70.0,2016.0,14.0,ＲＣ,１中住専,改装済み,4100.0
5396,門戸厄神,6.0,3.0,２ＬＤＫ,80.0,2016.0,6.0,ＲＣ,１中住専,未改装,4600.0
5397,鳴尾・武庫川女子大前,6.0,3.0,２ＬＤＫ,45.0,2012.0,41.0,鉄骨造,１種住居,改装済み,980.0
5398,鳴尾・武庫川女子大前,6.0,4.0,３ＬＤＫ,40.0,2012.0,41.0,鉄骨造,１種住居,未改装,790.0
5399,鳴尾・武庫川女子大前,7.0,4.0,３ＬＤＫ,60.0,2012.0,14.0,ＲＣ,２種住居,未改装,1900.0
5400,西宮(ＪＲ),6.0,4.0,３ＬＤＫ,70.0,2016.0,15.0,ＲＣ,１種住居,未改装,2600.0
5401,甲子園,11.0,4.0,３ＬＤＫ,65.0,2016.0,15.0,ＲＣ,１中住専,未改装,3300.0
5402,甲子園,10.0,4.0,２ＬＤＫ＋Ｓ,70.0,2016.0,20.0,ＲＣ,１中住専,改装済み,2900.0
5403,西宮(阪神),3.0,3.0,２ＬＤＫ,55.0,2016.0,17.0,ＲＣ,商業,未改装,2400.0
5404,西宮(阪神),3.0,3.0,２ＬＤＫ,50.0,2016.0,10.0,ＲＣ,商業,未改装,2400.0
5405,西宮(阪神),3.0,3.0,２ＬＤＫ,60.0,2016.0,10.0,ＲＣ,商業,未改装,2800.0
5406,仁川,11.0,5.0,４ＬＤＫ,70.0,2012.0,24.0,ＲＣ,１低住専,未改装,1600.0
5407,甲子園,15.0,5.0,４ＬＤＫ,105.0,2016.0,14.0,ＳＲＣ,１種住居,未改装,3700.0
5408,仁川,9.0,4.0,３ＤＫ,55.0,2012.0,14.0,ＲＣ,１種住居,改装済み,1900.0
5409,仁川,10.0,4.0,３ＬＤＫ,80.0,2012.0,11.0,ＲＣ,１低住専,未改装,3300.0
5410,今津(阪神),11.0,4.0,３ＬＤＫ,75.0,2016.0,5.0,ＲＣ,準工業,未改装,3500.0
5411,今津(阪神),12.0,4.0,３ＬＤＫ,70.0,2016.0,5.0,ＲＣ,準工業,未改装,3100.0
5412,仁川,16.0,4.0,３ＬＤＫ,75.0,2012.0,11.0,ＲＣ,１低住専,未改装,3000.0
5413,西宮(阪神),6.0,4.0,３ＬＤＫ,65.0,2016.0,16.0,ＳＲＣ,近隣商業,改装済み,2900.0
5414,洲先,4.0,3.0,２ＬＤＫ,65.0,2016.0,17.0,ＲＣ,１種住居,未改装,2200.0
5415,東鳴尾,3.0,4.0,３ＬＤＫ,70.0,2016.0,34.0,ＲＣ,１種住居,未改装,1400.0
5416,東鳴尾,5.0,5.0,４ＤＫ,70.0,2016.0,34.0,ＲＣ,１種住居,未改装,1000.0
5417,西宮(阪神),30.0,4.0,３ＬＤＫ,70.0,2012.0,13.0,ＳＲＣ,１中住専,改装済み,1600.0
5418,西宮(阪神),30.0,4.0,３ＬＤＫ,65.0,2012.0,14.0,ＳＲＣ,１中住専,未改装,1500.0
5419,西宮(阪神),30.0,4.0,３ＬＤＫ,65.0,2012.0,14.0,ＳＲＣ,１中住専,未改装,1700.0
5420,西宮(阪神),30.0,4.0,３ＬＤＫ,80.0,2012.0,13.0,ＳＲＣ,近隣商業,未改装,2200.0
5421,西宮(阪神),30.0,4.0,３ＬＤＫ,70.0,2012.0,14.0,ＳＲＣ,１中住専,未改装,1600.0
5422,西宮(阪神),30.0,4.0,３ＬＤＫ,75.0,2012.0,14.0,ＳＲＣ,１中住専,未改装,1700.0
5423,西宮(阪神),15.0,4.0,３ＬＤＫ,70.0,2016.0,12.0,ＲＣ,準工業,未改装,2600.0
5424,西宮(阪神),23.0,4.0,３ＬＤＫ,75.0,2016.0,10.0,ＲＣ,準工業,未改装,2500.0
5425,西宮北口,14.0,4.0,３ＬＤＫ,90.0,2012.0,2.0,ＲＣ,２中住専,未改装,3700.0
5426,門戸厄神,5.0,4.0,３ＬＤＫ,95.0,2012.0,26.0,ＲＣ,１中住専,未改装,1800.0
5427,門戸厄神,6.0,4.0,３ＬＤＫ,70.0,2012.0,10.0,ＲＣ,１中住専,未改装,3200.0
5428,西宮名塩,7.0,4.0,３ＬＤＫ,85.0,2016.0,23.0,ＲＣ,１中住専,改装済み,1100.0
5429,西宮名塩,6.0,4.0,３ＬＤＫ,90.0,2016.0,13.0,ＲＣ,１中住専,未改装,2400.0
5430,西宮名塩,8.0,4.0,３ＬＤＫ,80.0,2016.0,13.0,ＲＣ,１中住専,未改装,2000.0
5431,西宮名塩,15.0,4.0,３ＬＤＫ,75.0,2016.0,19.0,ＲＣ,１中住専,未改装,1300.0
5432,西宮名塩,6.0,5.0,４ＬＤＫ,80.0,2016.0,13.0,ＲＣ,１中住専,未改装,1500.0
5433,西宮(阪神),8.0,4.0,３ＬＤＫ,75.0,2012.0,3.0,ＲＣ,近隣商業,未改装,3400.0
5434,甲子園,12.0,4.0,３ＬＤＫ,70.0,2012.0,11.0,ＲＣ,１中住専,未改装,3300.0
5435,西宮(阪神),3.0,3.0,２ＬＤＫ,50.0,2012.0,6.0,ＲＣ,商業,未改装,2100.0
5436,西宮(阪神),3.0,4.0,３ＬＤＫ,65.0,2012.0,7.0,ＲＣ,商業,未改装,2400.0
5438,西宮(阪神),5.0,4.0,３ＬＤＫ,65.0,2012.0,8.0,ＳＲＣ,商業,改装済み,2800.0
5439,苦楽園口,12.0,4.0,３ＬＤＫ,70.0,2016.0,16.0,ＲＣ,１中住専,改装済み,3400.0
5440,西宮(阪神),4.0,4.0,３ＬＤＫ,65.0,2012.0,11.0,ＳＲＣ,商業,未改装,2800.0
5441,苦楽園口,13.0,4.0,３ＬＤＫ,70.0,2016.0,16.0,ＲＣ,１中住専,未改装,3400.0
5442,西宮(阪神),5.0,4.0,３ＬＤＫ,70.0,2012.0,8.0,ＳＲＣ,商業,未改装,3100.0
5443,西宮(阪神),4.0,4.0,３ＬＤＫ,65.0,2012.0,11.0,ＲＣ,商業,未改装,3200.0
5444,苦楽園口,9.0,4.0,３ＬＤＫ,65.0,2016.0,42.0,ＲＣ,１種住居,未改装,1500.0
5445,西宮(阪神),3.0,2.0,１ＬＤＫ,60.0,2012.0,7.0,ＲＣ,商業,改装済み,2200.0
5446,苦楽園口,12.0,4.0,３ＬＤＫ,65.0,2016.0,16.0,ＲＣ,１中住専,改装済み,3400.0
5447,苦楽園口,15.0,5.0,４ＬＤＫ,85.0,2016.0,34.0,ＲＣ,１中住専,改装済み,2400.0
5448,苦楽園口,12.0,5.0,３ＬＤＫ＋Ｓ,85.0,2016.0,16.0,ＲＣ,１中住専,未改装,4200.0
5449,門戸厄神,16.0,4.0,３ＬＤＫ,75.0,2016.0,21.0,ＲＣ,１中住専,改装済み,2100.0
5450,甲子園,19.0,4.0,３ＬＤＫ,85.0,2012.0,10.0,ＳＲＣ,１種住居,改装済み,2800.0
5451,甲子園,16.0,2.0,１ＬＤＫ,95.0,2012.0,10.0,ＳＲＣ,１種住居,未改装,3100.0
5452,甲子園,16.0,4.0,３ＬＤＫ,95.0,2012.0,10.0,ＳＲＣ,１種住居,未改装,3700.0
5453,西宮北口,20.0,4.0,３ＬＤＫ,70.0,2016.0,17.0,ＲＣ,１中住専,未改装,2300.0
5455,西宮北口,9.0,4.0,３ＬＤＫ,60.0,2016.0,6.0,ＲＣ,工業,未改装,2800.0
5456,西宮北口,9.0,4.0,３ＬＤＫ,60.0,2016.0,6.0,ＲＣ,工業,未改装,3600.0
5457,西宮北口,9.0,5.0,４ＬＤＫ,70.0,2016.0,6.0,ＲＣ,２種住居,未改装,3700.0
5458,阪神国道,5.0,5.0,４ＬＤＫ,85.0,2016.0,6.0,ＲＣ,工業,未改装,4200.0
5459,西宮北口,15.0,4.0,３ＬＤＫ,75.0,2016.0,13.0,ＲＣ,１中住専,未改装,4300.0
5460,西宮北口,12.0,4.0,３ＬＤＫ,70.0,2016.0,10.0,ＲＣ,１中住専,未改装,4300.0
5461,東鳴尾,5.0,4.0,３ＬＤＫ,80.0,2012.0,30.0,ＲＣ,１種住居,改装済み,1600.0
5462,甲子園口,6.0,3.0,２ＬＤＫ,100.0,2016.0,48.0,ＲＣ,１中住専,未改装,2500.0
5464,今津(阪神),18.0,4.0,３ＬＤＫ,80.0,2012.0,25.0,ＲＣ,準工業,未改装,1600.0
5465,西宮(阪神),9.0,4.0,３ＬＤＫ,65.0,2016.0,16.0,ＲＣ,近隣商業,未改装,2700.0
5466,西宮(阪神),19.0,4.0,３ＬＤＫ,60.0,2012.0,16.0,ＲＣ,準工業,未改装,1700.0
5468,苦楽園口,9.0,3.0,２ＬＤＫ,40.0,2016.0,31.0,鉄骨造,１低住専,未改装,600.0
5469,西宮(阪神),19.0,4.0,３ＬＤＫ,65.0,2012.0,15.0,ＳＲＣ,準工業,未改装,1800.0
5470,西宮(阪神),19.0,4.0,３ＬＤＫ,60.0,2012.0,16.0,ＲＣ,準工業,改装済み,1700.0
5471,西宮(阪神),5.0,3.0,２ＬＤＫ,50.0,2016.0,20.0,ＲＣ,近隣商業,改装済み,2500.0
5472,香櫨園,12.0,4.0,３ＬＤＫ,70.0,2016.0,15.0,ＲＣ,１種住居,未改装,2500.0
5473,西宮(阪神),18.0,4.0,３ＬＤＫ,70.0,2016.0,3.0,ＲＣ,準工業,未改装,3100.0
5474,西宮名塩,6.0,4.0,３ＬＤＫ,85.0,2012.0,18.0,ＲＣ,１中住専,改装済み,1400.0
5475,西宮名塩,9.0,4.0,３ＬＤＫ,80.0,2012.0,16.0,ＲＣ,１中住専,改装済み,1700.0
5476,苦楽園口,7.0,3.0,２ＬＤＫ,65.0,2016.0,14.0,ＲＣ,１中住専,未改装,2600.0
5477,苦楽園口,7.0,4.0,３ＬＤＫ,55.0,2016.0,13.0,ＲＣ,１中住専,未改装,2500.0
5478,西宮名塩,4.0,4.0,３ＬＤＫ,80.0,2012.0,16.0,ＲＣ,１中住専,未改装,1200.0
5479,西宮名塩,9.0,4.0,３ＬＤＫ,80.0,2012.0,16.0,ＲＣ,１中住専,未改装,1400.0
5480,西宮名塩,13.0,4.0,３ＬＤＫ,75.0,2012.0,9.0,ＲＣ,１中住専,未改装,1900.0
5481,西宮名塩,13.0,5.0,４ＬＤＫ,95.0,2012.0,18.0,ＲＣ,１中住専,未改装,1900.0
5482,香櫨園,4.0,4.0,３ＬＤＫ,110.0,2016.0,27.0,ＲＣ,１中住専,未改装,3900.0
5484,夙川,7.0,4.0,３ＬＤＫ,70.0,2016.0,4.0,ＲＣ,１中住専,未改装,5000.0
5485,甲子園口,6.0,4.0,３ＬＤＫ,75.0,2016.0,12.0,ＲＣ,１中住専,未改装,4400.0
5486,甲子園口,6.0,4.0,３ＬＤＫ,105.0,2016.0,23.0,ＲＣ,１中住専,未改装,4500.0
5487,甲子園口,7.0,4.0,３ＬＤＫ,75.0,2016.0,9.0,ＲＣ,１中住専,未改装,4900.0
5488,甲子園口,8.0,4.0,３ＬＤＫ,60.0,2016.0,21.0,ＲＣ,１中住専,未改装,2500.0
5489,甲子園口,7.0,4.0,３ＬＤＫ,70.0,2016.0,12.0,ＲＣ,１中住専,未改装,4400.0
5490,苦楽園口,13.0,4.0,３ＬＤＫ,65.0,2012.0,40.0,ＲＣ,１中住専,改装済み,1300.0
5491,苦楽園口,13.0,5.0,４ＬＤＫ,90.0,2012.0,14.0,ＲＣ,１中住専,未改装,4000.0
5492,西宮(ＪＲ),4.0,4.0,３ＬＤＫ,65.0,2016.0,5.0,ＲＣ,近隣商業,未改装,3700.0
5493,苦楽園口,14.0,5.0,４ＬＤＫ,95.0,2012.0,15.0,ＲＣ,１中住専,未改装,4200.0
5494,西宮(ＪＲ),4.0,4.0,３ＬＤＫ,65.0,2016.0,18.0,ＲＣ,近隣商業,未改装,3000.0
5495,西宮(ＪＲ),4.0,5.0,４ＬＤＫ,85.0,2016.0,21.0,ＲＣ,近隣商業,未改装,3200.0
5496,西宮(ＪＲ),5.0,5.0,４ＬＤＫ,85.0,2016.0,21.0,ＲＣ,近隣商業,未改装,3000.0
5497,苦楽園口,14.0,4.0,３ＬＤＫ,75.0,2012.0,5.0,ＲＣ,１中住専,未改装,4200.0
5498,西宮(ＪＲ),5.0,4.0,３ＬＤＫ,65.0,2016.0,18.0,ＲＣ,近隣商業,改装済み,3000.0
5499,苦楽園口,18.0,5.0,４ＬＤＫ,85.0,2012.0,30.0,ＲＣ,１中住専,未改装,2000.0
5500,苦楽園口,11.0,4.0,３ＬＤＫ,70.0,2012.0,12.0,ＲＣ,１中住専,未改装,2900.0
5502,苦楽園口,13.0,4.0,３ＬＤＫ,80.0,2012.0,14.0,ＲＣ,１中住専,改装済み,3000.0
5503,西宮北口,19.0,4.0,３ＬＤＫ,70.0,2016.0,13.0,ＲＣ,１中住専,未改装,3500.0
5504,門戸厄神,16.0,4.0,３ＬＤＫ,65.0,2012.0,18.0,ＲＣ,１中住専,改装済み,2200.0
5505,門戸厄神,18.0,4.0,３ＬＤＫ,75.0,2012.0,17.0,ＲＣ,１中住専,未改装,2500.0
5506,西宮北口,7.0,4.0,３ＬＤＫ,65.0,2016.0,20.0,ＲＣ,１中住専,未改装,3100.0
5507,門戸厄神,5.0,4.0,３ＬＤＫ,70.0,2016.0,17.0,ＲＣ,２中住専,改装済み,2900.0
5508,門戸厄神,5.0,4.0,３ＬＤＫ,70.0,2016.0,17.0,ＲＣ,２中住専,未改装,2400.0
5509,西宮北口,19.0,2.0,１Ｋ,15.0,2012.0,26.0,ＲＣ,１中住専,未改装,50.0
5510,西宮北口,19.0,2.0,１Ｋ,15.0,2012.0,26.0,ＲＣ,１中住専,未改装,50.0
5511,西宮北口,19.0,5.0,４ＬＤＫ,95.0,2012.0,12.0,ＲＣ,１中住専,未改装,2700.0
5512,西宮北口,16.0,4.0,３ＬＤＫ,70.0,2012.0,9.0,ＲＣ,２中住専,未改装,2200.0
5513,西宮北口,15.0,2.0,１Ｋ,15.0,2012.0,26.0,ＲＣ,２中住専,未改装,250.0
5514,西宮北口,9.0,4.0,２ＬＤＫ＋Ｓ,65.0,2012.0,2.0,ＲＣ,工業,未改装,3100.0
5515,西宮北口,6.0,1.0,１Ｒ,15.0,2012.0,25.0,ＲＣ,２種住居,未改装,380.0
5516,西宮北口,12.0,4.0,３ＬＤＫ,70.0,2012.0,6.0,ＲＣ,１中住専,未改装,4000.0
5517,門戸厄神,5.0,4.0,３ＬＤＫ,65.0,2012.0,6.0,ＲＣ,１中住専,未改装,3400.0
5518,門戸厄神,8.0,4.0,３ＬＤＫ,75.0,2012.0,9.0,ＲＣ,１中住専,未改装,3800.0
5519,門戸厄神,4.0,3.0,２ＬＤＫ,65.0,2012.0,6.0,ＲＣ,１中住専,未改装,3200.0
5520,門戸厄神,5.0,4.0,３ＬＤＫ,80.0,2012.0,6.0,ＲＣ,１中住専,未改装,3700.0
5521,甲子園,11.0,4.0,３ＬＤＫ,75.0,2016.0,14.0,ＲＣ,２中住専,未改装,3300.0
5522,甲子園,13.0,4.0,３ＬＤＫ,75.0,2016.0,11.0,ＲＣ,２種住居,未改装,3600.0
5523,甲子園,11.0,5.0,４ＬＤＫ,105.0,2016.0,11.0,ＲＣ,２種住居,未改装,4500.0
5524,甲子園,13.0,4.0,３ＬＤＫ,75.0,2016.0,11.0,ＲＣ,２種住居,未改装,3500.0
5525,甲子園口,6.0,4.0,３ＬＤＫ,100.0,2012.0,44.0,ＲＣ,１中住専,改装済み,2500.0
5526,甲子園口,6.0,3.0,２ＬＤＫ,100.0,2012.0,44.0,ＲＣ,１中住専,未改装,2100.0
5527,甲子園口,5.0,4.0,３ＬＤＫ,75.0,2012.0,11.0,ＲＣ,１中住専,未改装,3700.0
5528,甲子園口,6.0,5.0,４ＬＤＫ,90.0,2012.0,9.0,ＲＣ,１中住専,未改装,4200.0
5529,夙川,13.0,4.0,３ＬＤＫ,75.0,2012.0,12.0,ＳＲＣ,近隣商業,改装済み,2800.0
5530,夙川,13.0,4.0,３ＬＤＫ,70.0,2012.0,12.0,ＳＲＣ,近隣商業,未改装,2900.0
5531,西宮(阪神),9.0,4.0,３ＬＤＫ,70.0,2012.0,12.0,ＳＲＣ,近隣商業,未改装,2600.0
5533,西宮北口,6.0,4.0,３ＬＤＫ,65.0,2016.0,18.0,ＳＲＣ,１中住専,未改装,3500.0
5534,香櫨園,3.0,4.0,３ＬＤＫ,70.0,2016.0,19.0,ＲＣ,１種住居,未改装,3900.0
5535,苦楽園口,9.0,3.0,２ＤＫ,45.0,2012.0,42.0,鉄骨造,１低住専,改装済み,730.0
5536,苦楽園口,9.0,4.0,３ＤＫ,45.0,2012.0,42.0,鉄骨造,１低住専,未改装,600.0
5537,香櫨園,12.0,4.0,３ＬＤＫ,105.0,2012.0,44.0,ＲＣ,１中住専,改装済み,1400.0
5538,門戸厄神,9.0,4.0,３ＬＤＫ,70.0,2016.0,2.0,ＲＣ,１中住専,未改装,3900.0
5539,門戸厄神,11.0,4.0,３ＬＤＫ,75.0,2016.0,21.0,ＲＣ,１中住専,未改装,2600.0
5540,夙川,4.0,4.0,３ＬＤＫ,80.0,2012.0,15.0,ＲＣ,１中住専,未改装,3200.0
5541,甲東園,12.0,4.0,３ＬＤＫ,70.0,2016.0,17.0,ＲＣ,１中住専,未改装,2500.0
5542,門戸厄神,15.0,4.0,３ＬＤＫ,65.0,2016.0,17.0,ＲＣ,１中住専,改装済み,2200.0
5543,香櫨園,4.0,5.0,４ＬＤＫ,105.0,2012.0,23.0,ＲＣ,１中住専,未改装,3400.0
5544,さくら夙川,7.0,4.0,３ＬＤＫ,110.0,2012.0,23.0,ＲＣ,１中住専,未改装,4500.0
5545,さくら夙川,7.0,5.0,４ＬＤＫ,105.0,2012.0,23.0,ＲＣ,１中住専,未改装,3600.0
5546,夙川,9.0,5.0,４ＬＤＫ,85.0,2012.0,15.0,ＲＣ,１中住専,未改装,2800.0
5547,門戸厄神,10.0,4.0,３ＬＤＫ,90.0,2016.0,10.0,ＲＣ,１中住専,未改装,4800.0
5548,門戸厄神,9.0,3.0,２ＤＫ,60.0,2016.0,12.0,ＲＣ,１中住専,未改装,3100.0
5549,甲子園口,7.0,5.0,４ＬＤＫ,90.0,2012.0,24.0,ＲＣ,１中住専,未改装,2800.0
5550,甲子園口,8.0,4.0,３ＬＤＫ,80.0,2012.0,24.0,ＲＣ,１中住専,未改装,2400.0
5551,甲子園口,7.0,4.0,３ＬＤＫ,75.0,2012.0,8.0,ＲＣ,１中住専,未改装,3800.0
5552,西宮(ＪＲ),4.0,4.0,３ＬＤＫ,70.0,2012.0,14.0,ＲＣ,近隣商業,改装済み,3000.0
5553,甲子園口,13.0,4.0,３ＬＤＫ,70.0,2012.0,9.0,ＲＣ,１中住専,未改装,3000.0
5554,西宮北口,8.0,3.0,２ＬＤＫ,65.0,2012.0,11.0,ＲＣ,１中住専,未改装,2500.0
5555,西宮北口,11.0,3.0,２ＬＤＫ,60.0,2012.0,10.0,ＲＣ,１中住専,未改装,2400.0
5556,西宮北口,11.0,4.0,３ＬＤＫ,70.0,2012.0,10.0,ＲＣ,１中住専,未改装,3100.0
5557,西宮北口,8.0,4.0,３ＬＤＫ,65.0,2012.0,16.0,ＲＣ,１中住専,未改装,2600.0
5558,西宮北口,8.0,5.0,４ＬＤＫ,75.0,2012.0,16.0,ＲＣ,１中住専,改装済み,3500.0
5559,門戸厄神,5.0,5.0,４ＬＤＫ,85.0,2012.0,13.0,ＲＣ,２種住居,未改装,3500.0
5560,夙川,12.0,4.0,３ＬＤＫ,75.0,2012.0,41.0,ＲＣ,１中住専,未改装,1100.0
5561,二郎,20.0,5.0,４ＬＤＫ,80.0,2016.0,25.0,ＲＣ,２中住専,未改装,750.0
5562,甲子園,11.0,4.0,３ＬＤＫ,70.0,2012.0,10.0,ＲＣ,２中住専,未改装,2900.0
5563,甲子園,13.0,4.0,３ＬＤＫ,120.0,2012.0,7.0,ＲＣ,２種住居,未改装,4800.0
5564,甲子園,12.0,4.0,３ＬＤＫ,75.0,2012.0,7.0,ＲＣ,２種住居,未改装,2800.0
5565,香櫨園,11.0,4.0,３ＬＤＫ,125.0,2016.0,26.0,ＲＣ,１中住専,未改装,4100.0
5566,香櫨園,10.0,3.0,２ＬＤＫ,70.0,2016.0,9.0,ＲＣ,１中住専,未改装,3100.0
5567,西宮(阪神),11.0,4.0,３ＬＤＫ,70.0,2016.0,31.0,ＳＲＣ,近隣商業,改装済み,1900.0
5568,西宮(阪神),3.0,4.0,３ＬＤＫ,65.0,2016.0,3.0,ＲＣ,近隣商業,未改装,3900.0
5569,西宮北口,6.0,4.0,３ＬＤＫ,80.0,2012.0,14.0,ＳＲＣ,１中住専,未改装,3800.0
5570,西宮北口,6.0,4.0,３ＬＤＫ,65.0,2012.0,14.0,ＳＲＣ,１中住専,未改装,3300.0
5571,西宮北口,9.0,2.0,１ＬＤＫ,55.0,2012.0,11.0,ＲＣ,１種住居,未改装,2200.0
5572,西宮北口,6.0,4.0,３ＬＤＫ,65.0,2012.0,14.0,ＳＲＣ,１中住専,未改装,3000.0
5574,西宮北口,5.0,2.0,１ＬＤＫ,60.0,2016.0,16.0,ＳＲＣ,２種住居,未改装,3100.0
5575,西宮北口,5.0,4.0,３ＬＤＫ,70.0,2016.0,11.0,ＲＣ,２種住居,改装済み,1400.0
5576,西宮(ＪＲ),16.0,4.0,２ＬＤＫ＋Ｓ,65.0,2012.0,15.0,ＲＣ,１種住居,未改装,2100.0
5577,西宮北口,3.0,4.0,３ＬＤＫ,80.0,2016.0,16.0,ＳＲＣ,２種住居,改装済み,4800.0
5578,西宮北口,3.0,4.0,２ＬＤＫ＋Ｓ,80.0,2016.0,16.0,ＳＲＣ,２種住居,未改装,3800.0
5579,西宮北口,6.0,3.0,２ＬＤＫ,70.0,2016.0,5.0,ＲＣ,２種住居,未改装,4300.0
5580,西宮北口,3.0,4.0,３ＬＤＫ,80.0,2016.0,16.0,ＳＲＣ,２種住居,未改装,4900.0
5581,西宮北口,5.0,5.0,４ＬＤＫ,80.0,2016.0,11.0,ＲＣ,２種住居,未改装,4900.0
5583,門戸厄神,10.0,4.0,３ＬＤＫ,70.0,2012.0,17.0,ＲＣ,１中住専,未改装,2500.0
5584,甲陽園,16.0,4.0,３ＬＤＫ,60.0,2016.0,40.0,ＲＣ,１中住専,改装済み,1200.0
5585,門戸厄神,9.0,5.0,４ＬＤＫ,95.0,2012.0,8.0,ＲＣ,１中住専,未改装,4300.0
5586,門戸厄神,6.0,4.0,３ＬＤＫ,70.0,2012.0,12.0,ＲＣ,１中住専,未改装,3400.0
5588,門戸厄神,7.0,5.0,４ＬＤＫ,95.0,2012.0,15.0,ＲＣ,１中住専,未改装,5000.0
5589,門戸厄神,4.0,4.0,３ＬＤＫ,80.0,2012.0,15.0,ＳＲＣ,１中住専,未改装,2900.0
5590,鳴尾・武庫川女子大前,18.0,4.0,３ＬＤＫ,70.0,2016.0,16.0,ＲＣ,１中住専,未改装,3100.0
5591,甲東園,15.0,4.0,３ＬＤＫ,75.0,2012.0,13.0,ＲＣ,１中住専,未改装,2700.0
5592,夙川,7.0,4.0,３ＬＤＫ,80.0,2016.0,5.0,ＲＣ,１中住専,未改装,5200.0
5593,夙川,8.0,4.0,３ＬＤＫ,70.0,2016.0,19.0,ＲＣ,１中住専,改装済み,3600.0
5596,西宮(阪神),4.0,2.0,１Ｋ,15.0,2016.0,20.0,ＳＲＣ,商業,未改装,690.0
5597,西宮(阪神),5.0,4.0,３ＬＤＫ,60.0,2016.0,16.0,ＲＣ,商業,未改装,1800.0
5598,門戸厄神,9.0,4.0,３ＬＤＫ,75.0,2012.0,6.0,ＲＣ,１種住居,未改装,3500.0
5599,門戸厄神,8.0,5.0,４ＬＤＫ,75.0,2012.0,10.0,ＲＣ,１中住専,未改装,3600.0
5600,香櫨園,6.0,4.0,３ＬＤＫ,65.0,2012.0,13.0,ＲＣ,近隣商業,改装済み,3200.0
5601,さくら夙川,2.0,4.0,３ＬＤＫ,75.0,2012.0,15.0,ＲＣ,１中住専,改装済み,4200.0
5602,西宮北口,20.0,4.0,３ＬＤＫ,65.0,2012.0,14.0,ＲＣ,１種住居,未改装,1900.0
5603,香櫨園,11.0,4.0,３ＬＤＫ,130.0,2012.0,22.0,ＲＣ,１中住専,未改装,1000.0
5604,香櫨園,9.0,5.0,４ＬＤＫ,95.0,2012.0,6.0,ＲＣ,１種住居,未改装,3900.0
5605,香櫨園,7.0,4.0,３ＬＤＫ,80.0,2012.0,6.0,ＲＣ,１種住居,未改装,3500.0
5606,香櫨園,11.0,4.0,３ＬＤＫ,125.0,2012.0,22.0,ＲＣ,１中住専,未改装,4000.0
5607,西宮(阪神),9.0,4.0,３ＬＤＫ,65.0,2012.0,5.0,ＲＣ,近隣商業,未改装,2700.0
5608,西宮北口,8.0,6.0,４ＬＤＫ＋Ｓ,95.0,2012.0,30.0,ＲＣ,２種住居,未改装,2600.0
5609,西宮北口,5.0,4.0,３ＬＤＫ,65.0,2012.0,7.0,ＲＣ,２種住居,未改装,3800.0
5610,西宮北口,8.0,5.0,４ＬＤＫ,80.0,2012.0,30.0,ＲＣ,２種住居,未改装,1700.0
5611,西宮北口,8.0,4.0,３ＬＤＫ,75.0,2012.0,30.0,ＲＣ,２種住居,改装済み,2500.0
5612,西宮北口,6.0,4.0,３ＬＤＫ,65.0,2012.0,1.0,ＲＣ,２種住居,未改装,3600.0
5613,西宮北口,3.0,4.0,３ＬＤＫ,80.0,2012.0,12.0,ＳＲＣ,２種住居,未改装,3700.0
5614,西宮(ＪＲ),7.0,3.0,２ＬＤＫ,70.0,2012.0,14.0,ＳＲＣ,近隣商業,未改装,2800.0
5615,西宮(ＪＲ),7.0,4.0,３ＬＤＫ,85.0,2012.0,14.0,ＳＲＣ,近隣商業,改装済み,3600.0
5616,西宮(ＪＲ),7.0,3.0,２ＬＤＫ,70.0,2012.0,14.0,ＳＲＣ,近隣商業,未改装,3200.0
5617,西宮(ＪＲ),7.0,4.0,３ＬＤＫ,80.0,2012.0,14.0,ＳＲＣ,近隣商業,未改装,3500.0
5618,西宮(阪神),5.0,4.0,３ＬＤＫ,85.0,2012.0,14.0,ＳＲＣ,近隣商業,未改装,3700.0
5619,西宮(阪神),4.0,3.0,２ＬＤＫ,70.0,2012.0,14.0,ＳＲＣ,近隣商業,未改装,2500.0
5620,甲陽園,14.0,4.0,３ＬＤＫ,60.0,2012.0,36.0,ＲＣ,１中住専,改装済み,960.0
5621,夙川,6.0,4.0,３ＬＤＫ,70.0,2012.0,8.0,ＲＣ,１中住専,未改装,3700.0
5622,夙川,6.0,3.0,２ＬＤＫ,70.0,2012.0,8.0,ＲＣ,１中住専,未改装,3600.0
5623,夙川,9.0,4.0,３ＬＤＫ,75.0,2012.0,13.0,ＲＣ,１中住専,未改装,4000.0
5625,西宮(阪神),3.0,2.0,１Ｋ,25.0,2012.0,7.0,ＲＣ,商業,未改装,1100.0
5626,西宮(阪神),5.0,4.0,３ＬＤＫ,55.0,2012.0,12.0,ＲＣ,商業,未改装,2200.0
5627,西宮北口,15.0,4.0,３ＬＤＫ,65.0,2013.0,28.0,ＲＣ,１種住居,改装済み,1500.0
5628,甲子園,6.0,4.0,３ＬＤＫ,80.0,2013.0,25.0,ＲＣ,１中住専,未改装,1400.0
5629,鳴尾・武庫川女子大前,5.0,5.0,４ＬＤＫ,85.0,2013.0,16.0,ＲＣ,１種住居,未改装,3000.0
5630,西宮北口,6.0,5.0,４ＬＤＫ,85.0,2013.0,1.0,ＲＣ,近隣商業,未改装,5100.0
5631,西宮北口,8.0,3.0,２ＬＤＫ,75.0,2013.0,1.0,ＲＣ,２種住居,改装済み,3800.0
5632,西宮北口,6.0,4.0,３ＬＤＫ,70.0,2013.0,1.0,ＲＣ,近隣商業,未改装,3600.0
5633,香櫨園,6.0,2.0,１Ｋ,15.0,2013.0,24.0,ＲＣ,１種住居,改装済み,460.0
5634,香櫨園,9.0,4.0,３ＬＤＫ,55.0,2013.0,15.0,ＲＣ,１種住居,未改装,1600.0
5635,西宮(ＪＲ),4.0,4.0,３ＬＤＫ,55.0,2013.0,37.0,ＳＲＣ,近隣商業,未改装,1600.0
5636,西宮(ＪＲ),3.0,2.0,１Ｋ,20.0,2013.0,29.0,ＲＣ,近隣商業,未改装,450.0
5637,香櫨園,15.0,4.0,３ＬＤＫ,65.0,2013.0,35.0,ＳＲＣ,準工業,改装済み,1400.0
5638,香櫨園,13.0,2.0,１ＬＤＫ,65.0,2013.0,21.0,ＲＣ,１種住居,改装済み,1800.0
5639,香櫨園,16.0,4.0,３ＬＤＫ,65.0,2013.0,8.0,ＲＣ,準工業,未改装,2200.0
5640,香櫨園,16.0,4.0,３ＬＤＫ,75.0,2013.0,8.0,ＲＣ,準工業,改装済み,2700.0
5641,香櫨園,15.0,4.0,３ＬＤＫ,70.0,2013.0,11.0,ＲＣ,準工業,未改装,2600.0
5642,西宮(阪神),19.0,4.0,３ＬＤＫ,70.0,2013.0,8.0,ＲＣ,準工業,未改装,2400.0
5643,門戸厄神,29.0,4.0,３ＬＤＫ,65.0,2013.0,33.0,ＲＣ,１中住専,未改装,1200.0
5645,久寿川,9.0,4.0,３ＬＤＫ,60.0,2013.0,17.0,ＲＣ,１種住居,未改装,1800.0
5646,久寿川,13.0,4.0,３ＬＤＫ,80.0,2013.0,17.0,ＲＣ,準工業,改装済み,2600.0
5648,久寿川,10.0,4.0,３ＬＤＫ,60.0,2013.0,17.0,ＳＲＣ,１種住居,未改装,2000.0
5649,久寿川,12.0,4.0,３ＬＤＫ,60.0,2013.0,16.0,ＳＲＣ,準工業,未改装,1400.0
5650,久寿川,13.0,4.0,３ＬＤＫ,60.0,2013.0,15.0,ＳＲＣ,１種住居,未改装,1800.0
5651,今津(阪神),4.0,5.0,４ＬＤＫ,80.0,2013.0,3.0,ＲＣ,近隣商業,未改装,3300.0
5652,久寿川,5.0,4.0,３ＬＤＫ,60.0,2013.0,7.0,ＲＣ,１種住居,未改装,2300.0
5654,門戸厄神,19.0,4.0,３ＬＤＫ,65.0,2013.0,15.0,ＲＣ,１中住専,改装済み,2000.0
5655,甲陽園,24.0,4.0,３ＬＤＫ,75.0,2013.0,15.0,ＲＣ,１中住専,改装済み,1900.0
5656,甲陽園,24.0,4.0,３ＬＤＫ,75.0,2013.0,15.0,ＲＣ,１中住専,未改装,1800.0
5657,甲陽園,16.0,4.0,３ＬＤＫ,60.0,2013.0,35.0,ＲＣ,１中住専,未改装,790.0
5658,甲陽園,16.0,4.0,３ＬＤＫ,70.0,2013.0,35.0,ＳＲＣ,１中住専,未改装,890.0
5659,甲陽園,16.0,4.0,３ＬＤＫ,65.0,2013.0,35.0,ＲＣ,１中住専,改装済み,1200.0
5660,甲陽園,16.0,3.0,２ＬＤＫ,55.0,2013.0,35.0,ＳＲＣ,１中住専,未改装,600.0
5661,甲陽園,18.0,5.0,４ＬＤＫ,95.0,2013.0,28.0,ＲＣ,１中住専,改装済み,3200.0
5662,武庫川団地前,2.0,5.0,４ＬＤＫ,80.0,2013.0,32.0,ＳＲＣ,準工業,改装済み,1400.0
5663,洲先,10.0,4.0,３ＬＤＫ,70.0,2013.0,12.0,ＲＣ,１種住居,未改装,2100.0
5664,鳴尾・武庫川女子大前,14.0,5.0,４ＬＤＫ,85.0,2013.0,12.0,ＲＣ,１種住居,未改装,3100.0
5665,鳴尾・武庫川女子大前,15.0,4.0,３ＬＤＫ,75.0,2013.0,32.0,ＲＣ,１種住居,改装済み,1500.0
5666,苦楽園口,18.0,4.0,３ＬＤＫ,80.0,2013.0,19.0,ＲＣ,１中住専,未改装,2200.0
5667,苦楽園口,16.0,5.0,４ＬＤＫ,80.0,2013.0,39.0,ＲＣ,１中住専,未改装,1300.0
5668,苦楽園口,18.0,2.0,１ＬＤＫ,55.0,2013.0,38.0,鉄骨造,１低住専,未改装,780.0
5669,苦楽園口,16.0,4.0,３ＬＤＫ,70.0,2013.0,3.0,ＲＣ,１中住専,未改装,3600.0
5670,夙川,4.0,4.0,３ＬＤＫ,70.0,2013.0,13.0,ＲＣ,１中住専,未改装,3900.0
5671,夙川,5.0,4.0,３ＬＤＫ,80.0,2013.0,17.0,ＲＣ,１中住専,未改装,3900.0
5672,夙川,14.0,4.0,３ＬＤＫ,70.0,2013.0,39.0,ＲＣ,１中住専,未改装,1500.0
5674,夙川,14.0,4.0,３ＬＤＫ,70.0,2013.0,39.0,ＲＣ,１中住専,改装済み,1600.0
5675,夙川,14.0,4.0,３ＬＤＫ,70.0,2013.0,39.0,ＲＣ,１中住専,未改装,800.0
5676,夙川,16.0,3.0,２ＬＤＫ,70.0,2013.0,39.0,ＲＣ,１中住専,改装済み,1400.0
5677,夙川,14.0,4.0,３ＬＤＫ,70.0,2013.0,39.0,ＲＣ,１中住専,未改装,780.0
5678,西宮北口,9.0,5.0,４ＬＤＫ,100.0,2013.0,2.0,ＲＣ,１中住専,未改装,5500.0
5679,西宮北口,10.0,4.0,３ＬＤＫ,75.0,2013.0,2.0,ＲＣ,１中住専,未改装,3900.0
5680,香櫨園,13.0,4.0,３ＬＤＫ,80.0,2013.0,2.0,ＲＣ,１種住居,未改装,3300.0
5681,西宮北口,13.0,4.0,３ＬＤＫ,70.0,2013.0,16.0,ＲＣ,１中住専,未改装,2500.0
5682,苦楽園口,12.0,5.0,４ＬＤＫ,85.0,2013.0,16.0,ＲＣ,１中住専,未改装,2300.0
5683,さくら夙川,6.0,4.0,３ＬＤＫ,65.0,2013.0,17.0,ＲＣ,１中住専,改装済み,2900.0
5685,さくら夙川,4.0,4.0,３ＬＤＫ,70.0,2013.0,14.0,ＲＣ,１種住居,未改装,3400.0
5686,さくら夙川,4.0,4.0,３ＬＤＫ,75.0,2013.0,14.0,ＲＣ,１種住居,未改装,3500.0
5687,さくら夙川,3.0,4.0,３ＬＤＫ,65.0,2013.0,34.0,ＳＲＣ,近隣商業,改装済み,2000.0
5688,東鳴尾,6.0,4.0,３ＬＤＫ,75.0,2013.0,22.0,ＲＣ,１種住居,未改装,2000.0
5689,さくら夙川,10.0,4.0,３ＬＤＫ,75.0,2013.0,14.0,ＲＣ,１中住専,未改装,4000.0
5690,苦楽園口,18.0,5.0,４ＬＤＫ,90.0,2013.0,10.0,ＲＣ,１中住専,改装済み,3400.0
5691,苦楽園口,16.0,4.0,３ＬＤＫ,65.0,2013.0,9.0,ＲＣ,１中住専,未改装,2200.0
5692,苦楽園口,13.0,2.0,１ＬＤＫ,75.0,2013.0,39.0,ＲＣ,１中住専,改装済み,1900.0
5693,苦楽園口,14.0,4.0,３ＬＤＫ,75.0,2013.0,39.0,ＲＣ,１中住専,未改装,950.0
5694,苦楽園口,18.0,4.0,３ＬＤＫ,85.0,2013.0,6.0,ＲＣ,１中住専,未改装,2800.0
5696,苦楽園口,16.0,4.0,３ＬＤＫ,60.0,2013.0,10.0,ＲＣ,１中住専,未改装,2400.0
5697,夙川,18.0,5.0,４ＬＤＫ,90.0,2013.0,10.0,ＲＣ,１中住専,未改装,2800.0
5698,夙川,18.0,4.0,３ＬＤＫ,90.0,2013.0,10.0,ＲＣ,１中住専,未改装,3300.0
5699,久寿川,13.0,4.0,３ＬＤＫ,65.0,2013.0,11.0,ＲＣ,準工業,未改装,2500.0
5700,甲子園,18.0,4.0,３ＬＤＫ,70.0,2013.0,27.0,ＳＲＣ,１種住居,改装済み,2000.0
5701,甲子園口,20.0,2.0,１ＤＫ,25.0,2013.0,25.0,ＲＣ,１中住専,未改装,440.0
5702,甲子園口,12.0,3.0,２ＬＤＫ,45.0,2013.0,41.0,鉄骨造,２中住専,未改装,710.0
5703,阪神国道,12.0,4.0,３ＬＤＫ,75.0,2013.0,4.0,ＲＣ,準工業,未改装,3100.0
5704,阪神国道,12.0,4.0,３ＬＤＫ,75.0,2013.0,4.0,ＲＣ,準工業,未改装,3200.0
5705,苦楽園口,9.0,4.0,３ＬＤＫ,70.0,2013.0,12.0,ＲＣ,１中住専,未改装,3300.0
5706,甲東園,13.0,4.0,３ＬＤＫ,75.0,2013.0,7.0,ＲＣ,１低住専,未改装,3700.0
5707,甲東園,4.0,4.0,３ＬＤＫ,75.0,2013.0,12.0,ＲＣ,１中住専,未改装,3600.0
5708,甲東園,9.0,5.0,４ＬＤＫ,90.0,2013.0,13.0,ＲＣ,２低住専,未改装,3700.0
5709,甲東園,9.0,3.0,２ＬＤＫ,70.0,2013.0,13.0,ＲＣ,２低住専,未改装,2900.0
5710,香櫨園,14.0,5.0,４ＬＤＫ,95.0,2013.0,8.0,ＲＣ,１中住専,未改装,3800.0
5713,香櫨園,13.0,5.0,４ＬＤＫ,85.0,2013.0,29.0,ＲＣ,１中住専,未改装,1700.0
5715,香櫨園,5.0,3.0,２ＬＤＫ,55.0,2013.0,15.0,ＲＣ,１中住専,未改装,1600.0
5716,甲子園口,12.0,4.0,３ＬＤＫ,60.0,2013.0,8.0,ＲＣ,１種住居,未改装,2700.0
5717,甲陽園,9.0,4.0,３ＬＤＫ,75.0,2013.0,13.0,ＲＣ,１中住専,未改装,2900.0
5718,西宮北口,4.0,5.0,４ＬＤＫ,80.0,2013.0,14.0,ＲＣ,１中住専,未改装,4500.0
5719,西宮北口,4.0,5.0,４ＬＤＫ,80.0,2013.0,14.0,ＲＣ,１中住専,未改装,2600.0
5720,西宮(阪神),19.0,3.0,２ＬＤＫ,65.0,2013.0,17.0,ＲＣ,準工業,改装済み,1600.0
5721,西宮(阪神),13.0,4.0,３ＬＤＫ,70.0,2013.0,39.0,ＳＲＣ,準工業,未改装,890.0
5722,西宮(阪神),13.0,4.0,３ＬＤＫ,75.0,2013.0,39.0,ＳＲＣ,準工業,未改装,650.0
5723,西宮(阪神),14.0,4.0,３ＬＤＫ,55.0,2013.0,39.0,ＳＲＣ,準工業,未改装,800.0
5724,西宮(阪神),12.0,3.0,２ＬＤＫ,45.0,2013.0,39.0,ＳＲＣ,準工業,未改装,520.0
5726,甲子園口,8.0,4.0,３ＬＤＫ,70.0,2013.0,6.0,ＲＣ,１中住専,未改装,4100.0
5727,甲子園口,6.0,4.0,２ＬＤＫ＋Ｓ,70.0,2013.0,12.0,ＲＣ,１中住専,未改装,2900.0
5728,甲子園口,9.0,4.0,３ＬＤＫ,70.0,2013.0,6.0,ＲＣ,１中住専,未改装,3300.0
5729,甲子園口,7.0,5.0,４ＬＤＫ,90.0,2013.0,7.0,ＲＣ,１中住専,未改装,4700.0
5730,苦楽園口,14.0,2.0,１ＬＤＫ,55.0,2013.0,15.0,ＲＣ,１低住専,未改装,1900.0
5731,苦楽園口,16.0,4.0,３ＬＤＫ,80.0,2013.0,5.0,ＲＣ,１低住専,未改装,4500.0
5732,苦楽園口,8.0,4.0,３ＬＤＫ,75.0,2013.0,2.0,ＲＣ,１中住専,未改装,5000.0
5733,夙川,8.0,4.0,３ＬＤＫ,75.0,2013.0,14.0,ＲＣ,１中住専,改装済み,4000.0
5734,甲子園,10.0,4.0,３ＬＤＫ,65.0,2013.0,44.0,ＲＣ,２中住専,改装済み,2000.0
5735,甲子園,6.0,5.0,４ＬＤＫ,115.0,2013.0,8.0,ＲＣ,１中住専,未改装,5000.0
5736,甲子園,10.0,4.0,３ＬＤＫ,70.0,2013.0,12.0,ＲＣ,１中住専,未改装,2700.0
5737,甲子園,5.0,2.0,１Ｋ,20.0,2013.0,44.0,ＲＣ,近隣商業,改装済み,450.0
5739,甲子園,6.0,4.0,３ＬＤＫ,100.0,2013.0,27.0,ＲＣ,２種住居,未改装,2900.0
5740,甲子園,6.0,4.0,３ＬＤＫ,90.0,2013.0,27.0,ＲＣ,２種住居,未改装,2600.0
5741,甲子園,6.0,4.0,３ＬＤＫ,100.0,2013.0,27.0,ＲＣ,２種住居,未改装,2800.0
5742,甲子園,5.0,3.0,２ＤＫ,55.0,2013.0,44.0,ＲＣ,近隣商業,改装済み,1100.0
5743,甲子園,6.0,5.0,４ＬＤＫ,115.0,2013.0,27.0,ＲＣ,２種住居,未改装,3500.0
5744,甲子園,6.0,4.0,３ＬＤＫ,95.0,2013.0,27.0,ＲＣ,２種住居,改装済み,3400.0
5745,甲子園,4.0,6.0,５ＤＫ,75.0,2013.0,44.0,ＲＣ,１種住居,未改装,1600.0
5746,甲子園,6.0,4.0,３ＬＤＫ,100.0,2013.0,27.0,ＲＣ,２種住居,改装済み,3500.0
5747,甲子園,6.0,4.0,３ＬＤＫ,90.0,2013.0,23.0,ＲＣ,２種住居,改装済み,2900.0
5748,甲子園,6.0,4.0,３ＬＤＫ,90.0,2013.0,27.0,ＲＣ,２種住居,未改装,2700.0
5749,甲子園,6.0,4.0,３ＬＤＫ,80.0,2013.0,27.0,ＲＣ,２種住居,未改装,2800.0
5750,甲子園,15.0,4.0,３ＬＤＫ,75.0,2013.0,7.0,ＲＣ,２種住居,未改装,3300.0
5751,鳴尾・武庫川女子大前,12.0,4.0,３ＬＤＫ,65.0,2013.0,7.0,ＲＣ,２種住居,未改装,3200.0
5752,甲子園口,1.0,4.0,３ＬＤＫ,60.0,2013.0,13.0,ＲＣ,近隣商業,未改装,2700.0
5753,甲子園口,7.0,4.0,３ＬＤＫ,75.0,2013.0,12.0,ＲＣ,１中住専,未改装,3800.0
5754,甲子園口,4.0,4.0,３ＬＤＫ,65.0,2013.0,16.0,ＲＣ,近隣商業,未改装,2200.0
5755,甲子園口,8.0,4.0,３ＬＤＫ,90.0,2013.0,12.0,ＲＣ,１中住専,改装済み,4100.0
5756,甲子園口,9.0,5.0,４ＤＫ,65.0,2013.0,41.0,ＲＣ,１中住専,未改装,1400.0
5757,甲子園口,6.0,2.0,１Ｋ,15.0,2013.0,29.0,ＲＣ,近隣商業,未改装,270.0
5758,甲子園口,9.0,4.0,３ＬＤＫ,65.0,2013.0,16.0,ＲＣ,近隣商業,未改装,1900.0
5759,甲子園口,5.0,4.0,３ＬＤＫ,80.0,2013.0,43.0,ＳＲＣ,１中住専,未改装,1400.0
5760,甲子園口,2.0,4.0,３ＬＤＫ,90.0,2013.0,17.0,ＲＣ,近隣商業,未改装,3700.0
5761,甲子園口,2.0,4.0,３ＬＤＫ,85.0,2013.0,17.0,ＲＣ,近隣商業,未改装,3800.0
5762,甲子園口,5.0,4.0,３ＬＤＫ,70.0,2013.0,43.0,ＳＲＣ,１中住専,改装済み,1700.0
5763,甲子園,8.0,4.0,３ＬＤＫ,85.0,2013.0,17.0,ＲＣ,１種住居,改装済み,2500.0
5764,甲子園,5.0,4.0,３ＬＤＫ,70.0,2013.0,13.0,ＳＲＣ,近隣商業,未改装,2200.0
5765,甲子園,9.0,5.0,４ＬＤＫ,75.0,2013.0,11.0,ＲＣ,１種住居,未改装,2600.0
5766,甲子園,8.0,5.0,４ＬＤＫ,85.0,2013.0,17.0,ＲＣ,１種住居,未改装,2100.0
5767,甲子園,4.0,4.0,３ＬＤＫ,60.0,2013.0,7.0,ＲＣ,近隣商業,改装済み,2800.0
5768,甲子園,8.0,4.0,３ＬＤＫ,65.0,2013.0,15.0,ＳＲＣ,近隣商業,未改装,2100.0
5769,甲子園,10.0,3.0,２ＬＤＫ,55.0,2013.0,9.0,ＲＣ,近隣商業,未改装,2200.0
5770,甲子園,11.0,4.0,３ＬＤＫ,65.0,2013.0,40.0,ＲＣ,２種住居,改装済み,1400.0
5771,甲子園,11.0,4.0,３ＬＤＫ,75.0,2013.0,12.0,ＲＣ,２中住専,未改装,3300.0
5772,甲子園,9.0,4.0,３ＬＤＫ,65.0,2013.0,40.0,ＲＣ,２種住居,改装済み,1600.0
5773,甲子園,10.0,3.0,１ＬＤＫ＋Ｓ,50.0,2013.0,9.0,ＲＣ,近隣商業,未改装,2000.0
5774,甲子園,9.0,4.0,３ＬＤＫ,65.0,2013.0,7.0,ＲＣ,１種住居,未改装,3100.0
5775,甲子園,10.0,4.0,３ＬＤＫ,90.0,2013.0,14.0,ＲＣ,１中住専,未改装,3100.0
5776,西宮北口,4.0,3.0,２ＬＤＫ,90.0,2013.0,10.0,ＲＣ,近隣商業,未改装,5300.0
5777,香櫨園,11.0,4.0,３ＬＤＫ,70.0,2013.0,13.0,ＲＣ,近隣商業,未改装,2200.0
5778,さくら夙川,9.0,4.0,３ＬＤＫ,70.0,2013.0,7.0,ＲＣ,１中住専,未改装,3000.0
5779,甲陽園,9.0,4.0,３ＬＤＫ,70.0,2013.0,14.0,ＲＣ,１低住専,改装済み,2200.0
5780,甲陽園,3.0,4.0,３ＬＤＫ,70.0,2013.0,13.0,ＲＣ,近隣商業,未改装,3200.0
5782,甲陽園,15.0,4.0,３ＬＤＫ,90.0,2013.0,15.0,ＲＣ,１中住専,改装済み,2200.0
5783,甲陽園,12.0,4.0,３ＬＤＫ,70.0,2013.0,17.0,ＲＣ,１中住専,改装済み,2400.0
5784,甲陽園,12.0,4.0,３ＬＤＫ,70.0,2013.0,17.0,ＲＣ,１中住専,改装済み,2300.0
5785,甲陽園,1.0,4.0,３ＬＤＫ,55.0,2013.0,42.0,ＲＣ,近隣商業,未改装,900.0
5786,甲陽園,3.0,3.0,２ＤＫ,50.0,2013.0,36.0,ＳＲＣ,近隣商業,改装済み,1000.0
5787,甲陽園,3.0,3.0,２ＤＫ,50.0,2013.0,36.0,ＳＲＣ,近隣商業,未改装,530.0
5788,甲陽園,12.0,5.0,４ＬＤＫ,110.0,2013.0,23.0,ＲＣ,１中住専,未改装,3000.0
5789,西宮(阪神),11.0,3.0,２ＬＤＫ,70.0,2013.0,7.0,ＲＣ,近隣商業,未改装,2700.0
5790,鳴尾・武庫川女子大前,8.0,3.0,２ＬＤＫ,55.0,2013.0,41.0,ＳＲＣ,１種住居,改装済み,1200.0
5791,鳴尾・武庫川女子大前,9.0,3.0,２ＬＤＫ,70.0,2013.0,26.0,ＳＲＣ,１種住居,未改装,920.0
5792,鳴尾・武庫川女子大前,9.0,3.0,２ＬＤＫ,60.0,2013.0,22.0,ＲＣ,１種住居,未改装,1500.0
5793,鳴尾・武庫川女子大前,9.0,3.0,２ＬＤＫ,60.0,2013.0,41.0,ＳＲＣ,１種住居,改装済み,1000.0
5794,武庫川,9.0,5.0,４ＬＤＫ,85.0,2013.0,4.0,ＲＣ,２中住専,未改装,3800.0
5795,武庫川,6.0,5.0,４ＬＤＫ,85.0,2013.0,5.0,ＲＣ,２中住専,未改装,3700.0
5798,苦楽園口,9.0,5.0,４ＬＤＫ,135.0,2013.0,9.0,ＲＣ,１低住専,未改装,6500.0
5799,甲陽園,11.0,4.0,３ＬＤＫ,80.0,2013.0,22.0,ＲＣ,１中住専,未改装,2100.0
5801,西宮(阪神),4.0,4.0,３ＬＤＫ,65.0,2013.0,15.0,ＳＲＣ,近隣商業,未改装,2600.0
5802,生瀬,16.0,3.0,２ＬＤＫ,70.0,2013.0,21.0,ＲＣ,１中住専,未改装,790.0
5803,西宮名塩,8.0,4.0,３ＬＤＫ,75.0,2013.0,14.0,ＲＣ,１中住専,未改装,1300.0
5804,甲陽園,11.0,4.0,３ＬＤＫ,75.0,2013.0,13.0,ＲＣ,１中住専,改装済み,2600.0
5805,香櫨園,10.0,5.0,４ＬＤＫ,80.0,2013.0,6.0,ＲＣ,１中住専,未改装,3500.0
5806,香櫨園,9.0,4.0,２ＬＤＫ＋Ｓ,80.0,2013.0,16.0,ＲＣ,１中住専,未改装,3000.0
5807,香櫨園,14.0,4.0,３ＬＤＫ,70.0,2013.0,6.0,ＲＣ,１中住専,未改装,2800.0
5808,香櫨園,13.0,4.0,３ＬＤＫ,70.0,2013.0,6.0,ＲＣ,１中住専,未改装,3000.0
5809,香櫨園,14.0,4.0,３ＬＤＫ,70.0,2013.0,6.0,ＲＣ,１中住専,改装済み,2900.0
5810,香櫨園,9.0,4.0,３ＬＤＫ,70.0,2013.0,16.0,ＲＣ,１中住専,未改装,2100.0
5811,甲東園,4.0,4.0,３ＬＤＫ,65.0,2013.0,16.0,ＲＣ,１中住専,未改装,2900.0
5813,苦楽園口,12.0,4.0,３ＬＤＫ,125.0,2013.0,8.0,ＲＣ,１低住専,未改装,5100.0
5814,甲陽園,10.0,4.0,３ＬＤＫ,80.0,2013.0,26.0,ＲＣ,１低住専,改装済み,1800.0
5815,甲陽園,12.0,4.0,３ＬＤＫ,65.0,2013.0,12.0,ＲＣ,１低住専,未改装,2000.0
5816,甲陽園,13.0,3.0,２ＬＤＫ,70.0,2013.0,13.0,ＲＣ,１低住専,未改装,2500.0
5817,西宮(阪神),6.0,4.0,３ＬＤＫ,70.0,2013.0,16.0,ＲＣ,近隣商業,未改装,2100.0
5818,苦楽園口,18.0,5.0,４ＬＤＫ,90.0,2013.0,12.0,ＲＣ,１中住専,未改装,2700.0
5819,苦楽園口,17.0,5.0,４ＬＤＫ,85.0,2013.0,8.0,ＲＣ,１中住専,未改装,2900.0
5820,西宮北口,11.0,4.0,３ＬＤＫ,60.0,2013.0,40.0,ＲＣ,１中住専,改装済み,1800.0
5821,西宮北口,11.0,2.0,１ＬＤＫ,35.0,2013.0,40.0,ＲＣ,１中住専,改装済み,700.0
5822,西宮北口,10.0,4.0,３ＬＤＫ,60.0,2013.0,40.0,ＲＣ,１中住専,未改装,1200.0
5823,西宮北口,28.0,4.0,３ＬＤＫ,70.0,2013.0,24.0,ＲＣ,１中住専,未改装,1400.0
5824,門戸厄神,28.0,5.0,４ＬＤＫ,85.0,2013.0,24.0,ＲＣ,１中住専,未改装,2000.0
5825,武庫川団地前,6.0,5.0,４ＬＤＫ,100.0,2013.0,9.0,ＲＣ,１中住専,未改装,2800.0
5826,武庫川団地前,5.0,4.0,３ＬＤＫ,70.0,2013.0,24.0,ＳＲＣ,１中住専,未改装,1300.0
5828,武庫川団地前,8.0,4.0,３ＬＤＫ,85.0,2013.0,13.0,ＲＣ,１中住専,未改装,1700.0
5829,武庫川団地前,4.0,4.0,３ＬＤＫ,80.0,2013.0,21.0,ＲＣ,１中住専,未改装,1600.0
5830,武庫川団地前,8.0,4.0,３ＬＤＫ,90.0,2013.0,18.0,ＲＣ,１中住専,未改装,1900.0
5831,武庫川団地前,13.0,4.0,３ＬＤＫ,70.0,2013.0,23.0,ＳＲＣ,１中住専,未改装,1300.0
5833,武庫川団地前,6.0,4.0,３ＬＤＫ,85.0,2013.0,17.0,ＲＣ,１中住専,改装済み,2300.0
5834,西宮北口,11.0,5.0,４ＬＤＫ,80.0,2013.0,16.0,ＲＣ,準工業,未改装,2800.0
5835,西宮北口,3.0,4.0,３ＬＤＫ,85.0,2013.0,5.0,ＲＣ,商業,未改装,6000.0
5836,西宮北口,2.0,3.0,２ＤＫ,60.0,2013.0,5.0,ＲＣ,商業,未改装,4100.0
5838,西宮北口,9.0,4.0,３ＬＤＫ,60.0,2013.0,8.0,ＲＣ,１種住居,未改装,2600.0
5839,西宮北口,8.0,4.0,３ＬＤＫ,65.0,2013.0,8.0,ＲＣ,１種住居,未改装,2700.0
5840,香櫨園,12.0,5.0,４ＬＤＫ,70.0,2013.0,16.0,ＲＣ,１種住居,未改装,2500.0
5841,西宮(阪神),2.0,4.0,３ＬＤＫ,80.0,2013.0,10.0,ＲＣ,商業,未改装,3900.0
5842,甲東園,7.0,5.0,４ＬＤＫ,95.0,2013.0,10.0,ＲＣ,１中住専,未改装,4100.0
5843,仁川,11.0,5.0,４ＬＤＫ,65.0,2013.0,29.0,ＲＣ,１中住専,未改装,1600.0
5845,仁川,9.0,4.0,３ＬＤＫ,80.0,2013.0,7.0,ＲＣ,２中住専,未改装,3000.0
5846,さくら夙川,4.0,5.0,４ＬＤＫ,85.0,2013.0,26.0,ＲＣ,１中住専,未改装,3400.0
5848,西宮(ＪＲ),6.0,4.0,３ＬＤＫ,85.0,2013.0,14.0,ＲＣ,近隣商業,未改装,2700.0
5849,西宮(ＪＲ),4.0,4.0,３ＬＤＫ,65.0,2013.0,18.0,ＲＣ,２種住居,改装済み,2600.0
5850,西宮(ＪＲ),8.0,5.0,４ＬＤＫ,80.0,2013.0,18.0,ＲＣ,２種住居,改装済み,3100.0
5851,西宮(ＪＲ),4.0,5.0,４ＬＤＫ,80.0,2013.0,18.0,ＲＣ,２種住居,未改装,2500.0
5852,西宮(ＪＲ),5.0,3.0,２ＬＤＫ,60.0,2013.0,14.0,ＲＣ,近隣商業,改装済み,2300.0
5853,西宮(ＪＲ),4.0,4.0,３ＬＤＫ,65.0,2013.0,18.0,ＲＣ,２種住居,未改装,2300.0
5854,阪神国道,2.0,3.0,２ＬＤＫ,70.0,2013.0,5.0,ＲＣ,近隣商業,未改装,3200.0
5855,今津(阪神),2.0,4.0,３ＬＤＫ,60.0,2013.0,16.0,ＲＣ,近隣商業,改装済み,1500.0
5856,今津(阪神),2.0,4.0,３ＬＤＫ,60.0,2013.0,9.0,ＲＣ,商業,未改装,2200.0
5857,今津(阪神),1.0,5.0,４ＬＤＫ,75.0,2013.0,9.0,ＲＣ,商業,改装済み,2900.0
5858,今津(阪神),2.0,3.0,２ＬＤＫ,60.0,2013.0,9.0,ＲＣ,商業,未改装,2100.0
5859,今津(阪神),2.0,3.0,２ＬＤＫ,55.0,2013.0,9.0,ＲＣ,商業,未改装,1900.0
5860,今津(阪神),2.0,5.0,４ＬＤＫ,75.0,2013.0,9.0,ＲＣ,商業,未改装,2000.0
5861,今津(阪神),2.0,4.0,３ＬＤＫ,55.0,2013.0,16.0,ＲＣ,近隣商業,未改装,1500.0
5864,今津(阪神),6.0,3.0,２ＬＤＫ,55.0,2013.0,17.0,ＳＲＣ,１種住居,改装済み,1800.0
5865,西宮(ＪＲ),7.0,4.0,２ＬＤＫ＋Ｓ,75.0,2013.0,12.0,ＲＣ,１中住専,未改装,2700.0
5866,甲子園口,9.0,3.0,２ＤＫ,65.0,2013.0,41.0,ＲＣ,１中住専,改装済み,1900.0
5867,西宮(阪神),3.0,3.0,２ＬＤＫ,55.0,2013.0,13.0,ＳＲＣ,商業,改装済み,2000.0
5868,甲子園口,10.0,3.0,２ＬＤＫ,55.0,2013.0,16.0,ＲＣ,１種住居,未改装,1400.0
5869,香櫨園,5.0,4.0,３ＬＤＫ,70.0,2013.0,11.0,ＲＣ,１中住専,改装済み,2900.0
5870,香櫨園,6.0,5.0,４ＬＤＫ,110.0,2013.0,22.0,ＲＣ,１中住専,未改装,2900.0
5871,香櫨園,4.0,4.0,３ＬＤＫ,70.0,2013.0,11.0,ＲＣ,１中住専,未改装,3200.0
5872,西宮(ＪＲ),13.0,2.0,１Ｋ,15.0,2013.0,27.0,ＲＣ,近隣商業,未改装,390.0
5873,西宮(ＪＲ),10.0,4.0,３ＬＤＫ,75.0,2013.0,9.0,ＲＣ,１種住居,未改装,2900.0
5874,西宮(ＪＲ),10.0,4.0,３ＬＤＫ,60.0,2013.0,9.0,ＲＣ,１種住居,未改装,2700.0
5875,西宮(ＪＲ),10.0,4.0,３ＬＤＫ,60.0,2013.0,9.0,ＲＣ,１種住居,未改装,2300.0
5876,西宮(阪神),13.0,2.0,１Ｋ,15.0,2013.0,27.0,ＲＣ,近隣商業,未改装,260.0
5877,西宮名塩,30.0,4.0,３ＬＤＫ,75.0,2013.0,18.0,ＲＣ,１低住専,改装済み,680.0
5879,生瀬,13.0,4.0,３ＬＤＫ,75.0,2013.0,16.0,ＳＲＣ,２中住専,未改装,1500.0
5880,生瀬,11.0,4.0,３ＬＤＫ,70.0,2013.0,15.0,ＳＲＣ,２中住専,未改装,1500.0
5881,生瀬,11.0,5.0,４ＬＤＫ,75.0,2013.0,15.0,ＳＲＣ,２中住専,未改装,1600.0
5882,鳴尾・武庫川女子大前,6.0,4.0,３ＬＤＫ,70.0,2013.0,9.0,ＲＣ,近隣商業,未改装,2900.0
5883,鳴尾・武庫川女子大前,7.0,4.0,３ＬＤＫ,65.0,2013.0,13.0,ＲＣ,１種住居,未改装,2200.0
5884,鳴尾・武庫川女子大前,7.0,4.0,３ＬＤＫ,70.0,2013.0,13.0,ＲＣ,１種住居,未改装,2500.0
5885,鳴尾・武庫川女子大前,10.0,4.0,３ＬＤＫ,80.0,2013.0,18.0,ＲＣ,１種住居,未改装,2500.0
5886,鳴尾・武庫川女子大前,7.0,3.0,２ＤＫ,40.0,2013.0,42.0,鉄骨造,１種住居,改装済み,900.0
5887,苦楽園口,6.0,2.0,１ＬＤＫ,40.0,2013.0,5.0,ＲＣ,１中住専,未改装,1800.0
5888,夙川,9.0,4.0,３ＬＤＫ,85.0,2013.0,29.0,ＲＣ,１低住専,未改装,2300.0
5889,仁川,10.0,4.0,３ＬＤＫ,95.0,2013.0,15.0,ＲＣ,１低住専,未改装,2400.0
5890,仁川,1.0,5.0,４ＬＤＫ,85.0,2013.0,11.0,ＲＣ,１中住専,改装済み,2900.0
5891,西宮(阪神),12.0,2.0,１Ｋ,25.0,2013.0,5.0,ＲＣ,近隣商業,未改装,990.0
5892,西宮(阪神),30.0,4.0,３ＬＤＫ,70.0,2013.0,15.0,ＳＲＣ,１中住専,改装済み,1700.0
5894,西宮(阪神),30.0,4.0,３ＬＤＫ,70.0,2013.0,15.0,ＳＲＣ,１中住専,改装済み,1400.0
5895,西宮(阪神),30.0,5.0,４ＬＤＫ,105.0,2013.0,15.0,ＳＲＣ,１中住専,未改装,2800.0
5896,西宮(阪神),30.0,4.0,３ＬＤＫ,70.0,2013.0,15.0,ＳＲＣ,１中住専,未改装,1500.0
5897,西宮(阪神),30.0,5.0,４ＬＤＫ,85.0,2013.0,15.0,ＳＲＣ,１中住専,未改装,1800.0
5898,西宮(阪神),30.0,4.0,３ＬＤＫ,85.0,2013.0,9.0,ＳＲＣ,１中住専,未改装,2500.0
5899,西宮(阪神),30.0,5.0,４ＬＤＫ,85.0,2013.0,15.0,ＳＲＣ,１中住専,改装済み,2100.0
5900,西宮北口,14.0,4.0,３ＬＤＫ,70.0,2013.0,3.0,ＲＣ,２中住専,未改装,3300.0
5901,門戸厄神,10.0,4.0,３ＬＤＫ,70.0,2013.0,16.0,ＲＣ,２中住専,未改装,2400.0
5902,門戸厄神,5.0,4.0,３ＬＤＫ,75.0,2013.0,3.0,ＲＣ,１中住専,未改装,3900.0
5903,門戸厄神,5.0,5.0,４ＬＤＫ,85.0,2013.0,4.0,ＲＣ,１中住専,未改装,4300.0
5904,夙川,4.0,3.0,２ＬＤＫ,95.0,2013.0,29.0,ＲＣ,近隣商業,未改装,4200.0
5905,夙川,3.0,2.0,１Ｋ,25.0,2013.0,29.0,ＲＣ,近隣商業,改装済み,630.0
5906,西宮(ＪＲ),7.0,4.0,３ＬＤＫ,65.0,2013.0,12.0,ＲＣ,１種住居,未改装,2200.0
5907,西宮(ＪＲ),9.0,4.0,３ＬＤＫ,65.0,2013.0,9.0,ＲＣ,近隣商業,未改装,2800.0
5908,甲子園,12.0,4.0,３ＬＤＫ,65.0,2013.0,12.0,ＲＣ,１中住専,未改装,3100.0
5909,鳴尾・武庫川女子大前,10.0,5.0,４ＬＤＫ,80.0,2013.0,12.0,ＲＣ,１中住専,未改装,3800.0
5910,西宮(阪神),3.0,4.0,３ＬＤＫ,65.0,2013.0,8.0,ＲＣ,商業,未改装,2400.0
5911,西宮(阪神),3.0,4.0,３ＬＤＫ,65.0,2013.0,7.0,ＲＣ,商業,未改装,3700.0
5912,甲子園,16.0,5.0,４ＬＤＫ,95.0,2013.0,11.0,ＳＲＣ,１種住居,未改装,2700.0
5913,甲子園,20.0,3.0,２ＬＤＫ,70.0,2013.0,13.0,ＲＣ,１種住居,改装済み,1900.0
5914,甲子園,16.0,3.0,２ＬＤＫ,95.0,2013.0,11.0,ＳＲＣ,１種住居,未改装,3000.0
5915,甲子園,21.0,4.0,３ＬＤＫ,70.0,2013.0,13.0,ＲＣ,１種住居,改装済み,2100.0
5916,甲子園,19.0,4.0,３ＬＤＫ,90.0,2013.0,11.0,ＳＲＣ,１種住居,改装済み,2900.0
5917,西宮(阪神),11.0,3.0,２ＬＤＫ,65.0,2013.0,10.0,ＳＲＣ,準工業,未改装,2700.0
5918,洲先,3.0,4.0,３ＬＤＫ,70.0,2013.0,15.0,ＲＣ,１種住居,未改装,2700.0
5919,今津(阪神),16.0,4.0,３ＬＤＫ,70.0,2013.0,7.0,ＲＣ,準工業,未改装,2500.0
5920,今津(阪神),15.0,4.0,３ＬＤＫ,80.0,2013.0,8.0,ＲＣ,準工業,未改装,2400.0
5921,西宮(阪神),16.0,4.0,３ＬＤＫ,70.0,2013.0,9.0,ＲＣ,準工業,未改装,2500.0
5922,西宮(阪神),16.0,5.0,４ＬＤＫ,90.0,2013.0,9.0,ＲＣ,準工業,未改装,3000.0
5923,西宮(阪神),19.0,4.0,２ＬＤＫ＋Ｓ,60.0,2013.0,16.0,ＳＲＣ,準工業,改装済み,1900.0
5924,西宮(阪神),18.0,5.0,４ＬＤＫ,80.0,2013.0,9.0,ＲＣ,準工業,改装済み,2900.0
5925,西宮名塩,11.0,3.0,２ＬＤＫ,65.0,2013.0,21.0,ＲＣ,１中住専,未改装,920.0
5926,西宮名塩,5.0,5.0,４ＬＤＫ,95.0,2013.0,19.0,ＲＣ,１中住専,未改装,1700.0
5927,西宮名塩,8.0,3.0,２ＬＤＫ,95.0,2013.0,19.0,ＲＣ,１中住専,未改装,1800.0
5928,西宮名塩,3.0,5.0,４ＬＤＫ,90.0,2013.0,17.0,ＲＣ,１中住専,改装済み,1700.0
5929,西宮名塩,8.0,4.0,３ＬＤＫ,95.0,2013.0,19.0,ＲＣ,１中住専,未改装,1900.0
5930,西宮名塩,6.0,4.0,３ＬＤＫ,80.0,2013.0,10.0,ＲＣ,１中住専,未改装,1700.0
5931,西宮名塩,15.0,4.0,３ＬＤＫ,90.0,2013.0,19.0,ＲＣ,１中住専,未改装,830.0
5932,西宮名塩,14.0,4.0,３ＬＤＫ,70.0,2013.0,16.0,ＲＣ,１中住専,未改装,1400.0
5933,西宮名塩,8.0,4.0,３ＬＤＫ,95.0,2013.0,19.0,ＲＣ,１中住専,未改装,1900.0
5934,西宮名塩,3.0,5.0,４ＬＤＫ,90.0,2013.0,17.0,ＲＣ,１中住専,未改装,1300.0
5935,西宮名塩,11.0,4.0,３ＬＤＫ,85.0,2013.0,21.0,ＲＣ,１中住専,改装済み,1500.0
5936,西宮名塩,19.0,4.0,３ＬＤＫ,80.0,2013.0,19.0,ＲＣ,１中住専,未改装,770.0
5937,西宮名塩,8.0,4.0,３ＬＤＫ,90.0,2013.0,19.0,ＲＣ,１中住専,改装済み,1500.0
5938,西宮名塩,14.0,5.0,４ＬＤＫ,85.0,2013.0,16.0,ＲＣ,１中住専,未改装,1200.0
5939,苦楽園口,8.0,4.0,３ＬＤＫ,100.0,2013.0,2.0,ＲＣ,１種住居,未改装,7000.0
5940,苦楽園口,15.0,4.0,３ＬＤＫ,80.0,2013.0,5.0,ＲＣ,１中住専,未改装,4600.0
5942,苦楽園口,16.0,4.0,３ＬＤＫ,65.0,2013.0,15.0,ＲＣ,１中住専,未改装,2400.0
5943,苦楽園口,13.0,5.0,４ＬＤＫ,85.0,2013.0,13.0,ＲＣ,１中住専,改装済み,4100.0
5944,苦楽園口,13.0,5.0,４ＬＤＫ,100.0,2013.0,16.0,ＲＣ,１中住専,未改装,3500.0
5945,苦楽園口,14.0,5.0,４ＬＤＫ,85.0,2013.0,15.0,ＲＣ,１中住専,改装済み,3300.0
5946,西宮北口,16.0,4.0,３ＬＤＫ,75.0,2013.0,18.0,ＲＣ,１中住専,未改装,2300.0
5947,門戸厄神,16.0,5.0,４ＬＤＫ,80.0,2013.0,19.0,ＲＣ,１中住専,未改装,2700.0
5948,門戸厄神,16.0,5.0,４ＬＤＫ,70.0,2013.0,10.0,ＲＣ,１中住専,未改装,2800.0
5949,西宮北口,6.0,3.0,２ＬＤＫ,50.0,2013.0,8.0,ＲＣ,１種住居,未改装,2200.0
5950,西宮(ＪＲ),20.0,5.0,４ＬＤＫ,75.0,2013.0,10.0,ＲＣ,２中住専,未改装,2700.0
5951,西宮北口,19.0,5.0,４ＬＤＫ,75.0,2013.0,14.0,ＲＣ,１中住専,未改装,2400.0
5952,門戸厄神,13.0,4.0,３ＬＤＫ,75.0,2013.0,14.0,ＲＣ,１中住専,未改装,2400.0
5953,西宮北口,11.0,4.0,３ＬＤＫ,60.0,2013.0,3.0,ＲＣ,工業,未改装,2400.0
5955,西宮北口,25.0,2.0,１Ｋ,15.0,2013.0,25.0,ＲＣ,２種住居,改装済み,470.0
5956,西宮北口,10.0,2.0,１Ｋ,15.0,2013.0,25.0,ＲＣ,２種住居,未改装,500.0
5957,西宮北口,6.0,2.0,１Ｋ,15.0,2013.0,26.0,ＲＣ,近隣商業,未改装,400.0
5958,西宮北口,11.0,5.0,４ＬＤＫ,90.0,2013.0,7.0,ＲＣ,１中住専,改装済み,5100.0
5959,甲子園口,6.0,4.0,３ＬＤＫ,100.0,2013.0,45.0,ＲＣ,１中住専,未改装,2400.0
5960,甲子園口,6.0,4.0,３ＬＤＫ,100.0,2013.0,45.0,ＲＣ,１中住専,未改装,2400.0
5961,甲子園口,6.0,3.0,２ＬＤＫ,70.0,2013.0,45.0,ＲＣ,１中住専,未改装,1900.0
5962,甲子園口,6.0,4.0,３ＬＤＫ,90.0,2013.0,10.0,ＲＣ,１中住専,未改装,4300.0
5963,甲子園口,6.0,4.0,３ＬＤＫ,100.0,2013.0,45.0,ＲＣ,１中住専,未改装,2400.0
5964,甲子園口,4.0,4.0,３ＬＤＫ,95.0,2013.0,12.0,ＲＣ,１中住専,未改装,4200.0
5965,甲子園口,7.0,3.0,１ＬＤＫ＋Ｓ,65.0,2013.0,5.0,ＲＣ,１中住専,未改装,3100.0
5966,夙川,13.0,4.0,３ＬＤＫ,75.0,2013.0,13.0,ＳＲＣ,近隣商業,未改装,3100.0
5967,香櫨園,11.0,4.0,３ＬＤＫ,70.0,2013.0,16.0,ＲＣ,１中住専,未改装,2200.0
5968,夙川,5.0,4.0,３ＬＤＫ,70.0,2013.0,16.0,ＲＣ,１中住専,未改装,3500.0
5969,苦楽園口,6.0,3.0,２ＬＤＫ,60.0,2013.0,11.0,ＲＣ,１中住専,未改装,2900.0
5970,苦楽園口,6.0,4.0,３ＬＤＫ,70.0,2013.0,11.0,ＲＣ,１中住専,未改装,2900.0
5971,甲子園口,8.0,4.0,３ＬＤＫ,80.0,2013.0,7.0,ＲＣ,１中住専,未改装,4500.0
5972,甲子園口,7.0,4.0,３ＬＤＫ,70.0,2013.0,6.0,ＲＣ,１中住専,未改装,3600.0
5973,甲子園口,9.0,4.0,３ＬＤＫ,70.0,2013.0,36.0,ＲＣ,１中住専,未改装,1400.0
5975,西宮(ＪＲ),3.0,4.0,３ＬＤＫ,65.0,2013.0,11.0,ＲＣ,近隣商業,未改装,2200.0
5976,西宮北口,15.0,4.0,３ＬＤＫ,60.0,2013.0,40.0,ＲＣ,１中住専,未改装,950.0
5977,西宮北口,11.0,4.0,３ＬＤＫ,65.0,2013.0,11.0,ＲＣ,２中住専,未改装,2000.0
5978,西宮北口,11.0,4.0,３ＬＤＫ,70.0,2013.0,11.0,ＲＣ,１中住専,未改装,3200.0
5979,西宮北口,11.0,4.0,３ＬＤＫ,70.0,2013.0,11.0,ＲＣ,１中住専,未改装,3200.0
5980,門戸厄神,6.0,4.0,３ＬＤＫ,70.0,2013.0,14.0,ＲＣ,２中住専,未改装,2700.0
5981,苦楽園口,2.0,4.0,３ＬＤＫ,70.0,2013.0,12.0,ＲＣ,１中住専,未改装,3900.0
5982,西宮北口,6.0,4.0,３ＬＤＫ,65.0,2013.0,15.0,ＳＲＣ,１中住専,未改装,2600.0
5983,西宮北口,6.0,1.0,１Ｒ,25.0,2013.0,15.0,ＳＲＣ,１中住専,未改装,1200.0
5984,香櫨園,9.0,4.0,３ＬＤＫ,70.0,2013.0,12.0,ＲＣ,１種住居,未改装,2500.0
5985,門戸厄神,6.0,4.0,３ＬＤＫ,75.0,2013.0,16.0,ＲＣ,１中住専,未改装,3400.0
5986,門戸厄神,6.0,4.0,３ＬＤＫ,75.0,2013.0,16.0,ＲＣ,１中住専,未改装,3200.0
5987,門戸厄神,2.0,4.0,３ＬＤＫ,65.0,2013.0,16.0,ＳＲＣ,１中住専,改装済み,2600.0
5988,門戸厄神,4.0,3.0,２ＬＤＫ,70.0,2013.0,14.0,ＲＣ,１中住専,未改装,2800.0
5990,西宮北口,15.0,5.0,４ＬＤＫ,90.0,2013.0,7.0,ＲＣ,１中住専,未改装,4900.0
5991,門戸厄神,9.0,4.0,３ＬＤＫ,60.0,2013.0,9.0,ＲＣ,１中住専,未改装,2900.0
5992,さくら夙川,3.0,4.0,３ＬＤＫ,70.0,2013.0,16.0,ＲＣ,１中住専,未改装,3500.0
5993,田尾寺,24.0,5.0,４ＬＤＫ,80.0,2013.0,22.0,ＲＣ,２中住専,改装済み,780.0
5994,西宮(阪神),7.0,3.0,２ＬＤＫ,60.0,2013.0,10.0,ＲＣ,近隣商業,未改装,2200.0
5995,西宮北口,3.0,3.0,２ＬＤＫ,75.0,2013.0,13.0,ＳＲＣ,２種住居,改装済み,4100.0
5996,西宮北口,5.0,4.0,３ＬＤＫ,80.0,2013.0,13.0,ＳＲＣ,２種住居,未改装,2700.0
5997,西宮北口,5.0,4.0,３ＬＤＫ,80.0,2013.0,13.0,ＳＲＣ,２種住居,未改装,4300.0
5998,西宮北口,6.0,4.0,３ＬＤＫ,95.0,2013.0,2.0,ＲＣ,２種住居,未改装,6200.0
5999,西宮北口,5.0,4.0,３ＬＤＫ,65.0,2013.0,8.0,ＲＣ,２種住居,未改装,3100.0
6000,西宮北口,3.0,4.0,３ＬＤＫ,80.0,2013.0,13.0,ＳＲＣ,２種住居,改装済み,4400.0
6001,西宮北口,3.0,4.0,３ＬＤＫ,80.0,2013.0,13.0,ＳＲＣ,２種住居,改装済み,4500.0
6002,西宮北口,5.0,3.0,２ＬＤＫ,75.0,2013.0,13.0,ＳＲＣ,２種住居,改装済み,4000.0
6003,西宮北口,3.0,4.0,３ＬＤＫ,80.0,2013.0,13.0,ＳＲＣ,２種住居,改装済み,4700.0
6004,西宮北口,3.0,4.0,３ＬＤＫ,80.0,2013.0,13.0,ＳＲＣ,２種住居,改装済み,3800.0
6005,西宮北口,5.0,4.0,３ＬＤＫ,80.0,2013.0,13.0,ＳＲＣ,２種住居,改装済み,4700.0
6006,西宮北口,3.0,3.0,２ＬＤＫ,80.0,2013.0,13.0,ＳＲＣ,２種住居,未改装,4100.0
6007,西宮北口,8.0,5.0,４ＬＤＫ,80.0,2013.0,31.0,ＲＣ,２種住居,未改装,2400.0
6008,西宮北口,3.0,4.0,３ＬＤＫ,80.0,2013.0,13.0,ＳＲＣ,２種住居,未改装,3500.0
6009,西宮北口,3.0,4.0,３ＬＤＫ,80.0,2013.0,13.0,ＳＲＣ,２種住居,未改装,4300.0
6010,西宮北口,3.0,4.0,３ＬＤＫ,80.0,2013.0,13.0,ＳＲＣ,２種住居,未改装,3600.0
6011,門戸厄神,9.0,4.0,３ＬＤＫ,55.0,2013.0,11.0,ＲＣ,１中住専,未改装,2300.0
6012,門戸厄神,11.0,5.0,４ＬＤＫ,80.0,2013.0,13.0,ＲＣ,１中住専,未改装,3100.0
6013,門戸厄神,11.0,4.0,３ＬＤＫ,70.0,2013.0,13.0,ＲＣ,１中住専,未改装,2700.0
6014,西宮(阪神),5.0,4.0,３ＬＤＫ,50.0,2013.0,13.0,ＲＣ,商業,改装済み,2000.0
6015,西宮(阪神),1.0,4.0,３ＬＤＫ,75.0,2013.0,17.0,ＲＣ,商業,未改装,3900.0
6016,西宮(阪神),3.0,2.0,１ＬＤＫ,60.0,2013.0,5.0,ＲＣ,商業,未改装,3000.0
6018,西宮北口,13.0,4.0,３ＬＤＫ,75.0,2009.0,22.0,ＲＣ,１種住居,未改装,1500.0
6019,西宮(ＪＲ),0.0,3.0,２ＬＤＫ,65.0,2009.0,14.0,ＳＲＣ,近隣商業,未改装,2100.0
6020,西宮(ＪＲ),1.0,3.0,２ＬＤＫ,65.0,2009.0,16.0,ＳＲＣ,近隣商業,改装済み,2400.0
6022,西宮(ＪＲ),1.0,3.0,２ＬＤＫ,60.0,2009.0,16.0,ＳＲＣ,近隣商業,未改装,2100.0
6023,香櫨園,14.0,4.0,３ＬＤＫ,80.0,2009.0,37.0,ＲＣ,１種住居,未改装,660.0
6024,香櫨園,12.0,4.0,３ＬＤＫ,95.0,2009.0,6.0,ＲＣ,準工業,未改装,3100.0
6025,香櫨園,13.0,4.0,３ＬＤＫ,85.0,2009.0,6.0,ＲＣ,１種住居,改装済み,3100.0
6026,香櫨園,12.0,5.0,４ＬＤＫ,95.0,2009.0,6.0,ＲＣ,準工業,未改装,3400.0
6027,香櫨園,13.0,4.0,３ＬＤＫ,90.0,2009.0,17.0,ＲＣ,１種住居,未改装,1800.0
6028,香櫨園,13.0,4.0,３ＬＤＫ,110.0,2009.0,17.0,ＲＣ,１種住居,改装済み,3100.0
6029,さくら夙川,22.0,4.0,３ＬＤＫ,60.0,2009.0,28.0,ＳＲＣ,準工業,改装済み,1200.0
6030,甲東園,30.0,3.0,２ＤＫ,65.0,2009.0,29.0,ＲＣ,１中住専,未改装,1200.0
6031,甲陽園,16.0,4.0,３ＬＤＫ,70.0,2009.0,10.0,ＲＣ,１中住専,改装済み,2800.0
6032,甲陽園,19.0,4.0,３ＬＤＫ,70.0,2009.0,29.0,ＲＣ,１中住専,改装済み,1100.0
6033,西宮北口,30.0,4.0,３ＬＤＫ,70.0,2009.0,14.0,ＲＣ,１中住専,未改装,2000.0
6034,西宮北口,30.0,4.0,３ＬＤＫ,70.0,2009.0,14.0,ＲＣ,１中住専,改装済み,1600.0
6035,西宮北口,30.0,5.0,４ＬＤＫ,95.0,2009.0,6.0,ＲＣ,１中住専,未改装,3300.0
6037,仁川,23.0,5.0,４ＬＤＫ,75.0,2009.0,8.0,ＲＣ,１中住専,未改装,2700.0
6038,久寿川,13.0,4.0,３ＬＤＫ,75.0,2009.0,13.0,ＳＲＣ,１種住居,未改装,2300.0
6039,久寿川,5.0,4.0,３ＬＤＫ,65.0,2009.0,14.0,ＲＣ,１種住居,未改装,1700.0
6040,久寿川,13.0,4.0,３ＬＤＫ,70.0,2009.0,13.0,ＲＣ,１種住居,未改装,2400.0
6041,久寿川,10.0,4.0,３ＬＤＫ,60.0,2009.0,12.0,ＳＲＣ,１種住居,未改装,1700.0
6042,門戸厄神,20.0,4.0,３ＬＤＫ,60.0,2009.0,11.0,ＲＣ,１中住専,改装済み,1400.0
6043,甲東園,23.0,4.0,３ＬＤＫ,70.0,2009.0,12.0,ＲＣ,１中住専,未改装,1500.0
6044,甲陽園,18.0,4.0,３ＬＤＫ,80.0,2009.0,15.0,ＲＣ,１中住専,未改装,2300.0
6045,甲陽園,16.0,4.0,３ＬＤＫ,60.0,2009.0,31.0,ＲＣ,１中住専,改装済み,750.0
6046,甲陽園,15.0,4.0,３ＬＤＫ,60.0,2009.0,31.0,ＳＲＣ,１中住専,改装済み,840.0
6047,甲陽園,14.0,4.0,３ＬＤＫ,65.0,2009.0,31.0,ＲＣ,１中住専,未改装,1000.0
6048,甲陽園,16.0,4.0,３ＬＤＫ,60.0,2009.0,31.0,ＳＲＣ,１中住専,未改装,390.0
6049,甲陽園,16.0,4.0,３ＬＤＫ,65.0,2009.0,31.0,ＲＣ,１中住専,未改装,800.0
6050,武庫川団地前,2.0,5.0,４ＬＤＫ,80.0,2009.0,28.0,ＳＲＣ,準工業,改装済み,1700.0
6051,洲先,8.0,4.0,３ＬＤＫ,75.0,2009.0,28.0,ＲＣ,１種住居,改装済み,1300.0
6052,洲先,8.0,5.0,４ＬＤＫ,75.0,2009.0,23.0,ＲＣ,１種住居,未改装,1400.0
6054,武庫川団地前,4.0,5.0,４ＬＤＫ,70.0,2009.0,34.0,ＲＣ,１種住居,未改装,850.0
6055,苦楽園口,16.0,4.0,３ＬＤＫ,75.0,2009.0,4.0,ＲＣ,１中住専,改装済み,3300.0
6056,苦楽園口,18.0,4.0,３ＬＤＫ,55.0,2009.0,34.0,鉄骨造,１低住専,未改装,600.0
6057,苦楽園口,16.0,4.0,３ＬＤＫ,70.0,2009.0,34.0,鉄骨造,１低住専,未改装,1000.0
6058,苦楽園口,17.0,3.0,２ＬＤＫ,60.0,2009.0,34.0,鉄骨造,１低住専,未改装,600.0
6059,夙川,11.0,2.0,１ＬＤＫ,50.0,2009.0,1.0,ＲＣ,１中住専,未改装,2600.0
6060,夙川,11.0,2.0,１ＬＤＫ,55.0,2009.0,1.0,ＲＣ,１中住専,未改装,2800.0
6061,夙川,11.0,2.0,１ＬＤＫ,55.0,2009.0,1.0,ＲＣ,１中住専,未改装,2500.0
6062,香櫨園,14.0,4.0,３ＬＤＫ,65.0,2009.0,9.0,ＲＣ,１種住居,未改装,2000.0
6063,香櫨園,14.0,4.0,３ＬＤＫ,70.0,2009.0,9.0,ＲＣ,１種住居,未改装,2000.0
6064,西宮北口,15.0,4.0,３ＬＤＫ,70.0,2009.0,14.0,ＲＣ,１中住専,改装済み,2400.0
6065,西宮北口,14.0,4.0,３ＬＤＫ,70.0,2009.0,14.0,ＲＣ,１中住専,未改装,1900.0
6066,西宮北口,9.0,4.0,３ＬＤＫ,70.0,2009.0,5.0,ＲＣ,２中住専,未改装,3600.0
6067,西宮北口,9.0,4.0,３ＬＤＫ,70.0,2009.0,12.0,ＲＣ,１種住居,未改装,2700.0
6068,さくら夙川,7.0,1.0,１Ｒ,20.0,2009.0,15.0,ＲＣ,１中住専,未改装,510.0
6069,鳴尾・武庫川女子大前,7.0,5.0,４ＬＤＫ,65.0,2009.0,9.0,ＲＣ,２種住居,未改装,2900.0
6070,鳴尾・武庫川女子大前,8.0,5.0,４ＬＤＫ,85.0,2009.0,7.0,ＲＣ,１中住専,未改装,3300.0
6071,さくら夙川,4.0,4.0,３ＬＤＫ,70.0,2009.0,30.0,ＳＲＣ,近隣商業,改装済み,1900.0
6072,甲東園,14.0,4.0,３ＬＤＫ,70.0,2009.0,32.0,ＳＲＣ,１種住居,未改装,1300.0
6073,苦楽園口,15.0,4.0,３ＬＤＫ,75.0,2009.0,13.0,ＲＣ,１中住専,未改装,2400.0
6074,さくら夙川,20.0,4.0,３ＬＤＫ,85.0,2009.0,6.0,ＲＣ,１中住専,未改装,2900.0
6075,西宮(阪神),18.0,3.0,２ＬＤＫ,60.0,2009.0,5.0,ＲＣ,１中住専,未改装,1500.0
6076,西宮(阪神),19.0,5.0,４ＬＤＫ,90.0,2009.0,6.0,ＲＣ,１中住専,未改装,3400.0
6078,甲東園,7.0,4.0,３ＬＤＫ,65.0,2009.0,9.0,ＲＣ,１低住専,未改装,2900.0
6079,甲東園,4.0,4.0,３ＬＤＫ,75.0,2009.0,8.0,ＲＣ,１中住専,未改装,3600.0
6080,甲東園,5.0,4.0,３ＬＤＫ,70.0,2009.0,8.0,ＲＣ,１中住専,未改装,3400.0
6081,甲東園,7.0,4.0,３ＬＤＫ,65.0,2009.0,9.0,ＲＣ,１低住専,未改装,2600.0
6082,甲東園,7.0,4.0,３ＬＤＫ,65.0,2009.0,9.0,ＲＣ,１低住専,未改装,3000.0
6083,甲陽園,4.0,4.0,３ＬＤＫ,75.0,2009.0,3.0,ＲＣ,１低住専,未改装,3600.0
6084,香櫨園,11.0,4.0,３ＬＤＫ,95.0,2009.0,0.0,ＲＣ,１中住専,未改装,4400.0
6085,香櫨園,10.0,4.0,３ＬＤＫ,65.0,2009.0,9.0,ＲＣ,１中住専,未改装,2100.0
6086,香櫨園,9.0,4.0,３ＬＤＫ,75.0,2009.0,6.0,ＲＣ,１中住専,未改装,3200.0
6087,香櫨園,5.0,3.0,２ＤＫ,50.0,2009.0,11.0,ＲＣ,１中住専,未改装,1500.0
6088,香櫨園,2.0,4.0,３ＬＤＫ,75.0,2009.0,11.0,ＳＲＣ,１中住専,未改装,2600.0
6089,香櫨園,5.0,4.0,３ＤＫ,50.0,2009.0,11.0,ＲＣ,１中住専,改装済み,1700.0
6090,香櫨園,3.0,4.0,３ＬＤＫ,75.0,2009.0,11.0,ＳＲＣ,準住居,未改装,2400.0
6091,香櫨園,4.0,5.0,４ＬＤＫ,95.0,2009.0,20.0,ＲＣ,１中住専,未改装,2700.0
6092,香櫨園,4.0,3.0,２ＤＫ,45.0,2009.0,29.0,ＲＣ,１中住専,未改装,1000.0
6093,香櫨園,2.0,4.0,３ＬＤＫ,60.0,2009.0,11.0,ＳＲＣ,準住居,未改装,2100.0
6094,苦楽園口,8.0,4.0,３ＬＤＫ,70.0,2009.0,9.0,ＲＣ,１中住専,未改装,2900.0
6095,苦楽園口,8.0,4.0,３ＬＤＫ,70.0,2009.0,9.0,ＲＣ,１中住専,未改装,2600.0
6096,甲陽園,9.0,4.0,３ＬＤＫ,70.0,2009.0,9.0,ＲＣ,１種住居,未改装,2900.0
6097,西宮北口,2.0,4.0,３ＬＤＫ,55.0,2009.0,8.0,ＳＲＣ,商業,未改装,5100.0
6098,西宮(阪神),18.0,3.0,２ＬＤＫ,65.0,2009.0,13.0,ＲＣ,準工業,未改装,1500.0
6099,西宮(阪神),12.0,2.0,１ＬＤＫ,65.0,2009.0,35.0,ＳＲＣ,準工業,未改装,800.0
6100,西宮(阪神),11.0,4.0,３ＬＤＫ,55.0,2009.0,35.0,ＳＲＣ,準工業,未改装,800.0
6101,西宮(阪神),17.0,4.0,３ＬＤＫ,65.0,2009.0,13.0,ＲＣ,準工業,未改装,1400.0
6102,甲子園口,10.0,5.0,４ＬＤＫ,80.0,2009.0,32.0,ＲＣ,１中住専,未改装,2100.0
6103,甲子園口,9.0,4.0,３ＬＤＫ,55.0,2009.0,36.0,ＲＣ,１中住専,改装済み,1400.0
6104,甲子園口,7.0,4.0,３ＬＤＫ,75.0,2009.0,3.0,ＲＣ,１中住専,未改装,3200.0
6105,苦楽園口,6.0,3.0,２ＬＤＫ,65.0,2009.0,9.0,ＲＣ,１中住専,未改装,3500.0
6106,苦楽園口,6.0,4.0,３ＬＤＫ,70.0,2009.0,10.0,ＲＣ,１中住専,未改装,3200.0
6107,苦楽園口,6.0,4.0,３ＬＤＫ,75.0,2009.0,9.0,ＲＣ,１中住専,未改装,3600.0
6108,夙川,8.0,4.0,３ＬＤＫ,75.0,2009.0,10.0,ＲＣ,１中住専,未改装,3200.0
6109,甲子園口,16.0,4.0,３ＬＤＫ,65.0,2009.0,8.0,ＲＣ,１種住居,未改装,2900.0
6110,甲子園口,11.0,4.0,３ＬＤＫ,80.0,2009.0,6.0,ＲＣ,１中住専,未改装,3600.0
6111,甲子園,13.0,5.0,４ＬＤＫ,95.0,2009.0,13.0,ＲＣ,１中住専,未改装,4000.0
6112,甲子園,9.0,4.0,３ＬＤＫ,65.0,2009.0,40.0,ＲＣ,２中住専,改装済み,1700.0
6113,甲子園,4.0,4.0,３ＬＤＫ,65.0,2009.0,40.0,ＲＣ,近隣商業,未改装,950.0
6114,甲子園,14.0,3.0,２ＬＤＫ,65.0,2009.0,3.0,ＲＣ,２種住居,未改装,2800.0
6115,甲子園口,7.0,4.0,３ＬＤＫ,70.0,2009.0,11.0,ＲＣ,近隣商業,未改装,3100.0
6116,甲子園,8.0,4.0,３ＬＤＫ,70.0,2009.0,9.0,ＳＲＣ,１種住居,未改装,2300.0
6117,甲子園,9.0,4.0,３ＬＤＫ,65.0,2009.0,7.0,ＲＣ,１種住居,未改装,2300.0
6118,甲子園,6.0,5.0,４ＬＤＫ,55.0,2009.0,23.0,ＳＲＣ,近隣商業,未改装,1400.0
6119,甲子園,8.0,3.0,２ＬＤＫ,65.0,2009.0,8.0,ＲＣ,２中住専,改装済み,2400.0
6120,甲子園,9.0,3.0,２ＬＤＫ,50.0,2009.0,36.0,ＲＣ,近隣商業,未改装,1200.0
6121,甲子園,8.0,4.0,３ＬＤＫ,85.0,2009.0,6.0,ＲＣ,２中住専,未改装,3300.0
6122,甲子園,7.0,4.0,３ＬＤＫ,70.0,2009.0,8.0,ＲＣ,１中住専,未改装,2800.0
6123,甲東園,1.0,3.0,２ＬＤＫ,65.0,2009.0,21.0,ＲＣ,近隣商業,未改装,1900.0
6124,甲東園,2.0,4.0,３ＬＤＫ,65.0,2009.0,9.0,ＲＣ,１中住専,未改装,2700.0
6125,香櫨園,11.0,4.0,３ＬＤＫ,70.0,2009.0,9.0,ＲＣ,近隣商業,未改装,2300.0
6126,甲陽園,1.0,3.0,２ＬＤＫ,80.0,2009.0,9.0,ＲＣ,２低住専,未改装,3400.0
6127,甲陽園,10.0,4.0,３ＬＤＫ,75.0,2009.0,10.0,ＲＣ,１低住専,改装済み,2400.0
6128,甲陽園,9.0,3.0,２ＬＤＫ,110.0,2009.0,10.0,ＲＣ,１低住専,未改装,2500.0
6129,甲陽園,18.0,5.0,４ＬＤＫ,140.0,2009.0,18.0,ＲＣ,１中住専,改装済み,3500.0
6130,甲陽園,18.0,6.0,５ＬＤＫ,140.0,2009.0,18.0,ＲＣ,１中住専,改装済み,3500.0
6131,甲陽園,15.0,4.0,３ＬＤＫ,70.0,2009.0,11.0,ＲＣ,１中住専,未改装,2200.0
6132,甲陽園,4.0,4.0,３ＬＤＫ,65.0,2009.0,10.0,ＲＣ,近隣商業,未改装,2800.0
6133,甲陽園,7.0,4.0,３ＬＤＫ,70.0,2009.0,3.0,ＲＣ,１中住専,未改装,3100.0
6134,甲陽園,3.0,4.0,３ＬＤＫ,75.0,2009.0,32.0,ＳＲＣ,近隣商業,未改装,1200.0
6135,甲陽園,1.0,4.0,３ＬＤＫ,60.0,2009.0,38.0,ＲＣ,近隣商業,改装済み,970.0
6136,甲陽園,3.0,5.0,４ＬＤＫ,75.0,2009.0,32.0,ＳＲＣ,近隣商業,未改装,1900.0
6137,甲陽園,3.0,3.0,２ＬＤＫ,75.0,2009.0,32.0,ＳＲＣ,近隣商業,未改装,1500.0
6138,甲陽園,11.0,5.0,４ＬＤＫ,75.0,2009.0,0.0,ＲＣ,１中住専,未改装,3300.0
6139,甲陽園,11.0,5.0,４ＬＤＫ,110.0,2009.0,19.0,ＲＣ,１中住専,改装済み,2400.0
6140,甲陽園,9.0,4.0,３ＬＤＫ,80.0,2009.0,0.0,ＲＣ,１中住専,未改装,3700.0
6141,甲陽園,13.0,4.0,３ＬＤＫ,80.0,2009.0,0.0,ＲＣ,１中住専,未改装,3600.0
6142,甲子園口,13.0,5.0,４ＬＤＫ,85.0,2009.0,5.0,ＲＣ,１種住居,未改装,3400.0
6143,夙川,6.0,4.0,３ＬＤＫ,70.0,2009.0,4.0,ＲＣ,１種住居,改装済み,3700.0
6144,鳴尾・武庫川女子大前,2.0,2.0,１ＬＤＫ,70.0,2009.0,18.0,ＲＣ,１種住居,未改装,1500.0
6145,さくら夙川,4.0,4.0,３ＬＤＫ,55.0,2009.0,9.0,ＲＣ,近隣商業,未改装,2100.0
6147,西宮(阪神),3.0,4.0,３ＬＤＫ,65.0,2009.0,11.0,ＳＲＣ,近隣商業,改装済み,2500.0
6148,生瀬,17.0,4.0,３ＬＤＫ,80.0,2009.0,17.0,ＲＣ,１中住専,未改装,850.0
6149,西宮名塩,8.0,4.0,３ＬＤＫ,75.0,2009.0,10.0,ＲＣ,１中住専,未改装,1400.0
6150,苦楽園口,9.0,5.0,４ＬＤＫ,85.0,2009.0,4.0,ＲＣ,１中住専,未改装,3000.0
6151,苦楽園口,15.0,4.0,３ＬＤＫ,65.0,2009.0,9.0,ＲＣ,１中住専,未改装,2100.0
6152,苦楽園口,8.0,4.0,３ＬＤＫ,75.0,2009.0,4.0,ＲＣ,１中住専,改装済み,3000.0
6153,香櫨園,11.0,4.0,３ＬＤＫ,85.0,2009.0,13.0,ＲＣ,１中住専,改装済み,2900.0
6154,香櫨園,14.0,4.0,３ＬＤＫ,75.0,2009.0,2.0,ＲＣ,１中住専,未改装,3300.0
6155,香櫨園,11.0,4.0,３ＬＤＫ,75.0,2009.0,2.0,ＲＣ,１中住専,未改装,3800.0
6156,香櫨園,11.0,4.0,３ＬＤＫ,75.0,2009.0,2.0,ＲＣ,１中住専,未改装,3400.0
6157,甲東園,4.0,3.0,２ＬＤＫ,60.0,2009.0,12.0,ＲＣ,１中住専,未改装,1900.0
6158,苦楽園口,10.0,4.0,３ＬＤＫ,95.0,2009.0,3.0,ＲＣ,１低住専,未改装,5000.0
6159,西宮(阪神),10.0,4.0,３ＬＤＫ,70.0,2009.0,10.0,ＲＣ,近隣商業,未改装,2800.0
6160,苦楽園口,15.0,4.0,３ＬＤＫ,70.0,2009.0,7.0,ＲＣ,１中住専,未改装,2000.0
6161,苦楽園口,18.0,5.0,４ＬＤＫ,75.0,2009.0,8.0,ＲＣ,１中住専,未改装,2100.0
6162,甲陽園,19.0,4.0,３ＬＤＫ,70.0,2009.0,8.0,ＲＣ,１中住専,未改装,2200.0
6163,西宮北口,25.0,3.0,２ＬＤＫ,65.0,2009.0,32.0,ＳＲＣ,１中住専,未改装,800.0
6164,西宮北口,25.0,3.0,２ＬＤＫ,75.0,2009.0,32.0,ＳＲＣ,１中住専,未改装,980.0
6165,西宮北口,11.0,4.0,３ＬＤＫ,60.0,2009.0,36.0,ＲＣ,１中住専,未改装,850.0
6166,西宮北口,11.0,4.0,３ＬＤＫ,60.0,2009.0,33.0,ＲＣ,１中住専,未改装,1100.0
6167,武庫川団地前,9.0,4.0,３ＬＤＫ,80.0,2009.0,13.0,ＲＣ,１中住専,未改装,2100.0
6168,武庫川団地前,10.0,4.0,３ＬＤＫ,70.0,2009.0,26.0,ＳＲＣ,１中住専,未改装,1400.0
6169,武庫川団地前,10.0,4.0,３ＬＤＫ,70.0,2009.0,26.0,ＳＲＣ,１中住専,改装済み,1400.0
6170,武庫川団地前,5.0,4.0,３ＬＤＫ,75.0,2009.0,18.0,ＲＣ,１中住専,未改装,1800.0
6171,武庫川団地前,10.0,3.0,２ＬＤＫ,75.0,2009.0,26.0,ＳＲＣ,１中住専,未改装,1100.0
6172,武庫川団地前,12.0,4.0,３ＬＤＫ,70.0,2009.0,19.0,ＳＲＣ,１中住専,改装済み,1400.0
6173,武庫川団地前,7.0,4.0,３ＬＤＫ,80.0,2009.0,7.0,ＲＣ,１中住専,未改装,2100.0
6174,武庫川団地前,9.0,4.0,３ＬＤＫ,95.0,2009.0,24.0,ＳＲＣ,１中住専,改装済み,1700.0
6175,武庫川団地前,8.0,4.0,３ＬＤＫ,95.0,2009.0,26.0,ＳＲＣ,１中住専,改装済み,1700.0
6176,夙川,12.0,4.0,３ＬＤＫ,75.0,2009.0,41.0,ＲＣ,１中住専,未改装,1300.0
6177,西宮北口,4.0,4.0,３ＬＤＫ,90.0,2009.0,1.0,ＲＣ,商業,未改装,7100.0
6178,西宮北口,10.0,4.0,３ＬＤＫ,75.0,2009.0,10.0,ＳＲＣ,１種住居,未改装,3000.0
6179,甲東園,21.0,4.0,３ＬＤＫ,65.0,2009.0,30.0,ＲＣ,１中住専,改装済み,1400.0
6180,仁川,16.0,5.0,３ＬＤＫ＋Ｓ,75.0,2009.0,23.0,ＲＣ,１中住専,改装済み,1800.0
6181,仁川,15.0,4.0,３ＬＤＫ,75.0,2009.0,6.0,ＲＣ,１中住専,未改装,2900.0
6182,今津(阪神),8.0,4.0,３ＬＤＫ,65.0,2009.0,8.0,ＲＣ,１種住居,未改装,2500.0
6183,西宮(ＪＲ),5.0,4.0,２ＬＤＫ＋Ｓ,65.0,2009.0,15.0,ＲＣ,準工業,未改装,2100.0
6184,西宮(ＪＲ),6.0,3.0,２ＬＤＫ,55.0,2009.0,10.0,ＲＣ,近隣商業,未改装,1800.0
6185,西宮(ＪＲ),5.0,5.0,４ＬＤＫ,80.0,2009.0,15.0,ＲＣ,準工業,未改装,2900.0
6186,西宮(ＪＲ),8.0,4.0,３ＬＤＫ,65.0,2009.0,8.0,ＲＣ,準工業,未改装,2400.0
6187,西宮(ＪＲ),6.0,4.0,３ＬＤＫ,70.0,2009.0,10.0,ＲＣ,近隣商業,未改装,2400.0
6188,西宮(ＪＲ),3.0,4.0,３ＬＤＫ,65.0,2009.0,14.0,ＲＣ,準工業,未改装,2500.0
6189,今津(阪神),2.0,4.0,３ＬＤＫ,50.0,2009.0,12.0,ＲＣ,商業,未改装,1700.0
6190,今津(阪神),2.0,4.0,３ＬＤＫ,70.0,2009.0,5.0,ＲＣ,近隣商業,未改装,2700.0
6191,今津(阪神),2.0,2.0,１ＤＫ,25.0,2009.0,20.0,ＲＣ,商業,改装済み,370.0
6192,今津(阪神),3.0,2.0,１ＤＫ,25.0,2009.0,20.0,ＲＣ,商業,改装済み,390.0
6193,今津(阪神),6.0,4.0,３ＬＤＫ,60.0,2009.0,13.0,ＳＲＣ,１種住居,未改装,1400.0
6194,今津(阪神),6.0,4.0,３ＬＤＫ,55.0,2009.0,13.0,ＳＲＣ,１種住居,未改装,1600.0
6195,西宮(阪神),8.0,4.0,３ＬＤＫ,65.0,2009.0,16.0,ＲＣ,近隣商業,未改装,2400.0
6196,甲子園口,9.0,4.0,３ＬＤＫ,95.0,2009.0,21.0,ＲＣ,１中住専,改装済み,2700.0
6197,西宮(阪神),3.0,3.0,２ＬＤＫ,60.0,2009.0,3.0,ＲＣ,商業,未改装,2600.0
6198,西宮(阪神),3.0,3.0,２ＬＤＫ,65.0,2009.0,9.0,ＳＲＣ,商業,未改装,2600.0
6199,甲子園口,11.0,4.0,３ＬＤＫ,75.0,2009.0,23.0,ＲＣ,１種住居,改装済み,2500.0
6200,甲子園口,12.0,4.0,３ＬＤＫ,65.0,2009.0,11.0,ＳＲＣ,近隣商業,未改装,2300.0
6201,西宮北口,20.0,4.0,３ＬＤＫ,70.0,2009.0,12.0,ＲＣ,１種住居,改装済み,2300.0
6203,西宮名塩,26.0,4.0,３ＬＤＫ,65.0,2009.0,14.0,ＲＣ,１低住専,未改装,270.0
6204,西宮名塩,30.0,4.0,３ＬＤＫ,65.0,2009.0,7.0,ＲＣ,１低住専,未改装,490.0
6205,西宮名塩,30.0,4.0,３ＬＤＫ,65.0,2009.0,14.0,ＲＣ,１低住専,改装済み,450.0
6206,宝塚,9.0,5.0,４ＬＤＫ,105.0,2009.0,5.0,ＲＣ,１種住居,未改装,3400.0
6207,生瀬,13.0,5.0,４ＬＤＫ,75.0,2009.0,12.0,ＳＲＣ,２中住専,未改装,1400.0
6208,生瀬,13.0,4.0,３ＬＤＫ,75.0,2009.0,10.0,ＳＲＣ,２中住専,改装済み,1500.0
6209,生瀬,11.0,5.0,４ＬＤＫ,75.0,2009.0,10.0,ＳＲＣ,２中住専,未改装,1600.0
6210,生瀬,13.0,4.0,３ＬＤＫ,75.0,2009.0,10.0,ＳＲＣ,２中住専,未改装,1700.0
6212,鳴尾・武庫川女子大前,7.0,4.0,３ＬＤＫ,60.0,2009.0,11.0,ＲＣ,２種住居,未改装,1900.0
6213,鳴尾・武庫川女子大前,5.0,3.0,２ＬＤＫ,40.0,2009.0,38.0,鉄骨造,１種住居,未改装,800.0
6214,鳴尾・武庫川女子大前,6.0,4.0,３ＤＫ,40.0,2009.0,38.0,鉄骨造,１種住居,未改装,470.0
6215,鳴尾・武庫川女子大前,5.0,4.0,３ＬＤＫ,75.0,2009.0,6.0,ＲＣ,２種住居,未改装,2700.0
6216,鳴尾・武庫川女子大前,3.0,4.0,３ＬＤＫ,65.0,2009.0,5.0,ＲＣ,近隣商業,未改装,2700.0
6217,鳴尾・武庫川女子大前,7.0,4.0,３ＬＤＫ,65.0,2009.0,9.0,ＲＣ,１種住居,未改装,2500.0
6218,苦楽園口,6.0,2.0,１ＤＫ,40.0,2009.0,1.0,ＲＣ,１中住専,未改装,2500.0
6219,苦楽園口,6.0,2.0,１ＬＤＫ,40.0,2009.0,1.0,ＲＣ,１中住専,未改装,2500.0
6220,苦楽園口,6.0,2.0,１ＬＤＫ,40.0,2009.0,1.0,ＲＣ,１中住専,未改装,2600.0
6221,苦楽園口,6.0,2.0,１ＤＫ,40.0,2009.0,1.0,ＲＣ,１中住専,未改装,2500.0
6222,苦楽園口,7.0,2.0,１ＬＤＫ,40.0,2009.0,1.0,ＲＣ,１中住専,未改装,2600.0
6223,苦楽園口,5.0,2.0,１ＬＤＫ,40.0,2009.0,1.0,ＲＣ,１中住専,未改装,2600.0
6224,苦楽園口,6.0,2.0,１ＬＤＫ,40.0,2009.0,1.0,ＲＣ,１中住専,改装済み,2600.0
6225,夙川,8.0,4.0,３ＬＤＫ,85.0,2009.0,5.0,ＲＣ,１中住専,未改装,4600.0
6226,仁川,10.0,4.0,３ＬＤＫ,90.0,2009.0,21.0,ＲＣ,１低住専,未改装,2700.0
6227,仁川,9.0,4.0,３ＬＤＫ,60.0,2009.0,11.0,ＲＣ,１低住専,未改装,2200.0
6228,西宮(阪神),11.0,2.0,１ＬＤＫ,25.0,2009.0,1.0,ＲＣ,近隣商業,未改装,1800.0
6229,西宮(阪神),9.0,2.0,１Ｋ,25.0,2009.0,1.0,ＲＣ,近隣商業,未改装,2000.0
6230,西宮(阪神),11.0,2.0,１Ｋ,25.0,2009.0,1.0,ＲＣ,近隣商業,未改装,2000.0
6231,西宮(阪神),12.0,2.0,１ＤＫ,25.0,2009.0,1.0,ＲＣ,近隣商業,未改装,1900.0
6232,西宮(阪神),30.0,5.0,４ＬＤＫ,85.0,2009.0,11.0,ＳＲＣ,１中住専,改装済み,2200.0
6233,西宮(阪神),30.0,4.0,３ＬＤＫ,70.0,2009.0,11.0,ＲＣ,１中住専,未改装,1500.0
6234,西宮(阪神),30.0,5.0,４ＬＤＫ,105.0,2009.0,11.0,ＳＲＣ,１中住専,未改装,3100.0
6235,西宮(阪神),30.0,3.0,２ＬＤＫ,150.0,2009.0,5.0,ＳＲＣ,１中住専,改装済み,7300.0
6236,西宮(阪神),30.0,4.0,３ＬＤＫ,75.0,2009.0,10.0,ＳＲＣ,近隣商業,未改装,2300.0
6238,西宮(阪神),30.0,5.0,４ＬＤＫ,85.0,2009.0,11.0,ＳＲＣ,１中住専,改装済み,2600.0
6239,西宮(阪神),30.0,4.0,３ＬＤＫ,70.0,2009.0,11.0,ＳＲＣ,１中住専,改装済み,1800.0
6240,西宮(阪神),30.0,4.0,３ＬＤＫ,150.0,2009.0,5.0,ＳＲＣ,１中住専,未改装,4300.0
6241,西宮(阪神),30.0,4.0,３ＬＤＫ,70.0,2009.0,11.0,ＳＲＣ,１中住専,未改装,1400.0
6242,夙川,2.0,2.0,１ＤＫ,50.0,2009.0,9.0,ＲＣ,近隣商業,改装済み,2400.0
6243,夙川,2.0,4.0,３ＬＤＫ,75.0,2009.0,23.0,ＲＣ,近隣商業,未改装,2100.0
6244,夙川,3.0,4.0,３ＬＤＫ,95.0,2009.0,13.0,ＲＣ,１中住専,未改装,5300.0
6246,西宮(ＪＲ),6.0,4.0,３ＬＤＫ,70.0,2009.0,8.0,ＲＣ,１種住居,未改装,2500.0
6247,西宮(阪神),9.0,5.0,４ＬＤＫ,80.0,2009.0,5.0,ＲＣ,近隣商業,未改装,3200.0
6248,西宮(阪神),8.0,3.0,２ＬＤＫ,60.0,2009.0,12.0,ＲＣ,近隣商業,未改装,2100.0
6249,甲子園,11.0,4.0,３ＬＤＫ,65.0,2009.0,8.0,ＲＣ,１中住専,改装済み,2800.0
6250,西宮(阪神),3.0,4.0,３ＬＤＫ,65.0,2009.0,4.0,ＳＲＣ,商業,未改装,2600.0
6251,西宮(阪神),4.0,4.0,３ＬＤＫ,70.0,2009.0,11.0,ＳＲＣ,商業,未改装,2900.0
6252,西宮(阪神),2.0,4.0,３ＬＤＫ,70.0,2009.0,8.0,ＳＲＣ,商業,未改装,2500.0
6253,西宮(阪神),3.0,4.0,３ＬＤＫ,70.0,2009.0,19.0,ＳＲＣ,商業,未改装,2200.0
6254,西宮(阪神),14.0,5.0,４ＬＤＫ,75.0,2009.0,8.0,ＲＣ,準工業,未改装,2700.0
6255,西宮(阪神),14.0,3.0,２ＬＤＫ,65.0,2009.0,8.0,ＲＣ,準工業,未改装,2900.0
6256,西宮(阪神),6.0,5.0,４ＬＤＫ,80.0,2009.0,9.0,ＳＲＣ,近隣商業,未改装,2600.0
6257,洲先,3.0,4.0,３ＬＤＫ,70.0,2009.0,11.0,ＲＣ,１種住居,未改装,2300.0
6258,東鳴尾,4.0,4.0,３ＬＤＫ,75.0,2009.0,30.0,ＳＲＣ,１種住居,未改装,850.0
6259,東鳴尾,6.0,4.0,３ＬＤＫ,60.0,2009.0,32.0,ＲＣ,１種住居,改装済み,1400.0
6260,今津(阪神),14.0,4.0,３ＬＤＫ,85.0,2009.0,4.0,ＲＣ,準工業,未改装,2800.0
6261,今津(阪神),15.0,4.0,３ＬＤＫ,80.0,2009.0,4.0,ＲＣ,準工業,未改装,2800.0
6262,西宮(阪神),18.0,4.0,３ＬＤＫ,65.0,2009.0,12.0,ＲＣ,準工業,改装済み,2100.0
6263,西宮(阪神),19.0,4.0,３ＬＤＫ,65.0,2009.0,13.0,ＲＣ,準工業,改装済み,1800.0
6264,西宮(阪神),16.0,4.0,３ＬＤＫ,70.0,2009.0,5.0,ＲＣ,準工業,未改装,2100.0
6265,西宮(阪神),16.0,4.0,３ＬＤＫ,55.0,2009.0,12.0,ＲＣ,準工業,改装済み,1300.0
6266,西宮(阪神),20.0,4.0,３ＬＤＫ,60.0,2009.0,13.0,ＲＣ,準工業,改装済み,1600.0
6267,西宮(阪神),18.0,5.0,４ＬＤＫ,90.0,2009.0,5.0,ＲＣ,準工業,未改装,3100.0
6268,西宮(阪神),16.0,4.0,３ＬＤＫ,70.0,2009.0,5.0,ＲＣ,準工業,未改装,2500.0
6269,西宮名塩,4.0,4.0,３ＬＤＫ,80.0,2009.0,15.0,ＲＣ,１中住専,改装済み,2000.0
6270,西宮名塩,15.0,4.0,３ＬＤＫ,90.0,2009.0,15.0,ＲＣ,１中住専,改装済み,1600.0
6271,西宮名塩,8.0,4.0,３ＬＤＫ,95.0,2009.0,15.0,ＲＣ,１中住専,未改装,2000.0
6272,西宮名塩,13.0,4.0,３ＬＤＫ,70.0,2009.0,12.0,ＲＣ,１中住専,改装済み,1400.0
6273,苦楽園口,16.0,4.0,３ＬＤＫ,75.0,2009.0,7.0,ＲＣ,１種住居,未改装,3500.0
6274,苦楽園口,11.0,4.0,３ＬＤＫ,70.0,2009.0,9.0,ＲＣ,１中住専,未改装,2800.0
6275,苦楽園口,14.0,5.0,４ＬＤＫ,90.0,2009.0,11.0,ＲＣ,１中住専,未改装,4100.0
6276,苦楽園口,17.0,4.0,３ＬＤＫ,85.0,2009.0,27.0,ＲＣ,１中住専,未改装,2000.0
6277,門戸厄神,17.0,5.0,４ＬＤＫ,75.0,2009.0,23.0,ＲＣ,１中住専,未改装,1400.0
6278,西宮北口,8.0,4.0,３ＬＤＫ,70.0,2009.0,4.0,ＲＣ,１種住居,未改装,3600.0
6279,西宮北口,6.0,4.0,３ＬＤＫ,70.0,2009.0,11.0,ＲＣ,１中住専,改装済み,3200.0
6280,西宮(阪神),6.0,2.0,１ＬＤＫ,60.0,2009.0,14.0,ＳＲＣ,近隣商業,未改装,1800.0
6281,西宮北口,23.0,5.0,４ＬＤＫ,100.0,2009.0,10.0,ＲＣ,１中住専,未改装,3300.0
6282,西宮北口,4.0,2.0,１Ｋ,15.0,2009.0,22.0,ＲＣ,近隣商業,未改装,300.0
6283,西宮北口,6.0,2.0,１Ｋ,15.0,2009.0,22.0,ＲＣ,近隣商業,未改装,280.0
6284,西宮北口,6.0,2.0,１Ｋ,15.0,2009.0,22.0,ＲＣ,近隣商業,未改装,280.0
6285,門戸厄神,10.0,4.0,３ＬＤＫ,65.0,2009.0,3.0,ＲＣ,１中住専,未改装,3300.0
6286,門戸厄神,5.0,4.0,３ＬＤＫ,65.0,2009.0,3.0,ＲＣ,１中住専,未改装,3300.0
6288,門戸厄神,8.0,5.0,４ＬＤＫ,90.0,2009.0,6.0,ＲＣ,１中住専,未改装,4200.0
6289,甲子園口,6.0,4.0,３ＬＤＫ,120.0,2009.0,41.0,ＲＣ,１中住専,未改装,2300.0
6290,甲子園口,6.0,3.0,２ＬＤＫ,70.0,2009.0,41.0,ＲＣ,１中住専,改装済み,1000.0
6292,苦楽園口,8.0,3.0,２ＬＤＫ,40.0,2009.0,39.0,鉄骨造,１低住専,改装済み,950.0
6293,苦楽園口,8.0,4.0,３ＤＫ,45.0,2009.0,39.0,鉄骨造,１低住専,未改装,600.0
6294,苦楽園口,9.0,3.0,２ＬＤＫ,45.0,2009.0,39.0,鉄骨造,１低住専,未改装,640.0
6295,苦楽園口,4.0,4.0,３ＬＤＫ,70.0,2009.0,9.0,ＲＣ,１種住居,改装済み,3700.0
6296,香櫨園,9.0,5.0,４ＬＤＫ,115.0,2009.0,1.0,ＲＣ,１中住専,未改装,4700.0
6297,夙川,6.0,4.0,３ＬＤＫ,85.0,2009.0,3.0,ＲＣ,１中住専,未改装,6000.0
6298,西宮(ＪＲ),2.0,4.0,３ＬＤＫ,70.0,2009.0,7.0,ＲＣ,近隣商業,未改装,2800.0
6299,西宮(ＪＲ),4.0,4.0,３ＬＤＫ,65.0,2009.0,14.0,ＲＣ,近隣商業,改装済み,1800.0
6300,西宮(ＪＲ),4.0,4.0,３ＬＤＫ,65.0,2009.0,14.0,ＲＣ,近隣商業,改装済み,2500.0
6301,甲子園口,13.0,4.0,３ＬＤＫ,70.0,2009.0,6.0,ＲＣ,１中住専,未改装,3000.0
6302,西宮北口,8.0,4.0,３ＬＤＫ,70.0,2009.0,13.0,ＲＣ,１中住専,未改装,2900.0
6304,西宮北口,7.0,4.0,３ＬＤＫ,70.0,2009.0,13.0,ＲＣ,１中住専,未改装,3200.0
6305,門戸厄神,6.0,4.0,３ＬＤＫ,70.0,2009.0,10.0,ＲＣ,２中住専,未改装,2500.0
6306,西宮北口,7.0,3.0,２ＤＫ,50.0,2009.0,11.0,ＳＲＣ,１中住専,未改装,2200.0
6307,香櫨園,1.0,5.0,４ＬＤＫ,80.0,2009.0,12.0,ＲＣ,１種住居,未改装,3200.0
6308,西宮北口,15.0,3.0,２ＬＤＫ,65.0,2009.0,12.0,ＲＣ,１種住居,未改装,1800.0
6309,門戸厄神,7.0,5.0,４ＬＤＫ,110.0,2009.0,12.0,ＲＣ,１中住専,改装済み,3600.0
6310,門戸厄神,5.0,4.0,３ＬＤＫ,65.0,2009.0,12.0,ＳＲＣ,１中住専,未改装,2900.0
6311,門戸厄神,13.0,4.0,３ＬＤＫ,75.0,2009.0,10.0,ＲＣ,１中住専,未改装,2600.0
6312,門戸厄神,4.0,4.0,３ＬＤＫ,75.0,2009.0,10.0,ＲＣ,１中住専,未改装,3400.0
6313,さくら夙川,8.0,3.0,２ＬＤＫ,55.0,2009.0,10.0,ＲＣ,近隣商業,未改装,2000.0
6314,さくら夙川,8.0,4.0,３ＬＤＫ,75.0,2009.0,10.0,ＲＣ,近隣商業,未改装,3000.0
6315,さくら夙川,4.0,4.0,３ＬＤＫ,75.0,2009.0,11.0,ＲＣ,１中住専,未改装,3300.0
6316,西宮(ＪＲ),18.0,3.0,２ＬＤＫ,55.0,2009.0,12.0,ＳＲＣ,１種住居,未改装,1300.0
6317,岡場,30.0,3.0,２ＬＤＫ,60.0,2009.0,10.0,ＲＣ,１中住専,未改装,280.0
6318,二郎,19.0,5.0,４ＬＤＫ,85.0,2009.0,19.0,ＲＣ,２中住専,未改装,900.0
6319,西宮(阪神),6.0,2.0,１ＤＫ,25.0,2009.0,0.0,ＲＣ,近隣商業,未改装,2000.0
6320,西宮(阪神),8.0,2.0,１Ｋ,25.0,2009.0,0.0,ＲＣ,近隣商業,未改装,1900.0
6322,西宮北口,5.0,4.0,３ＬＤＫ,70.0,2009.0,4.0,ＲＣ,２中住専,未改装,4500.0
6323,西宮北口,7.0,4.0,３ＬＤＫ,80.0,2009.0,27.0,ＲＣ,２種住居,未改装,2100.0
6324,西宮北口,9.0,5.0,４ＬＤＫ,80.0,2009.0,27.0,ＲＣ,２種住居,改装済み,2500.0
6325,西宮北口,3.0,4.0,３ＬＤＫ,80.0,2009.0,9.0,ＳＲＣ,２種住居,未改装,4300.0
6326,西宮(阪神),6.0,5.0,４ＬＤＫ,110.0,2009.0,11.0,ＳＲＣ,近隣商業,未改装,4800.0
6327,西宮(阪神),6.0,4.0,３ＬＤＫ,85.0,2009.0,11.0,ＳＲＣ,近隣商業,改装済み,3700.0
6328,西宮(阪神),5.0,5.0,４ＬＤＫ,105.0,2009.0,11.0,ＳＲＣ,近隣商業,未改装,4200.0
6329,甲子園口,15.0,4.0,３ＬＤＫ,80.0,2009.0,9.0,ＲＣ,１種住居,未改装,3400.0
6330,鳴尾・武庫川女子大前,13.0,4.0,３ＬＤＫ,75.0,2009.0,7.0,ＲＣ,１中住専,未改装,3600.0
6331,鳴尾・武庫川女子大前,13.0,4.0,３ＬＤＫ,75.0,2009.0,15.0,ＲＣ,１種住居,未改装,2500.0
6332,夙川,8.0,4.0,３ＬＤＫ,70.0,2009.0,5.0,ＲＣ,１中住専,未改装,3800.0
6333,門戸厄神,11.0,4.0,３ＬＤＫ,70.0,2009.0,7.0,ＲＣ,準住居,未改装,2500.0
6335,甲子園,4.0,5.0,４ＬＤＫ,95.0,2008.0,20.0,ＲＣ,１中住専,未改装,1800.0
6336,甲子園,4.0,4.0,３ＬＤＫ,80.0,2007.0,19.0,ＲＣ,１中住専,改装済み,1800.0
6337,甲子園,7.0,3.0,２ＤＫ,45.0,2007.0,36.0,ＲＣ,２中住専,未改装,400.0
6338,鳴尾・武庫川女子大前,3.0,5.0,４ＬＤＫ,85.0,2008.0,11.0,ＲＣ,１種住居,未改装,3000.0
6339,西宮(ＪＲ),3.0,2.0,１Ｋ,15.0,2007.0,23.0,ＲＣ,近隣商業,未改装,330.0
6340,西宮(ＪＲ),1.0,4.0,３ＬＤＫ,75.0,2007.0,14.0,ＳＲＣ,近隣商業,未改装,3300.0
6341,西宮(ＪＲ),4.0,4.0,３ＬＤＫ,60.0,2007.0,31.0,ＳＲＣ,近隣商業,改装済み,1500.0
6342,西宮(ＪＲ),4.0,4.0,３ＬＤＫ,60.0,2007.0,31.0,ＳＲＣ,近隣商業,未改装,1100.0
6343,西宮(ＪＲ),3.0,3.0,２ＬＤＫ,55.0,2007.0,31.0,ＳＲＣ,近隣商業,改装済み,1300.0
6344,香櫨園,15.0,5.0,４ＬＤＫ,85.0,2008.0,30.0,ＳＲＣ,準工業,未改装,1800.0
6345,香櫨園,12.0,4.0,３ＬＤＫ,90.0,2008.0,16.0,ＲＣ,準工業,未改装,2700.0
6346,香櫨園,15.0,4.0,３ＬＤＫ,60.0,2008.0,30.0,ＳＲＣ,準工業,改装済み,1400.0
6347,香櫨園,14.0,4.0,３ＬＤＫ,60.0,2008.0,36.0,ＲＣ,１種住居,改装済み,1200.0
6348,香櫨園,14.0,4.0,３ＬＤＫ,60.0,2008.0,30.0,ＳＲＣ,準工業,改装済み,1300.0
6349,香櫨園,16.0,5.0,４ＬＤＫ,80.0,2008.0,3.0,ＲＣ,準工業,未改装,3000.0
6350,香櫨園,18.0,4.0,３ＬＤＫ,80.0,2008.0,3.0,ＲＣ,準住居,未改装,2500.0
6351,香櫨園,13.0,4.0,３ＬＤＫ,85.0,2008.0,16.0,ＲＣ,準工業,改装済み,2800.0
6352,香櫨園,15.0,4.0,３ＬＤＫ,60.0,2008.0,30.0,ＳＲＣ,準工業,未改装,750.0
6353,香櫨園,13.0,4.0,３ＬＤＫ,85.0,2007.0,15.0,ＲＣ,１種住居,未改装,2100.0
6354,香櫨園,15.0,4.0,３ＬＤＫ,65.0,2007.0,5.0,ＲＣ,準工業,未改装,2400.0
6355,香櫨園,13.0,5.0,４ＬＤＫ,85.0,2007.0,29.0,ＳＲＣ,準工業,未改装,1000.0
6356,香櫨園,15.0,5.0,４ＬＤＫ,95.0,2007.0,5.0,ＲＣ,準工業,未改装,3400.0
6357,香櫨園,12.0,4.0,３ＬＤＫ,85.0,2007.0,29.0,ＳＲＣ,準工業,改装済み,2000.0
6358,香櫨園,14.0,3.0,２ＬＤＫ,80.0,2007.0,15.0,ＲＣ,１種住居,未改装,2200.0
6359,香櫨園,13.0,3.0,２ＬＤＫ,65.0,2007.0,15.0,ＲＣ,１種住居,改装済み,2000.0
6360,西宮(阪神),15.0,3.0,２ＬＤＫ,75.0,2008.0,6.0,ＲＣ,準工業,未改装,2900.0
6361,西宮(阪神),21.0,4.0,３ＬＤＫ,60.0,2008.0,30.0,ＳＲＣ,準工業,改装済み,750.0
6362,西宮(阪神),20.0,3.0,２ＬＤＫ,65.0,2008.0,30.0,ＳＲＣ,準工業,改装済み,1400.0
6363,西宮(阪神),16.0,4.0,３ＬＤＫ,70.0,2007.0,5.0,ＲＣ,準工業,未改装,2300.0
6364,甲陽園,24.0,4.0,３ＬＤＫ,70.0,2008.0,28.0,ＲＣ,１中住専,未改装,1500.0
6365,甲陽園,18.0,5.0,４ＬＤＫ,95.0,2007.0,4.0,ＲＣ,１中住専,未改装,3300.0
6366,西宮北口,30.0,4.0,３ＬＤＫ,65.0,2008.0,28.0,ＲＣ,１中住専,未改装,1300.0
6367,西宮北口,23.0,4.0,３ＬＤＫ,70.0,2007.0,27.0,ＲＣ,１中住専,未改装,1300.0
6368,甲東園,23.0,4.0,３ＬＤＫ,70.0,2008.0,13.0,ＲＣ,１中住専,改装済み,1400.0
6369,仁川,18.0,4.0,３ＬＤＫ,70.0,2008.0,31.0,ＲＣ,１中住専,未改装,900.0
6370,仁川,19.0,4.0,３ＬＤＫ,70.0,2007.0,30.0,ＲＣ,１中住専,未改装,1100.0
6371,久寿川,5.0,4.0,３ＬＤＫ,65.0,2007.0,15.0,ＳＲＣ,近隣商業,未改装,1300.0
6372,久寿川,11.0,4.0,３ＬＤＫ,65.0,2007.0,9.0,ＳＲＣ,１種住居,未改装,1800.0
6373,久寿川,13.0,4.0,３ＬＤＫ,60.0,2007.0,9.0,ＳＲＣ,１種住居,未改装,1800.0
6374,久寿川,14.0,5.0,４ＬＤＫ,80.0,2007.0,9.0,ＳＲＣ,１種住居,改装済み,2500.0
6375,久寿川,7.0,4.0,３ＬＤＫ,65.0,2008.0,9.0,ＲＣ,準工業,未改装,2300.0
6376,今津(阪急),4.0,4.0,３ＬＤＫ,75.0,2007.0,18.0,ＲＣ,１種住居,未改装,1800.0
6377,久寿川,19.0,5.0,４ＬＤＫ,80.0,2008.0,25.0,ＲＣ,１種住居,未改装,1500.0
6378,久寿川,18.0,5.0,４ＬＤＫ,90.0,2008.0,25.0,ＲＣ,１種住居,改装済み,1300.0
6379,久寿川,1.0,1.0,１Ｒ,15.0,2007.0,18.0,ＲＣ,近隣商業,改装済み,340.0
6380,甲東園,19.0,5.0,４ＬＤＫ,100.0,2007.0,18.0,ＲＣ,１中住専,未改装,2800.0
6381,門戸厄神,15.0,4.0,３ＬＤＫ,80.0,2008.0,19.0,ＲＣ,１中住専,未改装,1800.0
6382,門戸厄神,24.0,4.0,３ＬＤＫ,60.0,2008.0,10.0,ＲＣ,１中住専,未改装,1600.0
6383,甲東園,23.0,4.0,３ＬＤＫ,65.0,2008.0,12.0,ＲＣ,１中住専,未改装,1600.0
6384,甲東園,23.0,5.0,４ＬＤＫ,85.0,2008.0,11.0,ＲＣ,１中住専,未改装,2600.0
6385,甲陽園,23.0,4.0,３ＬＤＫ,70.0,2008.0,11.0,ＲＣ,１中住専,未改装,1900.0
6386,甲陽園,15.0,4.0,３ＬＤＫ,75.0,2008.0,30.0,ＳＲＣ,１中住専,未改装,650.0
6387,甲陽園,16.0,4.0,３ＬＤＫ,65.0,2008.0,30.0,ＲＣ,１中住専,改装済み,950.0
6388,甲陽園,17.0,3.0,２ＬＤＫ,75.0,2008.0,30.0,ＳＲＣ,１中住専,未改装,1300.0
6389,甲陽園,20.0,3.0,２ＬＤＫ,60.0,2007.0,29.0,ＳＲＣ,１中住専,未改装,800.0
6390,甲陽園,16.0,4.0,３ＬＤＫ,60.0,2007.0,29.0,ＳＲＣ,１中住専,未改装,400.0
6391,洲先,4.0,4.0,３ＬＤＫ,75.0,2007.0,2.0,ＲＣ,１種住居,未改装,2700.0
6393,洲先,9.0,4.0,３ＬＤＫ,75.0,2008.0,27.0,ＲＣ,１種住居,未改装,900.0
6395,洲先,9.0,5.0,４ＬＤＫ,75.0,2007.0,26.0,ＲＣ,１種住居,改装済み,1600.0
6396,鳴尾・武庫川女子大前,14.0,4.0,３ＬＤＫ,70.0,2008.0,7.0,ＲＣ,１種住居,未改装,2300.0
6397,武庫川団地前,3.0,4.0,３ＬＤＫ,70.0,2008.0,33.0,ＲＣ,１種住居,未改装,1000.0
6398,武庫川団地前,3.0,4.0,３ＬＤＫ,70.0,2007.0,32.0,ＲＣ,１種住居,改装済み,980.0
6399,西宮(阪神),5.0,4.0,３ＬＤＫ,65.0,2007.0,6.0,ＲＣ,近隣商業,未改装,1900.0
6400,苦楽園口,16.0,4.0,３ＬＤＫ,55.0,2008.0,33.0,鉄骨造,１低住専,未改装,500.0
6401,苦楽園口,18.0,4.0,３ＬＤＫ,60.0,2008.0,33.0,鉄骨造,１低住専,未改装,580.0
6402,苦楽園口,16.0,4.0,３ＬＤＫ,70.0,2008.0,11.0,ＲＣ,１中住専,改装済み,2900.0
6403,苦楽園口,17.0,4.0,３ＬＤＫ,100.0,2008.0,34.0,ＲＣ,１中住専,未改装,1700.0
6405,苦楽園口,20.0,4.0,３ＬＤＫ,70.0,2007.0,32.0,鉄骨造,１中住専,未改装,680.0
6406,夙川,23.0,5.0,４ＬＤＫ,75.0,2008.0,4.0,ＲＣ,２中住専,未改装,3400.0
6407,夙川,4.0,3.0,２ＬＤＫ,55.0,2007.0,7.0,ＲＣ,１中住専,未改装,2900.0
6408,芦屋(ＪＲ),16.0,4.0,３ＬＤＫ,70.0,2007.0,33.0,ＲＣ,１中住専,未改装,1100.0
6410,夙川,13.0,4.0,３ＬＤＫ,70.0,2008.0,34.0,ＲＣ,１中住専,改装済み,1100.0
6411,夙川,15.0,4.0,３ＬＤＫ,70.0,2008.0,34.0,ＲＣ,１中住専,改装済み,1300.0
6412,夙川,19.0,4.0,３ＬＤＫ,70.0,2007.0,33.0,ＲＣ,１中住専,改装済み,1600.0
6413,夙川,11.0,4.0,３ＬＤＫ,70.0,2007.0,33.0,ＲＣ,１中住専,未改装,900.0
6414,夙川,13.0,3.0,２ＬＤＫ,70.0,2007.0,33.0,ＲＣ,１中住専,改装済み,1200.0
6415,夙川,16.0,4.0,３ＬＤＫ,70.0,2007.0,33.0,ＲＣ,１中住専,改装済み,1200.0
6416,西宮北口,13.0,5.0,３ＬＤＫ＋Ｓ,75.0,2007.0,10.0,ＲＣ,準住居,改装済み,2400.0
6417,香櫨園,15.0,4.0,３ＬＤＫ,75.0,2008.0,24.0,ＲＣ,１種住居,未改装,2400.0
6418,西宮北口,16.0,4.0,３ＬＤＫ,70.0,2008.0,13.0,ＲＣ,１中住専,未改装,3500.0
6419,西宮北口,13.0,4.0,３ＬＤＫ,70.0,2007.0,12.0,ＲＣ,１中住専,未改装,2500.0
6420,西宮北口,17.0,4.0,３ＬＤＫ,75.0,2007.0,12.0,ＲＣ,１中住専,未改装,1800.0
6421,苦楽園口,13.0,5.0,４ＬＤＫ,90.0,2008.0,11.0,ＲＣ,１中住専,未改装,3100.0
6422,鳴尾・武庫川女子大前,6.0,4.0,３ＬＤＫ,75.0,2008.0,6.0,ＲＣ,１中住専,未改装,3900.0
6423,さくら夙川,2.0,5.0,４ＬＤＫ,90.0,2008.0,29.0,ＲＣ,近隣商業,未改装,2100.0
6424,さくら夙川,4.0,3.0,２ＬＤＫ,65.0,2008.0,10.0,ＲＣ,１種住居,未改装,2700.0
6425,さくら夙川,3.0,3.0,２ＬＤＫ,60.0,2008.0,11.0,ＲＣ,１種住居,未改装,2300.0
6426,さくら夙川,3.0,3.0,２ＬＤＫ,60.0,2008.0,29.0,ＳＲＣ,近隣商業,未改装,1500.0
6427,さくら夙川,3.0,3.0,２ＬＤＫ,70.0,2007.0,28.0,ＳＲＣ,近隣商業,未改装,1700.0
6428,さくら夙川,2.0,3.0,２ＬＤＫ,60.0,2007.0,28.0,ＳＲＣ,近隣商業,未改装,1900.0
6429,夙川,7.0,1.0,１Ｒ,15.0,2008.0,24.0,ＲＣ,１中住専,未改装,220.0
6430,夙川,6.0,4.0,３ＬＤＫ,80.0,2008.0,9.0,ＲＣ,１中住専,未改装,4500.0
6431,夙川,8.0,3.0,２ＬＤＫ,65.0,2007.0,10.0,ＲＣ,１中住専,改装済み,4100.0
6432,甲東園,14.0,4.0,３ＬＤＫ,70.0,2008.0,30.0,ＳＲＣ,１種住居,改装済み,1600.0
6433,甲東園,14.0,2.0,１ＬＤＫ,75.0,2008.0,30.0,ＳＲＣ,１種住居,改装済み,1300.0
6434,甲東園,12.0,4.0,３ＬＤＫ,70.0,2007.0,29.0,ＳＲＣ,１種住居,未改装,1400.0
6435,苦楽園口,14.0,5.0,４ＬＤＫ,95.0,2008.0,14.0,ＲＣ,１中住専,未改装,2800.0
6436,苦楽園口,15.0,4.0,３ＬＤＫ,90.0,2008.0,12.0,ＲＣ,１中住専,未改装,3100.0
6437,苦楽園口,13.0,6.0,４ＬＤＫ＋Ｓ,115.0,2007.0,33.0,ＲＣ,１中住専,改装済み,1400.0
6438,甲子園,18.0,4.0,３ＬＤＫ,70.0,2008.0,22.0,ＳＲＣ,準工業,未改装,1700.0
6439,甲子園,16.0,4.0,３ＬＤＫ,70.0,2008.0,22.0,ＲＣ,準工業,未改装,1600.0
6440,甲子園,14.0,4.0,３ＬＤＫ,60.0,2008.0,36.0,鉄骨造,１中住専,未改装,970.0
6441,甲子園,15.0,4.0,３ＬＤＫ,75.0,2008.0,22.0,ＳＲＣ,準工業,未改装,1800.0
6442,甲子園,18.0,3.0,２ＤＫ,40.0,2007.0,35.0,鉄骨造,２中住専,未改装,500.0
6443,甲子園口,21.0,4.0,３ＬＤＫ,70.0,2008.0,22.0,ＲＣ,準工業,改装済み,1700.0
6446,甲子園口,14.0,4.0,３ＬＤＫ,70.0,2008.0,7.0,ＳＲＣ,１種住居,未改装,2900.0
6447,甲子園口,16.0,4.0,３ＬＤＫ,50.0,2008.0,11.0,ＳＲＣ,近隣商業,未改装,1300.0
6448,甲子園口,13.0,3.0,２ＤＫ,45.0,2007.0,35.0,鉄骨造,２中住専,改装済み,1100.0
6449,甲東園,9.0,4.0,３ＬＤＫ,75.0,2008.0,8.0,ＲＣ,１低住専,未改装,3400.0
6450,甲東園,13.0,5.0,４ＬＤＫ,85.0,2008.0,2.0,ＲＣ,１低住専,未改装,4000.0
6451,甲東園,9.0,4.0,３ＬＤＫ,75.0,2007.0,7.0,ＲＣ,１中住専,未改装,3600.0
6452,甲東園,9.0,5.0,４ＬＤＫ,85.0,2007.0,7.0,ＲＣ,１中住専,未改装,3900.0
6453,香櫨園,8.0,4.0,３ＬＤＫ,70.0,2008.0,10.0,ＲＣ,１中住専,改装済み,2700.0
6454,香櫨園,8.0,5.0,４ＬＤＫ,90.0,2008.0,1.0,ＲＣ,１中住専,未改装,5700.0
6455,香櫨園,11.0,5.0,４ＬＤＫ,95.0,2008.0,2.0,ＲＣ,１中住専,未改装,4200.0
6456,香櫨園,11.0,5.0,４ＬＤＫ,100.0,2007.0,9.0,ＲＣ,１中住専,未改装,4000.0
6457,香櫨園,10.0,4.0,３ＬＤＫ,85.0,2007.0,10.0,ＲＣ,１中住専,未改装,3700.0
6458,香櫨園,11.0,3.0,２ＬＤＫ,75.0,2007.0,9.0,ＲＣ,１中住専,未改装,3000.0
6459,香櫨園,10.0,4.0,３ＬＤＫ,80.0,2008.0,2.0,ＲＣ,１中住専,未改装,3600.0
6460,香櫨園,2.0,3.0,２ＬＤＫ,60.0,2008.0,10.0,ＳＲＣ,準住居,改装済み,2200.0
6461,香櫨園,5.0,2.0,１ＤＫ,30.0,2007.0,9.0,ＲＣ,１中住専,未改装,780.0
6463,甲陽園,8.0,4.0,３ＬＤＫ,70.0,2007.0,7.0,ＲＣ,１種住居,未改装,3100.0
6465,西宮北口,1.0,4.0,３ＬＤＫ,70.0,2008.0,7.0,ＳＲＣ,商業,未改装,5000.0
6467,苦楽園口,5.0,4.0,３ＬＤＫ,85.0,2007.0,8.0,ＲＣ,１低住専,未改装,3900.0
6468,西宮(阪神),12.0,5.0,４ＤＫ,65.0,2008.0,34.0,ＳＲＣ,準工業,改装済み,1100.0
6469,西宮(阪神),17.0,4.0,３ＬＤＫ,65.0,2008.0,12.0,ＲＣ,準工業,改装済み,1900.0
6470,西宮(阪神),19.0,4.0,３ＬＤＫ,65.0,2008.0,12.0,ＲＣ,準工業,未改装,1400.0
6471,西宮(阪神),17.0,4.0,３ＬＤＫ,65.0,2007.0,11.0,ＲＣ,準工業,未改装,1600.0
6472,西宮(阪神),8.0,4.0,３ＬＤＫ,65.0,2007.0,33.0,ＳＲＣ,準工業,改装済み,960.0
6473,西宮(阪神),13.0,5.0,３ＬＤＫ＋Ｓ,65.0,2007.0,33.0,ＳＲＣ,準工業,未改装,980.0
6474,甲子園口,7.0,4.0,３ＬＤＫ,75.0,2008.0,1.0,ＲＣ,１中住専,未改装,3700.0
6475,甲子園口,9.0,2.0,１ＬＤＫ,70.0,2008.0,35.0,ＲＣ,１中住専,未改装,1200.0
6476,甲子園口,7.0,4.0,３ＬＤＫ,75.0,2008.0,2.0,ＲＣ,１中住専,未改装,3400.0
6477,甲子園口,9.0,4.0,３ＬＤＫ,70.0,2007.0,34.0,ＲＣ,１中住専,改装済み,1500.0
6478,甲子園口,10.0,4.0,３ＬＤＫ,55.0,2007.0,30.0,ＲＣ,１中住専,未改装,1100.0
6479,甲子園口,9.0,4.0,３ＬＤＫ,70.0,2007.0,34.0,ＲＣ,１中住専,改装済み,1500.0
6480,苦楽園口,15.0,4.0,３ＬＤＫ,85.0,2008.0,34.0,ＲＣ,１低住専,未改装,1400.0
6481,苦楽園口,14.0,4.0,３ＬＤＫ,70.0,2008.0,10.0,ＲＣ,１低住専,未改装,2900.0
6482,苦楽園口,15.0,4.0,３ＬＤＫ,75.0,2008.0,34.0,ＲＣ,１低住専,未改装,1200.0
6483,苦楽園口,13.0,4.0,３ＬＤＫ,75.0,2007.0,9.0,ＲＣ,１低住専,未改装,3300.0
6484,夙川,7.0,4.0,３ＬＤＫ,65.0,2007.0,9.0,ＲＣ,１中住専,未改装,3200.0
6485,夙川,7.0,2.0,１ＬＤＫ,75.0,2007.0,8.0,ＲＣ,１中住専,改装済み,3200.0
6486,甲子園口,11.0,5.0,４ＬＤＫ,85.0,2007.0,7.0,ＲＣ,１中住専,未改装,3700.0
6487,甲子園口,13.0,4.0,３ＬＤＫ,95.0,2007.0,7.0,ＲＣ,１中住専,未改装,4800.0
6488,甲子園口,8.0,4.0,３ＬＤＫ,75.0,2007.0,7.0,ＲＣ,１中住専,未改装,3500.0
6489,甲子園,10.0,5.0,４ＤＫ,70.0,2008.0,39.0,ＲＣ,１中住専,未改装,1600.0
6490,甲子園,8.0,4.0,３ＬＤＫ,75.0,2008.0,11.0,ＲＣ,１中住専,未改装,3800.0
6491,甲子園,6.0,4.0,３ＬＤＫ,85.0,2008.0,11.0,ＲＣ,１中住専,改装済み,3200.0
6492,甲子園,5.0,4.0,３ＬＤＫ,65.0,2008.0,39.0,ＲＣ,近隣商業,改装済み,1400.0
6493,甲子園,5.0,3.0,２ＤＫ,55.0,2008.0,39.0,ＲＣ,近隣商業,改装済み,1100.0
6494,甲子園,5.0,3.0,２ＬＤＫ,55.0,2008.0,39.0,ＲＣ,近隣商業,改装済み,1300.0
6495,甲子園,6.0,4.0,３ＬＤＫ,90.0,2007.0,34.0,ＲＣ,２種住居,改装済み,2100.0
6496,甲子園,16.0,4.0,３ＬＤＫ,65.0,2008.0,31.0,ＲＣ,２種住居,未改装,1100.0
6497,甲子園,23.0,4.0,３ＬＤＫ,65.0,2008.0,31.0,ＲＣ,２種住居,改装済み,1800.0
6498,甲子園,15.0,4.0,３ＬＤＫ,65.0,2008.0,31.0,ＲＣ,２種住居,未改装,1100.0
6499,甲子園,11.0,4.0,３ＬＤＫ,60.0,2008.0,10.0,ＲＣ,１中住専,未改装,2100.0
6500,甲子園,13.0,4.0,３ＬＤＫ,65.0,2007.0,1.0,ＲＣ,２種住居,未改装,2700.0
6501,甲子園,5.0,4.0,３ＬＤＫ,95.0,2007.0,10.0,ＲＣ,１中住専,未改装,2700.0
6502,甲子園口,4.0,5.0,４ＬＤＫ,80.0,2008.0,10.0,ＲＣ,近隣商業,未改装,3000.0
6503,甲子園口,10.0,3.0,２ＬＤＫ,65.0,2008.0,36.0,ＲＣ,１中住専,改装済み,1300.0
6504,甲子園口,7.0,4.0,３ＬＤＫ,75.0,2008.0,7.0,ＲＣ,１中住専,未改装,4200.0
6505,甲子園口,6.0,4.0,３ＬＤＫ,65.0,2008.0,12.0,ＲＣ,近隣商業,改装済み,2600.0
6506,甲子園口,8.0,4.0,３ＬＤＫ,80.0,2007.0,6.0,ＲＣ,１中住専,未改装,4200.0
6507,甲子園口,5.0,3.0,２ＬＤＫ,75.0,2007.0,12.0,ＲＣ,１中住専,未改装,3500.0
6508,甲子園口,1.0,4.0,３ＬＤＫ,90.0,2008.0,10.0,ＳＲＣ,近隣商業,未改装,3800.0
6509,甲子園口,4.0,3.0,２ＬＤＫ,75.0,2008.0,38.0,ＳＲＣ,１中住専,未改装,1700.0
6510,甲子園口,6.0,5.0,４ＬＤＫ,85.0,2008.0,30.0,ＲＣ,１中住専,未改装,2300.0
6511,甲子園口,4.0,4.0,３ＬＤＫ,70.0,2007.0,37.0,ＳＲＣ,１中住専,改装済み,1900.0
6513,甲子園口,4.0,5.0,４ＬＤＫ,130.0,2007.0,7.0,ＲＣ,１中住専,未改装,4100.0
6514,甲子園,6.0,4.0,３ＬＤＫ,60.0,2008.0,22.0,ＳＲＣ,近隣商業,改装済み,2000.0
6515,甲子園,6.0,4.0,３ＬＤＫ,65.0,2008.0,10.0,ＳＲＣ,近隣商業,未改装,1700.0
6516,甲子園,4.0,2.0,１ＬＤＫ,60.0,2007.0,1.0,ＲＣ,近隣商業,未改装,2800.0
6517,甲子園,6.0,4.0,３ＬＤＫ,60.0,2007.0,21.0,ＳＲＣ,近隣商業,未改装,1100.0
6518,甲子園,10.0,3.0,２ＬＤＫ,75.0,2008.0,5.0,ＲＣ,２中住専,未改装,3500.0
6519,甲子園,11.0,4.0,３ＬＤＫ,80.0,2008.0,7.0,ＲＣ,２中住専,改装済み,3300.0
6520,甲子園,11.0,4.0,３ＬＤＫ,70.0,2008.0,7.0,ＲＣ,２中住専,改装済み,3100.0
6521,甲子園,9.0,3.0,２ＬＤＫ,60.0,2007.0,3.0,ＲＣ,近隣商業,未改装,2600.0
6522,甲子園,10.0,4.0,３ＬＤＫ,105.0,2007.0,34.0,ＲＣ,近隣商業,改装済み,2100.0
6523,甲子園,9.0,3.0,２ＬＤＫ,50.0,2007.0,34.0,ＲＣ,近隣商業,未改装,1300.0
6524,久寿川,5.0,4.0,２ＬＤＫ＋Ｓ,60.0,2008.0,8.0,ＲＣ,１種住居,未改装,2200.0
6525,甲東園,1.0,5.0,４ＬＤＫ,85.0,2008.0,20.0,ＲＣ,近隣商業,未改装,3000.0
6526,甲東園,3.0,3.0,２ＬＤＫ,60.0,2008.0,35.0,ＳＲＣ,近隣商業,改装済み,1500.0
6527,甲東園,4.0,4.0,３ＬＤＫ,60.0,2008.0,35.0,ＳＲＣ,近隣商業,未改装,800.0
6528,甲東園,1.0,3.0,２ＤＫ,50.0,2008.0,9.0,ＳＲＣ,近隣商業,改装済み,2100.0
6529,甲東園,2.0,4.0,３ＬＤＫ,85.0,2008.0,35.0,ＳＲＣ,近隣商業,未改装,1500.0
6530,甲東園,2.0,4.0,３ＬＤＫ,75.0,2007.0,34.0,ＳＲＣ,近隣商業,未改装,1800.0
6531,甲東園,3.0,4.0,３ＬＤＫ,65.0,2007.0,7.0,ＲＣ,１中住専,未改装,3100.0
6532,甲東園,3.0,4.0,３ＬＤＫ,70.0,2007.0,34.0,ＳＲＣ,１中住専,改装済み,1400.0
6533,甲東園,2.0,4.0,３ＬＤＫ,60.0,2007.0,9.0,ＲＣ,近隣商業,改装済み,2100.0
6534,甲東園,3.0,4.0,３ＬＤＫ,80.0,2007.0,34.0,ＳＲＣ,近隣商業,未改装,1900.0
6536,香櫨園,8.0,4.0,３ＬＤＫ,70.0,2007.0,7.0,ＲＣ,１中住専,未改装,2600.0
6537,さくら夙川,10.0,4.0,３ＬＤＫ,70.0,2007.0,1.0,ＲＣ,１中住専,未改装,3100.0
6538,甲陽園,13.0,4.0,３ＬＤＫ,75.0,2008.0,9.0,ＲＣ,１低住専,未改装,1100.0
6539,甲陽園,2.0,4.0,３ＬＤＫ,75.0,2008.0,8.0,ＲＣ,２低住専,未改装,3700.0
6540,甲陽園,3.0,4.0,３ＬＤＫ,70.0,2007.0,7.0,ＲＣ,２低住専,未改装,3200.0
6541,甲陽園,2.0,3.0,２ＬＤＫ,70.0,2007.0,7.0,ＲＣ,２低住専,未改装,3600.0
6542,甲陽園,2.0,4.0,３ＬＤＫ,70.0,2007.0,7.0,ＲＣ,２低住専,未改装,3700.0
6543,甲陽園,10.0,4.0,３ＬＤＫ,70.0,2007.0,8.0,ＲＣ,１低住専,改装済み,2600.0
6544,甲陽園,3.0,4.0,３ＬＤＫ,70.0,2007.0,7.0,ＲＣ,１低住専,未改装,3200.0
6546,甲陽園,20.0,5.0,４ＬＤＫ,140.0,2008.0,17.0,ＲＣ,１中住専,未改装,2800.0
6547,甲陽園,18.0,4.0,３ＬＤＫ,70.0,2008.0,10.0,ＲＣ,１中住専,改装済み,2600.0
6548,甲陽園,7.0,3.0,２ＬＤＫ,75.0,2008.0,2.0,ＲＣ,１中住専,未改装,3100.0
6549,甲陽園,10.0,4.0,３ＬＤＫ,70.0,2007.0,11.0,ＲＣ,１中住専,未改装,2100.0
6550,甲陽園,3.0,3.0,２ＬＤＫ,75.0,2008.0,31.0,ＳＲＣ,近隣商業,未改装,1500.0
6551,甲陽園,3.0,4.0,３ＬＤＫ,85.0,2008.0,20.0,ＲＣ,近隣商業,未改装,2900.0
6552,甲陽園,3.0,5.0,４ＬＤＫ,75.0,2007.0,30.0,ＳＲＣ,近隣商業,未改装,1600.0
6553,甲陽園,1.0,2.0,１ＬＤＫ,50.0,2007.0,36.0,ＲＣ,近隣商業,未改装,890.0
6554,甲陽園,4.0,4.0,３ＬＤＫ,70.0,2008.0,8.0,ＲＣ,１中住専,未改装,3000.0
6555,苦楽園口,19.0,4.0,３ＬＤＫ,75.0,2007.0,11.0,ＲＣ,１中住専,未改装,1800.0
6556,甲陽園,9.0,4.0,３ＬＤＫ,75.0,2008.0,12.0,ＲＣ,１中住専,改装済み,1800.0
6557,甲陽園,10.0,4.0,３ＬＤＫ,70.0,2007.0,11.0,ＲＣ,１中住専,改装済み,1700.0
6558,西宮(阪神),17.0,4.0,３ＬＤＫ,70.0,2008.0,10.0,ＲＣ,１中住専,未改装,2300.0
6559,甲子園口,13.0,4.0,３ＬＤＫ,75.0,2008.0,4.0,ＲＣ,２中住専,改装済み,3200.0
6560,夙川,6.0,4.0,３ＬＤＫ,70.0,2008.0,3.0,ＲＣ,１種住居,未改装,3800.0
6561,夙川,4.0,4.0,３ＬＤＫ,70.0,2007.0,7.0,ＲＣ,１種住居,未改装,4200.0
6562,武庫川,13.0,5.0,４ＬＤＫ,85.0,2008.0,4.0,ＲＣ,２中住専,未改装,3200.0
6563,鳴尾・武庫川女子大前,10.0,3.0,２ＬＤＫ,55.0,2008.0,36.0,ＳＲＣ,１種住居,未改装,990.0
6564,鳴尾・武庫川女子大前,9.0,3.0,２ＬＤＫ,55.0,2008.0,36.0,ＳＲＣ,１種住居,未改装,900.0
6565,鳴尾・武庫川女子大前,9.0,3.0,２ＬＤＫ,55.0,2008.0,36.0,ＳＲＣ,１種住居,改装済み,1100.0
6566,鳴尾・武庫川女子大前,8.0,4.0,３ＬＤＫ,55.0,2008.0,18.0,ＲＣ,１種住居,改装済み,1900.0
6567,鳴尾・武庫川女子大前,9.0,3.0,２ＬＤＫ,55.0,2007.0,35.0,ＳＲＣ,１種住居,未改装,1000.0
6568,鳴尾・武庫川女子大前,9.0,3.0,２ＬＤＫ,60.0,2007.0,35.0,ＳＲＣ,１種住居,改装済み,1000.0
6569,武庫川,9.0,4.0,３ＬＤＫ,55.0,2007.0,17.0,ＲＣ,１種住居,未改装,1400.0
6570,武庫川,7.0,4.0,３ＬＤＫ,85.0,2008.0,4.0,ＲＣ,１種住居,未改装,3200.0
6571,苦楽園口,10.0,4.0,３ＬＤＫ,100.0,2008.0,4.0,ＲＣ,１低住専,未改装,6800.0
6572,苦楽園口,9.0,3.0,２ＬＤＫ,100.0,2008.0,4.0,ＲＣ,１低住専,改装済み,6900.0
6573,苦楽園口,10.0,4.0,３ＬＤＫ,80.0,2007.0,7.0,ＲＣ,１低住専,未改装,3900.0
6574,甲陽園,9.0,5.0,４ＬＤＫ,110.0,2008.0,17.0,ＲＣ,１中住専,未改装,3400.0
6575,さくら夙川,3.0,4.0,２ＬＤＫ＋Ｓ,60.0,2008.0,8.0,ＲＣ,近隣商業,未改装,2000.0
6576,生瀬,13.0,3.0,２ＬＤＫ,70.0,2008.0,16.0,ＲＣ,１中住専,未改装,780.0
6577,甲陽園,11.0,4.0,３ＬＤＫ,70.0,2008.0,4.0,ＲＣ,１中住専,未改装,3400.0
6578,夙川,6.0,4.0,３ＬＤＫ,80.0,2008.0,12.0,ＲＣ,１中住専,未改装,3500.0
6579,香櫨園,11.0,4.0,３ＬＤＫ,75.0,2007.0,0.0,ＲＣ,１中住専,未改装,3800.0
6580,香櫨園,13.0,4.0,３ＬＤＫ,70.0,2007.0,0.0,ＲＣ,１中住専,未改装,3800.0
6581,香櫨園,10.0,4.0,３ＬＤＫ,75.0,2007.0,10.0,ＲＣ,１中住専,未改装,2600.0
6583,西宮(阪神),10.0,5.0,４ＬＤＫ,85.0,2007.0,12.0,ＲＣ,近隣商業,未改装,3100.0
6584,甲東園,2.0,4.0,３ＬＤＫ,70.0,2008.0,9.0,ＲＣ,近隣商業,未改装,3800.0
6585,苦楽園口,11.0,4.0,３ＬＤＫ,70.0,2008.0,6.0,ＲＣ,１低住専,未改装,3400.0
6586,苦楽園口,11.0,4.0,３ＬＤＫ,85.0,2007.0,5.0,ＲＣ,１低住専,未改装,4400.0
6587,甲陽園,11.0,4.0,３ＬＤＫ,65.0,2008.0,7.0,ＲＣ,１低住専,未改装,1500.0
6588,甲陽園,12.0,4.0,３ＬＤＫ,70.0,2008.0,9.0,ＲＣ,１低住専,未改装,2800.0
6589,夙川,13.0,4.0,３ＬＤＫ,70.0,2008.0,10.0,ＲＣ,近隣商業,未改装,2300.0
6590,甲陽園,17.0,4.0,３ＬＤＫ,85.0,2008.0,5.0,ＲＣ,１低住専,未改装,3600.0
6591,西宮(ＪＲ),8.0,4.0,３ＬＤＫ,70.0,2007.0,10.0,ＲＣ,近隣商業,改装済み,2500.0
6592,西宮(阪神),6.0,4.0,３ＬＤＫ,70.0,2008.0,11.0,ＲＣ,近隣商業,改装済み,2600.0
6593,苦楽園口,13.0,5.0,４ＬＤＫ,80.0,2008.0,12.0,ＲＣ,１中住専,未改装,2100.0
6594,苦楽園口,19.0,4.0,３ＬＤＫ,80.0,2008.0,7.0,ＲＣ,１中住専,未改装,2700.0
6595,苦楽園口,12.0,4.0,３ＬＤＫ,70.0,2008.0,7.0,ＲＣ,１中住専,未改装,2300.0
6596,苦楽園口,15.0,4.0,３ＬＤＫ,75.0,2007.0,30.0,ＲＣ,１中住専,未改装,700.0
6597,苦楽園口,14.0,4.0,３ＬＤＫ,60.0,2007.0,30.0,ＲＣ,１中住専,未改装,1300.0
6598,甲陽園,14.0,4.0,３ＬＤＫ,75.0,2007.0,6.0,ＲＣ,１中住専,未改装,1900.0
6599,西宮北口,25.0,4.0,３ＬＤＫ,60.0,2007.0,30.0,ＳＲＣ,１中住専,未改装,880.0
6600,西宮北口,10.0,4.0,３ＬＤＫ,70.0,2008.0,5.0,ＲＣ,１中住専,未改装,4300.0
6601,西宮北口,15.0,3.0,２ＬＤＫ,65.0,2007.0,5.0,ＲＣ,１中住専,未改装,3100.0
6602,甲陽園,16.0,3.0,２ＬＤＫ,65.0,2008.0,19.0,ＲＣ,１中住専,未改装,1200.0
6603,甲陽園,29.0,5.0,４ＬＤＫ,75.0,2007.0,22.0,ＲＣ,１中住専,未改装,1600.0
6604,西宮北口,25.0,4.0,３ＬＤＫ,70.0,2008.0,19.0,ＲＣ,１中住専,未改装,1300.0
6605,西宮北口,26.0,5.0,４ＬＤＫ,90.0,2007.0,18.0,ＲＣ,１中住専,未改装,2000.0
6606,門戸厄神,24.0,4.0,３ＬＤＫ,75.0,2007.0,22.0,ＲＣ,１中住専,改装済み,1500.0
6607,門戸厄神,15.0,5.0,４ＬＤＫ,115.0,2007.0,22.0,ＲＣ,１中住専,改装済み,2700.0
6608,武庫川団地前,10.0,4.0,３ＬＤＫ,70.0,2008.0,25.0,ＳＲＣ,１中住専,改装済み,1400.0
6609,武庫川団地前,13.0,3.0,２ＬＤＫ,65.0,2008.0,23.0,ＳＲＣ,１中住専,改装済み,1100.0
6610,武庫川団地前,13.0,4.0,３ＬＤＫ,95.0,2008.0,23.0,ＳＲＣ,１中住専,改装済み,1600.0
6611,武庫川団地前,8.0,5.0,４ＬＤＫ,95.0,2008.0,12.0,ＲＣ,１中住専,改装済み,2700.0
6612,武庫川団地前,6.0,4.0,３ＬＤＫ,75.0,2008.0,17.0,ＲＣ,１中住専,未改装,1500.0
6613,武庫川団地前,9.0,4.0,３ＬＤＫ,65.0,2008.0,23.0,ＳＲＣ,１中住専,改装済み,1800.0
6614,武庫川団地前,13.0,5.0,４ＬＤＫ,95.0,2008.0,18.0,ＳＲＣ,１中住専,未改装,1800.0
6615,武庫川団地前,6.0,4.0,３ＬＤＫ,95.0,2008.0,25.0,ＳＲＣ,１中住専,改装済み,1900.0
6616,武庫川団地前,6.0,5.0,４ＬＤＫ,95.0,2008.0,8.0,ＲＣ,１中住専,未改装,2500.0
6617,武庫川団地前,3.0,4.0,３ＬＤＫ,80.0,2008.0,16.0,ＲＣ,１中住専,未改装,2000.0
6618,武庫川団地前,5.0,4.0,３ＬＤＫ,80.0,2007.0,15.0,ＲＣ,１中住専,未改装,1700.0
6619,武庫川団地前,10.0,5.0,４ＬＤＫ,95.0,2007.0,17.0,ＳＲＣ,１中住専,未改装,2600.0
6620,武庫川団地前,9.0,4.0,３ＬＤＫ,70.0,2007.0,24.0,ＳＲＣ,１中住専,未改装,1100.0
6621,武庫川団地前,4.0,4.0,３ＬＤＫ,80.0,2007.0,15.0,ＲＣ,１中住専,未改装,1600.0
6622,武庫川団地前,6.0,5.0,４ＬＤＫ,85.0,2007.0,3.0,ＲＣ,１中住専,未改装,2700.0
6623,武庫川団地前,8.0,4.0,３ＬＤＫ,80.0,2007.0,5.0,ＲＣ,１中住専,未改装,2200.0
6624,武庫川団地前,11.0,5.0,４ＬＤＫ,65.0,2007.0,22.0,ＳＲＣ,１中住専,未改装,1200.0
6625,夙川,11.0,3.0,２ＬＤＫ,60.0,2008.0,43.0,ＲＣ,１中住専,改装済み,1100.0
6626,夙川,9.0,3.0,２ＬＤＫ,60.0,2008.0,27.0,ＲＣ,１低住専,未改装,500.0
6627,西宮(ＪＲ),15.0,3.0,２ＬＤＫ,60.0,2007.0,32.0,ＳＲＣ,工業,改装済み,1200.0
6628,西宮北口,13.0,4.0,３ＬＤＫ,60.0,2008.0,33.0,ＳＲＣ,準工業,未改装,1300.0
6629,西宮北口,11.0,3.0,２ＬＤＫ,65.0,2007.0,8.0,ＲＣ,準工業,未改装,2300.0
6630,阪神国道,13.0,4.0,３ＬＤＫ,65.0,2007.0,32.0,ＳＲＣ,準工業,未改装,1200.0
6631,西宮北口,3.0,5.0,４ＬＤＫ,85.0,2008.0,8.0,ＳＲＣ,商業,未改装,4300.0
6632,西宮北口,11.0,4.0,３ＬＤＫ,75.0,2008.0,9.0,ＳＲＣ,１種住居,未改装,2800.0
6633,西宮北口,7.0,5.0,４ＬＤＫ,75.0,2008.0,3.0,ＲＣ,１種住居,未改装,3900.0
6634,香櫨園,9.0,3.0,２ＬＤＫ,60.0,2008.0,10.0,ＲＣ,１種住居,未改装,2100.0
6635,香櫨園,9.0,4.0,３ＬＤＫ,60.0,2007.0,10.0,ＲＣ,準工業,未改装,1500.0
6636,香櫨園,11.0,5.0,４ＬＤＫ,70.0,2007.0,10.0,ＲＣ,準工業,改装済み,2700.0
6637,西宮(阪神),1.0,3.0,２ＬＤＫ,80.0,2008.0,5.0,ＲＣ,商業,未改装,4600.0
6638,西宮(阪神),1.0,4.0,３ＬＤＫ,75.0,2007.0,1.0,ＲＣ,商業,未改装,4300.0
6639,甲東園,16.0,3.0,２ＬＤＫ,65.0,2008.0,29.0,ＲＣ,１中住専,未改装,830.0
6640,仁川,7.0,3.0,２ＬＤＫ,60.0,2008.0,0.0,ＲＣ,２中住専,未改装,3000.0
6641,仁川,7.0,4.0,３ＬＤＫ,70.0,2008.0,0.0,ＲＣ,２中住専,未改装,3700.0
6642,仁川,7.0,5.0,４ＬＤＫ,85.0,2008.0,0.0,ＲＣ,２中住専,未改装,4300.0
6643,仁川,9.0,4.0,３ＬＤＫ,65.0,2007.0,23.0,ＲＣ,１中住専,未改装,1200.0
6644,仁川,11.0,5.0,４ＬＤＫ,65.0,2007.0,23.0,ＲＣ,１中住専,改装済み,1800.0
6645,仁川,16.0,4.0,３ＬＤＫ,70.0,2007.0,21.0,ＲＣ,１中住専,未改装,1600.0
6646,仁川,14.0,4.0,３ＬＤＫ,70.0,2007.0,4.0,ＲＣ,１中住専,改装済み,2600.0
6647,阪神国道,2.0,4.0,３ＬＤＫ,70.0,2008.0,12.0,ＲＣ,近隣商業,未改装,2500.0
6648,今津(阪神),12.0,4.0,３ＬＤＫ,65.0,2008.0,7.0,ＲＣ,工業,未改装,2000.0
6649,阪神国道,9.0,3.0,２ＬＤＫ,65.0,2008.0,7.0,ＲＣ,工業,未改装,2500.0
6650,西宮(ＪＲ),3.0,4.0,３ＬＤＫ,65.0,2008.0,13.0,ＲＣ,準工業,未改装,2900.0
6651,西宮(ＪＲ),5.0,4.0,３ＬＤＫ,65.0,2008.0,14.0,ＲＣ,準工業,未改装,2200.0
6652,西宮(ＪＲ),3.0,4.0,３ＬＤＫ,65.0,2007.0,12.0,ＲＣ,準工業,未改装,3100.0
6653,西宮(ＪＲ),5.0,4.0,３ＬＤＫ,65.0,2007.0,8.0,ＲＣ,工業,未改装,2500.0
6654,阪神国道,3.0,4.0,３ＬＤＫ,75.0,2008.0,7.0,ＲＣ,準工業,未改装,3100.0
6655,阪神国道,3.0,4.0,３ＬＤＫ,70.0,2007.0,6.0,ＲＣ,準工業,未改装,2700.0
6656,今津(阪神),1.0,4.0,３ＬＤＫ,60.0,2008.0,4.0,ＲＣ,商業,改装済み,2200.0
6657,今津(阪神),2.0,4.0,３ＬＤＫ,55.0,2007.0,10.0,ＲＣ,近隣商業,未改装,1600.0
6659,今津(阪神),1.0,4.0,３ＬＤＫ,60.0,2008.0,8.0,ＳＲＣ,商業,未改装,2100.0
6660,今津(阪神),3.0,2.0,１ＤＫ,25.0,2007.0,18.0,ＲＣ,商業,改装済み,420.0
6661,今津(阪神),9.0,3.0,２ＬＤＫ,60.0,2008.0,12.0,ＳＲＣ,準工業,未改装,1400.0
6662,今津(阪神),8.0,4.0,３ＬＤＫ,60.0,2007.0,11.0,ＳＲＣ,１種住居,未改装,1700.0
6663,西宮(ＪＲ),7.0,3.0,２ＬＤＫ,60.0,2007.0,18.0,ＳＲＣ,１種住居,未改装,1100.0
6664,甲子園口,7.0,5.0,４ＬＤＫ,95.0,2008.0,21.0,ＲＣ,１中住専,未改装,2800.0
6665,甲子園口,7.0,4.0,３ＬＤＫ,70.0,2007.0,6.0,ＲＣ,１中住専,未改装,3000.0
6666,西宮(阪神),7.0,3.0,２ＬＤＫ,60.0,2007.0,9.0,ＲＣ,近隣商業,未改装,2300.0
6667,甲子園口,8.0,3.0,２ＬＤＫ,60.0,2008.0,36.0,ＲＣ,１中住専,改装済み,1500.0
6668,甲子園口,8.0,4.0,３ＬＤＫ,65.0,2007.0,35.0,ＲＣ,１中住専,未改装,1200.0
6669,西宮(阪神),3.0,3.0,２ＬＤＫ,65.0,2008.0,8.0,ＳＲＣ,商業,未改装,2300.0
6670,西宮(阪神),3.0,4.0,３ＬＤＫ,60.0,2007.0,7.0,ＳＲＣ,商業,未改装,1800.0
6672,甲子園口,9.0,4.0,３ＬＤＫ,75.0,2007.0,3.0,ＲＣ,１種住居,未改装,3500.0
6673,香櫨園,4.0,5.0,４ＬＤＫ,85.0,2008.0,6.0,ＲＣ,１中住専,未改装,3700.0
6674,西宮(ＪＲ),10.0,4.0,３ＬＤＫ,60.0,2007.0,3.0,ＲＣ,１種住居,未改装,2600.0
6675,西宮(ＪＲ),19.0,4.0,３ＬＤＫ,70.0,2008.0,11.0,ＲＣ,１種住居,改装済み,2500.0
6676,西宮北口,17.0,4.0,３ＬＤＫ,65.0,2008.0,11.0,ＲＣ,１種住居,未改装,2100.0
6677,西宮北口,20.0,4.0,３ＬＤＫ,70.0,2007.0,10.0,ＲＣ,１種住居,未改装,2100.0
6678,西宮名塩,5.0,5.0,４ＬＤＫ,95.0,2008.0,2.0,ＲＣ,近隣商業,未改装,2700.0
6679,生瀬,13.0,5.0,４ＬＤＫ,95.0,2008.0,4.0,ＲＣ,１種住居,未改装,2800.0
6680,宝塚,14.0,4.0,３ＬＤＫ,70.0,2007.0,10.0,ＳＲＣ,２中住専,改装済み,1800.0
6681,生瀬,13.0,4.0,３ＬＤＫ,75.0,2007.0,8.0,ＳＲＣ,２中住専,改装済み,1700.0
6682,鳴尾・武庫川女子大前,7.0,3.0,２ＤＫ,40.0,2008.0,43.0,鉄骨造,１種住居,未改装,590.0
6683,鳴尾・武庫川女子大前,6.0,4.0,３ＬＤＫ,65.0,2008.0,11.0,ＲＣ,２種住居,未改装,2700.0
6684,鳴尾・武庫川女子大前,5.0,4.0,３ＬＤＫ,80.0,2007.0,10.0,ＲＣ,近隣商業,未改装,2800.0
6685,仁川,12.0,4.0,３ＬＤＫ,70.0,2008.0,11.0,ＲＣ,１中住専,改装済み,2800.0
6686,仁川,9.0,4.0,３ＬＤＫ,55.0,2008.0,10.0,ＲＣ,１低住専,未改装,1900.0
6687,仁川,11.0,4.0,３ＤＫ,55.0,2008.0,10.0,ＲＣ,１低住専,未改装,1900.0
6688,仁川,4.0,5.0,４ＬＤＫ,85.0,2008.0,6.0,ＲＣ,１中住専,未改装,3600.0
6689,仁川,14.0,4.0,３ＬＤＫ,60.0,2007.0,11.0,ＲＣ,１低住専,未改装,2200.0
6690,西宮(阪神),9.0,2.0,１ＬＤＫ,25.0,2008.0,0.0,ＲＣ,近隣商業,未改装,2000.0
6691,西宮(阪神),9.0,2.0,１Ｋ,25.0,2008.0,0.0,ＲＣ,近隣商業,未改装,2000.0
6692,打出,30.0,5.0,４ＬＤＫ,85.0,2007.0,9.0,ＳＲＣ,１中住専,改装済み,2800.0
6693,西宮(阪神),30.0,4.0,３ＬＤＫ,70.0,2008.0,10.0,ＲＣ,１中住専,改装済み,1700.0
6694,西宮(阪神),30.0,4.0,３ＬＤＫ,70.0,2008.0,10.0,ＳＲＣ,１中住専,未改装,1700.0
6695,西宮(阪神),30.0,4.0,３ＬＤＫ,100.0,2008.0,4.0,ＳＲＣ,１中住専,未改装,3000.0
6696,西宮(阪神),30.0,3.0,２ＬＤＫ,70.0,2008.0,10.0,ＳＲＣ,１中住専,未改装,1600.0
6697,西宮(阪神),30.0,4.0,３ＬＤＫ,70.0,2008.0,10.0,ＳＲＣ,１中住専,未改装,1500.0
6698,西宮(阪神),30.0,3.0,２ＬＤＫ,65.0,2008.0,10.0,ＳＲＣ,１中住専,改装済み,1800.0
6699,西宮(阪神),30.0,4.0,３ＬＤＫ,80.0,2008.0,10.0,ＳＲＣ,１中住専,未改装,2100.0
6700,西宮(阪神),30.0,4.0,３ＬＤＫ,70.0,2008.0,10.0,ＳＲＣ,１中住専,未改装,1800.0
6701,西宮(阪神),30.0,5.0,４ＬＤＫ,80.0,2008.0,10.0,ＲＣ,１中住専,未改装,2100.0
6702,西宮(阪神),30.0,5.0,４ＬＤＫ,90.0,2008.0,10.0,ＲＣ,１中住専,未改装,2800.0
6703,西宮(阪神),30.0,4.0,３ＬＤＫ,85.0,2008.0,4.0,ＳＲＣ,１中住専,未改装,3400.0
6704,西宮(阪神),30.0,3.0,２ＬＤＫ,75.0,2008.0,9.0,ＳＲＣ,１中住専,未改装,2700.0
6705,西宮(阪神),30.0,4.0,３ＬＤＫ,70.0,2007.0,9.0,ＳＲＣ,１中住専,改装済み,1800.0
6706,西宮(阪神),30.0,3.0,２ＤＫ,65.0,2007.0,9.0,ＲＣ,１中住専,未改装,1500.0
6707,西宮(阪神),30.0,4.0,３ＬＤＫ,70.0,2007.0,9.0,ＳＲＣ,１中住専,未改装,1900.0
6708,門戸厄神,7.0,5.0,４ＬＤＫ,85.0,2008.0,6.0,ＲＣ,１中住専,改装済み,4600.0
6709,門戸厄神,7.0,4.0,３ＬＤＫ,75.0,2007.0,21.0,ＲＣ,１中住専,未改装,1800.0
6710,夙川,2.0,2.0,１ＤＫ,35.0,2008.0,23.0,ＲＣ,近隣商業,未改装,840.0
6711,夙川,2.0,1.0,１Ｒ,20.0,2008.0,22.0,ＲＣ,近隣商業,未改装,700.0
6712,夙川,3.0,2.0,１Ｋ,25.0,2008.0,8.0,ＲＣ,近隣商業,未改装,840.0
6713,夙川,3.0,2.0,１Ｋ,25.0,2008.0,8.0,ＲＣ,近隣商業,未改装,840.0
6714,夙川,3.0,4.0,３ＬＤＫ,95.0,2008.0,24.0,ＲＣ,近隣商業,未改装,2600.0
6715,西宮(ＪＲ),8.0,4.0,３ＬＤＫ,60.0,2008.0,11.0,ＲＣ,近隣商業,未改装,1900.0
6716,西宮(ＪＲ),7.0,4.0,３ＬＤＫ,75.0,2007.0,6.0,ＲＣ,１種住居,未改装,2900.0
6717,西宮(阪神),7.0,4.0,３ＬＤＫ,65.0,2008.0,7.0,ＲＣ,１種住居,未改装,2400.0
6718,甲子園,8.0,4.0,３ＬＤＫ,70.0,2008.0,7.0,ＲＣ,１中住専,未改装,3400.0
6719,甲子園,14.0,5.0,４ＬＤＫ,95.0,2007.0,6.0,ＲＣ,１中住専,未改装,4700.0
6720,鳴尾・武庫川女子大前,11.0,4.0,３ＬＤＫ,70.0,2007.0,6.0,ＲＣ,１中住専,未改装,3200.0
6721,西宮(阪神),3.0,4.0,３ＬＤＫ,65.0,2008.0,7.0,ＳＲＣ,商業,未改装,2700.0
6723,西宮(阪神),3.0,4.0,３ＬＤＫ,70.0,2007.0,6.0,ＳＲＣ,商業,改装済み,3200.0
6724,西宮(阪神),2.0,4.0,３ＬＤＫ,70.0,2007.0,8.0,ＳＲＣ,商業,改装済み,2600.0
6725,西宮(阪神),4.0,4.0,３ＬＤＫ,65.0,2007.0,9.0,ＳＲＣ,商業,未改装,2300.0
6726,西宮(阪神),3.0,4.0,３ＬＤＫ,100.0,2007.0,6.0,ＳＲＣ,商業,改装済み,2900.0
6727,久寿川,23.0,5.0,４ＬＤＫ,75.0,2008.0,8.0,ＲＣ,１種住居,未改装,2600.0
6728,甲子園,19.0,5.0,４ＬＤＫ,105.0,2008.0,6.0,ＲＣ,１種住居,未改装,3500.0
6729,甲子園,15.0,4.0,３ＬＤＫ,80.0,2008.0,6.0,ＳＲＣ,１種住居,未改装,3300.0
6730,甲子園,15.0,4.0,３ＬＤＫ,85.0,2008.0,6.0,ＳＲＣ,１中住専,未改装,3200.0
6731,甲子園,16.0,4.0,３ＬＤＫ,90.0,2008.0,6.0,ＳＲＣ,１種住居,未改装,3200.0
6732,甲子園,17.0,5.0,４ＬＤＫ,130.0,2007.0,5.0,ＳＲＣ,１種住居,改装済み,5500.0
6733,甲子園,16.0,4.0,３ＬＤＫ,110.0,2007.0,5.0,ＳＲＣ,１種住居,未改装,3600.0
6734,西宮(阪神),13.0,4.0,３ＬＤＫ,75.0,2008.0,5.0,ＳＲＣ,準工業,未改装,2700.0
6735,西宮(阪神),11.0,4.0,３ＬＤＫ,75.0,2008.0,5.0,ＳＲＣ,準工業,未改装,3000.0
6736,西宮(阪神),9.0,4.0,３ＬＤＫ,70.0,2008.0,5.0,ＳＲＣ,準工業,未改装,3100.0
6737,西宮(阪神),14.0,4.0,３ＬＤＫ,65.0,2007.0,6.0,ＲＣ,準工業,未改装,2400.0
6738,西宮(阪神),14.0,4.0,３ＬＤＫ,65.0,2007.0,6.0,ＲＣ,準工業,改装済み,2300.0
6739,西宮(阪神),11.0,4.0,３ＬＤＫ,65.0,2007.0,6.0,ＲＣ,準工業,未改装,1900.0
6740,西宮(阪神),5.0,4.0,３ＬＤＫ,65.0,2008.0,8.0,ＳＲＣ,近隣商業,未改装,2300.0
6741,洲先,3.0,4.0,３ＬＤＫ,75.0,2007.0,9.0,ＲＣ,１種住居,未改装,2700.0
6742,東鳴尾,4.0,5.0,４ＬＤＫ,95.0,2008.0,29.0,ＳＲＣ,１種住居,改装済み,2700.0
6743,東鳴尾,4.0,4.0,３ＬＤＫ,60.0,2008.0,31.0,ＲＣ,１種住居,未改装,1100.0
6744,今津(阪神),16.0,5.0,４ＬＤＫ,80.0,2008.0,21.0,ＲＣ,工業,未改装,1500.0
6745,今津(阪神),18.0,4.0,３ＬＤＫ,65.0,2008.0,12.0,ＲＣ,準工業,未改装,1600.0
6746,今津(阪神),13.0,5.0,４ＬＤＫ,80.0,2008.0,21.0,ＲＣ,準工業,改装済み,2000.0
6747,今津(阪神),11.0,5.0,４ＬＤＫ,75.0,2008.0,12.0,ＲＣ,準工業,改装済み,2000.0
6748,今津(阪神),19.0,4.0,３ＬＤＫ,65.0,2007.0,11.0,ＲＣ,準工業,未改装,1900.0
6749,今津(阪神),15.0,4.0,３ＬＤＫ,70.0,2007.0,3.0,ＲＣ,準工業,未改装,2500.0
6750,西宮(阪神),14.0,4.0,３ＬＤＫ,75.0,2008.0,12.0,ＲＣ,準工業,未改装,1900.0
6751,西宮(阪神),15.0,4.0,３ＬＤＫ,70.0,2008.0,4.0,ＲＣ,準工業,未改装,2600.0
6752,西宮(阪神),16.0,4.0,３ＬＤＫ,70.0,2008.0,4.0,ＲＣ,準工業,未改装,2700.0
6753,西宮(阪神),19.0,4.0,３ＬＤＫ,60.0,2008.0,11.0,ＳＲＣ,準工業,改装済み,1700.0
6754,西宮(阪神),16.0,5.0,４ＬＤＫ,80.0,2008.0,21.0,ＲＣ,準工業,改装済み,1900.0
6755,西宮(阪神),20.0,5.0,４ＬＤＫ,80.0,2008.0,21.0,ＲＣ,準工業,改装済み,2000.0
6757,西宮(阪神),20.0,5.0,４ＬＤＫ,80.0,2008.0,21.0,ＲＣ,準工業,未改装,1600.0
6758,西宮(阪神),15.0,5.0,４ＬＤＫ,90.0,2008.0,4.0,ＲＣ,準工業,未改装,3200.0
6759,西宮(阪神),18.0,4.0,３ＬＤＫ,65.0,2008.0,4.0,ＲＣ,準工業,未改装,2700.0
6760,西宮(阪神),19.0,5.0,４ＬＤＫ,80.0,2007.0,10.0,ＲＣ,準工業,未改装,2400.0
6761,西宮名塩,4.0,4.0,３ＬＤＫ,80.0,2008.0,12.0,ＲＣ,１中住専,改装済み,1600.0
6762,西宮名塩,10.0,4.0,３ＬＤＫ,80.0,2008.0,14.0,ＲＣ,１中住専,改装済み,1600.0
6763,西宮名塩,8.0,5.0,４ＬＤＫ,100.0,2008.0,14.0,ＲＣ,１中住専,未改装,1900.0
6764,西宮名塩,12.0,4.0,３ＬＤＫ,90.0,2008.0,15.0,ＲＣ,１中住専,未改装,2000.0
6765,西宮名塩,11.0,4.0,３ＬＤＫ,95.0,2008.0,14.0,ＲＣ,１中住専,未改装,2000.0
6766,西宮名塩,11.0,5.0,４ＬＤＫ,95.0,2008.0,14.0,ＲＣ,１中住専,未改装,2000.0
6767,西宮名塩,8.0,4.0,３ＬＤＫ,95.0,2007.0,13.0,ＲＣ,１中住専,未改装,2100.0
6769,西宮名塩,12.0,5.0,４ＬＤＫ,80.0,2007.0,4.0,ＲＣ,１中住専,未改装,2000.0
6770,西宮名塩,13.0,4.0,３ＬＤＫ,70.0,2007.0,10.0,ＲＣ,１中住専,未改装,1200.0
6771,苦楽園口,14.0,4.0,３ＬＤＫ,65.0,2008.0,36.0,ＲＣ,１中住専,改装済み,1400.0
6772,苦楽園口,16.0,3.0,２ＬＤＫ,75.0,2008.0,6.0,ＲＣ,１種住居,未改装,3600.0
6773,苦楽園口,16.0,4.0,３ＬＤＫ,75.0,2008.0,11.0,ＲＣ,１中住専,未改装,3200.0
6774,苦楽園口,16.0,4.0,３ＬＤＫ,55.0,2008.0,10.0,ＲＣ,１中住専,未改装,2100.0
6775,苦楽園口,15.0,4.0,３ＬＤＫ,85.0,2008.0,26.0,ＲＣ,１中住専,改装済み,2800.0
6776,苦楽園口,13.0,4.0,３ＬＤＫ,75.0,2007.0,9.0,ＲＣ,１中住専,未改装,3200.0
6778,苦楽園口,17.0,4.0,３ＬＤＫ,75.0,2007.0,5.0,ＲＣ,１中住専,未改装,3600.0
6779,苦楽園口,14.0,4.0,３ＬＤＫ,70.0,2007.0,10.0,ＲＣ,１中住専,未改装,3000.0
6780,苦楽園口,13.0,4.0,３ＬＤＫ,75.0,2007.0,9.0,ＲＣ,１中住専,改装済み,3300.0
6781,夙川,21.0,4.0,３ＬＤＫ,80.0,2007.0,25.0,ＲＣ,１種住居,改装済み,2800.0
6782,甲東園,16.0,3.0,２ＬＤＫ,70.0,2008.0,14.0,ＲＣ,１中住専,未改装,2300.0
6783,門戸厄神,16.0,4.0,３ＬＤＫ,65.0,2008.0,5.0,ＲＣ,１中住専,未改装,2400.0
6784,門戸厄神,15.0,4.0,３ＬＤＫ,70.0,2007.0,13.0,ＲＣ,１中住専,改装済み,2500.0
6785,門戸厄神,15.0,4.0,３ＬＤＫ,70.0,2007.0,13.0,ＲＣ,１中住専,未改装,2000.0
6786,西宮(阪神),7.0,4.0,３ＬＤＫ,90.0,2008.0,13.0,ＳＲＣ,近隣商業,未改装,3300.0
6787,西宮北口,14.0,5.0,４ＬＤＫ,75.0,2008.0,5.0,ＲＣ,２中住専,未改装,2800.0
6788,門戸厄神,15.0,4.0,３ＬＤＫ,60.0,2008.0,5.0,ＲＣ,１中住専,改装済み,2000.0
6789,夙川,13.0,4.0,３ＬＤＫ,80.0,2008.0,6.0,ＲＣ,１低住専,改装済み,3500.0
6790,西宮北口,11.0,4.0,３ＬＤＫ,65.0,2007.0,5.0,ＲＣ,１中住専,未改装,3500.0
6791,門戸厄神,6.0,4.0,３ＬＤＫ,70.0,2008.0,6.0,ＲＣ,１中住専,未改装,3300.0
6792,甲子園口,4.0,4.0,３ＬＤＫ,90.0,2008.0,5.0,ＲＣ,１中住専,未改装,4900.0
6793,甲子園口,6.0,3.0,２ＬＤＫ,95.0,2008.0,40.0,ＲＣ,１中住専,改装済み,2500.0
6794,甲子園口,8.0,4.0,３ＬＤＫ,100.0,2008.0,40.0,ＲＣ,１中住専,未改装,2500.0
6795,甲子園口,8.0,4.0,３ＬＤＫ,100.0,2007.0,39.0,ＲＣ,１中住専,未改装,2600.0
6796,甲子園口,5.0,4.0,３ＬＤＫ,80.0,2007.0,4.0,ＲＣ,１中住専,未改装,4800.0
6797,西宮北口,19.0,4.0,３ＬＤＫ,100.0,2008.0,40.0,ＲＣ,１中住専,未改装,2200.0
6798,鳴尾・武庫川女子大前,11.0,5.0,４ＬＤＫ,80.0,2007.0,28.0,ＳＲＣ,１中住専,未改装,1600.0
6799,夙川,12.0,4.0,３ＬＤＫ,70.0,2008.0,8.0,ＲＣ,１中住専,未改装,2800.0
6800,夙川,13.0,4.0,３ＬＤＫ,70.0,2007.0,7.0,ＳＲＣ,近隣商業,未改装,2900.0
6801,西宮(阪神),6.0,3.0,２ＬＤＫ,70.0,2008.0,8.0,ＳＲＣ,近隣商業,未改装,2900.0
6802,西宮(阪神),8.0,4.0,３ＬＤＫ,65.0,2007.0,7.0,ＲＣ,近隣商業,未改装,2400.0
6803,苦楽園口,8.0,4.0,３Ｋ,45.0,2008.0,38.0,鉄骨造,１低住専,未改装,500.0
6804,苦楽園口,4.0,4.0,３ＬＤＫ,65.0,2007.0,7.0,ＲＣ,１種住居,未改装,3100.0
6805,香櫨園,11.0,4.0,３ＬＤＫ,60.0,2007.0,10.0,ＲＣ,１中住専,未改装,2000.0
6806,西宮(阪神),4.0,4.0,３ＤＫ,50.0,2007.0,11.0,ＲＣ,近隣商業,改装済み,1500.0
6807,香櫨園,13.0,4.0,３ＬＤＫ,75.0,2007.0,6.0,ＲＣ,１種住居,未改装,3200.0
6808,苦楽園口,6.0,5.0,４ＬＤＫ,85.0,2008.0,7.0,ＲＣ,１中住専,未改装,4200.0
6809,苦楽園口,5.0,3.0,２ＬＤＫ,55.0,2008.0,7.0,ＲＣ,１中住専,未改装,2300.0
6810,香櫨園,4.0,4.0,３ＬＤＫ,110.0,2008.0,19.0,ＲＣ,１中住専,未改装,3700.0
6811,さくら夙川,8.0,4.0,３ＬＤＫ,110.0,2008.0,19.0,ＲＣ,１中住専,未改装,3700.0
6812,夙川,8.0,3.0,２ＬＤＫ,70.0,2008.0,2.0,ＲＣ,１中住専,未改装,4900.0
6813,夙川,10.0,5.0,４ＬＤＫ,85.0,2008.0,9.0,ＲＣ,１中住専,未改装,4200.0
6814,甲子園口,5.0,5.0,４ＬＤＫ,135.0,2008.0,15.0,ＲＣ,１中住専,未改装,6500.0
6815,甲子園口,9.0,4.0,３ＬＤＫ,70.0,2008.0,7.0,ＲＣ,１中住専,未改装,3200.0
6816,甲子園口,8.0,4.0,３ＬＤＫ,80.0,2007.0,19.0,ＲＣ,１中住専,未改装,2300.0
6817,甲子園口,9.0,4.0,３ＬＤＫ,60.0,2007.0,30.0,ＲＣ,１中住専,改装済み,1200.0
6818,西宮(ＪＲ),4.0,3.0,２ＬＤＫ,50.0,2008.0,2.0,ＲＣ,近隣商業,未改装,220.0
6820,西宮(ＪＲ),4.0,4.0,３ＬＤＫ,60.0,2007.0,19.0,ＲＣ,近隣商業,未改装,1400.0
6822,甲子園口,13.0,4.0,３ＬＤＫ,70.0,2007.0,4.0,ＲＣ,１中住専,未改装,3300.0
6823,西宮北口,9.0,4.0,３ＬＤＫ,70.0,2008.0,6.0,ＲＣ,１中住専,未改装,3100.0
6824,西宮北口,8.0,4.0,３ＬＤＫ,70.0,2008.0,12.0,ＲＣ,１中住専,改装済み,3000.0
6825,西宮北口,8.0,3.0,２ＬＤＫ,55.0,2008.0,8.0,ＲＣ,準住居,未改装,2600.0
6826,西宮北口,7.0,3.0,２ＬＤＫ,55.0,2007.0,11.0,ＲＣ,１中住専,未改装,2300.0
6827,西宮北口,7.0,3.0,２ＬＤＫ,55.0,2007.0,11.0,ＲＣ,１中住専,改装済み,2800.0
6828,西宮北口,8.0,4.0,３ＬＤＫ,70.0,2007.0,11.0,ＲＣ,１中住専,未改装,2800.0
6829,門戸厄神,8.0,4.0,３ＬＤＫ,70.0,2007.0,8.0,ＲＣ,２中住専,改装済み,2600.0
6830,甲子園,11.0,5.0,４ＬＤＫ,95.0,2008.0,6.0,ＲＣ,２中住専,未改装,3900.0
6831,甲子園,11.0,4.0,３ＬＤＫ,75.0,2008.0,6.0,ＲＣ,２中住専,未改装,3200.0
6832,甲子園,11.0,4.0,３ＬＤＫ,70.0,2008.0,6.0,ＲＣ,２中住専,未改装,2500.0
6833,甲子園,15.0,5.0,４ＬＤＫ,105.0,2008.0,3.0,ＲＣ,２中住専,未改装,4000.0
6834,甲子園,11.0,4.0,３ＬＤＫ,85.0,2008.0,3.0,ＲＣ,２種住居,未改装,3700.0
6835,甲子園,15.0,4.0,３ＬＤＫ,70.0,2008.0,7.0,ＲＣ,１中住専,未改装,2300.0
6836,甲子園,11.0,4.0,３ＬＤＫ,75.0,2007.0,2.0,ＲＣ,２種住居,未改装,2800.0
6837,甲子園,12.0,4.0,３ＬＤＫ,75.0,2007.0,2.0,ＲＣ,２種住居,未改装,3500.0
6838,苦楽園口,2.0,4.0,３ＬＤＫ,70.0,2008.0,7.0,ＲＣ,１中住専,未改装,4400.0
6839,香櫨園,3.0,5.0,４ＬＤＫ,80.0,2008.0,11.0,ＲＣ,１種住居,改装済み,3600.0
6840,西宮(ＪＲ),16.0,5.0,４ＬＤＫ,85.0,2008.0,11.0,ＲＣ,１種住居,未改装,2700.0
6841,西宮(ＪＲ),13.0,4.0,３ＬＤＫ,65.0,2007.0,10.0,ＲＣ,１種住居,未改装,1800.0
6842,西宮北口,12.0,5.0,４ＬＤＫ,75.0,2008.0,11.0,ＲＣ,１種住居,未改装,2500.0
6843,門戸厄神,12.0,5.0,４ＬＤＫ,75.0,2008.0,10.0,ＲＣ,１中住専,未改装,3100.0
6844,門戸厄神,3.0,4.0,３ＬＤＫ,65.0,2008.0,11.0,ＳＲＣ,１中住専,未改装,3000.0
6845,門戸厄神,5.0,4.0,３ＬＤＫ,65.0,2008.0,11.0,ＳＲＣ,１中住専,未改装,2800.0
6846,門戸厄神,1.0,4.0,３ＬＤＫ,65.0,2007.0,10.0,ＳＲＣ,１中住専,未改装,3300.0
6847,門戸厄神,4.0,4.0,３ＬＤＫ,65.0,2007.0,10.0,ＳＲＣ,１中住専,未改装,2500.0
6849,門戸厄神,7.0,4.0,３ＬＤＫ,70.0,2008.0,6.0,ＲＣ,１中住専,未改装,3600.0
6850,門戸厄神,3.0,4.0,３ＬＤＫ,75.0,2008.0,9.0,ＲＣ,１中住専,未改装,2900.0
6851,西宮北口,20.0,4.0,３ＬＤＫ,65.0,2007.0,9.0,ＲＣ,１種住居,未改装,2000.0
6852,打出,9.0,4.0,３ＬＤＫ,120.0,2007.0,17.0,ＲＣ,１中住専,未改装,3700.0
6853,西宮北口,4.0,3.0,２ＬＤＫ,75.0,2008.0,8.0,ＳＲＣ,２種住居,未改装,3500.0
6854,西宮北口,5.0,4.0,３ＬＤＫ,80.0,2008.0,8.0,ＳＲＣ,２種住居,未改装,4300.0
6855,西宮北口,4.0,3.0,２ＬＤＫ,50.0,2008.0,3.0,ＲＣ,２種住居,未改装,2900.0
6856,西宮北口,5.0,4.0,３ＬＤＫ,80.0,2008.0,8.0,ＳＲＣ,２種住居,未改装,3700.0
6857,西宮北口,4.0,4.0,３ＬＤＫ,80.0,2007.0,7.0,ＳＲＣ,２種住居,改装済み,4900.0
6858,西宮北口,2.0,4.0,３ＬＤＫ,80.0,2007.0,7.0,ＳＲＣ,２種住居,未改装,3900.0
6860,西宮北口,4.0,5.0,４ＬＤＫ,100.0,2007.0,7.0,ＳＲＣ,２種住居,未改装,5500.0
6861,西宮北口,3.0,3.0,２ＬＤＫ,65.0,2007.0,7.0,ＳＲＣ,２種住居,未改装,3700.0
6862,西宮北口,2.0,4.0,３ＬＤＫ,95.0,2007.0,7.0,ＳＲＣ,２種住居,未改装,5000.0
6863,西宮北口,4.0,2.0,１ＬＤＫ,50.0,2007.0,7.0,ＳＲＣ,２種住居,未改装,2500.0
6864,西宮(阪神),3.0,4.0,３ＬＤＫ,80.0,2008.0,10.0,ＳＲＣ,商業,未改装,3400.0
6865,甲陽園,14.0,4.0,３ＬＤＫ,60.0,2008.0,32.0,ＲＣ,１中住専,改装済み,1100.0
6866,甲陽園,15.0,4.0,３ＬＤＫ,60.0,2008.0,32.0,ＲＣ,１中住専,未改装,550.0
6867,甲子園,21.0,4.0,３ＬＤＫ,85.0,2008.0,8.0,ＲＣ,１中住専,未改装,3100.0
6868,甲子園,17.0,4.0,３ＬＤＫ,70.0,2007.0,9.0,ＲＣ,１中住専,未改装,2700.0
6870,鳴尾・武庫川女子大前,18.0,5.0,４ＬＤＫ,85.0,2008.0,8.0,ＲＣ,１中住専,未改装,3400.0
6871,鳴尾・武庫川女子大前,13.0,4.0,３ＬＤＫ,75.0,2007.0,13.0,ＲＣ,１中住専,未改装,2500.0
6872,武庫川,18.0,4.0,３ＬＤＫ,75.0,2008.0,14.0,ＲＣ,１種住居,未改装,2400.0
6873,夙川,8.0,4.0,３ＬＤＫ,75.0,2008.0,11.0,ＲＣ,１中住専,未改装,4000.0
6874,夙川,7.0,4.0,３ＬＤＫ,70.0,2007.0,10.0,ＲＣ,１中住専,未改装,2600.0
6875,門戸厄神,11.0,4.0,３ＬＤＫ,70.0,2008.0,8.0,ＲＣ,１中住専,未改装,2600.0
6877,西宮(阪神),4.0,2.0,１Ｋ,20.0,2008.0,23.0,ＲＣ,商業,改装済み,310.0
