Passengers,Dist2Sta,Rooms,Area,Age,TransYear,TransQ,CPI,Value
27120.9,2.0,3.0,55,24.0,2022,4,102.3,4200.0
27120.9,3.0,5.0,85,23.0,2021,3,99.8,5800.0
27120.9,3.0,5.0,90,22.0,2020,4,100.0,6000.0
27120.9,3.0,4.0,70,22.0,2020,4,100.0,5400.0
27120.9,2.0,4.0,90,7.0,2020,3,100.0,8800.0
27120.9,3.0,5.0,85,21.0,2019,4,100.0,6700.0
39373.63636363636,14.0,,70,38.0,2023,2,105.6,3300.0
39373.63636363636,11.0,4.0,65,7.0,2023,1,105.6,4700.0
39373.63636363636,13.0,4.0,75,35.0,2022,1,102.3,2600.0
39373.63636363636,10.0,5.0,75,5.0,2021,3,99.8,4500.0
39373.63636363636,10.0,3.0,55,3.0,2019,3,100.0,3400.0
95281.1,13.0,4.0,80,35.0,2022,2,102.3,2900.0
95281.1,13.0,4.0,75,35.0,2022,1,102.3,2700.0
95281.1,14.0,4.0,65,36.0,2021,3,99.8,3000.0
95281.1,14.0,3.0,55,4.0,2020,4,100.0,3200.0
95281.1,14.0,3.0,65,3.0,2019,3,100.0,3900.0
52071.7,8.0,4.0,75,32.0,2023,3,105.6,3100.0
52071.7,6.0,,75,22.0,2023,2,105.6,3500.0
52071.7,5.0,4.0,80,34.0,2022,3,102.3,2700.0
52071.7,7.0,4.0,75,51.0,2022,3,102.3,2300.0
52071.7,6.0,,70,33.0,2021,4,99.8,2500.0
52071.7,6.0,4.0,70,32.0,2020,4,100.0,2600.0
52071.7,6.0,4.0,80,32.0,2020,3,100.0,3200.0
52071.7,6.0,,80,31.0,2019,4,100.0,2200.0
52071.7,6.0,,70,31.0,2019,3,100.0,2000.0
52071.7,7.0,2.0,35,48.0,2019,1,100.0,1200.0
23739.8,4.0,3.0,60,23.0,2020,3,100.0,3200.0
23739.8,4.0,3.0,60,23.0,2020,1,100.0,2000.0
95281.1,7.0,4.0,65,8.0,2020,3,100.0,4700.0
95281.1,8.0,4.0,80,8.0,2020,3,100.0,5500.0
95281.1,6.0,3.0,65,8.0,2020,1,100.0,4800.0
95281.1,6.0,4.0,70,8.0,2020,1,100.0,4400.0
95281.1,6.0,4.0,65,7.0,2019,4,100.0,4300.0
95281.1,8.0,4.0,70,7.0,2019,1,100.0,4000.0
20094.2,13.0,,65,20.0,2021,4,99.8,2600.0
20094.2,13.0,4.0,65,20.0,2021,3,99.8,2500.0
20094.2,13.0,4.0,70,18.0,2019,3,100.0,3200.0
10347.9,6.0,2.0,20,34.0,2023,2,105.6,250.0
10347.9,6.0,2.0,15,34.0,2022,2,102.3,570.0
10347.9,8.0,4.0,60,22.0,2021,2,99.8,2600.0
10347.9,6.0,,15,32.0,2021,2,99.8,540.0
10347.9,6.0,2.0,15,32.0,2021,1,99.8,560.0
10347.9,6.0,2.0,15,31.0,2020,2,100.0,530.0
10347.9,6.0,,15,,2019,2,100.0,450.0
39373.63636363636,3.0,4.0,100,30.0,2023,4,105.6,4700.0
39373.63636363636,4.0,3.0,55,47.0,2023,4,105.6,2100.0
39373.63636363636,4.0,2.0,20,39.0,2023,2,105.6,430.0
39373.63636363636,2.0,4.0,75,29.0,2022,2,102.3,4400.0
39373.63636363636,1.0,2.0,50,27.0,2022,2,102.3,2600.0
39373.63636363636,3.0,3.0,35,38.0,2022,1,102.3,1300.0
39373.63636363636,3.0,4.0,85,29.0,2022,1,102.3,4400.0
39373.63636363636,3.0,4.0,90,29.0,2022,1,102.3,4300.0
39373.63636363636,4.0,4.0,90,28.0,2021,4,99.8,3800.0
39373.63636363636,3.0,3.0,60,28.0,2021,3,99.8,3400.0
39373.63636363636,4.0,2.0,50,45.0,2021,2,99.8,2200.0
39373.63636363636,1.0,3.0,75,28.0,2021,1,99.8,3600.0
39373.63636363636,4.0,3.0,60,44.0,2020,1,100.0,2300.0
39373.63636363636,2.0,4.0,90,27.0,2020,1,100.0,4900.0
39373.63636363636,3.0,3.0,70,26.0,2019,4,100.0,4000.0
39373.63636363636,3.0,2.0,15,35.0,2019,4,100.0,530.0
39373.63636363636,4.0,3.0,60,43.0,2019,3,100.0,1400.0
39373.63636363636,3.0,2.0,20,35.0,2019,1,100.0,400.0
27622.0,4.0,3.0,65,39.0,2023,3,105.6,2600.0
27622.0,4.0,,65,38.0,2022,4,102.3,1500.0
10347.9,15.0,4.0,60,46.0,2024,1,108.0,1600.0
10347.9,15.0,4.0,65,22.0,2024,1,108.0,3800.0
10347.9,15.0,,65,21.0,2023,2,105.6,2800.0
10347.9,15.0,4.0,60,45.0,2023,1,105.6,1600.0
10347.9,15.0,,60,44.0,2022,4,102.3,700.0
10347.9,16.0,,70,20.0,2022,1,102.3,2700.0
10347.9,15.0,4.0,60,43.0,2021,4,99.8,1000.0
10347.9,15.0,4.0,60,43.0,2021,4,99.8,1600.0
10347.9,15.0,,85,18.0,2021,4,99.8,2800.0
10347.9,15.0,4.0,60,43.0,2021,3,99.8,1000.0
10347.9,15.0,3.0,60,43.0,2021,3,99.8,1600.0
10347.9,14.0,3.0,60,49.0,2021,1,99.8,1600.0
10347.9,16.0,4.0,85,16.0,2021,1,99.8,3700.0
10347.9,13.0,5.0,140,29.0,2021,1,99.8,2700.0
10347.9,15.0,4.0,65,19.0,2021,1,99.8,3300.0
10347.9,16.0,4.0,60,42.0,2020,4,100.0,1700.0
10347.9,13.0,4.0,130,28.0,2020,3,100.0,3100.0
10347.9,14.0,3.0,60,48.0,2020,2,100.0,1800.0
10347.9,16.0,4.0,60,48.0,2020,1,100.0,1000.0
10347.9,15.0,3.0,60,42.0,2020,1,100.0,1800.0
10347.9,16.0,4.0,65,14.0,2019,4,100.0,2700.0
10347.9,15.0,5.0,90,17.0,2019,4,100.0,3800.0
10347.9,13.0,5.0,130,27.0,2019,4,100.0,2100.0
10347.9,14.0,4.0,60,47.0,2019,2,100.0,1500.0
10347.9,15.0,4.0,70,17.0,2019,2,100.0,2100.0
10347.9,15.0,4.0,65,41.0,2019,2,100.0,1000.0
10347.9,14.0,4.0,60,41.0,2019,2,100.0,2000.0
10347.9,15.0,,60,41.0,2019,1,100.0,1100.0
43789.2,15.0,3.0,60,44.0,2022,4,102.3,1000.0
10011.6,24.0,4.0,65,43.0,2023,4,105.6,1200.0
10011.6,20.0,5.0,85,12.0,2023,2,105.6,3200.0
10011.6,20.0,4.0,75,12.0,2023,2,105.6,2700.0
10011.6,20.0,3.0,70,24.0,2023,2,105.6,1700.0
10011.6,20.0,4.0,65,37.0,2023,1,105.6,1100.0
10011.6,20.0,4.0,70,23.0,2022,2,102.3,2500.0
10011.6,24.0,4.0,85,42.0,2022,2,102.3,3300.0
10011.6,24.0,4.0,70,27.0,2022,1,102.3,2300.0
10011.6,23.0,4.0,85,18.0,2021,4,99.8,3500.0
10011.6,23.0,4.0,70,10.0,2021,2,99.8,2800.0
10011.6,24.0,3.0,70,25.0,2020,4,100.0,2200.0
10011.6,24.0,3.0,65,40.0,2020,4,100.0,1200.0
10011.6,24.0,4.0,65,40.0,2020,3,100.0,1700.0
10011.6,24.0,4.0,70,40.0,2020,3,100.0,2100.0
10011.6,20.0,4.0,75,9.0,2020,2,100.0,2800.0
10011.6,24.0,3.0,65,40.0,2020,1,100.0,1100.0
10011.6,24.0,4.0,70,39.0,2019,4,100.0,1600.0
10011.6,24.0,4.0,65,39.0,2019,4,100.0,1300.0
10011.6,24.0,4.0,70,39.0,2019,3,100.0,1400.0
10011.6,23.0,4.0,95,16.0,2019,1,100.0,3900.0
95281.1,30.0,5.0,95,16.0,2019,3,100.0,3300.0
20094.2,30.0,4.0,65,39.0,2019,3,100.0,1300.0
26831.7,19.0,4.0,65,46.0,2023,2,105.6,600.0
26831.7,19.0,4.0,70,8.0,2023,2,105.6,3200.0
26831.7,19.0,4.0,70,25.0,2023,1,105.6,2500.0
26831.7,19.0,4.0,70,24.0,2022,1,102.3,2700.0
26831.7,20.0,4.0,70,42.0,2019,4,100.0,850.0
26831.7,19.0,4.0,70,11.0,2019,4,100.0,1700.0
26831.7,19.0,4.0,60,32.0,2019,2,100.0,1200.0
22676.4,23.0,4.0,70,7.0,2022,2,102.3,2700.0
22676.4,23.0,,75,20.0,2021,4,99.8,2500.0
22676.4,23.0,3.0,80,19.0,2020,2,100.0,2400.0
4206.7,5.0,5.0,80,37.0,2022,3,102.3,2600.0
4206.7,5.0,,75,35.0,2020,1,100.0,1600.0
4206.7,13.0,4.0,60,25.0,2023,4,105.6,2200.0
4206.7,13.0,4.0,60,25.0,2023,3,105.6,3000.0
4206.7,13.0,4.0,60,24.0,2022,4,102.3,1900.0
4206.7,10.0,4.0,65,26.0,2022,3,102.3,3000.0
4206.7,12.0,5.0,75,25.0,2021,4,99.8,2900.0
4206.7,13.0,4.0,60,23.0,2021,3,99.8,2900.0
4206.7,12.0,4.0,65,25.0,2021,3,99.8,2100.0
4206.7,11.0,4.0,60,25.0,2021,1,99.8,1900.0
4206.7,13.0,4.0,60,23.0,2020,2,100.0,2000.0
4206.7,13.0,4.0,60,22.0,2020,2,100.0,1700.0
4206.7,12.0,5.0,85,22.0,2020,1,100.0,2700.0
4206.7,11.0,4.0,60,22.0,2019,3,100.0,1900.0
4206.7,13.0,4.0,65,21.0,2019,1,100.0,2300.0
52071.7,20.0,4.0,70,10.0,2022,4,102.3,2800.0
52071.7,20.0,,70,10.0,2022,2,102.3,2400.0
4206.7,18.0,4.0,70,39.0,2022,2,102.3,900.0
4206.7,18.0,4.0,70,38.0,2021,4,99.8,1200.0
4206.7,18.0,4.0,70,37.0,2020,3,100.0,1200.0
4206.7,20.0,5.0,90,37.0,2020,2,100.0,1300.0
52071.7,23.0,5.0,90,40.0,2023,2,105.6,1800.0
52071.7,21.0,3.0,80,38.0,2021,4,99.8,1600.0
52071.7,23.0,4.0,70,38.0,2021,2,99.8,1400.0
4206.7,1.0,2.0,15,33.0,2022,3,102.3,360.0
4206.7,3.0,2.0,15,33.0,2022,2,102.3,360.0
4206.7,2.0,2.0,15,31.0,2020,4,100.0,350.0
4206.7,2.0,2.0,15,30.0,2019,1,100.0,390.0
31877.3,9.0,4.0,65,14.0,2021,2,99.8,2700.0
31877.3,4.0,4.0,65,10.0,2020,1,100.0,3600.0
4206.7,5.0,,65,16.0,2022,4,102.3,2800.0
4206.7,5.0,3.0,65,13.0,2019,2,100.0,2900.0
26831.7,15.0,5.0,100,34.0,2023,1,105.6,3900.0
20094.2,24.0,4.0,65,24.0,2022,1,102.3,1500.0
10011.6,16.0,4.0,65,25.0,2023,4,105.6,1200.0
20094.2,24.0,4.0,60,25.0,2023,2,105.6,1700.0
26831.7,25.0,,85,22.0,2019,2,100.0,1600.0
10011.6,24.0,5.0,85,26.0,2023,4,105.6,2500.0
10011.6,24.0,4.0,70,26.0,2023,3,105.6,2000.0
10011.6,24.0,4.0,65,25.0,2022,4,102.3,1800.0
10011.6,25.0,4.0,65,24.0,2021,4,99.8,1600.0
10011.6,24.0,4.0,65,24.0,2021,2,99.8,1600.0
10011.6,24.0,4.0,70,24.0,2021,1,99.8,1700.0
10011.6,24.0,,70,23.0,2020,3,100.0,1300.0
10011.6,24.0,,70,23.0,2020,3,100.0,1700.0
10011.6,24.0,4.0,75,22.0,2020,1,100.0,1200.0
10011.6,23.0,4.0,90,29.0,2023,2,105.6,2200.0
10011.6,16.0,3.0,85,26.0,2020,2,100.0,1800.0
10011.6,15.0,5.0,80,26.0,2020,1,100.0,2000.0
10011.6,15.0,4.0,75,25.0,2019,2,100.0,1800.0
10011.6,16.0,4.0,85,25.0,2019,2,100.0,2300.0
10011.6,15.0,5.0,100,38.0,2023,3,105.6,2500.0
10011.6,16.0,4.0,60,45.0,2023,3,105.6,850.0
10011.6,16.0,4.0,60,45.0,2023,1,105.6,1300.0
10011.6,16.0,,75,44.0,2022,3,102.3,1000.0
10011.6,15.0,3.0,65,44.0,2022,3,102.3,770.0
10011.6,16.0,4.0,60,44.0,2022,2,102.3,500.0
10011.6,15.0,,65,44.0,2022,2,102.3,800.0
10011.6,15.0,4.0,65,43.0,2021,3,99.8,1300.0
10011.6,16.0,4.0,65,43.0,2021,1,99.8,600.0
10011.6,16.0,,65,41.0,2019,4,100.0,650.0
10011.6,15.0,4.0,70,41.0,2019,4,100.0,1400.0
10011.6,15.0,5.0,85,34.0,2019,3,100.0,1200.0
10011.6,16.0,,70,41.0,2019,2,100.0,600.0
1756.3,4.0,3.0,70,7.0,2024,1,108.0,3300.0
1756.3,4.0,4.0,65,6.0,2023,4,105.6,3100.0
1756.3,5.0,4.0,75,15.0,2020,1,100.0,2600.0
1756.3,5.0,5.0,80,2.0,2019,2,100.0,4000.0
1756.3,4.0,5.0,90,2.0,2019,1,100.0,4600.0
1756.3,5.0,5.0,85,2.0,2019,1,100.0,4300.0
1756.3,5.0,5.0,85,2.0,2019,1,100.0,4300.0
1756.3,5.0,4.0,85,2.0,2019,1,100.0,3800.0
7356.8,3.0,5.0,80,41.0,2022,3,102.3,1800.0
7356.8,2.0,4.0,80,39.0,2020,3,100.0,1900.0
7356.8,2.0,4.0,80,,2019,4,100.0,2100.0
7356.8,2.0,4.0,80,38.0,2019,3,100.0,1300.0
1756.3,8.0,4.0,85,42.0,2023,3,105.6,1400.0
1756.3,10.0,,65,20.0,2021,1,99.8,2000.0
1756.3,11.0,4.0,90,34.0,2020,4,100.0,2000.0
1756.3,9.0,,75,34.0,2020,4,100.0,1300.0
1756.3,9.0,4.0,75,34.0,2020,3,100.0,1700.0
1756.3,9.0,,65,34.0,2020,2,100.0,1100.0
1756.3,9.0,,75,34.0,2020,1,100.0,1400.0
1756.3,9.0,4.0,70,33.0,2019,1,100.0,1800.0
23739.8,14.0,3.0,65,21.0,2022,1,102.3,2700.0
23739.8,14.0,4.0,70,19.0,2020,3,100.0,2800.0
23739.8,14.0,,70,18.0,2019,2,100.0,2000.0
7356.8,3.0,4.0,70,48.0,2023,1,105.6,490.0
7356.8,5.0,,70,46.0,2021,3,99.8,430.0
7356.8,3.0,4.0,70,44.0,2019,3,100.0,650.0
7356.8,5.0,4.0,70,44.0,2019,3,100.0,950.0
43789.2,6.0,4.0,65,20.0,2021,3,99.8,2600.0
52071.7,26.0,4.0,70,4.0,2023,3,105.6,3300.0
52071.7,26.0,3.0,70,4.0,2023,3,105.6,3100.0
52071.7,21.0,4.0,70,2.0,2023,3,105.6,3500.0
52071.7,21.0,4.0,70,2.0,2023,2,105.6,3400.0
52071.7,21.0,3.0,70,2.0,2023,1,105.6,3700.0
52071.7,26.0,4.0,70,4.0,2023,1,105.6,3400.0
52071.7,24.0,4.0,80,5.0,2022,4,102.3,3900.0
52071.7,23.0,4.0,70,5.0,2022,2,102.3,3200.0
52071.7,23.0,,80,4.0,2021,4,99.8,3200.0
52071.7,23.0,,65,4.0,2021,3,99.8,2700.0
52071.7,23.0,4.0,75,4.0,2021,3,99.8,3400.0
52071.7,23.0,4.0,80,4.0,2021,2,99.8,3700.0
52071.7,23.0,5.0,80,4.0,2021,2,99.8,3900.0
52071.7,23.0,,65,4.0,2021,2,99.8,2800.0
52071.7,23.0,,80,3.0,2020,4,100.0,3400.0
52071.7,23.0,,65,3.0,2020,3,100.0,2700.0
12225.7,29.0,4.0,60,48.0,2023,3,105.6,1000.0
12225.7,16.0,4.0,90,13.0,2023,3,105.6,4800.0
12225.7,18.0,5.0,85,26.0,2023,1,105.6,3600.0
12225.7,29.0,3.0,65,48.0,2023,1,105.6,1700.0
12225.7,16.0,,85,12.0,2022,4,102.3,4000.0
12225.7,29.0,,70,47.0,2022,2,102.3,400.0
12225.7,16.0,,70,12.0,2022,2,102.3,3300.0
12225.7,18.0,3.0,80,48.0,2022,1,102.3,1200.0
12225.7,18.0,3.0,70,24.0,2021,4,99.8,2500.0
12225.7,18.0,5.0,95,27.0,2021,3,99.8,3300.0
12225.7,29.0,3.0,60,46.0,2021,2,99.8,730.0
12225.7,16.0,3.0,85,10.0,2020,3,100.0,3700.0
12225.7,18.0,4.0,60,45.0,2020,3,100.0,830.0
12225.7,19.0,,70,10.0,2020,2,100.0,3100.0
12225.7,18.0,4.0,70,45.0,2020,2,100.0,9000.0
12225.7,18.0,4.0,70,10.0,2020,1,100.0,3100.0
12225.7,18.0,4.0,80,15.0,2019,4,100.0,3700.0
12225.7,16.0,4.0,75,9.0,2019,4,100.0,4200.0
12225.7,16.0,4.0,60,44.0,2019,3,100.0,990.0
12225.7,18.0,5.0,120,45.0,2019,2,100.0,1500.0
27120.9,23.0,,80,19.0,2023,1,105.6,3000.0
27120.9,21.0,,70,16.0,2021,4,99.8,2900.0
27120.9,21.0,4.0,85,16.0,2021,2,99.8,3500.0
27120.9,16.0,3.0,80,7.0,2020,2,100.0,4800.0
27120.9,4.0,,70,23.0,2023,3,105.6,4500.0
27120.9,5.0,,80,25.0,2021,4,99.8,3700.0
27120.9,13.0,5.0,105,11.0,2023,4,105.6,6400.0
27120.9,14.0,5.0,90,49.0,2023,4,105.6,2600.0
27120.9,11.0,4.0,70,10.0,2023,3,105.6,4600.0
27120.9,13.0,4.0,75,10.0,2022,4,102.3,4400.0
27120.9,16.0,5.0,95,48.0,2022,3,102.3,2200.0
27120.9,14.0,4.0,85,48.0,2022,2,102.3,2200.0
27120.9,13.0,4.0,90,12.0,2022,2,102.3,5800.0
27120.9,13.0,5.0,105,10.0,2022,1,102.3,5600.0
27120.9,13.0,4.0,85,9.0,2021,4,99.8,5300.0
27120.9,13.0,4.0,75,9.0,2021,3,99.8,4400.0
27120.9,14.0,,80,11.0,2021,3,99.8,4300.0
27120.9,13.0,4.0,75,11.0,2021,1,99.8,4000.0
27120.9,13.0,4.0,85,10.0,2020,3,100.0,5700.0
27120.9,13.0,4.0,70,45.0,2019,4,100.0,750.0
27120.9,14.0,4.0,70,45.0,2019,4,100.0,1800.0
27120.9,14.0,5.0,90,45.0,2019,4,100.0,2300.0
27120.9,15.0,,70,45.0,2019,3,100.0,2000.0
95281.1,9.0,4.0,75,13.0,2024,1,108.0,4500.0
95281.1,9.0,3.0,55,29.0,2023,2,105.6,2800.0
95281.1,11.0,4.0,75,24.0,2021,1,99.8,3500.0
95281.1,12.0,5.0,80,22.0,2020,2,100.0,3800.0
95281.1,9.0,4.0,80,8.0,2019,4,100.0,4800.0
95281.1,10.0,2.0,35,21.0,2019,4,100.0,1500.0
95281.1,11.0,,75,22.0,2019,2,100.0,2700.0
10347.9,15.0,2.0,50,39.0,2023,2,105.6,1700.0
10347.9,13.0,5.0,90,11.0,2022,3,102.3,4300.0
10347.9,13.0,,85,16.0,2022,3,102.3,3400.0
10347.9,11.0,4.0,70,16.0,2022,2,102.3,3400.0
10347.9,12.0,4.0,80,10.0,2021,4,99.8,3600.0
10347.9,12.0,4.0,70,15.0,2021,3,99.8,3100.0
10347.9,13.0,4.0,70,10.0,2021,2,99.8,3400.0
10347.9,12.0,4.0,70,,2021,2,99.8,3100.0
10347.9,13.0,4.0,70,10.0,2021,2,99.8,3500.0
10347.9,14.0,2.0,75,37.0,2021,2,99.8,3100.0
10347.9,13.0,4.0,75,15.0,2021,2,99.8,3200.0
10347.9,11.0,4.0,80,15.0,2021,1,99.8,3300.0
10347.9,15.0,4.0,75,20.0,2020,4,100.0,2500.0
10347.9,13.0,4.0,80,9.0,2020,4,100.0,3500.0
10347.9,13.0,4.0,70,9.0,2020,3,100.0,3300.0
10347.9,11.0,3.0,75,8.0,2019,3,100.0,4100.0
10347.9,11.0,4.0,70,13.0,2019,1,100.0,3300.0
10347.9,14.0,4.0,70,19.0,2019,1,100.0,2500.0
95281.1,13.0,4.0,85,26.0,2023,3,105.6,4200.0
95281.1,13.0,4.0,75,26.0,2023,1,105.6,3300.0
95281.1,16.0,4.0,75,25.0,2020,3,100.0,3900.0
95281.1,15.0,4.0,75,24.0,2019,4,100.0,2900.0
95281.1,19.0,,75,24.0,2019,2,100.0,2600.0
95281.1,13.0,4.0,65,26.0,2024,1,108.0,3000.0
95281.1,9.0,4.0,70,24.0,2021,3,99.8,4300.0
12225.7,14.0,3.0,65,1.0,2023,3,105.6,6000.0
12225.7,12.0,,70,26.0,2023,2,105.6,2400.0
12225.7,14.0,,70,25.0,2023,2,105.6,2300.0
12225.7,12.0,4.0,70,26.0,2023,1,105.6,3200.0
12225.7,14.0,,80,24.0,2022,4,102.3,2500.0
12225.7,12.0,4.0,70,25.0,2022,1,102.3,3200.0
12225.7,12.0,4.0,70,24.0,2021,3,99.8,2100.0
12225.7,12.0,4.0,70,24.0,2021,2,99.8,2800.0
12225.7,14.0,4.0,70,22.0,2020,1,100.0,2100.0
12225.7,12.0,,90,23.0,2020,1,100.0,2500.0
10011.6,15.0,4.0,75,29.0,2024,1,108.0,2900.0
15629.818181818182,7.0,2.0,15,27.0,2021,4,99.8,650.0
15629.818181818182,6.0,4.0,65,23.0,2019,4,100.0,2900.0
15629.818181818182,7.0,2.0,20,25.0,2019,3,100.0,470.0
23739.8,8.0,4.0,75,20.0,2022,4,102.3,4800.0
23739.8,8.0,5.0,95,19.0,2021,3,99.8,4500.0
23739.8,8.0,4.0,75,23.0,2020,2,100.0,3200.0
23739.8,8.0,4.0,70,22.0,2019,2,100.0,2900.0
15629.818181818182,4.0,,60,45.0,2024,1,108.0,2000.0
15629.818181818182,4.0,4.0,60,43.0,2022,1,102.3,2900.0
15629.818181818182,4.0,3.0,50,23.0,2021,4,99.8,2800.0
15629.818181818182,3.0,3.0,50,23.0,2021,4,99.8,2500.0
15629.818181818182,3.0,,50,23.0,2021,3,99.8,1700.0
15629.818181818182,2.0,4.0,35,24.0,2021,2,99.8,4100.0
15629.818181818182,4.0,3.0,75,22.0,2021,2,99.8,4200.0
15629.818181818182,4.0,3.0,60,42.0,2021,2,99.8,2300.0
15629.818181818182,3.0,5.0,90,41.0,2020,4,100.0,3200.0
15629.818181818182,3.0,,90,40.0,2019,4,100.0,2600.0
15629.818181818182,4.0,3.0,70,40.0,2019,4,100.0,2800.0
15629.818181818182,6.0,4.0,80,20.0,2019,1,100.0,4500.0
1952.3,6.0,4.0,70,8.0,2024,1,108.0,3600.0
1952.3,7.0,3.0,60,26.0,2023,2,105.6,2500.0
1952.3,6.0,4.0,65,6.0,2022,4,102.3,3300.0
1952.3,6.0,4.0,65,6.0,2022,1,102.3,3000.0
1952.3,4.0,,85,28.0,2021,4,99.8,2300.0
1952.3,6.0,4.0,65,5.0,2021,3,99.8,3500.0
1952.3,5.0,4.0,75,30.0,2021,3,99.8,2200.0
1952.3,6.0,,70,5.0,2021,3,99.8,3200.0
1952.3,5.0,5.0,80,28.0,2019,3,100.0,1300.0
1952.3,6.0,4.0,60,18.0,2019,2,100.0,2600.0
15629.818181818182,10.0,,85,23.0,2022,3,102.3,5300.0
27120.9,6.0,4.0,65,24.0,2023,2,105.6,3100.0
27120.9,5.0,4.0,90,24.0,2022,4,102.3,5800.0
27120.9,6.0,3.0,85,23.0,2022,2,102.3,5200.0
27120.9,6.0,2.0,25,38.0,2022,1,102.3,650.0
27120.9,6.0,2.0,55,22.0,2021,4,99.8,3500.0
27120.9,5.0,4.0,80,22.0,2020,3,100.0,4900.0
27120.9,6.0,3.0,55,20.0,2019,2,100.0,2800.0
27120.9,5.0,5.0,105,21.0,2019,2,100.0,5800.0
26831.7,13.0,4.0,70,44.0,2022,1,102.3,1500.0
26831.7,13.0,4.0,65,1.0,2022,1,102.3,4500.0
26831.7,13.0,4.0,65,0.0,2021,4,99.8,4900.0
26831.7,13.0,5.0,80,0.0,2021,4,99.8,5300.0
20094.2,11.0,4.0,65,26.0,2022,4,102.3,3300.0
12225.7,15.0,,85,27.0,2023,3,105.6,2200.0
12225.7,15.0,4.0,90,26.0,2022,1,102.3,3400.0
12225.7,15.0,3.0,85,46.0,2020,4,100.0,800.0
12225.7,19.0,,85,45.0,2019,4,100.0,630.0
12225.7,14.0,4.0,95,32.0,2019,4,100.0,3700.0
12225.7,15.0,,85,23.0,2019,2,100.0,2500.0
27120.9,21.0,4.0,60,20.0,2023,4,105.6,2700.0
27120.9,23.0,4.0,60,19.0,2023,4,105.6,2800.0
27120.9,20.0,5.0,85,37.0,2023,2,105.6,3400.0
27120.9,20.0,4.0,85,36.0,2022,4,102.3,2800.0
27120.9,18.0,4.0,85,18.0,2021,3,99.8,3700.0
27120.9,18.0,5.0,90,18.0,2021,3,99.8,2900.0
95281.1,30.0,3.0,85,49.0,2021,3,99.8,2500.0
95281.1,24.0,4.0,90,33.0,2019,3,100.0,2500.0
95281.1,24.0,4.0,70,20.0,2019,2,100.0,2000.0
48903.0,25.0,4.0,60,16.0,2019,1,100.0,2300.0
31877.3,14.0,5.0,70,12.0,2021,3,99.8,3600.0
4206.7,11.0,3.0,80,13.0,2022,3,102.3,4000.0
4206.7,11.0,5.0,85,3.0,2022,1,102.3,5200.0
4206.7,11.0,5.0,85,3.0,2022,1,102.3,4700.0
4206.7,11.0,4.0,80,2.0,2021,4,99.8,4300.0
4206.7,11.0,4.0,70,11.0,2020,4,100.0,3400.0
4206.7,11.0,5.0,75,17.0,2019,4,100.0,3300.0
4206.7,11.0,4.0,75,10.0,2019,3,100.0,3600.0
52071.7,11.0,4.0,95,14.0,2024,1,108.0,6500.0
52071.7,13.0,,65,23.0,2023,4,105.6,2300.0
52071.7,11.0,4.0,70,13.0,2023,4,105.6,4800.0
52071.7,18.0,4.0,70,37.0,2023,3,105.6,2300.0
52071.7,15.0,4.0,65,26.0,2023,2,105.6,3500.0
52071.7,10.0,4.0,80,12.0,2022,1,102.3,3800.0
52071.7,13.0,2.0,20,26.0,2021,4,99.8,500.0
52071.7,12.0,2.0,20,26.0,2021,4,99.8,540.0
52071.7,13.0,2.0,20,26.0,2021,3,99.8,450.0
52071.7,18.0,4.0,70,34.0,2020,4,100.0,2100.0
52071.7,13.0,2.0,20,25.0,2020,3,100.0,510.0
52071.7,11.0,4.0,70,9.0,2019,3,100.0,4400.0
36670.72727272727,14.0,3.0,65,23.0,2024,1,108.0,3400.0
36670.72727272727,20.0,4.0,50,26.0,2023,4,105.6,1400.0
36670.72727272727,12.0,3.0,55,51.0,2023,4,105.6,1600.0
36670.72727272727,15.0,4.0,70,22.0,2023,3,105.6,3700.0
36670.72727272727,15.0,,70,24.0,2023,3,105.6,2900.0
36670.72727272727,13.0,3.0,45,51.0,2023,2,105.6,1500.0
36670.72727272727,13.0,3.0,45,51.0,2023,2,105.6,1100.0
36670.72727272727,10.0,4.0,70,14.0,2023,2,105.6,4100.0
36670.72727272727,12.0,,55,50.0,2022,4,102.3,810.0
36670.72727272727,14.0,,65,11.0,2022,4,102.3,3000.0
36670.72727272727,13.0,3.0,45,50.0,2022,2,102.3,620.0
36670.72727272727,15.0,3.0,60,22.0,2021,4,99.8,2900.0
36670.72727272727,12.0,3.0,40,49.0,2021,2,99.8,600.0
36670.72727272727,13.0,4.0,55,49.0,2021,2,99.8,1600.0
36670.72727272727,14.0,4.0,70,21.0,2019,3,100.0,2500.0
3767.8,12.0,4.0,80,21.0,2023,3,105.6,4000.0
3767.8,14.0,,70,36.0,2022,4,102.3,2100.0
3767.8,11.0,4.0,60,20.0,2022,2,102.3,3100.0
3767.8,13.0,4.0,75,3.0,2022,2,102.3,4700.0
26831.7,4.0,4.0,80,22.0,2023,4,105.6,4500.0
26831.7,8.0,4.0,80,23.0,2023,3,105.6,3800.0
26831.7,11.0,4.0,70,22.0,2022,4,102.3,3900.0
26831.7,4.0,3.0,70,20.0,2021,3,99.8,4200.0
26831.7,11.0,5.0,90,21.0,2021,2,99.8,3300.0
26831.7,14.0,4.0,70,15.0,2021,2,99.8,4300.0
26831.7,11.0,3.0,65,21.0,2021,2,99.8,3300.0
26831.7,4.0,,70,,2021,1,99.8,3100.0
26831.7,13.0,4.0,75,14.0,2020,4,100.0,4000.0
26831.7,8.0,4.0,65,20.0,2020,4,100.0,3200.0
26831.7,14.0,4.0,75,14.0,2020,1,100.0,5000.0
26831.7,9.0,4.0,70,19.0,2019,3,100.0,2700.0
26831.7,11.0,4.0,65,19.0,2019,2,100.0,3500.0
26831.7,14.0,4.0,80,13.0,2019,2,100.0,4100.0
26831.7,8.0,4.0,80,19.0,2019,1,100.0,3200.0
22676.4,8.0,4.0,70,21.0,2021,2,99.8,2900.0
20094.2,13.0,4.0,70,22.0,2022,2,102.3,3800.0
12225.7,9.0,4.0,75,5.0,2021,4,99.8,4600.0
12225.7,8.0,4.0,85,8.0,2021,2,99.8,5500.0
12225.7,8.0,4.0,70,8.0,2021,1,99.8,4200.0
12225.7,8.0,4.0,75,6.0,2019,3,100.0,4800.0
12225.7,10.0,4.0,70,6.0,2019,2,100.0,3900.0
10011.6,11.0,4.0,70,10.0,2023,3,105.6,5100.0
10011.6,11.0,4.0,70,10.0,2023,3,105.6,5000.0
10011.6,4.0,,40,25.0,2023,3,105.6,3700.0
10011.6,4.0,4.0,85,16.0,2022,3,102.3,4500.0
10011.6,4.0,2.0,40,24.0,2022,2,102.3,1800.0
10011.6,4.0,4.0,85,23.0,2021,3,99.8,3000.0
10011.6,60.0,4.0,85,8.0,2021,1,99.8,4500.0
10011.6,4.0,5.0,80,13.0,2019,4,100.0,4500.0
10011.6,9.0,5.0,85,6.0,2019,1,100.0,4700.0
10347.9,10.0,3.0,65,17.0,2023,4,105.6,2900.0
10347.9,8.0,5.0,80,25.0,2023,4,105.6,4200.0
10347.9,9.0,4.0,65,23.0,2023,2,105.6,3400.0
10347.9,9.0,5.0,90,38.0,2022,3,102.3,3200.0
10347.9,14.0,4.0,95,16.0,2021,4,99.8,4000.0
10347.9,7.0,4.0,70,23.0,2021,1,99.8,2600.0
10347.9,10.0,,75,14.0,2020,2,100.0,2700.0
10347.9,7.0,4.0,70,21.0,2019,4,100.0,3300.0
10347.9,8.0,4.0,65,12.0,2019,3,100.0,3500.0
10347.9,8.0,5.0,95,12.0,2019,1,100.0,4800.0
10347.9,12.0,5.0,75,18.0,2024,1,108.0,2800.0
10347.9,13.0,4.0,90,40.0,2024,1,108.0,2200.0
10347.9,13.0,5.0,85,39.0,2023,4,105.6,1800.0
10347.9,13.0,,100,38.0,2022,3,102.3,2100.0
10347.9,13.0,5.0,100,38.0,2022,1,102.3,3100.0
10347.9,13.0,5.0,100,37.0,2021,2,99.8,2000.0
10347.9,10.0,4.0,80,4.0,2020,3,100.0,4200.0
10347.9,9.0,4.0,75,17.0,2020,3,100.0,3400.0
10347.9,13.0,4.0,70,14.0,2020,1,100.0,3700.0
10347.9,9.0,2.0,40,32.0,2019,3,100.0,600.0
10347.9,6.0,,65,25.0,2023,3,105.6,2300.0
10347.9,6.0,3.0,50,24.0,2022,2,102.3,2500.0
10347.9,5.0,4.0,85,38.0,2022,1,102.3,3500.0
10347.9,6.0,3.0,50,24.0,2022,1,102.3,1900.0
10347.9,5.0,,85,37.0,2021,2,99.8,2300.0
10347.9,3.0,4.0,70,20.0,2020,4,100.0,3400.0
10347.9,3.0,,80,20.0,2020,3,100.0,3000.0
10347.9,2.0,4.0,60,23.0,2021,4,99.8,3100.0
10347.9,2.0,5.0,95,23.0,2021,4,99.8,4400.0
10347.9,2.0,4.0,80,22.0,2020,3,100.0,3800.0
10347.9,5.0,,50,22.0,2020,2,100.0,1500.0
10347.9,5.0,2.0,45,21.0,2019,2,100.0,1500.0
36670.72727272727,16.0,4.0,55,39.0,2023,4,105.6,1600.0
36670.72727272727,15.0,4.0,70,12.0,2023,1,105.6,4700.0
36670.72727272727,12.0,,65,14.0,2019,1,100.0,2900.0
95281.1,14.0,4.0,80,10.0,2023,2,105.6,5100.0
95281.1,13.0,4.0,70,9.0,2020,3,100.0,4800.0
95281.1,16.0,4.0,70,7.0,2019,4,100.0,4300.0
12225.7,8.0,3.0,70,23.0,2023,1,105.6,3900.0
10011.6,7.0,4.0,70,23.0,2023,3,105.6,3200.0
12225.7,5.0,4.0,100,22.0,2023,4,105.6,6300.0
12225.7,6.0,4.0,80,22.0,2023,2,105.6,6800.0
12225.7,5.0,4.0,80,20.0,2021,3,99.8,6600.0
12225.7,5.0,4.0,80,20.0,2021,1,99.8,6400.0
95281.1,6.0,5.0,105,23.0,2022,4,102.3,7400.0
95281.1,6.0,,105,23.0,2022,1,102.3,5300.0
95281.1,5.0,,60,22.0,2021,4,99.8,3200.0
95281.1,3.0,2.0,55,21.0,2021,4,99.8,4900.0
95281.1,4.0,4.0,80,23.0,2022,1,102.3,4500.0
95281.1,6.0,2.0,35,22.0,2020,4,100.0,1700.0
12225.7,4.0,4.0,85,6.0,2022,4,102.3,8200.0
12225.7,4.0,4.0,85,6.0,2022,3,102.3,6000.0
12225.7,4.0,3.0,80,6.0,2022,2,102.3,5800.0
12225.7,6.0,4.0,90,37.0,2022,2,102.3,1800.0
27120.9,7.0,3.0,70,12.0,2019,4,100.0,4700.0
43789.2,16.0,4.0,75,27.0,2023,4,105.6,2000.0
43789.2,13.0,4.0,70,49.0,2023,3,105.6,2300.0
43789.2,11.0,3.0,65,48.0,2022,3,102.3,1300.0
43789.2,15.0,3.0,80,48.0,2022,3,102.3,1900.0
43789.2,13.0,4.0,65,48.0,2022,2,102.3,1200.0
43789.2,13.0,4.0,80,48.0,2022,2,102.3,2700.0
43789.2,13.0,4.0,75,48.0,2022,1,102.3,1800.0
43789.2,13.0,3.0,55,47.0,2021,3,99.8,1200.0
43789.2,15.0,4.0,70,46.0,2021,1,99.8,1600.0
43789.2,12.0,4.0,70,47.0,2021,1,99.8,1900.0
43789.2,12.0,4.0,65,46.0,2020,4,100.0,1800.0
43789.2,12.0,4.0,65,46.0,2020,4,100.0,1800.0
43789.2,15.0,5.0,70,46.0,2020,4,100.0,900.0
43789.2,13.0,4.0,70,46.0,2020,2,100.0,1500.0
43789.2,12.0,4.0,65,45.0,2019,4,100.0,1100.0
43789.2,14.0,3.0,70,45.0,2019,4,100.0,800.0
43789.2,15.0,4.0,80,45.0,2019,3,100.0,1200.0
43789.2,18.0,4.0,65,23.0,2019,2,100.0,1300.0
43789.2,16.0,,80,45.0,2019,2,100.0,1200.0
43789.2,13.0,3.0,65,45.0,2019,2,100.0,1500.0
43789.2,12.0,3.0,65,45.0,2019,1,100.0,1600.0
36670.72727272727,7.0,4.0,65,10.0,2024,1,108.0,5400.0
36670.72727272727,9.0,3.0,55,50.0,2023,1,105.6,2200.0
36670.72727272727,7.0,3.0,70,17.0,2023,1,105.6,5100.0
36670.72727272727,7.0,4.0,75,15.0,2022,3,102.3,5000.0
36670.72727272727,6.0,5.0,105,21.0,2022,1,102.3,5400.0
36670.72727272727,9.0,4.0,70,48.0,2021,4,99.8,2500.0
36670.72727272727,7.0,4.0,70,14.0,2021,4,99.8,4300.0
36670.72727272727,7.0,4.0,70,14.0,2021,2,99.8,3900.0
36670.72727272727,7.0,5.0,90,14.0,2021,2,99.8,5700.0
36670.72727272727,10.0,3.0,60,44.0,2021,2,99.8,550.0
36670.72727272727,7.0,5.0,90,15.0,2021,1,99.8,5900.0
36670.72727272727,6.0,4.0,65,6.0,2020,4,100.0,4800.0
36670.72727272727,7.0,4.0,70,14.0,2020,4,100.0,4300.0
36670.72727272727,6.0,3.0,70,6.0,2020,3,100.0,4300.0
36670.72727272727,7.0,4.0,90,14.0,2020,2,100.0,4100.0
36670.72727272727,9.0,4.0,55,47.0,2020,1,100.0,2000.0
36670.72727272727,8.0,4.0,70,14.0,2020,1,100.0,4600.0
36670.72727272727,7.0,3.0,70,13.0,2019,4,100.0,3800.0
36670.72727272727,9.0,4.0,70,46.0,2019,4,100.0,2600.0
36670.72727272727,9.0,,55,46.0,2019,3,100.0,1200.0
36670.72727272727,12.0,4.0,70,8.0,2019,2,100.0,4000.0
36670.72727272727,7.0,5.0,70,46.0,2019,1,100.0,1700.0
36670.72727272727,7.0,4.0,70,13.0,2019,1,100.0,4400.0
36670.72727272727,8.0,4.0,70,12.0,2019,1,100.0,3800.0
12225.7,15.0,4.0,75,49.0,2023,3,105.6,2400.0
12225.7,16.0,3.0,80,15.0,2023,2,105.6,6000.0
12225.7,15.0,4.0,90,49.0,2023,2,105.6,2500.0
12225.7,15.0,5.0,75,48.0,2022,3,102.3,1500.0
12225.7,16.0,4.0,80,14.0,2022,2,102.3,4800.0
12225.7,14.0,,75,24.0,2022,1,102.3,2900.0
12225.7,15.0,,90,47.0,2021,4,99.8,1500.0
12225.7,15.0,7.0,220,12.0,2020,4,100.0,16000.0
12225.7,16.0,5.0,130,12.0,2020,3,100.0,6600.0
12225.7,14.0,4.0,90,12.0,2020,2,100.0,4900.0
12225.7,15.0,4.0,85,14.0,2022,3,102.3,3800.0
12225.7,8.0,4.0,75,24.0,2023,2,105.6,4600.0
12225.7,6.0,3.0,55,22.0,2021,4,99.8,3500.0
12225.7,6.0,4.0,60,22.0,2021,3,99.8,3100.0
12225.7,8.0,4.0,80,25.0,2021,3,99.8,4700.0
27120.9,8.0,4.0,80,23.0,2022,1,102.3,5700.0
27120.9,8.0,4.0,70,21.0,2020,4,100.0,4300.0
36670.72727272727,10.0,4.0,80,23.0,2023,2,105.6,4100.0
36670.72727272727,10.0,,80,23.0,2023,1,105.6,4200.0
36670.72727272727,12.0,,75,22.0,2022,3,102.3,5000.0
36670.72727272727,12.0,5.0,95,22.0,2022,1,102.3,4500.0
36670.72727272727,12.0,4.0,75,21.0,2021,3,99.8,4100.0
36670.72727272727,13.0,4.0,75,21.0,2021,1,99.8,4500.0
52071.7,9.0,4.0,70,53.0,2022,1,102.3,2100.0
52071.7,9.0,4.0,70,52.0,2021,3,99.8,2100.0
52071.7,16.0,4.0,75,24.0,2024,1,108.0,4000.0
52071.7,9.0,4.0,65,24.0,2021,3,99.8,3100.0
52071.7,14.0,4.0,70,20.0,2020,3,100.0,3500.0
52071.7,9.0,5.0,90,26.0,2023,4,105.6,4500.0
52071.7,9.0,,80,22.0,2023,2,105.6,3600.0
52071.7,9.0,5.0,90,24.0,2021,4,99.8,4000.0
52071.7,6.0,4.0,75,15.0,2020,2,100.0,4000.0
52071.7,8.0,5.0,90,,2020,2,100.0,4200.0
52071.7,7.0,3.0,65,22.0,2019,3,100.0,3400.0
52071.7,9.0,,90,22.0,2019,1,100.0,3700.0
52071.7,5.0,,20,54.0,2023,3,105.6,330.0
52071.7,5.0,,20,54.0,2023,3,105.6,470.0
52071.7,5.0,2.0,40,54.0,2023,3,105.6,900.0
52071.7,6.0,4.0,100,37.0,2023,2,105.6,3800.0
52071.7,6.0,4.0,85,37.0,2023,2,105.6,4200.0
52071.7,6.0,4.0,90,36.0,2022,4,102.3,4300.0
52071.7,6.0,,100,36.0,2022,2,102.3,2800.0
52071.7,5.0,3.0,55,53.0,2022,1,102.3,2000.0
52071.7,6.0,5.0,115,35.0,2021,4,99.8,3100.0
52071.7,5.0,3.0,65,52.0,2021,1,99.8,2300.0
52071.7,5.0,4.0,75,52.0,2021,1,99.8,1800.0
52071.7,5.0,3.0,55,51.0,2020,4,100.0,1200.0
52071.7,5.0,2.0,20,51.0,2020,2,100.0,650.0
52071.7,5.0,2.0,20,51.0,2020,2,100.0,600.0
52071.7,6.0,4.0,90,7.0,2019,2,100.0,2900.0
52071.7,10.0,,55,24.0,2024,1,108.0,1300.0
52071.7,15.0,4.0,70,17.0,2023,3,105.6,3700.0
52071.7,15.0,3.0,65,17.0,2023,1,105.6,4000.0
52071.7,13.0,4.0,75,,2022,4,102.3,4000.0
52071.7,10.0,,55,22.0,2022,3,102.3,2000.0
52071.7,15.0,4.0,70,16.0,2022,3,102.3,4000.0
52071.7,10.0,2.0,55,22.0,2022,3,102.3,2400.0
52071.7,15.0,4.0,70,16.0,2022,2,102.3,3400.0
52071.7,15.0,,70,16.0,2022,1,102.3,3100.0
52071.7,15.0,,65,15.0,2021,4,99.8,2500.0
52071.7,14.0,4.0,70,15.0,2021,2,99.8,3100.0
52071.7,15.0,4.0,65,15.0,2021,1,99.8,3100.0
52071.7,15.0,4.0,70,13.0,2019,4,100.0,2500.0
52071.7,13.0,4.0,70,13.0,2019,3,100.0,3300.0
52071.7,7.0,4.0,70,21.0,2020,4,100.0,3500.0
52071.7,4.0,4.0,80,,2023,2,105.6,5400.0
52071.7,3.0,4.0,125,30.0,2021,2,99.8,5000.0
52071.7,3.0,4.0,80,16.0,2020,1,100.0,4700.0
36670.72727272727,9.0,3.0,65,52.0,2024,1,108.0,1700.0
36670.72727272727,6.0,3.0,75,28.0,2024,1,108.0,3600.0
36670.72727272727,9.0,4.0,70,51.0,2023,4,105.6,1700.0
36670.72727272727,2.0,4.0,55,23.0,2023,4,105.6,3100.0
36670.72727272727,9.0,4.0,65,51.0,2023,4,105.6,1300.0
36670.72727272727,8.0,4.0,80,17.0,2023,4,105.6,4900.0
36670.72727272727,6.0,4.0,65,7.0,2023,3,105.6,4000.0
36670.72727272727,3.0,4.0,65,25.0,2023,3,105.6,3900.0
36670.72727272727,8.0,4.0,60,25.0,2023,2,105.6,1900.0
36670.72727272727,2.0,3.0,60,23.0,2023,2,105.6,3000.0
36670.72727272727,8.0,,80,22.0,2023,2,105.6,3900.0
36670.72727272727,6.0,3.0,55,27.0,2023,2,105.6,2600.0
36670.72727272727,11.0,4.0,70,11.0,2023,2,105.6,3300.0
36670.72727272727,7.0,3.0,55,25.0,2023,2,105.6,2800.0
36670.72727272727,8.0,4.0,90,22.0,2023,1,105.6,5000.0
36670.72727272727,4.0,4.0,60,25.0,2022,3,102.3,3400.0
36670.72727272727,12.0,4.0,90,3.0,2022,3,102.3,5400.0
36670.72727272727,2.0,5.0,105,32.0,2022,2,102.3,4600.0
36670.72727272727,8.0,4.0,70,25.0,2022,2,102.3,4100.0
36670.72727272727,4.0,4.0,60,25.0,2022,1,102.3,2600.0
36670.72727272727,16.0,,75,22.0,2022,1,102.3,2700.0
36670.72727272727,2.0,4.0,65,10.0,2021,4,99.8,3900.0
36670.72727272727,11.0,4.0,70,15.0,2021,3,99.8,3000.0
36670.72727272727,8.0,4.0,75,20.0,2021,2,99.8,4900.0
36670.72727272727,3.0,4.0,75,23.0,2021,2,99.8,4300.0
36670.72727272727,15.0,4.0,65,21.0,2021,2,99.8,1800.0
36670.72727272727,5.0,5.0,90,11.0,2021,1,99.8,5200.0
36670.72727272727,8.0,4.0,60,22.0,2020,4,100.0,2300.0
36670.72727272727,13.0,4.0,90,1.0,2020,4,100.0,6700.0
36670.72727272727,3.0,4.0,65,22.0,2020,4,100.0,3600.0
36670.72727272727,12.0,4.0,80,1.0,2020,3,100.0,5400.0
36670.72727272727,4.0,4.0,65,22.0,2020,3,100.0,3500.0
36670.72727272727,5.0,4.0,70,22.0,2020,2,100.0,4000.0
36670.72727272727,13.0,5.0,75,21.0,2020,2,100.0,3600.0
36670.72727272727,3.0,4.0,70,25.0,2020,1,100.0,1800.0
36670.72727272727,4.0,2.0,65,22.0,2020,1,100.0,3100.0
36670.72727272727,4.0,4.0,75,10.0,2020,1,100.0,4200.0
36670.72727272727,9.0,3.0,70,47.0,2019,4,100.0,1900.0
36670.72727272727,9.0,4.0,65,47.0,2019,4,100.0,1200.0
36670.72727272727,1.0,4.0,70,19.0,2019,1,100.0,3700.0
36670.72727272727,9.0,4.0,65,22.0,2019,1,100.0,2900.0
36670.72727272727,6.0,2.0,15,35.0,2019,1,100.0,300.0
36670.72727272727,5.0,4.0,90,9.0,2019,1,100.0,5300.0
36670.72727272727,3.0,,65,21.0,2019,1,100.0,2600.0
36670.72727272727,2.0,3.0,60,28.0,2024,1,108.0,3200.0
36670.72727272727,3.0,2.0,20,40.0,2024,1,108.0,400.0
36670.72727272727,5.0,3.0,65,11.0,2023,4,105.6,4400.0
36670.72727272727,5.0,4.0,80,11.0,2023,4,105.6,6100.0
36670.72727272727,6.0,3.0,65,45.0,2023,3,105.6,1900.0
36670.72727272727,1.0,4.0,65,25.0,2023,1,105.6,4900.0
36670.72727272727,3.0,4.0,75,16.0,2023,1,105.6,4600.0
36670.72727272727,2.0,4.0,85,27.0,2023,1,105.6,3700.0
36670.72727272727,3.0,2.0,20,39.0,2023,1,105.6,850.0
36670.72727272727,5.0,3.0,70,52.0,2022,4,102.3,2600.0
36670.72727272727,5.0,4.0,75,10.0,2022,4,102.3,5200.0
36670.72727272727,3.0,4.0,80,22.0,2022,3,102.3,4900.0
36670.72727272727,5.0,3.0,55,52.0,2022,3,102.3,1800.0
36670.72727272727,5.0,4.0,75,10.0,2022,2,102.3,4200.0
36670.72727272727,5.0,4.0,70,52.0,2022,2,102.3,700.0
36670.72727272727,3.0,4.0,85,14.0,2021,3,99.8,4000.0
36670.72727272727,1.0,3.0,65,22.0,2021,2,99.8,3500.0
36670.72727272727,4.0,4.0,65,23.0,2021,2,99.8,3000.0
36670.72727272727,2.0,3.0,50,21.0,2021,2,99.8,2700.0
36670.72727272727,6.0,,65,43.0,2021,2,99.8,1400.0
36670.72727272727,3.0,4.0,90,,2020,4,100.0,5500.0
36670.72727272727,5.0,4.0,75,8.0,2020,4,100.0,4600.0
36670.72727272727,5.0,4.0,75,8.0,2020,3,100.0,4900.0
36670.72727272727,2.0,4.0,85,24.0,2020,3,100.0,4000.0
36670.72727272727,3.0,3.0,85,13.0,2020,3,100.0,5200.0
36670.72727272727,5.0,4.0,80,8.0,2020,3,100.0,5300.0
36670.72727272727,4.0,,75,,2020,1,100.0,4700.0
36670.72727272727,5.0,4.0,75,7.0,2019,4,100.0,4400.0
36670.72727272727,6.0,,80,41.0,2019,3,100.0,2100.0
36670.72727272727,4.0,4.0,80,13.0,2019,2,100.0,4400.0
36670.72727272727,2.0,,75,23.0,2019,2,100.0,3200.0
36670.72727272727,2.0,4.0,85,23.0,2019,2,100.0,3800.0
36670.72727272727,1.0,3.0,50,21.0,2019,1,100.0,2700.0
52071.7,7.0,4.0,70,24.0,2024,1,108.0,3800.0
52071.7,8.0,4.0,60,27.0,2023,3,105.6,2300.0
52071.7,7.0,4.0,55,,2023,2,105.6,1800.0
52071.7,7.0,,70,23.0,2023,2,105.6,2600.0
52071.7,9.0,4.0,60,26.0,2022,2,102.3,2400.0
52071.7,7.0,,70,22.0,2022,1,102.3,2400.0
52071.7,7.0,4.0,75,21.0,2021,2,99.8,3700.0
52071.7,6.0,,55,35.0,2021,1,99.8,1100.0
52071.7,4.0,4.0,60,14.0,2020,4,100.0,3600.0
52071.7,9.0,,65,18.0,2020,4,100.0,2200.0
52071.7,8.0,4.0,65,22.0,2020,4,100.0,2000.0
52071.7,4.0,5.0,85,14.0,2020,1,100.0,5400.0
52071.7,4.0,4.0,70,13.0,2019,3,100.0,4000.0
52071.7,9.0,4.0,75,10.0,2023,2,105.6,4800.0
52071.7,9.0,3.0,65,10.0,2023,2,105.6,4600.0
52071.7,11.0,4.0,70,8.0,2021,2,99.8,4400.0
52071.7,9.0,4.0,70,8.0,2021,1,99.8,3600.0
52071.7,9.0,3.0,70,7.0,2020,1,100.0,4500.0
52071.7,8.0,4.0,70,7.0,2020,1,100.0,3900.0
52071.7,8.0,3.0,60,8.0,2019,1,100.0,3500.0
52071.7,9.0,3.0,60,8.0,2019,1,100.0,3900.0
52071.7,7.0,,65,26.0,2023,3,105.6,2000.0
52071.7,9.0,5.0,95,50.0,2023,3,105.6,2600.0
52071.7,9.0,,50,19.0,2023,2,105.6,2900.0
52071.7,9.0,4.0,65,50.0,2023,1,105.6,1800.0
52071.7,10.0,4.0,75,22.0,2023,1,105.6,3600.0
52071.7,9.0,4.0,85,19.0,2022,4,102.3,4000.0
52071.7,8.0,4.0,70,9.0,2022,4,102.3,3500.0
52071.7,13.0,,55,18.0,2022,3,102.3,2600.0
52071.7,9.0,3.0,60,49.0,2022,3,102.3,1700.0
52071.7,9.0,4.0,75,19.0,2022,2,102.3,3200.0
52071.7,10.0,4.0,80,20.0,2021,4,99.8,3800.0
52071.7,9.0,4.0,65,48.0,2021,3,99.8,1200.0
52071.7,9.0,3.0,80,20.0,2021,2,99.8,4200.0
52071.7,9.0,,65,48.0,2021,2,99.8,1000.0
52071.7,8.0,3.0,65,7.0,2020,4,100.0,3800.0
52071.7,9.0,4.0,80,,2020,2,100.0,4000.0
52071.7,9.0,4.0,65,47.0,2020,1,100.0,2000.0
52071.7,9.0,4.0,70,46.0,2019,4,100.0,1400.0
52071.7,9.0,4.0,75,16.0,2019,3,100.0,4200.0
52071.7,11.0,5.0,90,24.0,2023,4,105.6,4200.0
52071.7,11.0,5.0,130,24.0,2023,1,105.6,4900.0
52071.7,7.0,4.0,85,5.0,2024,1,108.0,6500.0
52071.7,6.0,4.0,70,20.0,2021,1,99.8,3400.0
52071.7,8.0,4.0,70,1.0,2020,4,100.0,4700.0
52071.7,8.0,4.0,110,1.0,2020,3,100.0,7500.0
26831.7,1.0,4.0,65,24.0,2024,1,108.0,2800.0
26831.7,1.0,4.0,65,23.0,2023,4,105.6,3800.0
26831.7,1.0,4.0,80,24.0,2023,3,105.6,4700.0
26831.7,3.0,3.0,55,25.0,2023,2,105.6,2700.0
26831.7,2.0,4.0,75,16.0,2022,3,102.3,4400.0
26831.7,2.0,,65,24.0,2022,3,102.3,2400.0
26831.7,2.0,,60,24.0,2022,2,102.3,1300.0
26831.7,2.0,4.0,80,16.0,2022,1,102.3,4600.0
26831.7,1.0,4.0,80,22.0,2021,3,99.8,6000.0
26831.7,3.0,3.0,70,48.0,2021,1,99.8,2900.0
26831.7,3.0,4.0,70,45.0,2021,1,99.8,2400.0
26831.7,1.0,,80,22.0,2021,1,99.8,3700.0
26831.7,1.0,5.0,80,21.0,2020,1,100.0,4200.0
26831.7,3.0,4.0,70,46.0,2019,2,100.0,2700.0
95281.1,4.0,4.0,90,19.0,2022,4,102.3,9300.0
95281.1,4.0,,75,19.0,2022,3,102.3,6000.0
95281.1,4.0,,90,19.0,2022,1,102.3,7000.0
95281.1,1.0,4.0,75,23.0,2020,1,100.0,5800.0
95281.1,1.0,4.0,75,22.0,2019,3,100.0,4600.0
10347.9,11.0,5.0,90,23.0,2023,1,105.6,3200.0
10347.9,13.0,4.0,70,19.0,2019,4,100.0,2800.0
10347.9,11.0,4.0,70,19.0,2019,3,100.0,2200.0
15629.818181818182,14.0,4.0,70,9.0,2023,2,105.6,3900.0
15629.818181818182,9.0,4.0,70,17.0,2023,2,105.6,4200.0
15629.818181818182,14.0,4.0,70,7.0,2021,4,99.8,4200.0
15629.818181818182,9.0,4.0,70,14.0,2020,1,100.0,4100.0
10011.6,10.0,4.0,70,24.0,2023,4,105.6,2800.0
10011.6,10.0,4.0,75,24.0,2023,2,105.6,2000.0
10011.6,3.0,4.0,70,22.0,2022,3,102.3,3800.0
10011.6,4.0,3.0,70,21.0,2021,1,99.8,4100.0
10011.6,3.0,4.0,75,20.0,2020,3,100.0,3600.0
10011.6,3.0,5.0,90,20.0,2020,1,100.0,5000.0
10011.6,10.0,4.0,80,20.0,2019,4,100.0,2200.0
10011.6,2.0,,90,19.0,2019,3,100.0,3300.0
10011.6,10.0,4.0,65,20.0,2019,2,100.0,2400.0
10011.6,3.0,5.0,100,19.0,2019,2,100.0,5200.0
10011.6,15.0,3.0,70,26.0,2024,1,108.0,2400.0
10011.6,13.0,4.0,80,10.0,2023,4,105.6,2600.0
10011.6,13.0,4.0,125,10.0,2023,3,105.6,5600.0
10011.6,15.0,4.0,75,10.0,2023,2,105.6,3100.0
10011.6,13.0,,105,10.0,2023,1,105.6,4000.0
10011.6,13.0,4.0,75,10.0,2023,1,105.6,2600.0
10011.6,15.0,4.0,75,9.0,2022,4,102.3,2700.0
10011.6,15.0,5.0,100,24.0,2022,1,102.3,2800.0
10011.6,13.0,4.0,105,9.0,2022,1,102.3,4100.0
10011.6,15.0,4.0,95,8.0,2021,4,99.8,3000.0
10011.6,15.0,4.0,75,8.0,2021,1,99.8,2900.0
10011.6,14.0,4.0,80,8.0,2021,1,99.8,3100.0
10011.6,10.0,4.0,80,,2020,4,100.0,3700.0
10011.6,14.0,4.0,80,7.0,2020,2,100.0,2700.0
10011.6,14.0,4.0,85,7.0,2020,1,100.0,3400.0
10011.6,12.0,5.0,80,15.0,2020,1,100.0,2900.0
10011.6,13.0,4.0,75,6.0,2019,4,100.0,3100.0
10011.6,14.0,4.0,75,6.0,2019,3,100.0,2600.0
10011.6,13.0,5.0,125,6.0,2019,2,100.0,5000.0
10011.6,13.0,4.0,105,6.0,2019,1,100.0,4400.0
10011.6,4.0,,65,25.0,2024,1,108.0,2900.0
10011.6,6.0,4.0,70,17.0,2023,2,105.6,4000.0
10011.6,4.0,5.0,85,24.0,2023,2,105.6,4300.0
10011.6,6.0,4.0,70,16.0,2022,4,102.3,3200.0
10011.6,6.0,4.0,60,9.0,2021,2,99.8,3200.0
10011.6,6.0,4.0,80,7.0,2019,2,100.0,3900.0
10011.6,1.0,3.0,70,52.0,2023,4,105.6,2400.0
10011.6,3.0,4.0,65,46.0,2023,4,105.6,1300.0
10011.6,1.0,4.0,60,52.0,2023,4,105.6,1400.0
10011.6,1.0,4.0,55,52.0,2023,4,105.6,1000.0
10011.6,3.0,4.0,75,46.0,2023,1,105.6,2400.0
10011.6,3.0,4.0,75,46.0,2023,1,105.6,2400.0
10011.6,1.0,5.0,75,52.0,2023,1,105.6,2000.0
10011.6,8.0,4.0,70,23.0,2023,1,105.6,3900.0
10011.6,1.0,3.0,70,52.0,2023,1,105.6,800.0
10011.6,1.0,3.0,50,51.0,2022,4,102.3,960.0
10011.6,3.0,,55,45.0,2022,3,102.3,800.0
10011.6,3.0,4.0,65,45.0,2022,1,102.3,1300.0
10011.6,3.0,2.0,75,44.0,2021,3,99.8,2100.0
10011.6,3.0,4.0,75,44.0,2021,3,99.8,1400.0
10011.6,4.0,,75,,2021,2,99.8,1500.0
10011.6,3.0,,75,43.0,2020,4,100.0,2000.0
10011.6,1.0,4.0,60,49.0,2020,4,100.0,1600.0
10011.6,3.0,5.0,105,43.0,2020,1,100.0,3200.0
10011.6,1.0,3.0,60,48.0,2019,3,100.0,1100.0
10011.6,3.0,5.0,75,42.0,2019,2,100.0,1700.0
10011.6,1.0,3.0,60,48.0,2019,1,100.0,1600.0
10011.6,1.0,4.0,80,7.0,2022,4,102.3,5600.0
10011.6,4.0,,85,22.0,2022,1,102.3,3900.0
10011.6,4.0,3.0,60,19.0,2019,2,100.0,2600.0
12225.7,14.0,,75,24.0,2022,4,102.3,2500.0
10011.6,9.0,4.0,70,28.0,2024,1,108.0,2400.0
10011.6,9.0,,85,14.0,2023,4,105.6,3200.0
10011.6,9.0,5.0,85,14.0,2023,3,105.6,3400.0
10011.6,9.0,,70,27.0,2023,2,105.6,1600.0
10011.6,9.0,4.0,70,13.0,2022,4,102.3,3200.0
10011.6,11.0,5.0,110,31.0,2021,2,99.8,1500.0
43789.2,11.0,5.0,85,15.0,2021,3,99.8,4200.0
36670.72727272727,13.0,4.0,65,15.0,2022,1,102.3,2900.0
36670.72727272727,10.0,4.0,65,22.0,2021,2,99.8,2700.0
36670.72727272727,10.0,4.0,65,,2020,3,100.0,3300.0
36670.72727272727,13.0,5.0,95,16.0,2020,3,100.0,4700.0
36670.72727272727,10.0,4.0,65,21.0,2020,2,100.0,2300.0
36670.72727272727,13.0,5.0,80,16.0,2020,2,100.0,3600.0
36670.72727272727,13.0,4.0,75,16.0,2020,1,100.0,3300.0
36670.72727272727,11.0,4.0,65,20.0,2019,1,100.0,3500.0
27120.9,2.0,4.0,70,22.0,2022,2,102.3,5600.0
27120.9,3.0,4.0,80,22.0,2022,1,102.3,5600.0
27120.9,2.0,,70,21.0,2021,3,99.8,4400.0
27120.9,7.0,4.0,70,17.0,2019,1,100.0,4600.0
27622.0,14.0,,65,19.0,2023,4,105.6,2800.0
27622.0,14.0,4.0,70,19.0,2023,4,105.6,4000.0
27622.0,14.0,5.0,80,19.0,2023,3,105.6,4000.0
27622.0,11.0,4.0,75,7.0,2022,1,102.3,4000.0
27622.0,13.0,,70,18.0,2022,1,102.3,3000.0
27622.0,14.0,4.0,70,16.0,2020,2,100.0,3200.0
23739.8,8.0,3.0,55,49.0,2021,2,99.8,910.0
23739.8,9.0,3.0,60,48.0,2020,4,100.0,1800.0
23739.8,8.0,3.0,55,48.0,2020,2,100.0,730.0
23739.8,8.0,,55,47.0,2019,4,100.0,850.0
27622.0,8.0,3.0,55,37.0,2024,1,108.0,1800.0
27622.0,7.0,3.0,55,33.0,2023,1,105.6,2300.0
27622.0,8.0,3.0,70,50.0,2022,4,102.3,1600.0
27622.0,8.0,4.0,80,31.0,2022,1,102.3,2800.0
27622.0,9.0,3.0,55,50.0,2022,1,102.3,900.0
27622.0,10.0,3.0,55,49.0,2021,3,99.8,85.0
27622.0,7.0,4.0,55,31.0,2021,1,99.8,2400.0
27622.0,8.0,3.0,65,47.0,2019,4,100.0,2000.0
27622.0,4.0,4.0,65,2.0,2023,1,105.6,3800.0
27622.0,5.0,4.0,65,0.0,2021,4,99.8,4300.0
27622.0,7.0,,70,16.0,2020,4,100.0,2900.0
27120.9,18.0,4.0,75,23.0,2020,1,100.0,2500.0
12225.7,11.0,4.0,75,25.0,2023,3,105.6,4100.0
12225.7,9.0,4.0,80,9.0,2023,2,105.6,6200.0
12225.7,9.0,4.0,85,9.0,2023,2,105.6,5400.0
12225.7,10.0,3.0,100,19.0,2023,1,105.6,7300.0
12225.7,11.0,4.0,75,24.0,2022,3,102.3,3200.0
12225.7,9.0,4.0,75,21.0,2021,3,99.8,3700.0
12225.7,13.0,4.0,75,22.0,2020,4,100.0,3000.0
12225.7,10.0,,105,16.0,2020,3,100.0,6300.0
12225.7,9.0,4.0,85,19.0,2019,3,100.0,4400.0
23739.8,6.0,4.0,65,23.0,2021,3,99.8,2600.0
15629.818181818182,4.0,3.0,60,23.0,2023,2,105.6,2800.0
43789.2,4.0,3.0,55,26.0,2024,1,108.0,3500.0
43789.2,4.0,4.0,65,26.0,2024,1,108.0,3900.0
43789.2,4.0,4.0,65,25.0,2023,4,105.6,3700.0
43789.2,6.0,2.0,20,16.0,2023,3,105.6,1700.0
43789.2,6.0,4.0,70,25.0,2023,3,105.6,4300.0
43789.2,6.0,4.0,70,25.0,2023,3,105.6,2100.0
43789.2,4.0,4.0,65,25.0,2023,3,105.6,3500.0
43789.2,6.0,2.0,20,16.0,2023,3,105.6,1600.0
43789.2,4.0,4.0,65,25.0,2023,2,105.6,2700.0
43789.2,4.0,,55,25.0,2023,1,105.6,2700.0
43789.2,4.0,3.0,55,25.0,2023,1,105.6,2700.0
43789.2,4.0,4.0,80,23.0,2021,2,99.8,3900.0
43789.2,6.0,2.0,20,12.0,2019,2,100.0,1400.0
43789.2,6.0,2.0,20,12.0,2019,2,100.0,1400.0
3603.3636363636365,11.0,5.0,110,31.0,2023,3,105.6,1700.0
3603.3636363636365,14.0,4.0,80,30.0,2022,3,102.3,980.0
3603.3636363636365,18.0,4.0,75,30.0,2022,1,102.3,980.0
3603.3636363636365,14.0,4.0,80,29.0,2021,2,99.8,500.0
3603.3636363636365,11.0,3.0,75,29.0,2021,1,99.8,850.0
17671.272727272728,8.0,4.0,75,23.0,2022,4,102.3,1600.0
17671.272727272728,8.0,4.0,75,22.0,2021,4,99.8,1300.0
17671.272727272728,8.0,4.0,65,21.0,2020,1,100.0,1300.0
17671.272727272728,8.0,,65,20.0,2019,1,100.0,850.0
12225.7,9.0,3.0,50,23.0,2020,1,100.0,2000.0
10011.6,9.0,4.0,75,22.0,2023,4,105.6,3200.0
10011.6,10.0,4.0,75,26.0,2023,1,105.6,2300.0
10011.6,11.0,4.0,85,16.0,2020,2,100.0,3700.0
10011.6,9.0,4.0,65,19.0,2019,2,100.0,2100.0
27120.9,9.0,4.0,80,26.0,2022,2,102.3,5700.0
27120.9,9.0,3.0,80,25.0,2021,3,99.8,4200.0
27120.9,9.0,4.0,90,23.0,2019,3,100.0,4200.0
20094.2,4.0,3.0,60,2.0,2023,3,105.6,4600.0
20094.2,4.0,4.0,70,6.0,2020,3,100.0,4300.0
20094.2,2.0,4.0,70,5.0,2019,4,100.0,4600.0
10347.9,9.0,4.0,75,26.0,2023,4,105.6,4200.0
10347.9,13.0,4.0,70,16.0,2023,2,105.6,2800.0
10347.9,15.0,4.0,65,16.0,2023,2,105.6,3500.0
10347.9,14.0,,85,15.0,2022,4,102.3,3500.0
10347.9,9.0,4.0,80,25.0,2022,3,102.3,3400.0
10347.9,14.0,5.0,80,15.0,2022,2,102.3,4200.0
10347.9,11.0,4.0,75,15.0,2022,1,102.3,3900.0
10347.9,10.0,4.0,80,24.0,2021,3,99.8,3600.0
10347.9,9.0,5.0,90,12.0,2021,2,99.8,4000.0
10347.9,14.0,,70,14.0,2021,2,99.8,3000.0
10347.9,9.0,4.0,75,24.0,2021,1,99.8,3000.0
10347.9,14.0,5.0,95,13.0,2020,4,100.0,4800.0
10347.9,14.0,4.0,70,13.0,2020,3,100.0,3000.0
43789.2,10.0,3.0,65,25.0,2023,3,105.6,3200.0
43789.2,10.0,4.0,70,24.0,2022,3,102.3,3600.0
43789.2,11.0,4.0,60,24.0,2022,1,102.3,2800.0
43789.2,10.0,,65,24.0,2022,1,102.3,2900.0
43789.2,10.0,4.0,70,22.0,2020,2,100.0,3400.0
43789.2,10.0,4.0,70,21.0,2019,4,100.0,3500.0
43789.2,11.0,4.0,70,20.0,2019,3,100.0,3400.0
43789.2,11.0,4.0,65,3.0,2019,3,100.0,2900.0
43789.2,10.0,4.0,65,3.0,2019,2,100.0,3000.0
43789.2,11.0,4.0,65,20.0,2019,2,100.0,3100.0
43789.2,10.0,4.0,65,3.0,2019,1,100.0,3000.0
26831.7,4.0,,75,25.0,2022,2,102.3,3200.0
26831.7,4.0,5.0,80,21.0,2019,1,100.0,4100.0
12225.7,13.0,4.0,70,22.0,2024,1,108.0,3100.0
12225.7,14.0,5.0,90,18.0,2023,2,105.6,5100.0
12225.7,13.0,4.0,70,20.0,2022,2,102.3,3300.0
12225.7,14.0,4.0,115,17.0,2022,1,102.3,5800.0
12225.7,14.0,4.0,70,19.0,2021,3,99.8,3500.0
12225.7,14.0,5.0,90,16.0,2021,2,99.8,4600.0
12225.7,14.0,4.0,80,16.0,2021,2,99.8,3900.0
12225.7,10.0,4.0,85,15.0,2021,1,99.8,4100.0
12225.7,13.0,3.0,75,18.0,2020,4,100.0,3500.0
12225.7,11.0,4.0,100,17.0,2019,3,100.0,3700.0
12225.7,10.0,4.0,85,13.0,2019,2,100.0,5500.0
39373.63636363636,9.0,4.0,70,8.0,2022,3,102.3,4900.0
39373.63636363636,9.0,4.0,65,8.0,2022,1,102.3,4700.0
39373.63636363636,11.0,4.0,70,6.0,2021,3,99.8,4600.0
95281.1,9.0,4.0,70,10.0,2024,1,108.0,5000.0
95281.1,9.0,4.0,70,9.0,2023,4,105.6,5500.0
95281.1,10.0,4.0,70,9.0,2023,3,105.6,5500.0
95281.1,10.0,4.0,85,9.0,2023,2,105.6,6500.0
95281.1,9.0,4.0,75,8.0,2022,4,102.3,5700.0
95281.1,9.0,5.0,80,8.0,2022,2,102.3,5800.0
95281.1,9.0,4.0,75,7.0,2021,4,99.8,5400.0
95281.1,9.0,5.0,85,7.0,2021,3,99.8,6200.0
95281.1,9.0,5.0,80,5.0,2020,3,100.0,4700.0
95281.1,9.0,4.0,65,6.0,2020,1,100.0,4700.0
95281.1,9.0,3.0,75,5.0,2019,4,100.0,4700.0
95281.1,9.0,4.0,65,5.0,2019,4,100.0,4500.0
95281.1,9.0,4.0,75,5.0,2019,2,100.0,4700.0
95281.1,9.0,4.0,75,5.0,2019,2,100.0,4700.0
95281.1,9.0,3.0,70,5.0,2019,1,100.0,4300.0
95281.1,9.0,4.0,65,5.0,2019,1,100.0,4400.0
3767.8,7.0,4.0,70,8.0,2022,4,102.3,5000.0
3767.8,4.0,4.0,70,7.0,2021,2,99.8,4200.0
3767.8,2.0,4.0,70,7.0,2021,1,99.8,5000.0
10011.6,9.0,5.0,80,36.0,2023,2,105.6,2200.0
10011.6,12.0,3.0,70,24.0,2023,1,105.6,3100.0
10011.6,12.0,,70,23.0,2022,1,102.3,2500.0
10011.6,10.0,4.0,90,34.0,2021,2,99.8,1700.0
10011.6,10.0,5.0,80,33.0,2020,4,100.0,1800.0
27120.9,9.0,2.0,20,40.0,2024,1,108.0,920.0
27120.9,9.0,2.0,15,36.0,2020,1,100.0,290.0
43789.2,11.0,5.0,75,24.0,2022,3,102.3,3400.0
43789.2,9.0,4.0,70,22.0,2020,3,100.0,3500.0
12225.7,18.0,4.0,80,17.0,2020,4,100.0,2800.0
12225.7,18.0,,115,30.0,2020,3,100.0,1500.0
10011.6,23.0,4.0,95,17.0,2020,2,100.0,3600.0
39373.63636363636,8.0,3.0,60,,2020,4,100.0,2400.0
12225.7,16.0,5.0,75,22.0,2023,3,105.6,2600.0
12225.7,15.0,4.0,65,45.0,2022,1,102.3,1300.0
12225.7,14.0,,75,25.0,2021,2,99.8,2000.0
12225.7,15.0,3.0,75,44.0,2021,1,99.8,1000.0
12225.7,14.0,4.0,70,24.0,2020,4,100.0,2400.0
12225.7,14.0,3.0,60,24.0,2020,3,100.0,1700.0
12225.7,15.0,,65,43.0,2020,2,100.0,610.0
12225.7,14.0,4.0,65,8.0,2019,3,100.0,1900.0
12225.7,16.0,4.0,105,14.0,2019,1,100.0,4100.0
95281.1,25.0,4.0,65,46.0,2023,2,105.6,1700.0
95281.1,25.0,,65,46.0,2023,1,105.6,600.0
95281.1,12.0,4.0,80,23.0,2023,4,105.6,6600.0
95281.1,13.0,3.0,60,50.0,2023,1,105.6,2600.0
95281.1,11.0,5.0,80,23.0,2023,1,105.6,6000.0
95281.1,13.0,4.0,60,49.0,2022,4,102.3,2600.0
95281.1,15.0,,70,20.0,2022,1,102.3,3600.0
95281.1,11.0,4.0,60,48.0,2021,1,99.8,1400.0
95281.1,11.0,3.0,75,44.0,2020,3,100.0,2900.0
95281.1,11.0,2.0,35,46.0,2019,1,100.0,850.0
10011.6,24.0,5.0,85,35.0,2024,1,108.0,3500.0
10011.6,23.0,2.0,50,34.0,2023,2,105.6,1500.0
10011.6,23.0,,65,33.0,2022,3,102.3,1400.0
10011.6,23.0,4.0,80,33.0,2022,3,102.3,3000.0
10011.6,23.0,4.0,80,33.0,2022,2,102.3,1700.0
10011.6,21.0,5.0,90,33.0,2022,1,102.3,3000.0
10011.6,23.0,4.0,75,32.0,2021,4,99.8,2900.0
10011.6,23.0,4.0,75,31.0,2020,2,100.0,2500.0
10011.6,23.0,4.0,85,30.0,2019,4,100.0,3200.0
10011.6,23.0,3.0,50,30.0,2019,1,100.0,880.0
20094.2,29.0,5.0,95,27.0,2023,2,105.6,2900.0
20094.2,21.0,4.0,95,22.0,2022,4,102.3,3200.0
20094.2,26.0,4.0,80,37.0,2022,3,102.3,2700.0
20094.2,26.0,5.0,115,37.0,2022,1,102.3,1900.0
20094.2,28.0,3.0,50,31.0,2020,3,100.0,1400.0
20094.2,24.0,5.0,75,34.0,2019,3,100.0,900.0
20094.2,30.0,4.0,75,23.0,2019,2,100.0,2700.0
20094.2,29.0,4.0,65,23.0,2019,1,100.0,1600.0
7356.8,6.0,4.0,75,32.0,2023,4,105.6,2200.0
7356.8,9.0,4.0,70,40.0,2023,4,105.6,1100.0
7356.8,7.0,4.0,85,21.0,2023,4,105.6,2100.0
7356.8,8.0,,90,27.0,2023,3,105.6,2000.0
7356.8,5.0,4.0,85,32.0,2023,3,105.6,2300.0
7356.8,7.0,4.0,75,32.0,2023,3,105.6,1700.0
7356.8,8.0,,85,21.0,2023,3,105.6,1900.0
7356.8,13.0,4.0,70,33.0,2023,2,105.6,1300.0
7356.8,13.0,4.0,70,33.0,2023,1,105.6,910.0
7356.8,10.0,5.0,95,37.0,2022,4,102.3,1900.0
7356.8,8.0,,85,20.0,2022,4,102.3,2000.0
7356.8,8.0,4.0,85,20.0,2022,3,102.3,2600.0
7356.8,14.0,6.0,125,37.0,2022,3,102.3,2200.0
7356.8,6.0,4.0,75,31.0,2022,1,102.3,2200.0
7356.8,6.0,4.0,75,31.0,2022,1,102.3,1400.0
7356.8,5.0,,85,31.0,2022,1,102.3,1700.0
7356.8,6.0,5.0,85,17.0,2021,4,99.8,2900.0
7356.8,6.0,,70,32.0,2021,4,99.8,1500.0
7356.8,6.0,5.0,90,32.0,2021,4,99.8,2100.0
7356.8,5.0,4.0,70,32.0,2021,2,99.8,1900.0
7356.8,6.0,,75,30.0,2021,1,99.8,1500.0
7356.8,6.0,4.0,75,,2020,4,100.0,2600.0
7356.8,15.0,4.0,70,37.0,2020,1,100.0,1200.0
7356.8,11.0,4.0,70,30.0,2020,1,100.0,1300.0
7356.8,10.0,,65,35.0,2020,1,100.0,1500.0
7356.8,10.0,4.0,70,36.0,2019,4,100.0,1100.0
7356.8,4.0,4.0,80,27.0,2019,4,100.0,2000.0
7356.8,11.0,4.0,95,29.0,2019,3,100.0,2400.0
7356.8,9.0,3.0,65,34.0,2019,2,100.0,880.0
7356.8,13.0,4.0,70,36.0,2019,2,100.0,1300.0
7356.8,12.0,4.0,95,36.0,2019,2,100.0,1800.0
7356.8,10.0,3.0,65,34.0,2019,2,100.0,1100.0
7356.8,8.0,5.0,85,24.0,2019,2,100.0,2500.0
7356.8,10.0,4.0,95,36.0,2019,2,100.0,2000.0
7356.8,10.0,4.0,70,36.0,2019,1,100.0,1100.0
7356.8,6.0,4.0,70,30.0,2019,1,100.0,1500.0
7356.8,4.0,4.0,75,28.0,2019,1,100.0,1700.0
27120.9,12.0,4.0,75,37.0,2024,1,108.0,2000.0
27120.9,14.0,4.0,70,10.0,2023,2,105.6,5500.0
27120.9,14.0,4.0,70,9.0,2022,2,102.3,5700.0
27120.9,13.0,4.0,75,54.0,2022,1,102.3,2000.0
27120.9,13.0,4.0,95,54.0,2022,1,102.3,1800.0
27120.9,12.0,4.0,60,35.0,2022,1,102.3,1500.0
27120.9,12.0,3.0,70,34.0,2021,2,99.8,930.0
27120.9,12.0,3.0,75,9.0,2021,1,99.8,5100.0
27120.9,13.0,4.0,75,7.0,2020,1,100.0,5300.0
95281.1,11.0,3.0,65,25.0,2024,1,108.0,2700.0
95281.1,11.0,4.0,70,26.0,2023,4,105.6,3300.0
95281.1,10.0,4.0,70,25.0,2022,2,102.3,3000.0
95281.1,11.0,3.0,55,47.0,2022,1,102.3,1800.0
95281.1,11.0,,60,47.0,2022,1,102.3,1700.0
95281.1,16.0,4.0,60,46.0,2021,2,99.8,1500.0
95281.1,11.0,4.0,60,46.0,2021,2,99.8,1200.0
95281.1,12.0,,65,45.0,2020,3,100.0,1700.0
95281.1,15.0,3.0,60,45.0,2020,3,100.0,2200.0
95281.1,16.0,3.0,55,45.0,2020,2,100.0,1500.0
95281.1,11.0,,60,45.0,2020,1,100.0,1500.0
95281.1,10.0,3.0,65,45.0,2020,1,100.0,1800.0
95281.1,10.0,4.0,60,44.0,2019,4,100.0,1300.0
95281.1,16.0,,60,44.0,2019,2,100.0,1300.0
95281.1,11.0,5.0,65,44.0,2019,2,100.0,1500.0
95281.1,16.0,3.0,60,44.0,2019,2,100.0,2000.0
95281.1,3.0,3.0,60,15.0,2023,3,105.6,6600.0
95281.1,4.0,,60,10.0,2023,2,105.6,5800.0
95281.1,4.0,,75,23.0,2023,1,105.6,6300.0
95281.1,4.0,3.0,60,14.0,2022,3,102.3,6900.0
95281.1,4.0,3.0,60,9.0,2022,3,102.3,3900.0
95281.1,3.0,3.0,75,,2022,2,102.3,10000.0
95281.1,3.0,4.0,70,14.0,2022,1,102.3,7600.0
95281.1,3.0,,85,14.0,2022,1,102.3,10000.0
95281.1,3.0,5.0,150,13.0,2021,1,99.8,23000.0
95281.1,3.0,4.0,140,13.0,2021,1,99.8,14000.0
95281.1,3.0,3.0,75,11.0,2019,3,100.0,1600.0
95281.1,4.0,3.0,65,6.0,2019,2,100.0,5200.0
95281.1,3.0,3.0,75,11.0,2019,1,100.0,7200.0
95281.1,9.0,4.0,75,18.0,2023,3,105.6,4000.0
95281.1,9.0,3.0,60,4.0,2022,4,102.3,5200.0
95281.1,9.0,4.0,80,17.0,2022,3,102.3,5000.0
95281.1,11.0,4.0,65,17.0,2022,2,102.3,4000.0
95281.1,10.0,4.0,65,20.0,2019,3,100.0,3400.0
95281.1,9.0,4.0,70,14.0,2019,2,100.0,3800.0
95281.1,11.0,4.0,70,5.0,2019,1,100.0,3900.0
22676.4,15.0,4.0,65,4.0,2023,1,105.6,3400.0
22676.4,21.0,4.0,80,35.0,2021,3,99.8,1300.0
22676.4,19.0,4.0,100,35.0,2021,1,99.8,2400.0
22676.4,19.0,4.0,60,21.0,2020,4,100.0,2100.0
22676.4,20.0,4.0,75,34.0,2020,2,100.0,1700.0
22676.4,20.0,,75,33.0,2019,2,100.0,1100.0
10347.9,10.0,4.0,70,22.0,2023,2,105.6,3500.0
10347.9,10.0,4.0,75,21.0,2022,2,102.3,4000.0
10347.9,11.0,,75,20.0,2021,4,99.8,2800.0
10347.9,9.0,4.0,75,22.0,2020,4,100.0,3500.0
10347.9,12.0,4.0,60,23.0,2020,3,100.0,3100.0
10347.9,9.0,4.0,75,,2020,1,100.0,2600.0
10347.9,9.0,3.0,60,21.0,2019,1,100.0,2400.0
43789.2,2.0,4.0,80,20.0,2023,3,105.6,6000.0
43789.2,2.0,4.0,70,20.0,2023,2,105.6,5400.0
43789.2,3.0,2.0,55,14.0,2020,3,100.0,3900.0
43789.2,3.0,4.0,65,14.0,2020,2,100.0,4500.0
43789.2,2.0,3.0,70,17.0,2020,1,100.0,5200.0
43789.2,3.0,5.0,120,16.0,2019,4,100.0,7300.0
43789.2,3.0,4.0,75,13.0,2019,4,100.0,5100.0
43789.2,3.0,2.0,55,13.0,2019,4,100.0,3900.0
43789.2,2.0,3.0,80,16.0,2019,3,100.0,5000.0
26831.7,8.0,5.0,95,20.0,2023,1,105.6,4400.0
26831.7,16.0,4.0,75,44.0,2021,1,99.8,1500.0
26831.7,7.0,4.0,70,17.0,2020,4,100.0,3400.0
26831.7,16.0,4.0,75,41.0,2020,4,100.0,1400.0
26831.7,16.0,4.0,65,41.0,2020,3,100.0,1400.0
26831.7,16.0,,75,41.0,2020,1,100.0,1000.0
26831.7,8.0,5.0,90,16.0,2019,3,100.0,3800.0
22676.4,12.0,4.0,65,20.0,2023,2,105.6,3300.0
22676.4,18.0,5.0,75,37.0,2023,2,105.6,2300.0
22676.4,8.0,4.0,80,12.0,2022,4,102.3,4800.0
22676.4,10.0,4.0,75,16.0,2022,3,102.3,4800.0
22676.4,11.0,4.0,65,19.0,2022,1,102.3,3100.0
22676.4,9.0,4.0,70,19.0,2022,1,102.3,3200.0
22676.4,9.0,3.0,75,16.0,2022,1,102.3,3600.0
22676.4,11.0,4.0,70,18.0,2021,4,99.8,3400.0
22676.4,18.0,4.0,65,42.0,2021,2,99.8,1000.0
22676.4,10.0,4.0,60,18.0,2021,2,99.8,3400.0
22676.4,11.0,4.0,70,18.0,2021,1,99.8,3300.0
22676.4,18.0,4.0,70,34.0,2020,4,100.0,1500.0
22676.4,9.0,4.0,70,14.0,2020,2,100.0,3200.0
22676.4,18.0,,75,41.0,2020,1,100.0,1000.0
22676.4,7.0,5.0,85,12.0,2020,1,100.0,3800.0
22676.4,8.0,4.0,80,9.0,2019,4,100.0,4900.0
22676.4,9.0,5.0,80,16.0,2019,2,100.0,3500.0
15629.818181818182,4.0,2.0,85,36.0,2023,3,105.6,2500.0
15629.818181818182,3.0,4.0,75,24.0,2022,4,102.3,4300.0
15629.818181818182,2.0,,80,23.0,2021,3,99.8,4800.0
15629.818181818182,4.0,4.0,80,34.0,2021,1,99.8,3500.0
15629.818181818182,3.0,3.0,80,21.0,2019,2,100.0,4700.0
15629.818181818182,4.0,3.0,80,32.0,2019,1,100.0,3700.0
31877.3,9.0,4.0,65,22.0,2023,4,105.6,3300.0
39373.63636363636,8.0,4.0,75,26.0,2022,1,102.3,3500.0
3767.8,4.0,3.0,55,8.0,2023,2,105.6,3300.0
3767.8,2.0,4.0,65,27.0,2023,1,105.6,340.0
3767.8,4.0,4.0,65,5.0,2020,4,100.0,3700.0
3767.8,4.0,4.0,65,4.0,2019,4,100.0,3700.0
31877.3,12.0,4.0,65,22.0,2023,1,105.6,3700.0
31877.3,12.0,4.0,65,21.0,2022,1,102.3,2700.0
31877.3,13.0,3.0,65,12.0,2020,2,100.0,3300.0
3767.8,6.0,4.0,70,25.0,2023,3,105.6,3000.0
3767.8,6.0,4.0,70,24.0,2022,3,102.3,3300.0
3767.8,4.0,3.0,65,14.0,2022,2,102.3,3500.0
3767.8,5.0,4.0,70,22.0,2020,2,100.0,3200.0
39373.63636363636,7.0,3.0,65,24.0,2023,4,105.6,3600.0
39373.63636363636,4.0,,70,27.0,2023,2,105.6,3100.0
39373.63636363636,8.0,4.0,50,21.0,2022,4,102.3,3200.0
39373.63636363636,8.0,4.0,70,27.0,2022,4,102.3,3900.0
39373.63636363636,7.0,3.0,70,23.0,2022,3,102.3,3600.0
39373.63636363636,7.0,3.0,60,23.0,2022,3,102.3,3200.0
39373.63636363636,7.0,4.0,65,23.0,2022,3,102.3,3300.0
39373.63636363636,7.0,4.0,75,23.0,2022,2,102.3,3900.0
39373.63636363636,7.0,5.0,70,23.0,2022,2,102.3,1700.0
39373.63636363636,8.0,4.0,75,,2022,2,102.3,4500.0
39373.63636363636,7.0,3.0,60,23.0,2022,2,102.3,3800.0
39373.63636363636,7.0,4.0,70,14.0,2022,1,102.3,3900.0
39373.63636363636,6.0,3.0,70,22.0,2021,3,99.8,3500.0
39373.63636363636,5.0,4.0,70,25.0,2021,2,99.8,3600.0
39373.63636363636,6.0,4.0,80,,2021,1,99.8,3900.0
39373.63636363636,8.0,3.0,60,19.0,2020,3,100.0,3300.0
39373.63636363636,7.0,4.0,75,21.0,2020,2,100.0,4100.0
39373.63636363636,5.0,3.0,65,25.0,2019,3,100.0,3200.0
39373.63636363636,5.0,4.0,70,25.0,2019,2,100.0,3300.0
39373.63636363636,7.0,,70,18.0,2019,1,100.0,2700.0
3767.8,2.0,3.0,70,15.0,2023,2,105.6,4300.0
3767.8,2.0,4.0,70,15.0,2023,1,105.6,4300.0
3767.8,4.0,4.0,70,18.0,2019,3,100.0,3700.0
3767.8,2.0,4.0,70,11.0,2019,2,100.0,3600.0
31877.3,2.0,3.0,60,19.0,2023,3,105.6,3400.0
31877.3,2.0,3.0,55,26.0,2023,3,105.6,3100.0
31877.3,2.0,2.0,50,26.0,2023,2,105.6,2200.0
31877.3,2.0,4.0,50,18.0,2023,1,105.6,1800.0
31877.3,3.0,4.0,65,9.0,2023,1,105.6,3700.0
31877.3,2.0,4.0,60,25.0,2022,3,102.3,2600.0
31877.3,3.0,4.0,60,6.0,2020,4,100.0,3400.0
31877.3,2.0,3.0,65,16.0,2020,3,100.0,1100.0
31877.3,2.0,,50,22.0,2019,2,100.0,1300.0
31877.3,1.0,4.0,60,24.0,2024,1,108.0,2000.0
31877.3,2.0,2.0,15,38.0,2023,2,105.6,380.0
31877.3,2.0,2.0,15,37.0,2022,3,102.3,300.0
31877.3,3.0,,65,22.0,2020,3,100.0,1700.0
31877.3,2.0,2.0,25,31.0,2020,2,100.0,550.0
31877.3,1.0,4.0,70,20.0,2020,1,100.0,3300.0
31877.3,1.0,,60,19.0,2019,3,100.0,2300.0
31877.3,8.0,3.0,55,16.0,2019,2,100.0,3200.0
43789.2,4.0,2.0,25,30.0,2019,4,100.0,670.0
31877.3,6.0,4.0,55,26.0,2022,3,102.3,2900.0
31877.3,6.0,,55,26.0,2022,1,102.3,1900.0
31877.3,6.0,4.0,60,25.0,2021,3,99.8,3000.0
31877.3,6.0,4.0,55,25.0,2021,2,99.8,2000.0
31877.3,6.0,3.0,60,23.0,2019,4,100.0,2300.0
31877.3,8.0,4.0,55,23.0,2019,4,100.0,2100.0
39373.63636363636,6.0,4.0,75,32.0,2021,3,99.8,2400.0
39373.63636363636,6.0,4.0,75,35.0,2019,3,100.0,1600.0
36670.72727272727,8.0,4.0,70,12.0,2021,4,99.8,4400.0
36670.72727272727,8.0,4.0,100,34.0,2021,4,99.8,4000.0
36670.72727272727,8.0,4.0,70,12.0,2021,3,99.8,4500.0
36670.72727272727,8.0,4.0,80,12.0,2021,3,99.8,4400.0
36670.72727272727,7.0,5.0,100,34.0,2021,2,99.8,3000.0
36670.72727272727,8.0,5.0,90,20.0,2021,1,99.8,4700.0
36670.72727272727,8.0,5.0,85,33.0,2020,2,100.0,2500.0
36670.72727272727,8.0,4.0,75,10.0,2019,1,100.0,4400.0
15629.818181818182,6.0,3.0,65,35.0,2019,4,100.0,2300.0
15629.818181818182,6.0,3.0,60,35.0,2019,1,100.0,2300.0
43789.2,7.0,,65,31.0,2024,1,108.0,2700.0
43789.2,7.0,4.0,65,30.0,2023,4,105.6,3600.0
43789.2,7.0,4.0,65,30.0,2023,2,105.6,3900.0
43789.2,7.0,5.0,95,30.0,2023,2,105.6,4600.0
43789.2,7.0,,65,29.0,2022,2,102.3,3000.0
43789.2,7.0,4.0,65,29.0,2022,1,102.3,2900.0
43789.2,7.0,4.0,80,26.0,2019,2,100.0,3500.0
36670.72727272727,8.0,4.0,65,51.0,2023,4,105.6,2400.0
36670.72727272727,8.0,4.0,65,51.0,2023,3,105.6,2300.0
36670.72727272727,8.0,3.0,65,51.0,2023,3,105.6,2400.0
36670.72727272727,8.0,3.0,60,51.0,2023,3,105.6,2200.0
36670.72727272727,8.0,3.0,65,50.0,2022,1,102.3,2400.0
36670.72727272727,8.0,,65,48.0,2020,3,100.0,1600.0
36670.72727272727,8.0,4.0,80,48.0,2020,2,100.0,2500.0
36670.72727272727,8.0,4.0,80,48.0,2020,1,100.0,2800.0
36670.72727272727,8.0,,85,47.0,2019,3,100.0,1900.0
43789.2,3.0,4.0,65,18.0,2024,1,108.0,3400.0
43789.2,3.0,,55,23.0,2023,2,105.6,2300.0
43789.2,3.0,4.0,60,17.0,2023,1,105.6,3700.0
43789.2,3.0,5.0,80,16.0,2022,3,102.3,5000.0
43789.2,4.0,3.0,55,15.0,2021,1,99.8,3400.0
43789.2,3.0,4.0,75,13.0,2019,1,100.0,3900.0
27120.9,9.0,3.0,40,24.0,2021,4,99.8,1600.0
27120.9,9.0,2.0,35,,2019,3,100.0,1700.0
52071.7,10.0,5.0,80,22.0,2019,4,100.0,3500.0
36670.72727272727,10.0,5.0,80,19.0,2023,1,105.6,4100.0
36670.72727272727,13.0,4.0,90,37.0,2023,1,105.6,3200.0
36670.72727272727,10.0,4.0,75,,2020,3,100.0,3400.0
36670.72727272727,11.0,5.0,90,34.0,2020,1,100.0,2800.0
36670.72727272727,10.0,,80,22.0,2019,3,100.0,2300.0
36670.72727272727,11.0,4.0,55,22.0,2019,1,100.0,2300.0
39373.63636363636,11.0,4.0,70,22.0,2020,2,100.0,3600.0
95281.1,11.0,4.0,75,4.0,2022,2,102.3,5400.0
95281.1,11.0,5.0,85,4.0,2022,2,102.3,5800.0
10347.9,9.0,3.0,45,15.0,2023,4,105.6,2200.0
10347.9,9.0,,65,15.0,2023,2,105.6,2900.0
10347.9,5.0,3.0,70,19.0,2021,2,99.8,3400.0
39373.63636363636,10.0,4.0,75,19.0,2023,2,105.6,4000.0
39373.63636363636,10.0,4.0,70,19.0,2023,2,105.6,3900.0
39373.63636363636,10.0,,65,19.0,2023,1,105.6,3600.0
39373.63636363636,10.0,3.0,70,18.0,2022,1,102.3,3700.0
39373.63636363636,13.0,2.0,15,35.0,2021,4,99.8,600.0
39373.63636363636,12.0,4.0,70,23.0,2021,2,99.8,3200.0
39373.63636363636,9.0,3.0,55,16.0,2020,1,100.0,2500.0
39373.63636363636,8.0,4.0,65,15.0,2019,1,100.0,3300.0
39373.63636363636,13.0,2.0,15,33.0,2019,1,100.0,390.0
43789.2,12.0,4.0,70,21.0,2019,3,100.0,3000.0
95281.1,19.0,4.0,70,25.0,2022,1,102.3,2900.0
17671.272727272728,6.0,4.0,70,25.0,2021,4,99.8,950.0
17671.272727272728,8.0,4.0,70,25.0,2021,3,99.8,650.0
17671.272727272728,6.0,4.0,70,24.0,2020,4,100.0,1300.0
17671.272727272728,6.0,4.0,70,23.0,2019,1,100.0,700.0
17671.272727272728,26.0,3.0,65,28.0,2023,3,105.6,600.0
17671.272727272728,26.0,4.0,65,26.0,2021,1,99.8,490.0
17671.272727272728,1.0,5.0,85,13.0,2021,4,99.8,3200.0
17671.272727272728,8.0,5.0,95,15.0,2020,3,100.0,2200.0
17671.272727272728,6.0,5.0,95,14.0,2020,3,100.0,2100.0
12225.7,6.0,3.0,125,33.0,2022,4,102.3,5100.0
12225.7,6.0,5.0,105,24.0,2022,2,102.3,4800.0
12225.7,6.0,,125,32.0,2021,4,99.8,3800.0
12225.7,5.0,3.0,90,20.0,2021,3,99.8,5000.0
12225.7,6.0,4.0,70,20.0,2021,2,99.8,3800.0
12225.7,5.0,3.0,65,20.0,2021,1,99.8,3600.0
60822.454545454544,9.0,5.0,75,5.0,2023,1,105.6,4300.0
60822.454545454544,10.0,4.0,80,4.0,2022,3,102.3,3500.0
60822.454545454544,9.0,5.0,90,,2021,1,99.8,5000.0
60822.454545454544,16.0,4.0,75,23.0,2022,4,102.3,1900.0
60822.454545454544,16.0,5.0,75,24.0,2021,4,99.8,1700.0
60822.454545454544,16.0,5.0,80,22.0,2021,3,99.8,3400.0
60822.454545454544,16.0,,75,24.0,2021,2,99.8,1500.0
60822.454545454544,16.0,4.0,75,23.0,2020,4,100.0,1700.0
60822.454545454544,18.0,,75,20.0,2019,2,100.0,1500.0
60822.454545454544,16.0,4.0,70,22.0,2019,2,100.0,2500.0
3603.3636363636365,12.0,4.0,75,25.0,2024,1,108.0,2200.0
3603.3636363636365,11.0,4.0,75,26.0,2023,1,105.6,2100.0
3603.3636363636365,13.0,4.0,70,25.0,2022,4,102.3,1600.0
3603.3636363636365,13.0,,85,25.0,2022,3,102.3,1600.0
3603.3636363636365,12.0,4.0,75,23.0,2022,1,102.3,1400.0
3603.3636363636365,12.0,4.0,75,22.0,2021,4,99.8,1700.0
3603.3636363636365,12.0,4.0,75,22.0,2021,3,99.8,2200.0
3603.3636363636365,10.0,4.0,70,24.0,2021,2,99.8,1600.0
3603.3636363636365,12.0,4.0,75,22.0,2021,1,99.8,1400.0
3603.3636363636365,12.0,4.0,75,22.0,2021,1,99.8,1700.0
3603.3636363636365,12.0,4.0,75,21.0,2020,3,100.0,1500.0
3603.3636363636365,12.0,4.0,95,21.0,2020,3,100.0,2400.0
3603.3636363636365,12.0,4.0,75,20.0,2019,1,100.0,2200.0
23739.8,4.0,4.0,70,19.0,2023,4,105.6,2000.0
23739.8,5.0,4.0,65,23.0,2023,4,105.6,3600.0
23739.8,6.0,4.0,40,52.0,2023,3,105.6,770.0
23739.8,7.0,,70,12.0,2023,2,105.6,3800.0
23739.8,6.0,4.0,50,24.0,2022,3,102.3,2300.0
23739.8,7.0,4.0,40,51.0,2022,2,102.3,800.0
23739.8,3.0,5.0,80,17.0,2021,2,99.8,4000.0
23739.8,6.0,2.0,35,50.0,2021,1,99.8,1400.0
23739.8,7.0,4.0,50,22.0,2020,2,100.0,2200.0
23739.8,10.0,4.0,80,24.0,2019,3,100.0,3300.0
23739.8,6.0,4.0,65,8.0,2019,3,100.0,3200.0
23739.8,10.0,4.0,75,24.0,2019,2,100.0,2500.0
23739.8,6.0,3.0,45,48.0,2019,2,100.0,1100.0
12225.7,6.0,2.0,40,14.0,2022,1,102.3,2300.0
27120.9,8.0,3.0,65,17.0,2021,3,99.8,3200.0
27120.9,8.0,2.0,40,16.0,2020,2,100.0,2300.0
22676.4,9.0,4.0,75,22.0,2023,3,105.6,2700.0
22676.4,5.0,4.0,80,7.0,2022,3,102.3,4800.0
22676.4,6.0,4.0,75,7.0,2022,3,102.3,4700.0
22676.4,4.0,4.0,75,7.0,2022,1,102.3,4700.0
22676.4,10.0,4.0,95,23.0,2021,3,99.8,3300.0
22676.4,5.0,5.0,90,,2021,2,99.8,4800.0
22676.4,11.0,4.0,65,24.0,2021,2,99.8,2500.0
22676.4,9.0,4.0,55,23.0,2021,2,99.8,1700.0
22676.4,9.0,,85,22.0,2020,2,100.0,1900.0
22676.4,5.0,4.0,80,5.0,2020,2,100.0,4900.0
22676.4,16.0,3.0,70,22.0,2023,4,105.6,2400.0
22676.4,16.0,4.0,75,21.0,2022,2,102.3,2800.0
22676.4,16.0,4.0,65,20.0,2021,2,99.8,2400.0
27120.9,14.0,2.0,25,15.0,2023,4,105.6,1700.0
27120.9,14.0,2.0,25,15.0,2023,4,105.6,1500.0
27120.9,14.0,2.0,25,15.0,2023,1,105.6,1800.0
27120.9,13.0,2.0,25,11.0,2019,1,100.0,1400.0
43789.2,11.0,2.0,25,14.0,2022,2,102.3,1400.0
43789.2,11.0,2.0,25,13.0,2021,4,99.8,1400.0
14940.9,30.0,,70,20.0,2019,2,100.0,1400.0
52071.7,30.0,3.0,120,17.0,2021,1,99.8,3600.0
10347.9,30.0,,80,24.0,2022,1,102.3,1800.0
10347.9,30.0,4.0,70,23.0,2021,1,99.8,2000.0
10347.9,30.0,4.0,65,23.0,2021,1,99.8,1600.0
10347.9,30.0,4.0,70,22.0,2020,2,100.0,1200.0
10347.9,30.0,4.0,70,22.0,2020,1,100.0,1500.0
43789.2,30.0,4.0,65,25.0,2023,4,105.6,2000.0
43789.2,30.0,4.0,70,25.0,2023,3,105.6,2400.0
43789.2,30.0,,65,24.0,2023,3,105.6,1800.0
43789.2,30.0,5.0,80,25.0,2023,3,105.6,3000.0
43789.2,30.0,5.0,100,19.0,2023,3,105.6,3800.0
43789.2,30.0,4.0,70,25.0,2023,3,105.6,1900.0
43789.2,30.0,2.0,65,25.0,2023,2,105.6,1600.0
43789.2,30.0,5.0,95,19.0,2023,1,105.6,4200.0
43789.2,30.0,4.0,65,25.0,2023,1,105.6,2000.0
43789.2,30.0,4.0,80,25.0,2023,1,105.6,1800.0
43789.2,30.0,4.0,70,25.0,2023,1,105.6,2300.0
43789.2,30.0,4.0,65,24.0,2022,4,102.3,2600.0
43789.2,60.0,,75,24.0,2022,4,102.3,1900.0
43789.2,30.0,,75,24.0,2022,4,102.3,1600.0
43789.2,30.0,4.0,80,24.0,2022,4,102.3,1700.0
43789.2,30.0,4.0,80,24.0,2022,3,102.3,2100.0
43789.2,30.0,4.0,75,24.0,2022,2,102.3,1700.0
43789.2,30.0,4.0,65,23.0,2022,2,102.3,2600.0
43789.2,30.0,4.0,70,24.0,2022,2,102.3,1700.0
43789.2,30.0,4.0,70,24.0,2022,2,102.3,2800.0
43789.2,30.0,4.0,95,18.0,2022,2,102.3,5100.0
43789.2,30.0,4.0,70,24.0,2022,2,102.3,1200.0
43789.2,30.0,4.0,70,24.0,2022,2,102.3,1700.0
43789.2,30.0,4.0,85,18.0,2022,1,102.3,3200.0
43789.2,30.0,,65,24.0,2022,1,102.3,1700.0
43789.2,30.0,5.0,85,24.0,2022,1,102.3,2300.0
43789.2,30.0,,70,24.0,2022,1,102.3,1500.0
43789.2,30.0,4.0,90,22.0,2021,3,99.8,2700.0
43789.2,30.0,4.0,85,23.0,2021,3,99.8,1900.0
43789.2,30.0,4.0,70,26.0,2021,3,99.8,1900.0
43789.2,30.0,,65,23.0,2021,3,99.8,1300.0
43789.2,30.0,5.0,80,23.0,2021,3,99.8,2500.0
43789.2,30.0,5.0,105,23.0,2021,2,99.8,3100.0
43789.2,30.0,4.0,70,23.0,2021,2,99.8,1900.0
43789.2,30.0,4.0,70,23.0,2021,2,99.8,1500.0
43789.2,30.0,4.0,70,23.0,2021,2,99.8,970.0
43789.2,30.0,4.0,70,23.0,2021,2,99.8,1800.0
43789.2,30.0,4.0,70,23.0,2021,1,99.8,2000.0
43789.2,30.0,3.0,70,23.0,2021,1,99.8,1700.0
43789.2,30.0,,70,23.0,2021,1,99.8,1300.0
43789.2,30.0,3.0,120,17.0,2021,1,99.8,3800.0
43789.2,30.0,4.0,65,22.0,2020,4,100.0,1200.0
43789.2,30.0,4.0,70,22.0,2020,4,100.0,1500.0
43789.2,30.0,,70,22.0,2020,4,100.0,1300.0
43789.2,30.0,,85,16.0,2020,3,100.0,2400.0
43789.2,30.0,5.0,80,22.0,2020,3,100.0,2100.0
43789.2,30.0,5.0,85,22.0,2020,1,100.0,2400.0
43789.2,30.0,5.0,80,21.0,2019,4,100.0,2100.0
43789.2,30.0,5.0,85,22.0,2019,4,100.0,2000.0
43789.2,30.0,4.0,75,21.0,2019,4,100.0,2200.0
43789.2,30.0,4.0,65,21.0,2019,4,100.0,1600.0
43789.2,30.0,4.0,75,21.0,2019,4,100.0,1900.0
43789.2,30.0,5.0,85,21.0,2019,3,100.0,1900.0
43789.2,30.0,,85,21.0,2019,2,100.0,1600.0
43789.2,30.0,4.0,75,21.0,2019,2,100.0,2000.0
43789.2,30.0,4.0,70,21.0,2019,2,100.0,1400.0
43789.2,30.0,5.0,85,20.0,2019,2,100.0,2400.0
43789.2,30.0,,70,21.0,2019,2,100.0,1100.0
43789.2,30.0,,65,21.0,2019,1,100.0,1300.0
43789.2,30.0,4.0,70,21.0,2019,1,100.0,1900.0
43789.2,30.0,,75,,2019,1,100.0,1700.0
43789.2,30.0,4.0,70,21.0,2019,1,100.0,1500.0
43789.2,30.0,,85,15.0,2019,1,100.0,2300.0
12225.7,14.0,,95,13.0,2020,4,100.0,4000.0
12225.7,14.0,,85,12.0,2019,2,100.0,4000.0
10011.6,14.0,5.0,100,13.0,2020,4,100.0,3500.0
10011.6,15.0,4.0,70,35.0,2020,4,100.0,710.0
95281.1,14.0,4.0,70,11.0,2021,2,99.8,3500.0
95281.1,14.0,4.0,90,11.0,2021,2,99.8,4700.0
20094.2,15.0,4.0,70,11.0,2021,4,99.8,4000.0
20094.2,4.0,,80,14.0,2023,4,105.6,5400.0
20094.2,5.0,4.0,70,28.0,2023,3,105.6,4800.0
20094.2,5.0,4.0,70,28.0,2023,3,105.6,4900.0
20094.2,5.0,5.0,90,21.0,2023,3,105.6,5900.0
20094.2,5.0,4.0,70,28.0,2023,2,105.6,4800.0
20094.2,5.0,4.0,90,36.0,2022,3,102.3,3500.0
20094.2,5.0,4.0,85,12.0,2022,2,102.3,6500.0
20094.2,5.0,4.0,70,27.0,2022,2,102.3,5000.0
20094.2,3.0,5.0,90,6.0,2021,2,99.8,6200.0
20094.2,4.0,4.0,85,4.0,2021,1,99.8,7000.0
20094.2,3.0,4.0,80,5.0,2020,1,100.0,5200.0
20094.2,7.0,4.0,70,17.0,2019,4,100.0,4000.0
20094.2,4.0,4.0,75,2.0,2019,3,100.0,5300.0
20094.2,6.0,4.0,70,17.0,2019,2,100.0,4200.0
20094.2,5.0,5.0,85,33.0,2019,1,100.0,2800.0
27120.9,3.0,4.0,90,27.0,2023,2,105.6,7300.0
27120.9,3.0,3.0,80,27.0,2023,2,105.6,6300.0
27120.9,2.0,3.0,50,23.0,2023,1,105.6,3300.0
27120.9,4.0,3.0,65,9.0,2021,3,99.8,5400.0
27120.9,3.0,3.0,85,25.0,2021,3,99.8,6500.0
27120.9,4.0,2.0,20,36.0,2020,4,100.0,620.0
27120.9,3.0,3.0,70,24.0,2020,2,100.0,5100.0
39373.63636363636,7.0,4.0,75,22.0,2023,4,105.6,4900.0
39373.63636363636,8.0,,75,22.0,2023,3,105.6,3500.0
39373.63636363636,8.0,5.0,80,10.0,2023,3,105.6,5400.0
39373.63636363636,6.0,4.0,70,20.0,2021,4,99.8,3600.0
39373.63636363636,8.0,3.0,55,12.0,2021,3,99.8,2700.0
39373.63636363636,4.0,5.0,85,,2021,2,99.8,3700.0
39373.63636363636,7.0,4.0,70,20.0,2021,1,99.8,3900.0
39373.63636363636,7.0,3.0,85,20.0,2021,1,99.8,4600.0
39373.63636363636,7.0,4.0,65,19.0,2020,2,100.0,2600.0
39373.63636363636,5.0,4.0,70,6.0,2020,1,100.0,3800.0
39373.63636363636,8.0,4.0,60,6.0,2019,3,100.0,3800.0
39373.63636363636,8.0,4.0,65,6.0,2019,2,100.0,4100.0
39373.63636363636,8.0,4.0,65,6.0,2019,1,100.0,4000.0
43789.2,8.0,4.0,65,26.0,2023,4,105.6,3600.0
43789.2,8.0,5.0,80,18.0,2022,3,102.3,4900.0
43789.2,8.0,,80,18.0,2022,1,102.3,3600.0
43789.2,9.0,4.0,70,20.0,2021,4,99.8,3500.0
43789.2,8.0,4.0,80,17.0,2021,3,99.8,3700.0
43789.2,8.0,5.0,75,17.0,2021,1,99.8,3800.0
43789.2,7.0,,70,19.0,2020,2,100.0,2200.0
43789.2,8.0,5.0,75,15.0,2019,2,100.0,3800.0
52071.7,9.0,,75,28.0,2024,1,108.0,2700.0
52071.7,11.0,4.0,65,20.0,2021,2,99.8,3200.0
52071.7,11.0,4.0,70,18.0,2019,3,100.0,4400.0
23739.8,11.0,3.0,70,19.0,2020,2,100.0,4000.0
10347.9,11.0,4.0,70,21.0,2019,2,100.0,2600.0
43789.2,4.0,4.0,70,22.0,2023,4,105.6,3800.0
43789.2,4.0,3.0,65,25.0,2023,3,105.6,3500.0
43789.2,4.0,4.0,70,19.0,2023,3,105.6,4300.0
43789.2,4.0,,70,22.0,2023,1,105.6,3600.0
43789.2,5.0,4.0,70,18.0,2022,4,102.3,4400.0
43789.2,2.0,4.0,70,,2021,3,99.8,3400.0
43789.2,5.0,3.0,65,17.0,2021,1,99.8,3300.0
43789.2,5.0,4.0,65,16.0,2020,4,100.0,3600.0
43789.2,3.0,3.0,50,15.0,2020,4,100.0,2600.0
43789.2,3.0,4.0,70,21.0,2020,4,100.0,2100.0
52071.7,18.0,3.0,95,21.0,2023,2,105.6,3000.0
52071.7,19.0,4.0,85,21.0,2023,1,105.6,4000.0
52071.7,20.0,3.0,95,20.0,2022,1,102.3,3700.0
52071.7,19.0,,85,20.0,2022,1,102.3,3000.0
52071.7,21.0,5.0,80,21.0,2021,3,99.8,2700.0
52071.7,16.0,3.0,95,19.0,2021,3,99.8,4000.0
52071.7,21.0,4.0,80,18.0,2020,1,100.0,3000.0
52071.7,16.0,5.0,85,17.0,2019,3,100.0,3500.0
52071.7,16.0,4.0,95,17.0,2019,2,100.0,3500.0
52071.7,19.0,4.0,90,17.0,2019,2,100.0,3600.0
52071.7,21.0,4.0,70,19.0,2019,2,100.0,1600.0
52071.7,18.0,4.0,95,,2019,1,100.0,2800.0
43789.2,11.0,4.0,75,20.0,2023,3,105.6,3800.0
43789.2,15.0,3.0,65,22.0,2023,1,105.6,3300.0
43789.2,15.0,3.0,65,20.0,2021,1,99.8,2600.0
43789.2,11.0,4.0,90,18.0,2021,1,99.8,3000.0
43789.2,14.0,5.0,75,19.0,2020,3,100.0,3200.0
43789.2,11.0,5.0,85,17.0,2020,3,100.0,4200.0
43789.2,11.0,5.0,90,17.0,2020,3,100.0,4600.0
43789.2,11.0,4.0,65,18.0,2019,2,100.0,2500.0
43789.2,11.0,4.0,70,16.0,2019,1,100.0,3400.0
31877.3,13.0,4.0,70,12.0,2023,1,105.6,4000.0
31877.3,11.0,,75,10.0,2021,4,99.8,3200.0
31877.3,11.0,4.0,75,8.0,2021,1,99.8,3500.0
31877.3,11.0,4.0,75,8.0,2021,1,99.8,3400.0
31877.3,10.0,4.0,75,7.0,2020,3,100.0,3400.0
43789.2,6.0,,65,22.0,2022,3,102.3,3100.0
43789.2,6.0,4.0,65,21.0,2021,3,99.8,3900.0
43789.2,8.0,4.0,65,21.0,2021,2,99.8,3400.0
43789.2,7.0,5.0,80,21.0,2021,2,99.8,3800.0
43789.2,6.0,5.0,80,20.0,2020,4,100.0,3900.0
43789.2,6.0,5.0,80,20.0,2020,3,100.0,3400.0
43789.2,6.0,4.0,65,19.0,2019,1,100.0,3200.0
20094.2,6.0,4.0,80,4.0,2021,4,99.8,6100.0
1756.3,4.0,4.0,65,25.0,2023,4,105.6,2200.0
1756.3,4.0,,60,44.0,2023,1,105.6,2000.0
1756.3,4.0,4.0,60,44.0,2023,1,105.6,1000.0
1756.3,3.0,,90,23.0,2021,4,99.8,2800.0
1756.3,4.0,4.0,60,42.0,2021,3,99.8,1700.0
1756.3,3.0,4.0,75,23.0,2021,3,99.8,2900.0
1756.3,4.0,3.0,60,44.0,2021,2,99.8,1800.0
1756.3,4.0,4.0,60,42.0,2021,1,99.8,860.0
1756.3,3.0,4.0,65,23.0,2021,1,99.8,2600.0
1756.3,3.0,4.0,65,21.0,2019,4,100.0,2500.0
1756.3,4.0,4.0,75,20.0,2019,4,100.0,2600.0
1756.3,3.0,4.0,80,20.0,2019,3,100.0,2400.0
1756.3,3.0,4.0,65,21.0,2019,1,100.0,1900.0
1952.3,4.0,4.0,65,25.0,2023,4,105.6,2900.0
1952.3,4.0,4.0,60,44.0,2023,3,105.6,750.0
1952.3,4.0,4.0,95,43.0,2022,4,102.3,2400.0
31877.3,19.0,5.0,80,27.0,2023,4,105.6,3200.0
31877.3,15.0,5.0,95,18.0,2023,4,105.6,3900.0
31877.3,15.0,4.0,70,27.0,2023,3,105.6,3400.0
31877.3,18.0,5.0,75,27.0,2023,1,105.6,2500.0
31877.3,19.0,,60,27.0,2023,1,105.6,2200.0
31877.3,19.0,4.0,65,26.0,2022,4,102.3,2200.0
31877.3,18.0,,80,26.0,2022,4,102.3,2500.0
31877.3,15.0,4.0,70,26.0,2022,2,102.3,2400.0
31877.3,18.0,,65,18.0,2022,2,102.3,2800.0
31877.3,19.0,4.0,65,25.0,2021,3,99.8,2600.0
31877.3,19.0,,75,25.0,2021,3,99.8,1700.0
31877.3,16.0,5.0,80,14.0,2020,4,100.0,2900.0
31877.3,15.0,4.0,70,14.0,2020,4,100.0,3000.0
31877.3,18.0,5.0,80,33.0,2020,2,100.0,2200.0
31877.3,15.0,4.0,70,13.0,2020,1,100.0,3000.0
31877.3,18.0,4.0,75,16.0,2020,1,100.0,2200.0
31877.3,15.0,4.0,70,14.0,2020,1,100.0,2700.0
31877.3,19.0,4.0,65,24.0,2020,1,100.0,1600.0
31877.3,15.0,5.0,100,14.0,2019,4,100.0,3000.0
43789.2,20.0,3.0,70,27.0,2024,1,108.0,2100.0
43789.2,15.0,4.0,70,17.0,2023,4,105.6,3200.0
43789.2,19.0,2.0,65,26.0,2023,4,105.6,2000.0
43789.2,19.0,4.0,60,26.0,2023,3,105.6,2100.0
43789.2,18.0,5.0,75,26.0,2023,1,105.6,2600.0
43789.2,18.0,4.0,65,26.0,2023,1,105.6,2500.0
43789.2,15.0,,75,27.0,2023,1,105.6,2300.0
43789.2,15.0,5.0,85,16.0,2022,4,102.3,3500.0
43789.2,19.0,4.0,65,25.0,2022,4,102.3,2900.0
43789.2,15.0,3.0,70,17.0,2022,4,102.3,2900.0
43789.2,19.0,4.0,60,26.0,2022,2,102.3,2300.0
43789.2,19.0,4.0,60,25.0,2022,1,102.3,2600.0
43789.2,18.0,4.0,55,24.0,2021,2,99.8,2700.0
43789.2,18.0,5.0,80,34.0,2021,2,99.8,1000.0
43789.2,19.0,5.0,80,23.0,2020,4,100.0,2300.0
43789.2,15.0,4.0,70,14.0,2020,3,100.0,2300.0
43789.2,18.0,4.0,65,16.0,2020,1,100.0,2600.0
43789.2,15.0,4.0,70,23.0,2019,2,100.0,1500.0
43789.2,15.0,4.0,65,15.0,2019,1,100.0,2700.0
17671.272727272728,8.0,4.0,90,30.0,2024,1,108.0,1200.0
17671.272727272728,16.0,4.0,75,21.0,2024,1,108.0,2300.0
17671.272727272728,7.0,4.0,80,30.0,2023,4,105.6,1600.0
17671.272727272728,15.0,4.0,75,26.0,2023,3,105.6,2000.0
17671.272727272728,15.0,4.0,75,26.0,2023,3,105.6,1000.0
17671.272727272728,11.0,4.0,95,29.0,2023,1,105.6,2300.0
17671.272727272728,10.0,4.0,80,,2023,1,105.6,2000.0
17671.272727272728,11.0,4.0,70,25.0,2022,3,102.3,1500.0
17671.272727272728,6.0,4.0,80,19.0,2022,2,102.3,2300.0
17671.272727272728,9.0,5.0,100,28.0,2022,2,102.3,1700.0
17671.272727272728,15.0,,75,25.0,2022,2,102.3,1200.0
17671.272727272728,6.0,5.0,100,19.0,2022,1,102.3,3000.0
17671.272727272728,8.0,4.0,80,27.0,2021,4,99.8,1500.0
17671.272727272728,19.0,4.0,75,27.0,2021,4,99.8,1600.0
17671.272727272728,8.0,4.0,80,27.0,2021,4,99.8,1800.0
17671.272727272728,5.0,4.0,75,29.0,2021,2,99.8,1500.0
17671.272727272728,6.0,4.0,80,27.0,2021,2,99.8,1400.0
17671.272727272728,10.0,3.0,65,,2020,4,100.0,1200.0
17671.272727272728,13.0,4.0,80,28.0,2020,4,100.0,1600.0
17671.272727272728,7.0,4.0,80,28.0,2020,4,100.0,1300.0
17671.272727272728,8.0,4.0,85,17.0,2020,4,100.0,1900.0
17671.272727272728,15.0,4.0,85,23.0,2020,3,100.0,1600.0
17671.272727272728,4.0,4.0,80,24.0,2020,3,100.0,1400.0
17671.272727272728,11.0,4.0,80,28.0,2020,3,100.0,1800.0
17671.272727272728,7.0,4.0,85,25.0,2019,4,100.0,1800.0
17671.272727272728,9.0,4.0,95,25.0,2019,3,100.0,1800.0
17671.272727272728,11.0,4.0,80,,2019,3,100.0,1200.0
17671.272727272728,8.0,4.0,75,17.0,2019,2,100.0,210.0
17671.272727272728,6.0,4.0,80,16.0,2019,2,100.0,1700.0
17671.272727272728,13.0,4.0,85,26.0,2019,1,100.0,1800.0
12225.7,14.0,4.0,75,17.0,2024,1,108.0,4200.0
12225.7,9.0,3.0,75,49.0,2023,3,105.6,2500.0
12225.7,12.0,,65,23.0,2023,3,105.6,4200.0
12225.7,14.0,4.0,70,25.0,2023,1,105.6,3800.0
12225.7,15.0,4.0,75,25.0,2022,3,102.3,3400.0
12225.7,13.0,,85,25.0,2022,2,102.3,1200.0
12225.7,15.0,4.0,90,20.0,2022,1,102.3,4200.0
12225.7,8.0,5.0,95,11.0,2022,1,102.3,4300.0
12225.7,14.0,,70,24.0,2022,1,102.3,2700.0
12225.7,12.0,4.0,70,21.0,2021,4,99.8,3800.0
12225.7,16.0,,70,19.0,2021,3,99.8,3000.0
12225.7,15.0,4.0,75,13.0,2021,2,99.8,4000.0
12225.7,15.0,4.0,80,38.0,2020,1,100.0,3100.0
12225.7,13.0,4.0,65,48.0,2020,1,100.0,1100.0
12225.7,14.0,4.0,70,22.0,2020,1,100.0,3000.0
12225.7,15.0,4.0,90,18.0,2020,1,100.0,3600.0
12225.7,15.0,4.0,65,21.0,2019,4,100.0,2200.0
12225.7,14.0,3.0,60,47.0,2019,4,100.0,560.0
12225.7,8.0,4.0,80,8.0,2019,3,100.0,5200.0
12225.7,14.0,,65,47.0,2019,3,100.0,980.0
12225.7,15.0,4.0,85,37.0,2019,2,100.0,2400.0
12225.7,11.0,4.0,75,,2019,2,100.0,6200.0
12225.7,12.0,5.0,85,19.0,2019,1,100.0,4500.0
12225.7,14.0,,70,21.0,2019,1,100.0,2600.0
20094.2,16.0,3.0,60,20.0,2023,1,105.6,3300.0
20094.2,15.0,5.0,95,2.0,2022,1,102.3,6500.0
20094.2,18.0,4.0,75,26.0,2021,4,99.8,2600.0
20094.2,15.0,4.0,70,1.0,2021,3,99.8,4500.0
20094.2,14.0,5.0,90,1.0,2021,3,99.8,6100.0
20094.2,16.0,4.0,70,1.0,2021,3,99.8,4800.0
20094.2,14.0,5.0,80,1.0,2021,3,99.8,5000.0
20094.2,14.0,4.0,80,6.0,2021,3,99.8,4600.0
20094.2,14.0,5.0,85,1.0,2021,3,99.8,5100.0
20094.2,16.0,4.0,70,1.0,2021,2,99.8,4900.0
20094.2,14.0,4.0,75,1.0,2021,2,99.8,5000.0
20094.2,14.0,4.0,70,1.0,2021,1,99.8,4500.0
20094.2,16.0,4.0,75,0.0,2020,4,100.0,5100.0
20094.2,18.0,4.0,75,25.0,2020,4,100.0,2800.0
20094.2,14.0,4.0,80,0.0,2020,4,100.0,5400.0
20094.2,14.0,4.0,90,0.0,2020,3,100.0,5700.0
20094.2,18.0,3.0,80,26.0,2020,1,100.0,2900.0
20094.2,18.0,4.0,70,24.0,2019,2,100.0,2500.0
95281.1,9.0,2.0,15,28.0,2024,1,108.0,6800.0
95281.1,8.0,4.0,75,22.0,2020,2,100.0,4000.0
43789.2,6.0,,90,25.0,2022,4,102.3,4600.0
43789.2,6.0,4.0,60,22.0,2019,2,100.0,2700.0
95281.1,19.0,4.0,105,32.0,2020,4,100.0,2700.0
95281.1,19.0,2.0,15,33.0,2019,3,100.0,310.0
95281.1,18.0,2.0,15,33.0,2019,2,100.0,280.0
20094.2,13.0,2.0,15,36.0,2022,2,102.3,340.0
27120.9,16.0,4.0,75,19.0,2020,1,100.0,2800.0
95281.1,10.0,2.0,20,14.0,2023,4,105.6,1400.0
95281.1,9.0,2.0,20,14.0,2023,2,105.6,1600.0
95281.1,7.0,2.0,15,34.0,2022,4,102.3,250.0
95281.1,6.0,2.0,15,38.0,2022,4,102.3,570.0
95281.1,10.0,4.0,60,12.0,2022,4,102.3,3600.0
95281.1,10.0,2.0,25,13.0,2022,3,102.3,1300.0
95281.1,9.0,2.0,25,13.0,2022,2,102.3,1500.0
95281.1,7.0,2.0,15,34.0,2022,2,102.3,370.0
95281.1,10.0,2.0,20,13.0,2022,1,102.3,1600.0
95281.1,9.0,2.0,20,13.0,2022,1,102.3,1500.0
95281.1,9.0,,75,12.0,2022,1,102.3,4000.0
95281.1,10.0,2.0,20,12.0,2021,1,99.8,1600.0
95281.1,9.0,2.0,25,11.0,2020,3,100.0,1600.0
95281.1,6.0,2.0,15,33.0,2020,2,100.0,450.0
95281.1,8.0,2.0,15,31.0,2019,4,100.0,520.0
95281.1,9.0,4.0,75,38.0,2019,4,100.0,1000.0
95281.1,9.0,4.0,70,38.0,2019,3,100.0,2700.0
95281.1,9.0,4.0,60,,2019,2,100.0,3400.0
3767.8,4.0,4.0,70,11.0,2020,3,100.0,4000.0
3767.8,5.0,4.0,65,9.0,2019,2,100.0,3600.0
20094.2,7.0,4.0,60,21.0,2023,3,105.6,3800.0
20094.2,7.0,4.0,75,11.0,2023,1,105.6,5200.0
20094.2,5.0,4.0,70,16.0,2022,2,102.3,4000.0
20094.2,6.0,4.0,70,15.0,2021,4,99.8,4200.0
20094.2,8.0,4.0,70,16.0,2019,1,100.0,4400.0
20094.2,8.0,5.0,90,16.0,2019,1,100.0,5500.0
36670.72727272727,4.0,5.0,95,21.0,2022,4,102.3,5100.0
36670.72727272727,6.0,5.0,120,54.0,2022,1,102.3,3900.0
36670.72727272727,6.0,4.0,100,54.0,2022,1,102.3,3500.0
36670.72727272727,6.0,4.0,70,18.0,2021,3,99.8,4000.0
36670.72727272727,6.0,4.0,90,17.0,2020,4,100.0,4700.0
23739.8,12.0,5.0,80,43.0,2022,2,102.3,1100.0
23739.8,10.0,5.0,80,42.0,2021,3,99.8,2000.0
23739.8,11.0,4.0,70,,2020,4,100.0,1300.0
43789.2,9.0,5.0,80,22.0,2022,3,102.3,4700.0
43789.2,10.0,4.0,70,21.0,2021,2,99.8,3700.0
43789.2,9.0,4.0,70,21.0,2021,1,99.8,3700.0
12225.7,9.0,4.0,40,52.0,2022,4,102.3,900.0
12225.7,9.0,,45,50.0,2020,4,100.0,800.0
12225.7,9.0,3.0,55,50.0,2020,2,100.0,960.0
12225.7,9.0,2.0,35,49.0,2019,2,100.0,670.0
10347.9,11.0,4.0,80,26.0,2023,3,105.6,2700.0
10347.9,11.0,4.0,70,24.0,2021,1,99.8,2300.0
10347.9,11.0,4.0,70,22.0,2019,2,100.0,3100.0
43789.2,4.0,,50,27.0,2023,2,105.6,2000.0
43789.2,9.0,3.0,55,26.0,2022,4,102.3,2700.0
10347.9,18.0,5.0,85,9.0,2022,2,102.3,4400.0
10347.9,11.0,4.0,70,18.0,2019,2,100.0,2500.0
43789.2,17.0,4.0,70,9.0,2022,4,102.3,3800.0
43789.2,15.0,3.0,80,10.0,2022,3,102.3,4200.0
43789.2,18.0,4.0,80,8.0,2021,1,99.8,3800.0
43789.2,15.0,5.0,90,8.0,2021,1,99.8,3200.0
43789.2,16.0,4.0,70,7.0,2020,4,100.0,3600.0
43789.2,15.0,4.0,70,7.0,2020,2,100.0,3300.0
27120.9,5.0,4.0,70,23.0,2020,3,100.0,3700.0
27120.9,5.0,,80,22.0,2019,3,100.0,4200.0
12225.7,6.0,4.0,65,20.0,2022,4,102.3,3300.0
10347.9,6.0,4.0,70,11.0,2023,3,105.6,6200.0
10347.9,3.0,4.0,75,8.0,2023,2,105.6,4600.0
10347.9,4.0,4.0,75,40.0,2023,1,105.6,2600.0
10347.9,3.0,5.0,80,8.0,2023,1,105.6,6200.0
10347.9,6.0,4.0,70,9.0,2021,4,99.8,5700.0
10347.9,5.0,4.0,75,7.0,2019,4,100.0,4900.0
10347.9,5.0,3.0,80,7.0,2019,2,100.0,7000.0
15629.818181818182,7.0,4.0,110,31.0,2020,4,100.0,4000.0
15629.818181818182,13.0,4.0,70,21.0,2020,1,100.0,4000.0
27120.9,9.0,4.0,70,24.0,2023,4,105.6,3900.0
27120.9,8.0,3.0,80,17.0,2022,4,102.3,5500.0
27120.9,7.0,3.0,85,10.0,2022,1,102.3,6300.0
27120.9,8.0,4.0,140,12.0,2020,3,100.0,8700.0
27120.9,8.0,4.0,90,14.0,2019,3,100.0,4900.0
27120.9,7.0,3.0,75,7.0,2019,3,100.0,5800.0
36670.72727272727,8.0,,65,28.0,2023,3,105.6,2600.0
36670.72727272727,9.0,4.0,60,46.0,2023,2,105.6,1700.0
36670.72727272727,7.0,4.0,80,35.0,2023,2,105.6,3500.0
36670.72727272727,10.0,,90,22.0,2023,2,105.6,4500.0
36670.72727272727,8.0,5.0,85,19.0,2023,1,105.6,5500.0
36670.72727272727,8.0,4.0,65,28.0,2023,1,105.6,3300.0
36670.72727272727,8.0,4.0,75,18.0,2022,3,102.3,5000.0
36670.72727272727,8.0,4.0,75,18.0,2022,2,102.3,4700.0
36670.72727272727,7.0,4.0,70,15.0,2022,1,102.3,4500.0
36670.72727272727,8.0,4.0,65,25.0,2020,4,100.0,2800.0
36670.72727272727,8.0,4.0,80,32.0,2020,3,100.0,3200.0
36670.72727272727,7.0,,75,13.0,2020,2,100.0,4400.0
36670.72727272727,9.0,4.0,65,42.0,2019,1,100.0,1300.0
36670.72727272727,5.0,4.0,105,26.0,2019,1,100.0,4200.0
39373.63636363636,3.0,4.0,60,21.0,2023,4,105.6,3500.0
39373.63636363636,4.0,3.0,50,35.0,2023,3,105.6,2200.0
39373.63636363636,4.0,,50,34.0,2022,3,102.3,1600.0
39373.63636363636,4.0,3.0,50,16.0,2022,1,102.3,2700.0
39373.63636363636,4.0,,60,33.0,2021,4,99.8,1700.0
39373.63636363636,3.0,5.0,85,26.0,2021,1,99.8,3500.0
39373.63636363636,3.0,4.0,60,18.0,2020,3,100.0,3400.0
39373.63636363636,5.0,4.0,75,4.0,2019,3,100.0,5500.0
43789.2,6.0,3.0,75,6.0,2021,3,99.8,5000.0
36670.72727272727,14.0,4.0,70,21.0,2023,3,105.6,4000.0
36670.72727272727,14.0,5.0,105,5.0,2022,2,102.3,6900.0
36670.72727272727,13.0,4.0,70,1.0,2021,1,99.8,3400.0
36670.72727272727,14.0,4.0,70,25.0,2021,1,99.8,4100.0
36670.72727272727,13.0,4.0,70,0.0,2021,1,99.8,4000.0
36670.72727272727,13.0,4.0,70,16.0,2019,4,100.0,3700.0
95281.1,15.0,4.0,65,50.0,2023,2,105.6,2000.0
95281.1,16.0,3.0,105,5.0,2022,1,102.3,6500.0
95281.1,15.0,4.0,65,48.0,2021,4,99.8,1400.0
95281.1,16.0,4.0,70,25.0,2021,3,99.8,4500.0
95281.1,16.0,4.0,70,25.0,2021,2,99.8,4100.0
95281.1,16.0,4.0,70,25.0,2021,2,99.8,4200.0
95281.1,16.0,4.0,70,25.0,2021,1,99.8,4100.0
95281.1,16.0,4.0,70,24.0,2020,4,100.0,4200.0
95281.1,8.0,4.0,65,27.0,2023,3,105.6,4500.0
95281.1,11.0,4.0,70,5.0,2022,3,102.3,5300.0
95281.1,11.0,,70,20.0,2022,1,102.3,3800.0
95281.1,8.0,4.0,70,21.0,2021,4,99.8,4000.0
95281.1,11.0,4.0,65,4.0,2021,1,99.8,5300.0
95281.1,9.0,4.0,75,19.0,2020,3,100.0,3700.0
95281.1,11.0,4.0,65,,2020,2,100.0,4700.0
95281.1,11.0,4.0,65,3.0,2020,1,100.0,5500.0
95281.1,8.0,5.0,90,19.0,2020,1,100.0,4200.0
95281.1,11.0,5.0,80,17.0,2019,1,100.0,4800.0
95281.1,9.0,4.0,65,2.0,2019,1,100.0,4700.0
95281.1,11.0,4.0,65,2.0,2019,1,100.0,4900.0
20094.2,6.0,4.0,70,24.0,2023,1,105.6,2100.0
20094.2,6.0,4.0,75,23.0,2022,4,102.3,3400.0
20094.2,8.0,4.0,95,23.0,2022,2,102.3,5000.0
20094.2,5.0,3.0,65,20.0,2019,3,100.0,3400.0
20094.2,5.0,,70,20.0,2019,1,100.0,2700.0
12225.7,13.0,4.0,75,50.0,2021,1,99.8,1800.0
12225.7,11.0,5.0,75,50.0,2021,1,99.8,930.0
27120.9,12.0,4.0,75,53.0,2024,1,108.0,2000.0
27120.9,12.0,4.0,75,52.0,2023,3,105.6,2200.0
27120.9,12.0,4.0,75,52.0,2023,1,105.6,2500.0
27120.9,12.0,,75,51.0,2022,3,102.3,1300.0
27120.9,12.0,4.0,75,50.0,2021,4,99.8,2000.0
52071.7,13.0,3.0,60,19.0,2024,1,108.0,2700.0
52071.7,13.0,4.0,60,19.0,2024,1,108.0,3000.0
52071.7,14.0,,80,19.0,2024,1,108.0,3500.0
52071.7,13.0,4.0,75,18.0,2023,4,105.6,3900.0
52071.7,13.0,,60,18.0,2023,3,105.6,2400.0
52071.7,14.0,3.0,80,18.0,2023,3,105.6,3200.0
52071.7,13.0,,80,18.0,2023,2,105.6,2900.0
52071.7,12.0,,70,7.0,2023,2,105.6,3600.0
52071.7,12.0,4.0,95,18.0,2023,2,105.6,5400.0
52071.7,13.0,4.0,85,18.0,2023,2,105.6,3300.0
52071.7,13.0,5.0,100,18.0,2023,2,105.6,5300.0
52071.7,14.0,4.0,85,17.0,2022,4,102.3,3900.0
52071.7,13.0,4.0,100,17.0,2022,4,102.3,4000.0
52071.7,13.0,,60,17.0,2022,4,102.3,2300.0
52071.7,15.0,4.0,70,6.0,2022,2,102.3,4000.0
52071.7,14.0,4.0,95,17.0,2022,2,102.3,4100.0
52071.7,11.0,,75,20.0,2022,1,102.3,3300.0
52071.7,11.0,4.0,75,19.0,2021,3,99.8,3800.0
52071.7,11.0,4.0,70,18.0,2020,4,100.0,3400.0
52071.7,13.0,2.0,60,15.0,2020,3,100.0,2500.0
52071.7,15.0,,75,19.0,2020,1,100.0,2300.0
52071.7,11.0,3.0,80,15.0,2020,1,100.0,3900.0
52071.7,15.0,5.0,80,18.0,2019,4,100.0,3400.0
52071.7,14.0,4.0,85,14.0,2019,3,100.0,4000.0
52071.7,13.0,3.0,80,14.0,2019,3,100.0,3800.0
52071.7,13.0,5.0,95,14.0,2019,3,100.0,4600.0
52071.7,14.0,5.0,80,14.0,2019,1,100.0,4400.0
12225.7,3.0,3.0,70,13.0,2021,1,99.8,5400.0
12225.7,3.0,4.0,100,12.0,2020,3,100.0,5300.0
12225.7,3.0,,80,12.0,2020,3,100.0,6300.0
12225.7,3.0,4.0,100,12.0,2020,1,100.0,8300.0
95281.1,5.0,,35,25.0,2023,4,105.6,2400.0
95281.1,5.0,3.0,55,22.0,2023,3,105.6,3300.0
95281.1,5.0,2.0,50,22.0,2023,2,105.6,3100.0
95281.1,4.0,4.0,70,25.0,2023,1,105.6,3700.0
95281.1,6.0,4.0,75,9.0,2023,1,105.6,5500.0
95281.1,5.0,,55,21.0,2022,3,102.3,3100.0
95281.1,5.0,2.0,55,24.0,2022,2,102.3,3000.0
95281.1,6.0,3.0,70,13.0,2022,2,102.3,5000.0
95281.1,6.0,,50,24.0,2022,1,102.3,2500.0
95281.1,5.0,2.0,50,20.0,2021,4,99.8,2700.0
95281.1,6.0,3.0,65,7.0,2021,3,99.8,5000.0
95281.1,6.0,4.0,70,23.0,2021,2,99.8,2900.0
95281.1,6.0,3.0,50,23.0,2021,2,99.8,2900.0
95281.1,6.0,3.0,50,23.0,2021,2,99.8,2800.0
95281.1,6.0,3.0,65,7.0,2021,2,99.8,4000.0
95281.1,6.0,4.0,65,23.0,2021,1,99.8,4000.0
95281.1,6.0,3.0,50,23.0,2021,1,99.8,2000.0
95281.1,6.0,,35,22.0,2020,4,100.0,1400.0
95281.1,9.0,3.0,60,19.0,2020,3,100.0,2800.0
95281.1,5.0,4.0,90,11.0,2020,1,100.0,5800.0
10347.9,4.0,5.0,70,25.0,2022,1,102.3,4000.0
10347.9,4.0,4.0,70,23.0,2020,4,100.0,3700.0
10347.9,9.0,4.0,65,22.0,2023,3,105.6,3500.0
10347.9,10.0,4.0,65,36.0,2021,2,99.8,1100.0
10347.9,9.0,4.0,65,18.0,2019,2,100.0,3200.0
39373.63636363636,18.0,4.0,85,10.0,2023,2,105.6,5200.0
39373.63636363636,13.0,4.0,75,9.0,2022,4,102.3,4500.0
39373.63636363636,12.0,4.0,65,8.0,2021,1,99.8,3900.0
39373.63636363636,12.0,3.0,70,6.0,2019,1,100.0,4000.0
20094.2,13.0,4.0,65,4.0,2024,1,108.0,5000.0
20094.2,11.0,4.0,70,27.0,2022,4,102.3,4000.0
20094.2,10.0,4.0,70,27.0,2022,1,102.3,3300.0
20094.2,11.0,4.0,70,6.0,2020,1,100.0,4000.0
20094.2,6.0,4.0,75,23.0,2023,2,105.6,4000.0
20094.2,6.0,4.0,75,25.0,2022,4,102.3,4500.0
20094.2,11.0,4.0,95,24.0,2022,1,102.3,3900.0
20094.2,6.0,4.0,70,21.0,2021,4,99.8,3200.0
20094.2,6.0,,75,21.0,2021,3,99.8,2900.0
20094.2,11.0,4.0,95,23.0,2021,2,99.8,2800.0
20094.2,9.0,4.0,75,16.0,2020,1,100.0,3800.0
20094.2,6.0,5.0,90,22.0,2019,4,100.0,4200.0
20094.2,6.0,4.0,65,25.0,2022,2,102.3,3100.0
20094.2,3.0,4.0,60,24.0,2021,3,99.8,3000.0
20094.2,3.0,4.0,65,24.0,2021,1,99.8,3500.0
20094.2,3.0,,65,23.0,2020,4,100.0,2500.0
20094.2,3.0,4.0,60,23.0,2020,2,100.0,3200.0
20094.2,3.0,4.0,65,23.0,2020,1,100.0,3400.0
20094.2,4.0,,65,22.0,2019,3,100.0,2600.0
26831.7,13.0,4.0,75,22.0,2021,4,99.8,3000.0
20094.2,4.0,4.0,55,22.0,2021,4,99.8,3300.0
20094.2,4.0,3.0,55,21.0,2020,3,100.0,2700.0
20094.2,4.0,4.0,70,21.0,2020,1,100.0,3200.0
20094.2,7.0,5.0,80,17.0,2019,4,100.0,4200.0
20094.2,7.0,4.0,70,18.0,2019,3,100.0,3400.0
20094.2,4.0,4.0,70,20.0,2019,2,100.0,3900.0
20094.2,4.0,,70,20.0,2019,1,100.0,2900.0
95281.1,15.0,5.0,85,7.0,2023,1,105.6,6500.0
95281.1,14.0,5.0,75,22.0,2022,3,102.3,5500.0
20094.2,11.0,5.0,80,21.0,2023,4,105.6,4700.0
20094.2,10.0,2.0,35,3.0,2023,3,105.6,2800.0
20094.2,11.0,5.0,90,3.0,2023,3,105.6,6600.0
20094.2,10.0,4.0,75,6.0,2023,1,105.6,5600.0
20094.2,9.0,4.0,70,18.0,2022,4,102.3,4900.0
20094.2,9.0,4.0,70,18.0,2022,3,102.3,3900.0
20094.2,11.0,,60,17.0,2021,3,99.8,3400.0
20094.2,11.0,4.0,70,1.0,2021,2,99.8,5000.0
20094.2,11.0,2.0,35,1.0,2021,1,99.8,3100.0
20094.2,11.0,4.0,70,1.0,2021,1,99.8,4600.0
20094.2,8.0,3.0,70,16.0,2020,1,100.0,3800.0
20094.2,9.0,3.0,65,16.0,2020,1,100.0,4000.0
10347.9,6.0,4.0,55,23.0,2023,4,105.6,3200.0
10347.9,7.0,4.0,55,23.0,2023,1,105.6,3300.0
10347.9,6.0,4.0,65,20.0,2019,3,100.0,3400.0
15629.818181818182,8.0,4.0,75,24.0,2023,4,105.6,3900.0
15629.818181818182,2.0,5.0,85,25.0,2022,1,102.3,4200.0
15629.818181818182,4.0,4.0,75,23.0,2021,4,99.8,5100.0
15629.818181818182,4.0,3.0,70,1.0,2021,3,99.8,7000.0
15629.818181818182,4.0,3.0,70,1.0,2021,3,99.8,6500.0
15629.818181818182,3.0,4.0,90,0.0,2020,3,100.0,9100.0
15629.818181818182,3.0,4.0,90,0.0,2020,2,100.0,10000.0
27120.9,4.0,4.0,105,,2021,1,99.8,6400.0
95281.1,20.0,4.0,65,25.0,2023,1,105.6,3400.0
3299.5454545454545,26.0,4.0,60,24.0,2023,1,105.6,550.0
14940.9,9.0,4.0,125,32.0,2022,2,102.3,4700.0
14940.9,9.0,3.0,110,29.0,2019,1,100.0,3900.0
10347.9,8.0,5.0,150,32.0,2023,4,105.6,4900.0
10347.9,8.0,4.0,85,17.0,2023,2,105.6,4900.0
10347.9,8.0,3.0,65,31.0,2022,4,102.3,2100.0
10347.9,8.0,4.0,110,31.0,2022,2,102.3,3600.0
10347.9,8.0,5.0,145,31.0,2022,1,102.3,3600.0
10347.9,8.0,3.0,85,30.0,2021,2,99.8,2300.0
10347.9,8.0,3.0,85,29.0,2020,2,100.0,3200.0
10347.9,8.0,4.0,115,29.0,2020,1,100.0,3800.0
10347.9,10.0,4.0,120,29.0,2019,2,100.0,4300.0
15629.818181818182,13.0,4.0,65,20.0,2022,4,102.3,3300.0
15629.818181818182,13.0,,55,19.0,2021,4,99.8,2700.0
43789.2,10.0,,65,15.0,2022,2,102.3,3200.0
43789.2,5.0,2.0,30,15.0,2024,1,108.0,1800.0
95281.1,5.0,4.0,80,19.0,2024,1,108.0,9000.0
95281.1,8.0,3.0,90,7.0,2024,1,108.0,7700.0
95281.1,4.0,3.0,75,23.0,2023,4,105.6,4400.0
95281.1,8.0,4.0,75,41.0,2023,4,105.6,4000.0
95281.1,3.0,4.0,80,23.0,2023,4,105.6,4400.0
95281.1,8.0,4.0,75,41.0,2023,4,105.6,3400.0
95281.1,4.0,4.0,80,23.0,2023,3,105.6,5300.0
95281.1,8.0,4.0,80,41.0,2023,2,105.6,3500.0
95281.1,8.0,4.0,95,6.0,2023,2,105.6,7400.0
95281.1,8.0,4.0,75,4.0,2023,1,105.6,6800.0
95281.1,4.0,4.0,80,23.0,2023,1,105.6,5500.0
95281.1,8.0,3.0,75,5.0,2022,4,102.3,6000.0
95281.1,8.0,4.0,75,3.0,2022,4,102.3,6400.0
95281.1,6.0,3.0,95,22.0,2022,2,102.3,9500.0
95281.1,6.0,,70,11.0,2022,2,102.3,5100.0
95281.1,6.0,4.0,80,22.0,2022,2,102.3,4700.0
95281.1,4.0,,80,22.0,2022,2,102.3,4500.0
95281.1,7.0,4.0,80,40.0,2022,2,102.3,4000.0
95281.1,5.0,4.0,80,22.0,2022,1,102.3,4800.0
95281.1,3.0,4.0,80,22.0,2022,1,102.3,4800.0
95281.1,5.0,4.0,65,17.0,2022,1,102.3,5400.0
95281.1,4.0,4.0,80,22.0,2022,1,102.3,4400.0
95281.1,7.0,5.0,100,39.0,2021,4,99.8,3700.0
95281.1,5.0,2.0,60,21.0,2021,3,99.8,4000.0
95281.1,9.0,5.0,100,39.0,2021,3,99.8,3800.0
95281.1,8.0,6.0,120,39.0,2021,2,99.8,3900.0
95281.1,5.0,3.0,75,21.0,2021,2,99.8,4100.0
95281.1,6.0,4.0,65,10.0,2021,2,99.8,4500.0
95281.1,3.0,,60,21.0,2021,1,99.8,3000.0
95281.1,5.0,3.0,65,15.0,2020,4,100.0,4400.0
95281.1,8.0,4.0,105,3.0,2020,4,100.0,8700.0
95281.1,8.0,4.0,80,38.0,2020,4,100.0,3100.0
95281.1,3.0,3.0,75,,2020,3,100.0,4500.0
95281.1,3.0,2.0,60,20.0,2020,3,100.0,3700.0
95281.1,5.0,4.0,70,15.0,2020,3,100.0,4800.0
95281.1,3.0,4.0,80,20.0,2020,3,100.0,5300.0
95281.1,8.0,3.0,95,38.0,2020,2,100.0,2500.0
95281.1,7.0,4.0,80,38.0,2020,2,100.0,2200.0
95281.1,6.0,4.0,85,9.0,2020,1,100.0,3400.0
95281.1,8.0,4.0,80,0.0,2019,4,100.0,7000.0
95281.1,9.0,5.0,80,37.0,2019,1,100.0,2500.0
95281.1,8.0,6.0,120,37.0,2019,1,100.0,4200.0
95281.1,5.0,4.0,70,14.0,2019,1,100.0,5300.0
39373.63636363636,7.0,,70,26.0,2024,1,108.0,3800.0
39373.63636363636,7.0,,85,26.0,2024,1,108.0,4000.0
39373.63636363636,7.0,5.0,105,26.0,2024,1,108.0,6000.0
39373.63636363636,7.0,4.0,85,25.0,2023,3,105.6,5000.0
39373.63636363636,7.0,4.0,105,21.0,2019,3,100.0,5600.0
43789.2,8.0,4.0,95,25.0,2023,1,105.6,5300.0
43789.2,8.0,4.0,80,24.0,2022,4,102.3,5200.0
43789.2,7.0,,95,24.0,2022,3,102.3,4600.0
43789.2,7.0,4.0,80,23.0,2021,3,99.8,4000.0
43789.2,7.0,4.0,95,21.0,2019,2,100.0,5200.0
10011.6,16.0,4.0,60,44.0,2020,1,100.0,950.0
10011.6,13.0,4.0,60,44.0,2020,1,100.0,1000.0
10011.6,16.0,4.0,60,43.0,2019,1,100.0,930.0
52071.7,18.0,4.0,85,17.0,2019,1,100.0,4100.0
36670.72727272727,16.0,4.0,75,23.0,2023,4,105.6,3400.0
36670.72727272727,15.0,4.0,65,23.0,2023,3,105.6,3000.0
36670.72727272727,15.0,,65,22.0,2022,2,102.3,2800.0
36670.72727272727,16.0,4.0,75,6.0,2022,2,102.3,4700.0
36670.72727272727,18.0,4.0,85,4.0,2020,4,100.0,5200.0
36670.72727272727,15.0,5.0,90,22.0,2020,3,100.0,4900.0
23739.8,13.0,4.0,75,20.0,2022,3,102.3,4400.0
23739.8,14.0,4.0,75,26.0,2020,4,100.0,2900.0
23739.8,13.0,4.0,75,4.0,2020,2,100.0,4800.0
23739.8,13.0,4.0,75,3.0,2019,3,100.0,4100.0
23739.8,13.0,4.0,80,17.0,2019,3,100.0,3600.0
27120.9,8.0,4.0,80,26.0,2023,2,105.6,5400.0
27120.9,6.0,5.0,90,17.0,2021,4,99.8,4300.0
27120.9,8.0,3.0,105,24.0,2021,1,99.8,5400.0
27120.9,7.0,5.0,90,21.0,2020,4,100.0,4600.0
27120.9,6.0,4.0,75,21.0,2020,2,100.0,3300.0
27120.9,8.0,4.0,75,23.0,2020,2,100.0,4200.0
27120.9,6.0,4.0,70,15.0,2019,4,100.0,4900.0
27120.9,6.0,4.0,70,15.0,2019,2,100.0,5000.0
20094.2,12.0,4.0,65,5.0,2023,1,105.6,4100.0
20094.2,11.0,4.0,70,22.0,2022,1,102.3,2900.0
20094.2,9.0,4.0,70,4.0,2022,1,102.3,4300.0
20094.2,9.0,5.0,80,3.0,2021,1,99.8,4900.0
20094.2,11.0,4.0,90,20.0,2020,3,100.0,4400.0
43789.2,3.0,2.0,20,18.0,2023,3,105.6,1200.0
43789.2,3.0,3.0,60,15.0,2023,2,105.6,4900.0
43789.2,3.0,2.0,20,18.0,2023,1,105.6,1400.0
43789.2,3.0,3.0,60,15.0,2023,1,105.6,4100.0
43789.2,3.0,2.0,15,26.0,2022,3,102.3,1000.0
43789.2,5.0,4.0,60,22.0,2022,3,102.3,3300.0
43789.2,3.0,2.0,15,26.0,2022,3,102.3,580.0
43789.2,3.0,,20,17.0,2022,1,102.3,1000.0
43789.2,3.0,2.0,20,16.0,2021,4,99.8,1100.0
43789.2,3.0,4.0,85,12.0,2020,1,100.0,3000.0
23739.8,4.0,4.0,60,21.0,2018,3,99.5,2700.0
95281.1,7.0,4.0,85,6.0,2018,4,99.5,5200.0
95281.1,6.0,,85,6.0,2018,1,99.5,5200.0
10347.9,8.0,4.0,55,20.0,2018,3,99.5,2600.0
10347.9,5.0,,15,29.0,2018,2,99.5,550.0
39373.63636363636,4.0,,55,42.0,2018,4,99.5,1100.0
39373.63636363636,1.0,3.0,65,,2018,3,99.5,3000.0
39373.63636363636,4.0,2.0,20,34.0,2018,3,99.5,900.0
39373.63636363636,4.0,4.0,60,42.0,2018,1,99.5,1600.0
31877.3,21.0,4.0,75,16.0,2018,1,99.5,3100.0
10347.9,15.0,2.0,60,46.0,2018,3,99.5,4400.0
10347.9,15.0,2.0,60,40.0,2018,3,99.5,1300.0
10347.9,14.0,2.0,60,46.0,2018,2,99.5,1000.0
10347.9,15.0,4.0,95,25.0,2018,1,99.5,3000.0
43789.2,16.0,4.0,85,39.0,2018,4,99.5,2100.0
4206.7,5.0,4.0,65,33.0,2018,4,99.5,1800.0
4206.7,10.0,5.0,75,21.0,2018,2,99.5,3000.0
4206.7,10.0,4.0,60,22.0,2018,1,99.5,1900.0
31877.3,5.0,,100,29.0,2018,3,99.5,2100.0
10011.6,16.0,4.0,85,24.0,2018,4,99.5,2600.0
10011.6,19.0,,80,24.0,2018,4,99.5,1600.0
10011.6,17.0,4.0,80,24.0,2018,3,99.5,2500.0
10011.6,16.0,,95,,2018,4,99.5,1500.0
10011.6,16.0,4.0,65,40.0,2018,2,99.5,950.0
10011.6,16.0,4.0,60,40.0,2018,1,99.5,980.0
1756.3,5.0,5.0,85,13.0,2018,4,99.5,2800.0
23739.8,15.0,4.0,75,32.0,2018,1,99.5,1700.0
7356.8,5.0,5.0,70,43.0,2018,4,99.5,500.0
12225.7,15.0,4.0,65,13.0,2018,3,99.5,2900.0
12225.7,18.0,,55,43.0,2018,2,99.5,470.0
27120.9,25.0,,60,43.0,2018,4,99.5,400.0
27120.9,4.0,4.0,70,18.0,2018,3,99.5,3200.0
27120.9,14.0,5.0,90,44.0,2018,4,99.5,2500.0
95281.1,10.0,4.0,75,7.0,2018,4,99.5,4800.0
95281.1,9.0,3.0,65,26.0,2018,4,99.5,2400.0
95281.1,10.0,4.0,70,22.0,2018,1,99.5,3400.0
95281.1,11.0,4.0,85,22.0,2018,1,99.5,3500.0
12225.7,14.0,4.0,70,21.0,2018,4,99.5,2400.0
12225.7,12.0,5.0,85,21.0,2018,2,99.5,2700.0
23739.8,8.0,4.0,70,21.0,2018,4,99.5,2600.0
15629.818181818182,4.0,3.0,65,39.0,2018,4,99.5,2500.0
15629.818181818182,3.0,4.0,60,21.0,2018,2,99.5,3400.0
15629.818181818182,2.0,4.0,70,39.0,2018,1,99.5,1600.0
15629.818181818182,3.0,,60,39.0,2018,1,99.5,1800.0
1952.3,7.0,4.0,80,21.0,2018,4,99.5,3000.0
1952.3,5.0,4.0,75,27.0,2018,4,99.5,2300.0
1952.3,7.0,4.0,75,21.0,2018,4,99.5,2000.0
26831.7,15.0,,70,40.0,2018,3,99.5,1500.0
12225.7,14.0,3.0,90,31.0,2018,3,99.5,4500.0
12225.7,15.0,4.0,75,11.0,2018,2,99.5,2700.0
12225.7,14.0,4.0,85,31.0,2018,1,99.5,3900.0
95281.1,24.0,4.0,70,19.0,2018,4,99.5,2400.0
4206.7,11.0,5.0,95,9.0,2018,1,99.5,4100.0
4206.7,10.0,4.0,70,9.0,2018,1,99.5,3300.0
52071.7,13.0,2.0,15,23.0,2018,4,99.5,500.0
52071.7,13.0,2.0,20,23.0,2018,1,99.5,600.0
36670.72727272727,13.0,2.0,25,30.0,2018,4,99.5,630.0
36670.72727272727,9.0,,65,9.0,2018,2,99.5,3000.0
36670.72727272727,16.0,4.0,75,19.0,2018,2,99.5,3500.0
26831.7,13.0,4.0,75,12.0,2018,2,99.5,4300.0
26831.7,4.0,4.0,75,17.0,2018,1,99.5,3900.0
12225.7,7.0,4.0,75,5.0,2018,2,99.5,4000.0
10347.9,8.0,4.0,70,11.0,2018,4,99.5,3500.0
10347.9,9.0,5.0,95,34.0,2018,1,99.5,2100.0
95281.1,13.0,4.0,70,7.0,2018,2,99.5,4300.0
95281.1,14.0,4.0,70,7.0,2018,2,99.5,4300.0
95281.1,14.0,5.0,85,5.0,2018,1,99.5,5100.0
10011.6,10.0,4.0,70,14.0,2018,3,99.5,3400.0
12225.7,5.0,3.0,75,17.0,2018,3,99.5,4900.0
95281.1,6.0,2.0,35,20.0,2018,1,99.5,1700.0
43789.2,12.0,5.0,70,44.0,2018,4,99.5,1700.0
43789.2,12.0,3.0,75,44.0,2018,4,99.5,1500.0
43789.2,14.0,4.0,65,44.0,2018,3,99.5,1000.0
43789.2,18.0,4.0,65,22.0,2018,1,99.5,1800.0
36670.72727272727,6.0,4.0,70,17.0,2018,4,99.5,2700.0
36670.72727272727,7.0,4.0,70,11.0,2018,1,99.5,4100.0
39373.63636363636,7.0,4.0,75,11.0,2018,3,99.5,4200.0
12225.7,12.0,4.0,75,44.0,2018,4,99.5,1400.0
12225.7,15.0,4.0,90,10.0,2018,1,99.5,4100.0
27120.9,10.0,4.0,55,19.0,2018,2,99.5,3000.0
27120.9,7.0,4.0,75,20.0,2018,1,99.5,4500.0
52071.7,10.0,4.0,75,49.0,2018,1,99.5,1700.0
52071.7,7.0,4.0,75,16.0,2018,3,99.5,3000.0
52071.7,2.0,3.0,60,28.0,2018,2,99.5,1000.0
52071.7,6.0,3.0,55,49.0,2018,2,99.5,910.0
52071.7,5.0,4.0,60,44.0,2018,1,99.5,1400.0
52071.7,11.0,4.0,70,12.0,2018,3,99.5,3300.0
23739.8,14.0,4.0,80,12.0,2018,2,99.5,3600.0
52071.7,6.0,,70,19.0,2018,3,99.5,2800.0
52071.7,2.0,4.0,75,15.0,2018,1,99.5,5400.0
36670.72727272727,8.0,3.0,60,8.0,2018,4,99.5,3600.0
36670.72727272727,2.0,3.0,55,18.0,2018,4,99.5,2400.0
36670.72727272727,6.0,2.0,15,34.0,2018,4,99.5,300.0
36670.72727272727,9.0,4.0,70,46.0,2018,3,99.5,1500.0
36670.72727272727,16.0,4.0,65,18.0,2018,3,99.5,2200.0
36670.72727272727,9.0,4.0,65,21.0,2018,2,99.5,2700.0
36670.72727272727,3.0,4.0,75,20.0,2018,2,99.5,3400.0
36670.72727272727,11.0,,90,12.0,2018,2,99.5,3400.0
36670.72727272727,4.0,4.0,65,18.0,2018,4,99.5,3000.0
36670.72727272727,4.0,4.0,80,20.0,2018,3,99.5,3400.0
36670.72727272727,3.0,4.0,110,11.0,2018,2,99.5,6000.0
36670.72727272727,5.0,4.0,80,40.0,2018,1,99.5,2100.0
4206.7,8.0,,60,22.0,2018,3,99.5,1400.0
52071.7,8.0,4.0,55,22.0,2018,4,99.5,1600.0
52071.7,8.0,4.0,70,18.0,2018,3,99.5,2200.0
52071.7,9.0,3.0,55,14.0,2018,4,99.5,2100.0
52071.7,13.0,4.0,75,15.0,2018,3,99.5,3400.0
52071.7,9.0,3.0,55,14.0,2018,1,99.5,2200.0
52071.7,11.0,2.0,50,14.0,2018,1,99.5,1900.0
26831.7,3.0,4.0,70,45.0,2018,3,99.5,1600.0
26831.7,1.0,4.0,65,12.0,2018,3,99.5,4300.0
26831.7,3.0,4.0,55,21.0,2018,2,99.5,2200.0
26831.7,3.0,4.0,60,20.0,2018,1,99.5,2600.0
26831.7,3.0,4.0,75,45.0,2018,1,99.5,2400.0
10347.9,12.0,4.0,85,4.0,2018,1,99.5,4400.0
10011.6,3.0,5.0,90,20.0,2018,4,99.5,4500.0
10011.6,14.0,4.0,95,5.0,2018,4,99.5,3300.0
10011.6,1.0,2.0,50,47.0,2018,4,99.5,1600.0
10011.6,2.0,3.0,60,47.0,2018,3,99.5,1400.0
10011.6,2.0,3.0,65,,2018,3,99.5,980.0
10011.6,2.0,3.0,55,47.0,2018,3,99.5,1000.0
10011.6,3.0,4.0,65,41.0,2018,2,99.5,1400.0
10011.6,1.0,3.0,60,47.0,2018,2,99.5,1800.0
10011.6,1.0,3.0,50,47.0,2018,1,99.5,1400.0
10011.6,1.0,3.0,85,3.0,2018,2,99.5,6000.0
43789.2,11.0,4.0,70,12.0,2018,3,99.5,3200.0
36670.72727272727,14.0,4.0,75,14.0,2018,4,99.5,3200.0
36670.72727272727,11.0,,65,19.0,2018,2,99.5,2600.0
27622.0,13.0,5.0,75,21.0,2018,4,99.5,3900.0
27622.0,15.0,4.0,75,3.0,2018,3,99.5,4000.0
27622.0,13.0,4.0,75,21.0,2018,3,99.5,4000.0
27622.0,13.0,3.0,75,21.0,2018,3,99.5,3800.0
27622.0,12.0,5.0,75,3.0,2018,3,99.5,4000.0
27622.0,11.0,4.0,75,21.0,2018,2,99.5,3700.0
27622.0,12.0,4.0,75,21.0,2018,2,99.5,4000.0
27622.0,12.0,4.0,75,3.0,2018,1,99.5,4300.0
23739.8,8.0,3.0,55,46.0,2018,4,99.5,1500.0
27622.0,7.0,,70,30.0,2018,1,99.5,1100.0
12225.7,9.0,4.0,80,18.0,2018,1,99.5,3900.0
23739.8,2.0,4.0,70,26.0,2018,2,99.5,1800.0
43789.2,5.0,2.0,20,11.0,2018,4,99.5,1600.0
17671.272727272728,8.0,4.0,65,19.0,2018,3,99.5,1000.0
17671.272727272728,8.0,4.0,75,19.0,2018,1,99.5,1400.0
20094.2,2.0,4.0,70,4.0,2018,2,99.5,5000.0
10347.9,11.0,4.0,80,21.0,2018,3,99.5,3100.0
43789.2,12.0,4.0,70,20.0,2018,2,99.5,3500.0
26831.7,2.0,4.0,70,19.0,2018,4,99.5,4000.0
12225.7,10.0,3.0,85,12.0,2018,3,99.5,5000.0
10011.6,12.0,4.0,75,18.0,2018,1,99.5,2700.0
10011.6,11.0,4.0,65,18.0,2018,1,99.5,2400.0
12225.7,18.0,5.0,95,15.0,2018,2,99.5,3500.0
12225.7,16.0,5.0,100,13.0,2018,3,99.5,3100.0
12225.7,15.0,4.0,65,41.0,2018,1,99.5,1300.0
12225.7,14.0,4.0,70,22.0,2018,1,99.5,3000.0
10011.6,23.0,3.0,65,29.0,2018,4,99.5,2000.0
10011.6,23.0,4.0,70,29.0,2018,3,99.5,2700.0
10011.6,23.0,5.0,75,29.0,2018,2,99.5,2300.0
10011.6,23.0,4.0,65,29.0,2018,1,99.5,1500.0
39373.63636363636,29.0,4.0,75,22.0,2018,3,99.5,2000.0
95281.1,30.0,5.0,75,33.0,2018,1,99.5,1100.0
7356.8,11.0,5.0,95,28.0,2018,3,99.5,1500.0
7356.8,6.0,5.0,95,14.0,2018,3,99.5,2900.0
7356.8,14.0,4.0,95,33.0,2018,2,99.5,2100.0
7356.8,5.0,3.0,60,29.0,2018,2,99.5,1300.0
7356.8,12.0,5.0,95,33.0,2018,1,99.5,1600.0
27120.9,12.0,3.0,60,50.0,2018,2,99.5,1200.0
27120.9,12.0,,75,31.0,2018,1,99.5,700.0
95281.1,10.0,3.0,60,43.0,2018,3,99.5,1200.0
95281.1,3.0,4.0,65,18.0,2018,4,99.5,3700.0
95281.1,3.0,3.0,75,10.0,2018,3,99.5,6900.0
95281.1,10.0,4.0,85,4.0,2018,3,99.5,4700.0
10347.9,11.0,4.0,60,,2018,4,99.5,2800.0
10347.9,10.0,4.0,70,17.0,2018,4,99.5,2800.0
10347.9,10.0,4.0,60,21.0,2018,2,99.5,2100.0
10347.9,12.0,4.0,65,21.0,2018,1,99.5,2600.0
43789.2,3.0,3.0,55,12.0,2018,2,99.5,3100.0
22676.4,11.0,4.0,70,15.0,2018,4,99.5,3000.0
22676.4,8.0,2.0,60,10.0,2018,3,99.5,2600.0
3767.8,4.0,3.0,55,3.0,2018,4,99.5,2900.0
3767.8,4.0,4.0,65,3.0,2018,4,99.5,3300.0
3767.8,6.0,4.0,70,20.0,2018,4,99.5,2900.0
39373.63636363636,4.0,4.0,70,22.0,2018,3,99.5,2700.0
39373.63636363636,3.0,3.0,60,11.0,2018,2,99.5,3200.0
39373.63636363636,8.0,4.0,65,17.0,2018,2,99.5,3100.0
31877.3,3.0,4.0,60,4.0,2018,2,99.5,3000.0
31877.3,3.0,4.0,55,,2018,1,99.5,2400.0
31877.3,2.0,4.0,70,13.0,2018,1,99.5,3400.0
31877.3,2.0,2.0,25,29.0,2018,4,99.5,670.0
31877.3,9.0,4.0,60,22.0,2018,4,99.5,2200.0
39373.63636363636,6.0,5.0,75,29.0,2018,3,99.5,1900.0
36670.72727272727,8.0,,100,31.0,2018,4,99.5,2800.0
36670.72727272727,7.0,4.0,65,46.0,2018,2,99.5,1600.0
36670.72727272727,8.0,,65,46.0,2018,2,99.5,1100.0
27120.9,9.0,3.0,55,21.0,2018,2,99.5,2700.0
36670.72727272727,10.0,4.0,70,14.0,2018,4,99.5,3100.0
36670.72727272727,12.0,3.0,35,30.0,2018,4,99.5,420.0
39373.63636363636,12.0,4.0,65,20.0,2018,2,99.5,2600.0
36670.72727272727,12.0,4.0,70,20.0,2018,4,99.5,2000.0
39373.63636363636,9.0,4.0,65,14.0,2018,3,99.5,3300.0
39373.63636363636,9.0,4.0,70,14.0,2018,3,99.5,3500.0
39373.63636363636,9.0,3.0,55,14.0,2018,3,99.5,2700.0
39373.63636363636,9.0,,65,14.0,2018,2,99.5,2500.0
17671.272727272728,9.0,4.0,70,22.0,2018,4,99.5,950.0
17671.272727272728,5.0,4.0,70,22.0,2018,2,99.5,950.0
17671.272727272728,1.0,5.0,95,10.0,2018,4,99.5,2800.0
17671.272727272728,1.0,4.0,75,10.0,2018,2,99.5,2100.0
17671.272727272728,5.0,5.0,85,12.0,2018,1,99.5,2100.0
3603.3636363636365,13.0,,75,21.0,2018,4,99.5,1300.0
3603.3636363636365,12.0,4.0,75,19.0,2018,3,99.5,2100.0
3603.3636363636365,12.0,5.0,75,19.0,2018,1,99.5,1300.0
3603.3636363636365,13.0,4.0,75,21.0,2018,1,99.5,1100.0
23739.8,6.0,3.0,40,47.0,2018,4,99.5,680.0
23739.8,7.0,4.0,70,7.0,2018,3,99.5,3600.0
23739.8,5.0,4.0,70,,2018,3,99.5,2900.0
23739.8,6.0,4.0,40,47.0,2018,3,99.5,420.0
23739.8,7.0,,50,20.0,2018,3,99.5,1800.0
23739.8,5.0,,85,18.0,2018,2,99.5,3200.0
23739.8,4.0,4.0,80,14.0,2018,1,99.5,3500.0
27120.9,8.0,,40,14.0,2018,4,99.5,1700.0
22676.4,5.0,4.0,70,3.0,2018,4,99.5,4100.0
22676.4,3.0,,80,9.0,2018,4,99.5,3400.0
22676.4,15.0,4.0,65,17.0,2018,1,99.5,1800.0
43789.2,10.0,2.0,25,10.0,2018,1,99.5,990.0
43789.2,10.0,2.0,25,10.0,2018,1,99.5,1500.0
43789.2,30.0,,85,14.0,2018,4,99.5,2800.0
43789.2,30.0,4.0,75,20.0,2018,4,99.5,1900.0
43789.2,30.0,,80,20.0,2018,3,99.5,1500.0
43789.2,30.0,5.0,85,20.0,2018,2,99.5,2400.0
43789.2,30.0,3.0,70,20.0,2018,1,99.5,1400.0
43789.2,30.0,4.0,70,20.0,2018,1,99.5,1200.0
10011.6,13.0,4.0,85,11.0,2018,3,99.5,4100.0
20094.2,4.0,4.0,70,23.0,2018,2,99.5,4700.0
20094.2,5.0,5.0,85,32.0,2018,1,99.5,2700.0
20094.2,4.0,4.0,75,,2018,1,99.5,4800.0
20094.2,4.0,4.0,70,2.0,2018,1,99.5,4500.0
27120.9,4.0,4.0,90,22.0,2018,3,99.5,6200.0
27120.9,3.0,,20,32.0,2018,1,99.5,750.0
39373.63636363636,7.0,3.0,65,17.0,2018,4,99.5,2800.0
39373.63636363636,8.0,4.0,70,5.0,2018,2,99.5,4200.0
39373.63636363636,8.0,4.0,65,7.0,2018,2,99.5,3500.0
39373.63636363636,8.0,4.0,65,5.0,2018,1,99.5,3400.0
52071.7,11.0,,65,17.0,2018,4,99.5,3300.0
43789.2,5.0,3.0,85,12.0,2018,3,99.5,4400.0
43789.2,4.0,,70,17.0,2018,2,99.5,2500.0
43789.2,4.0,4.0,70,17.0,2018,1,99.5,3900.0
43789.2,3.0,4.0,70,17.0,2018,1,99.5,3200.0
52071.7,19.0,4.0,75,19.0,2018,4,99.5,2500.0
52071.7,16.0,4.0,95,16.0,2018,2,99.5,3400.0
31877.3,13.0,5.0,80,7.0,2018,1,99.5,3900.0
1952.3,6.0,4.0,60,41.0,2018,3,99.5,1600.0
1952.3,4.0,4.0,60,39.0,2018,2,99.5,900.0
43789.2,18.0,4.0,75,14.0,2018,4,99.5,2800.0
43789.2,18.0,4.0,65,15.0,2018,3,99.5,2700.0
43789.2,15.0,4.0,75,14.0,2018,3,99.5,3000.0
43789.2,19.0,4.0,60,22.0,2018,2,99.5,1700.0
43789.2,19.0,4.0,60,21.0,2018,2,99.5,2000.0
43789.2,19.0,4.0,60,21.0,2018,1,99.5,1200.0
43789.2,19.0,4.0,65,21.0,2018,1,99.5,1900.0
17671.272727272728,12.0,4.0,100,25.0,2018,4,99.5,1600.0
17671.272727272728,14.0,4.0,80,24.0,2018,4,99.5,800.0
17671.272727272728,9.0,,80,22.0,2018,4,99.5,1200.0
12225.7,13.0,4.0,75,21.0,2018,3,99.5,2700.0
12225.7,12.0,5.0,85,21.0,2018,2,99.5,4000.0
20094.2,16.0,,80,24.0,2018,4,99.5,2300.0
20094.2,12.0,4.0,75,23.0,2018,4,99.5,2400.0
20094.2,15.0,4.0,60,15.0,2018,3,99.5,2600.0
95281.1,7.0,4.0,70,20.0,2018,4,99.5,3200.0
95281.1,16.0,2.0,15,32.0,2018,4,99.5,310.0
95281.1,16.0,4.0,55,15.0,2018,4,99.5,2600.0
95281.1,20.0,4.0,70,19.0,2018,2,99.5,2600.0
27120.9,16.0,5.0,80,17.0,2018,4,99.5,3200.0
95281.1,9.0,3.0,60,8.0,2018,2,99.5,3300.0
95281.1,9.0,2.0,20,9.0,2018,2,99.5,1200.0
20094.2,6.0,3.0,50,21.0,2018,3,99.5,2200.0
36670.72727272727,4.0,3.0,85,17.0,2018,3,99.5,4700.0
12225.7,8.0,2.0,35,48.0,2018,3,99.5,300.0
12225.7,8.0,2.0,45,48.0,2018,2,99.5,300.0
10347.9,8.0,,75,10.0,2018,3,99.5,3000.0
10347.9,11.0,4.0,75,17.0,2018,3,99.5,2100.0
15629.818181818182,7.0,,95,29.0,2018,2,99.5,3800.0
15629.818181818182,7.0,4.0,115,29.0,2018,1,99.5,4700.0
27120.9,8.0,4.0,145,13.0,2018,2,99.5,10000.0
36670.72727272727,7.0,4.0,75,11.0,2018,3,99.5,4100.0
36670.72727272727,7.0,4.0,75,11.0,2018,1,99.5,4400.0
36670.72727272727,8.0,4.0,75,14.0,2018,1,99.5,5100.0
39373.63636363636,3.0,2.0,65,5.0,2018,4,99.5,4300.0
39373.63636363636,5.0,3.0,75,12.0,2018,1,99.5,3800.0
95281.1,11.0,4.0,65,16.0,2018,4,99.5,2400.0
95281.1,11.0,5.0,80,16.0,2018,4,99.5,3700.0
95281.1,8.0,4.0,70,18.0,2018,1,99.5,4000.0
20094.2,5.0,,65,19.0,2018,4,99.5,2400.0
20094.2,8.0,,70,19.0,2018,4,99.5,2800.0
27120.9,12.0,4.0,75,47.0,2018,1,99.5,1500.0
52071.7,13.0,4.0,80,13.0,2018,3,99.5,4300.0
52071.7,10.0,4.0,75,16.0,2018,3,99.5,3300.0
52071.7,11.0,,70,16.0,2018,3,99.5,3100.0
12225.7,3.0,3.0,80,10.0,2018,4,99.5,6900.0
10347.9,10.0,4.0,65,33.0,2018,4,99.5,1000.0
39373.63636363636,12.0,5.0,85,5.0,2018,4,99.5,5200.0
26831.7,13.0,4.0,75,19.0,2018,2,99.5,2900.0
26831.7,13.0,4.0,75,19.0,2018,1,99.5,2100.0
20094.2,9.0,5.0,80,14.0,2018,4,99.5,4300.0
20094.2,9.0,4.0,70,14.0,2018,3,99.5,3200.0
20094.2,8.0,,80,14.0,2018,2,99.5,3600.0
15629.818181818182,8.0,4.0,75,19.0,2018,3,99.5,4600.0
15629.818181818182,2.0,4.0,75,21.0,2018,1,99.5,5400.0
3299.5454545454545,25.0,3.0,60,19.0,2018,3,99.5,800.0
14940.9,9.0,,155,28.0,2018,4,99.5,3000.0
10347.9,8.0,5.0,145,27.0,2018,4,99.5,3700.0
43789.2,10.0,,75,11.0,2018,4,99.5,3000.0
43789.2,10.0,,75,11.0,2018,3,99.5,2900.0
43789.2,4.0,2.0,25,9.0,2018,1,99.5,1800.0
43789.2,3.0,3.0,55,5.0,2018,1,99.5,3000.0
95281.1,3.0,4.0,80,18.0,2018,4,99.5,5200.0
95281.1,5.0,4.0,80,18.0,2018,3,99.5,4900.0
95281.1,6.0,4.0,80,7.0,2018,1,99.5,5000.0
39373.63636363636,7.0,3.0,65,20.0,2018,4,99.5,3900.0
39373.63636363636,7.0,4.0,105,20.0,2018,4,99.5,4700.0
39373.63636363636,7.0,,65,20.0,2018,2,99.5,2800.0
10011.6,16.0,4.0,60,42.0,2018,4,99.5,1400.0
36670.72727272727,16.0,,65,18.0,2018,3,99.5,2300.0
23739.8,13.0,5.0,140,16.0,2018,1,99.5,7300.0
27120.9,8.0,4.0,65,21.0,2018,2,99.5,3900.0
27120.9,6.0,4.0,65,7.0,2018,2,99.5,4200.0
27120.9,8.0,4.0,80,21.0,2018,1,99.5,4500.0
43789.2,3.0,,15,22.0,2018,4,99.5,640.0
52071.7,10.0,4.0,75,43.0,2014,2,97.5,1500.0
39373.63636363636,1.0,4.0,75,19.0,2014,4,97.5,3000.0
39373.63636363636,2.0,4.0,90,21.0,2014,3,97.5,3300.0
39373.63636363636,1.0,4.0,100,21.0,2014,1,97.5,3400.0
39373.63636363636,1.0,4.0,75,19.0,2014,1,97.5,2800.0
10347.9,14.0,4.0,60,42.0,2014,4,97.5,850.0
10347.9,15.0,4.0,60,36.0,2014,3,97.5,1300.0
10347.9,16.0,5.0,75,9.0,2014,1,97.5,2500.0
10347.9,15.0,5.0,150,22.0,2014,1,97.5,3700.0
43789.2,21.0,4.0,75,9.0,2014,3,97.5,2600.0
10011.6,18.0,4.0,75,15.0,2014,4,97.5,2000.0
10011.6,20.0,4.0,70,15.0,2014,1,97.5,2000.0
95281.1,30.0,4.0,70,34.0,2014,4,97.5,900.0
20094.2,30.0,4.0,75,15.0,2014,1,97.5,2200.0
26831.7,19.0,3.0,45,27.0,2014,1,97.5,680.0
22676.4,20.0,3.0,55,16.0,2014,4,97.5,2000.0
22676.4,23.0,4.0,75,13.0,2014,2,97.5,2400.0
4206.7,13.0,4.0,60,17.0,2014,2,97.5,1900.0
4206.7,13.0,5.0,80,16.0,2014,1,97.5,2300.0
31877.3,11.0,4.0,65,,2014,3,97.5,2200.0
4206.7,18.0,4.0,75,31.0,2014,2,97.5,930.0
95281.1,30.0,4.0,60,16.0,2014,1,97.5,1500.0
26831.7,25.0,3.0,70,17.0,2014,1,97.5,1900.0
26831.7,26.0,5.0,85,17.0,2014,1,97.5,2400.0
10011.6,23.0,4.0,80,20.0,2014,3,97.5,2300.0
10011.6,18.0,4.0,75,20.0,2014,2,97.5,2200.0
10011.6,23.0,4.0,80,20.0,2014,2,97.5,1700.0
10011.6,15.0,4.0,65,36.0,2014,3,97.5,990.0
10011.6,16.0,4.0,65,36.0,2014,3,97.5,1100.0
1756.3,4.0,4.0,75,9.0,2014,3,97.5,2600.0
7356.8,9.0,5.0,80,30.0,2014,4,97.5,1400.0
12225.7,18.0,4.0,145,10.0,2014,4,97.5,6200.0
12225.7,18.0,,115,40.0,2014,4,97.5,800.0
12225.7,19.0,3.0,55,39.0,2014,1,97.5,360.0
27120.9,14.0,5.0,90,40.0,2014,4,97.5,2500.0
27120.9,14.0,4.0,85,40.0,2014,4,97.5,1100.0
27120.9,14.0,4.0,85,40.0,2014,2,97.5,1200.0
95281.1,10.0,,75,16.0,2014,1,97.5,1900.0
10347.9,12.0,4.0,90,3.0,2014,4,97.5,4000.0
10347.9,11.0,4.0,70,8.0,2014,3,97.5,2600.0
10347.9,15.0,3.0,75,30.0,2014,3,97.5,2600.0
10347.9,13.0,4.0,70,3.0,2014,1,97.5,2700.0
95281.1,20.0,4.0,70,19.0,2014,4,97.5,2500.0
95281.1,13.0,4.0,65,16.0,2014,4,97.5,2100.0
12225.7,13.0,4.0,70,17.0,2014,4,97.5,2300.0
12225.7,15.0,4.0,70,16.0,2014,1,97.5,2400.0
23739.8,7.0,5.0,85,12.0,2014,3,97.5,3500.0
23739.8,8.0,4.0,75,17.0,2014,1,97.5,2000.0
23739.8,8.0,4.0,70,17.0,2014,1,97.5,2300.0
15629.818181818182,3.0,4.0,70,35.0,2014,3,97.5,1800.0
1952.3,5.0,4.0,80,23.0,2014,4,97.5,2200.0
27120.9,7.0,2.0,15,30.0,2014,1,97.5,400.0
12225.7,13.0,3.0,80,40.0,2014,4,97.5,1700.0
12225.7,14.0,4.0,65,40.0,2014,4,97.5,980.0
12225.7,15.0,4.0,105,11.0,2014,3,97.5,4100.0
12225.7,18.0,4.0,80,7.0,2014,1,97.5,3000.0
27120.9,20.0,5.0,90,28.0,2014,1,97.5,2000.0
39373.63636363636,23.0,4.0,90,28.0,2014,1,97.5,2200.0
4206.7,11.0,4.0,70,5.0,2014,2,97.5,3000.0
52071.7,11.0,4.0,70,4.0,2014,4,97.5,3800.0
52071.7,13.0,2.0,25,19.0,2014,2,97.5,550.0
52071.7,14.0,4.0,75,16.0,2014,2,97.5,3000.0
3767.8,12.0,4.0,60,12.0,2014,1,97.5,2500.0
26831.7,11.0,4.0,75,8.0,2014,3,97.5,370.0
22676.4,8.0,4.0,65,14.0,2014,1,97.5,2400.0
10347.9,6.0,2.0,15,21.0,2010,3,94.8,2800.0
10011.6,4.0,4.0,110,8.0,2014,2,97.5,5000.0
39373.63636363636,1.0,3.0,65,17.0,2010,4,94.8,2500.0
39373.63636363636,2.0,4.0,100,17.0,2010,3,94.8,4000.0
10347.9,9.0,4.0,65,14.0,2014,2,97.5,2400.0
10347.9,15.0,4.0,65,8.0,2010,1,94.8,2400.0
10347.9,16.0,4.0,70,5.0,2010,1,94.8,2400.0
10347.9,10.0,4.0,75,8.0,2014,4,97.5,3100.0
10347.9,10.0,4.0,65,8.0,2014,3,97.5,3000.0
10347.9,9.0,4.0,75,11.0,2014,1,97.5,2900.0
95281.1,23.0,3.0,65,30.0,2010,4,94.8,1200.0
26831.7,20.0,4.0,65,33.0,2010,2,94.8,880.0
22676.4,18.0,4.0,60,33.0,2010,1,94.8,750.0
10347.9,2.0,4.0,80,16.0,2014,1,97.5,2800.0
4206.7,13.0,4.0,70,13.0,2010,4,94.8,1800.0
10011.6,8.0,4.0,70,14.0,2014,3,97.5,2900.0
10011.6,8.0,4.0,75,14.0,2014,2,97.5,3000.0
95281.1,6.0,4.0,70,15.0,2014,1,97.5,3800.0
20094.2,19.0,4.0,65,12.0,2010,4,94.8,1900.0
52071.7,8.0,,60,46.0,2017,2,98.6,1000.0
26831.7,25.0,4.0,70,13.0,2010,4,94.8,2100.0
26831.7,26.0,4.0,75,12.0,2010,3,94.8,1500.0
12225.7,7.0,4.0,90,7.0,2014,2,97.5,6300.0
23739.8,4.0,4.0,70,20.0,2017,3,98.6,3500.0
10011.6,24.0,4.0,70,13.0,2010,1,94.8,2000.0
10011.6,15.0,4.0,75,16.0,2010,1,94.8,2000.0
1756.3,4.0,4.0,75,5.0,2010,3,94.8,2800.0
36670.72727272727,10.0,4.0,65,37.0,2014,3,97.5,1400.0
36670.72727272727,8.0,4.0,75,7.0,2014,3,97.5,4100.0
36670.72727272727,8.0,4.0,70,7.0,2014,3,97.5,4100.0
36670.72727272727,7.0,4.0,70,7.0,2014,2,97.5,4100.0
36670.72727272727,9.0,4.0,70,3.0,2014,1,97.5,3600.0
36670.72727272727,11.0,4.0,70,3.0,2014,1,97.5,3700.0
39373.63636363636,4.0,2.0,20,33.0,2017,4,98.6,550.0
39373.63636363636,2.0,3.0,75,24.0,2017,2,98.6,2800.0
27622.0,4.0,4.0,65,33.0,2017,1,98.6,1600.0
12225.7,16.0,4.0,80,6.0,2014,4,97.5,4000.0
1756.3,10.0,4.0,70,9.0,2010,4,94.8,2300.0
43789.2,6.0,3.0,65,9.0,2010,4,94.8,2500.0
10347.9,16.0,4.0,90,15.0,2017,2,98.6,3400.0
43789.2,19.0,4.0,65,12.0,2017,4,98.6,2700.0
12225.7,23.0,5.0,105,14.0,2017,1,98.6,3600.0
12225.7,18.0,4.0,60,35.0,2010,4,94.8,940.0
12225.7,16.0,4.0,75,0.0,2010,3,94.8,4800.0
12225.7,17.0,3.0,65,0.0,2010,3,94.8,3700.0
12225.7,19.0,4.0,90,0.0,2010,2,94.8,5900.0
12225.7,16.0,3.0,65,0.0,2010,2,94.8,3600.0
10011.6,20.0,4.0,75,6.0,2017,2,98.6,2700.0
10011.6,21.0,4.0,70,37.0,2017,1,98.6,1200.0
27120.9,10.0,4.0,65,15.0,2014,4,97.5,3300.0
27120.9,9.0,4.0,75,15.0,2014,4,97.5,3400.0
27120.9,8.0,4.0,75,12.0,2014,2,97.5,3500.0
27120.9,8.0,3.0,70,12.0,2014,1,97.5,3700.0
26831.7,24.0,3.0,45,40.0,2017,3,98.6,850.0
36670.72727272727,10.0,4.0,70,13.0,2014,1,97.5,2800.0
4206.7,5.0,5.0,75,32.0,2017,4,98.6,2100.0
4206.7,5.0,4.0,65,32.0,2017,3,98.6,1600.0
52071.7,15.0,4.0,70,45.0,2014,3,97.5,1700.0
52071.7,15.0,4.0,65,18.0,2014,1,97.5,2500.0
27120.9,11.0,2.0,50,2.0,2010,1,94.8,2400.0
27120.9,11.0,4.0,75,2.0,2010,1,94.8,3600.0
27120.9,11.0,4.0,75,2.0,2010,1,94.8,3200.0
27120.9,13.0,2.0,50,2.0,2010,1,94.8,2700.0
27120.9,13.0,5.0,85,36.0,2010,1,94.8,1700.0
4206.7,11.0,4.0,60,21.0,2017,4,98.6,2100.0
4206.7,11.0,4.0,85,20.0,2017,3,98.6,3000.0
4206.7,14.0,4.0,60,21.0,2017,1,98.6,1800.0
4206.7,15.0,5.0,90,5.0,2017,1,98.6,2900.0
95281.1,11.0,4.0,65,10.0,2010,2,94.8,2300.0
4206.7,12.0,4.0,90,5.0,2017,1,98.6,3000.0
95281.1,11.0,4.0,60,13.0,2010,1,94.8,1900.0
10347.9,14.0,2.0,65,26.0,2010,4,94.8,2300.0
10347.9,11.0,3.0,60,4.0,2010,4,94.8,1900.0
10347.9,12.0,5.0,85,4.0,2010,4,94.8,3700.0
10347.9,13.0,4.0,80,4.0,2010,3,94.8,3500.0
10347.9,14.0,5.0,85,10.0,2010,3,94.8,2500.0
4206.7,15.0,4.0,75,34.0,2017,3,98.6,1600.0
52071.7,21.0,5.0,90,34.0,2017,4,98.6,1400.0
31877.3,4.0,4.0,65,7.0,2017,1,98.6,3000.0
52071.7,5.0,4.0,60,40.0,2014,3,97.5,940.0
95281.1,15.0,4.0,75,13.0,2010,2,94.8,2700.0
95281.1,16.0,4.0,70,14.0,2010,2,94.8,2800.0
52071.7,11.0,4.0,60,16.0,2014,4,97.5,2000.0
52071.7,8.0,4.0,70,14.0,2014,4,97.5,1900.0
95281.1,9.0,4.0,65,13.0,2010,3,94.8,2700.0
52071.7,11.0,3.0,55,14.0,2014,3,97.5,1900.0
95281.1,9.0,4.0,70,13.0,2010,2,94.8,2700.0
23739.8,11.0,5.0,80,8.0,2014,1,97.5,3700.0
12225.7,15.0,4.0,70,12.0,2010,3,94.8,2400.0
4206.7,3.0,4.0,60,24.0,2014,3,97.5,1800.0
52071.7,4.0,4.0,90,9.0,2014,4,97.5,5500.0
15629.818181818182,3.0,4.0,70,31.0,2010,4,94.8,2600.0
15629.818181818182,3.0,3.0,60,31.0,2010,4,94.8,2000.0
15629.818181818182,3.0,5.0,90,31.0,2010,1,94.8,2600.0
1952.3,4.0,5.0,90,17.0,2010,3,94.8,2700.0
1952.3,7.0,3.0,60,9.0,2010,1,94.8,1900.0
10011.6,16.0,5.0,90,39.0,2017,4,98.6,2000.0
27120.9,6.0,3.0,90,11.0,2010,3,94.8,3900.0
10011.6,16.0,3.0,65,39.0,2017,2,98.6,970.0
1756.3,5.0,3.0,70,12.0,2017,1,98.6,3000.0
36670.72727272727,14.0,5.0,75,11.0,2014,4,97.5,3200.0
36670.72727272727,2.0,,55,14.0,2014,4,97.5,2700.0
36670.72727272727,6.0,3.0,60,18.0,2014,4,97.5,1600.0
36670.72727272727,5.0,5.0,80,16.0,2014,3,97.5,3400.0
36670.72727272727,7.0,4.0,75,11.0,2014,3,97.5,3900.0
7356.8,2.0,5.0,80,36.0,2017,4,98.6,2000.0
36670.72727272727,5.0,3.0,65,16.0,2014,2,97.5,2300.0
36670.72727272727,8.0,4.0,85,10.0,2014,2,97.5,4000.0
36670.72727272727,11.0,5.0,85,8.0,2014,1,97.5,3600.0
36670.72727272727,10.0,4.0,70,8.0,2014,1,97.5,2900.0
36670.72727272727,7.0,3.0,105,24.0,2014,1,97.5,2500.0
39373.63636363636,15.0,5.0,75,14.0,2014,2,97.5,2500.0
7356.8,4.0,4.0,70,42.0,2017,2,98.6,540.0
36670.72727272727,2.0,5.0,95,18.0,2014,4,97.5,4000.0
36670.72727272727,4.0,4.0,110,7.0,2014,4,97.5,4300.0
12225.7,16.0,3.0,75,3.0,2010,1,94.8,2900.0
52071.7,9.0,4.0,70,,2014,4,97.5,2300.0
52071.7,8.0,4.0,70,14.0,2014,4,97.5,2500.0
52071.7,4.0,3.0,60,8.0,2014,3,97.5,2700.0
4206.7,10.0,4.0,65,12.0,2010,2,94.8,2400.0
52071.7,4.0,4.0,70,8.0,2014,2,97.5,3500.0
52071.7,8.0,4.0,75,3.0,2014,1,97.5,3700.0
52071.7,10.0,4.0,50,41.0,2014,2,97.5,1200.0
52071.7,9.0,4.0,65,8.0,2014,1,97.5,3000.0
12225.7,15.0,4.0,80,43.0,2017,2,98.6,860.0
12225.7,18.0,5.0,80,43.0,2017,2,98.6,900.0
12225.7,18.0,5.0,85,20.0,2017,1,98.6,3300.0
23533.5,1.0,4.0,70,15.0,2014,3,97.5,3100.0
26831.7,1.0,3.0,50,15.0,2014,4,97.5,2100.0
26831.7,3.0,4.0,60,41.0,2014,3,97.5,1100.0
26831.7,3.0,3.0,60,16.0,2014,2,97.5,2500.0
26831.7,3.0,4.0,75,41.0,2014,1,97.5,2800.0
15629.818181818182,9.0,4.0,75,8.0,2014,4,97.5,3900.0
27120.9,13.0,4.0,75,7.0,2017,3,98.6,4200.0
27120.9,13.0,3.0,75,5.0,2017,2,98.6,3700.0
27120.9,10.0,2.0,50,9.0,2017,2,98.6,2200.0
26831.7,10.0,4.0,75,10.0,2010,4,94.8,3500.0
95281.1,9.0,3.0,55,23.0,2017,4,98.6,2700.0
95281.1,9.0,4.0,75,6.0,2017,2,98.6,4700.0
95281.1,14.0,3.0,60,17.0,2017,2,98.6,2400.0
26831.7,9.0,4.0,80,10.0,2010,2,94.8,3200.0
26831.7,7.0,3.0,70,10.0,2010,1,94.8,2800.0
10011.6,2.0,5.0,90,14.0,2014,2,97.5,3300.0
10011.6,10.0,4.0,95,14.0,2014,2,97.5,2600.0
10011.6,3.0,4.0,70,14.0,2014,2,97.5,2900.0
22676.4,7.0,5.0,85,10.0,2010,1,94.8,3800.0
10011.6,10.0,5.0,95,16.0,2014,1,97.5,2400.0
10347.9,12.0,4.0,70,7.0,2017,4,98.6,3400.0
10347.9,14.0,4.0,95,33.0,2017,1,98.6,1500.0
10011.6,5.0,4.0,85,12.0,2010,2,94.8,3300.0
10011.6,15.0,4.0,75,16.0,2014,1,97.5,2200.0
12225.7,14.0,4.0,70,19.0,2017,4,98.6,2800.0
10011.6,4.0,5.0,90,15.0,2014,1,97.5,3900.0
27120.9,7.0,4.0,65,21.0,2017,3,98.6,3000.0
10347.9,10.0,4.0,60,10.0,2010,4,94.8,2400.0
10347.9,12.0,4.0,85,3.0,2010,3,94.8,4000.0
10347.9,9.0,4.0,75,3.0,2010,2,94.8,4100.0
10347.9,10.0,4.0,65,10.0,2010,1,94.8,2600.0
10011.6,1.0,3.0,50,43.0,2014,4,97.5,650.0
15629.818181818182,4.0,4.0,70,38.0,2017,1,98.6,2700.0
10011.6,2.0,4.0,60,43.0,2014,2,97.5,820.0
10011.6,3.0,5.0,70,37.0,2014,1,97.5,2300.0
10347.9,12.0,4.0,90,26.0,2010,3,94.8,1800.0
10347.9,10.0,4.0,70,4.0,2010,2,94.8,3200.0
10347.9,9.0,4.0,65,4.0,2010,1,94.8,3100.0
1952.3,5.0,4.0,80,26.0,2017,3,98.6,2500.0
27622.0,13.0,,80,26.0,2017,2,98.6,1500.0
10011.6,4.0,5.0,85,14.0,2014,3,97.5,2900.0
27120.9,6.0,2.0,25,33.0,2017,4,98.6,500.0
27120.9,6.0,4.0,90,19.0,2017,3,98.6,5300.0
27120.9,6.0,2.0,15,33.0,2017,3,98.6,420.0
27120.9,6.0,2.0,15,33.0,2017,3,98.6,600.0
36670.72727272727,11.0,4.0,70,,2014,2,97.5,3000.0
36670.72727272727,13.0,4.0,80,10.0,2014,1,97.5,3300.0
36670.72727272727,13.0,5.0,80,10.0,2014,1,97.5,3200.0
10011.6,10.0,5.0,80,6.0,2010,2,94.8,2500.0
27120.9,2.0,4.0,75,14.0,2014,4,97.5,4000.0
27120.9,3.0,4.0,80,14.0,2014,1,97.5,5100.0
95281.1,0.0,4.0,60,9.0,2010,3,94.8,3400.0
95281.1,2.0,5.0,95,9.0,2010,1,94.8,6100.0
12225.7,14.0,3.0,85,28.0,2017,4,98.6,4000.0
12225.7,14.0,4.0,150,2.0,2017,2,98.6,6100.0
95281.1,6.0,2.0,35,12.0,2010,4,94.8,1100.0
4206.7,11.0,4.0,70,8.0,2017,1,98.6,3300.0
23739.8,9.0,3.0,70,42.0,2014,4,97.5,800.0
23739.8,8.0,3.0,55,42.0,2014,3,97.5,1300.0
23739.8,9.0,3.0,65,27.0,2014,2,97.5,1200.0
52071.7,10.0,4.0,70,7.0,2017,4,98.6,4100.0
52071.7,9.0,4.0,70,7.0,2017,1,98.6,4100.0
27622.0,6.0,4.0,70,6.0,2014,2,97.5,3000.0
36670.72727272727,16.0,4.0,50,20.0,2017,4,98.6,1600.0
43789.2,14.0,4.0,65,36.0,2010,3,94.8,1200.0
43789.2,12.0,4.0,55,36.0,2010,3,94.8,1200.0
43789.2,11.0,4.0,55,36.0,2010,2,94.8,580.0
12225.7,11.0,4.0,75,16.0,2014,4,97.5,3500.0
12225.7,9.0,3.0,85,10.0,2014,1,97.5,5200.0
26831.7,4.0,4.0,70,16.0,2017,1,98.6,3800.0
26831.7,10.0,4.0,80,17.0,2017,1,98.6,3300.0
36670.72727272727,8.0,4.0,75,3.0,2010,3,94.8,3900.0
15629.818181818182,4.0,4.0,60,14.0,2014,4,97.5,2200.0
43789.2,5.0,4.0,65,16.0,2014,1,97.5,2700.0
43789.2,5.0,4.0,65,16.0,2014,1,97.5,2600.0
3603.3636363636365,16.0,4.0,80,22.0,2014,4,97.5,820.0
10011.6,10.0,4.0,70,13.0,2014,2,97.5,2900.0
10011.6,9.0,5.0,85,10.0,2014,1,97.5,3700.0
27120.9,9.0,4.0,95,18.0,2014,4,97.5,4100.0
27120.9,9.0,4.0,75,18.0,2014,4,97.5,3600.0
27120.9,9.0,4.0,70,18.0,2014,2,97.5,3200.0
27120.9,9.0,4.0,80,14.0,2010,3,94.8,3500.0
27120.9,8.0,4.0,85,8.0,2010,2,94.8,4500.0
10347.9,11.0,4.0,70,7.0,2014,4,97.5,3100.0
10347.9,9.0,4.0,80,1.0,2017,2,98.6,5600.0
10347.9,8.0,3.0,75,9.0,2017,1,98.6,3700.0
36670.72727272727,14.0,5.0,90,13.0,2010,4,94.8,2800.0
10347.9,6.0,5.0,115,33.0,2017,3,98.6,3400.0
10347.9,5.0,4.0,90,33.0,2017,1,98.6,3400.0
52071.7,11.0,5.0,70,41.0,2010,4,94.8,1400.0
10347.9,2.0,4.0,80,19.0,2017,4,98.6,3400.0
10347.9,2.0,4.0,80,19.0,2017,4,98.6,2900.0
10347.9,2.0,4.0,75,19.0,2017,1,98.6,3900.0
12225.7,11.0,4.0,80,12.0,2014,4,97.5,3900.0
12225.7,13.0,4.0,80,9.0,2014,4,97.5,3300.0
39373.63636363636,8.0,4.0,70,0.0,2014,3,97.5,4100.0
39373.63636363636,9.0,4.0,70,0.0,2014,2,97.5,4000.0
95281.1,9.0,4.0,70,0.0,2014,4,97.5,4000.0
95281.1,9.0,3.0,75,0.0,2014,4,97.5,4200.0
95281.1,8.0,4.0,70,0.0,2014,4,97.5,4100.0
95281.1,10.0,4.0,75,0.0,2014,3,97.5,4500.0
95281.1,9.0,4.0,70,0.0,2014,3,97.5,4300.0
95281.1,10.0,4.0,75,0.0,2014,2,97.5,4300.0
95281.1,,4.0,75,16.0,2017,3,98.6,4700.0
27120.9,10.0,2.0,15,30.0,2014,2,97.5,640.0
12225.7,16.0,3.0,110,24.0,2014,4,97.5,2000.0
12225.7,18.0,4.0,85,11.0,2014,4,97.5,3500.0
52071.7,14.0,5.0,75,4.0,2010,2,94.8,3300.0
52071.7,14.0,4.0,75,4.0,2010,2,94.8,3500.0
52071.7,11.0,4.0,55,10.0,2010,1,94.8,1000.0
52071.7,14.0,5.0,90,4.0,2010,1,94.8,3900.0
12225.7,13.0,4.0,75,18.0,2014,4,97.5,2600.0
12225.7,15.0,4.0,65,37.0,2014,2,97.5,880.0
23739.8,12.0,3.0,70,4.0,2010,4,94.8,3300.0
23739.8,13.0,5.0,90,4.0,2010,1,94.8,3000.0
95281.1,11.0,3.0,75,38.0,2014,1,97.5,1700.0
95281.1,15.0,4.0,55,12.0,2014,1,97.5,2500.0
95281.1,13.0,4.0,70,11.0,2014,1,97.5,4400.0
52071.7,2.0,5.0,110,7.0,2010,1,94.8,5700.0
10011.6,23.0,3.0,50,25.0,2014,2,97.5,920.0
7356.8,7.0,3.0,60,23.0,2014,4,97.5,1300.0
7356.8,8.0,4.0,85,14.0,2014,4,97.5,2200.0
7356.8,11.0,4.0,65,29.0,2014,4,97.5,1400.0
7356.8,8.0,4.0,85,14.0,2014,4,97.5,2300.0
36670.72727272727,7.0,4.0,70,3.0,2017,1,98.6,4900.0
7356.8,7.0,4.0,85,12.0,2014,3,97.5,2400.0
7356.8,7.0,5.0,95,25.0,2014,3,97.5,1700.0
7356.8,5.0,4.0,95,10.0,2014,2,97.5,2400.0
7356.8,10.0,4.0,95,29.0,2014,1,97.5,1900.0
7356.8,6.0,5.0,85,10.0,2014,1,97.5,2800.0
7356.8,8.0,5.0,95,31.0,2014,1,97.5,1700.0
12225.7,12.0,3.0,75,43.0,2017,4,98.6,1700.0
12225.7,14.0,5.0,75,43.0,2017,2,98.6,750.0
36670.72727272727,2.0,4.0,60,10.0,2010,4,94.8,2800.0
36670.72727272727,3.0,4.0,105,19.0,2010,3,94.8,2500.0
36670.72727272727,7.0,5.0,85,6.0,2010,1,94.8,4100.0
36670.72727272727,5.0,4.0,60,13.0,2010,1,94.8,2300.0
95281.1,3.0,5.0,85,6.0,2014,2,97.5,5900.0
95281.1,10.0,3.0,45,15.0,2014,4,97.5,2000.0
95281.1,10.0,4.0,70,9.0,2014,4,97.5,3100.0
95281.1,9.0,3.0,70,9.0,2014,1,97.5,2700.0
36670.72727272727,4.0,4.0,85,3.0,2010,4,94.8,4600.0
36670.72727272727,6.0,5.0,85,32.0,2010,3,94.8,1700.0
36670.72727272727,5.0,4.0,70,12.0,2010,2,94.8,2900.0
12225.7,6.0,3.0,60,18.0,2017,1,98.6,3100.0
10347.9,11.0,4.0,60,17.0,2014,2,97.5,2000.0
52071.7,8.0,4.0,70,12.0,2010,3,94.8,2700.0
52071.7,7.0,4.0,65,12.0,2010,3,94.8,2100.0
27120.9,9.0,4.0,95,6.0,2017,4,98.6,6000.0
52071.7,7.0,4.0,70,12.0,2010,1,94.8,2200.0
27120.9,7.0,5.0,85,19.0,2017,3,98.6,4700.0
27120.9,8.0,4.0,70,18.0,2017,3,98.6,3500.0
43789.2,2.0,4.0,80,11.0,2014,1,97.5,4100.0
43789.2,2.0,4.0,75,11.0,2014,1,97.5,3700.0
43789.2,2.0,3.0,75,11.0,2014,1,97.5,3100.0
52071.7,10.0,4.0,50,37.0,2010,2,94.8,890.0
52071.7,9.0,3.0,65,37.0,2010,2,94.8,1200.0
52071.7,9.0,4.0,65,37.0,2010,1,94.8,1500.0
26831.7,19.0,4.0,75,35.0,2014,1,97.5,1500.0
52071.7,9.0,4.0,85,16.0,2017,2,98.6,4300.0
52071.7,5.0,4.0,70,12.0,2017,2,98.6,4000.0
52071.7,11.0,5.0,90,11.0,2010,4,94.8,3800.0
52071.7,10.0,4.0,90,11.0,2010,4,94.8,3600.0
52071.7,10.0,5.0,130,11.0,2010,3,94.8,4500.0
22676.4,8.0,4.0,65,8.0,2014,4,97.5,2800.0
22676.4,5.0,5.0,85,4.0,2014,4,97.5,4500.0
22676.4,8.0,4.0,80,4.0,2014,3,97.5,4200.0
22676.4,16.0,4.0,70,11.0,2014,3,97.5,2400.0
22676.4,7.0,4.0,75,4.0,2014,1,97.5,4100.0
52071.7,5.0,3.0,40,48.0,2017,4,98.6,800.0
52071.7,4.0,4.0,60,43.0,2017,4,98.6,900.0
26831.7,1.0,3.0,40,11.0,2010,3,94.8,1500.0
26831.7,1.0,3.0,65,22.0,2010,3,94.8,2100.0
52071.7,6.0,3.0,55,48.0,2017,2,98.6,700.0
52071.7,4.0,2.0,40,48.0,2017,2,98.6,750.0
26831.7,1.0,3.0,40,11.0,2010,1,94.8,820.0
52071.7,6.0,4.0,85,44.0,2017,2,98.6,2400.0
26831.7,1.0,4.0,60,11.0,2010,1,94.8,2700.0
52071.7,6.0,4.0,75,44.0,2017,1,98.6,2100.0
26831.7,1.0,4.0,60,11.0,2010,1,94.8,3100.0
15629.818181818182,3.0,4.0,80,16.0,2014,3,97.5,4300.0
52071.7,12.0,5.0,65,11.0,2017,1,98.6,3200.0
23739.8,12.0,5.0,75,11.0,2017,4,98.6,3600.0
23739.8,12.0,4.0,75,11.0,2017,4,98.6,3100.0
3767.8,5.0,4.0,70,16.0,2014,4,97.5,2500.0
3767.8,5.0,4.0,70,16.0,2014,4,97.5,2800.0
3767.8,5.0,4.0,70,16.0,2014,4,97.5,2300.0
3767.8,5.0,4.0,70,16.0,2014,4,97.5,2900.0
3767.8,6.0,4.0,70,,2014,3,97.5,2700.0
3767.8,6.0,4.0,70,16.0,2014,1,97.5,2600.0
3767.8,5.0,4.0,70,15.0,2014,1,97.5,2300.0
3767.8,6.0,4.0,70,16.0,2014,1,97.5,2700.0
39373.63636363636,6.0,3.0,60,15.0,2014,4,97.5,2200.0
39373.63636363636,6.0,4.0,65,15.0,2014,4,97.5,2300.0
10011.6,10.0,4.0,80,11.0,2010,4,94.8,2000.0
39373.63636363636,6.0,4.0,70,15.0,2014,3,97.5,2800.0
39373.63636363636,7.0,4.0,65,15.0,2014,3,97.5,2000.0
39373.63636363636,4.0,4.0,70,19.0,2014,3,97.5,2600.0
39373.63636363636,7.0,4.0,75,15.0,2014,2,97.5,3300.0
39373.63636363636,5.0,4.0,75,15.0,2014,1,97.5,3200.0
3767.8,2.0,4.0,65,6.0,2014,4,97.5,2800.0
3767.8,2.0,4.0,70,6.0,2014,2,97.5,2800.0
10011.6,11.0,4.0,75,5.0,2010,1,94.8,2700.0
31877.3,2.0,4.0,70,9.0,2014,1,97.5,2700.0
10011.6,7.0,4.0,70,4.0,2010,2,94.8,3200.0
23533.5,8.0,4.0,55,18.0,2014,4,97.5,1700.0
31877.3,6.0,4.0,60,18.0,2014,1,97.5,2000.0
36670.72727272727,9.0,6.0,120,45.0,2017,4,98.6,2200.0
36670.72727272727,9.0,,65,45.0,2017,4,98.6,1800.0
10011.6,1.0,2.0,50,39.0,2010,4,94.8,400.0
10011.6,4.0,5.0,75,33.0,2010,4,94.8,1300.0
10011.6,4.0,4.0,75,33.0,2010,3,94.8,1900.0
10011.6,3.0,4.0,155,33.0,2010,3,94.8,4200.0
36670.72727272727,16.0,5.0,75,17.0,2017,3,98.6,2800.0
43789.2,11.0,3.0,55,25.0,2014,2,97.5,1500.0
43789.2,9.0,4.0,65,25.0,2014,1,97.5,1400.0
36670.72727272727,4.0,3.0,50,10.0,2017,2,98.6,1900.0
36670.72727272727,8.0,5.0,80,7.0,2017,2,98.6,4100.0
36670.72727272727,7.0,3.0,60,22.0,2017,1,98.6,2600.0
36670.72727272727,8.0,4.0,75,16.0,2017,1,98.6,3200.0
36670.72727272727,7.0,4.0,75,13.0,2014,2,97.5,3400.0
10011.6,4.0,4.0,70,10.0,2010,2,94.8,2700.0
10011.6,4.0,4.0,70,10.0,2010,2,94.8,2600.0
10011.6,13.0,4.0,75,14.0,2010,3,94.8,1600.0
10011.6,9.0,4.0,80,1.0,2010,3,94.8,3400.0
10011.6,14.0,5.0,75,1.0,2010,3,94.8,3400.0
10011.6,13.0,5.0,80,1.0,2010,2,94.8,3600.0
10011.6,13.0,5.0,75,1.0,2010,2,94.8,3300.0
10011.6,9.0,5.0,85,1.0,2010,2,94.8,3400.0
36670.72727272727,5.0,4.0,70,47.0,2017,4,98.6,2200.0
10011.6,9.0,4.0,75,14.0,2010,1,94.8,1900.0
36670.72727272727,2.0,5.0,90,21.0,2017,4,98.6,4100.0
36670.72727272727,5.0,4.0,75,47.0,2017,2,98.6,1500.0
43789.2,11.0,5.0,80,4.0,2010,2,94.8,2700.0
43789.2,3.0,3.0,55,8.0,2014,4,97.5,2700.0
43789.2,11.0,4.0,70,4.0,2010,1,94.8,2900.0
43789.2,3.0,3.0,60,14.0,2014,2,97.5,2000.0
52071.7,8.0,4.0,70,17.0,2017,2,98.6,2900.0
52071.7,8.0,3.0,60,21.0,2017,1,98.6,1800.0
36670.72727272727,13.0,4.0,75,6.0,2010,4,94.8,3100.0
36670.72727272727,15.0,5.0,85,6.0,2010,3,94.8,3400.0
52071.7,8.0,3.0,70,4.0,2017,2,98.6,3800.0
27120.9,5.0,4.0,70,15.0,2010,1,94.8,3200.0
27120.9,2.0,4.0,75,10.0,2010,1,94.8,3900.0
10347.9,5.0,5.0,85,12.0,2014,2,97.5,3700.0
39373.63636363636,9.0,4.0,75,10.0,2014,4,97.5,3300.0
23739.8,9.0,4.0,65,38.0,2010,4,94.8,1300.0
95281.1,19.0,4.0,70,14.0,2014,3,97.5,2500.0
23739.8,8.0,4.0,65,40.0,2010,4,94.8,850.0
95281.1,23.0,4.0,70,17.0,2014,3,97.5,2500.0
95281.1,20.0,4.0,70,17.0,2014,1,97.5,2300.0
27622.0,10.0,4.0,65,38.0,2010,3,94.8,730.0
23739.8,12.0,4.0,70,6.0,2010,3,94.8,140.0
26831.7,2.0,4.0,70,,2017,3,98.6,3400.0
26831.7,3.0,4.0,55,20.0,2017,1,98.6,2400.0
12225.7,12.0,4.0,95,12.0,2010,4,94.8,4500.0
17671.272727272728,30.0,4.0,65,19.0,2014,2,97.5,470.0
10011.6,2.0,4.0,70,17.0,2017,1,98.6,3800.0
10011.6,12.0,5.0,100,19.0,2010,4,94.8,2600.0
10011.6,10.0,4.0,75,12.0,2017,4,98.6,2900.0
10011.6,16.0,4.0,80,4.0,2017,3,98.6,3600.0
12225.7,7.0,5.0,105,16.0,2014,1,97.5,3800.0
10011.6,13.0,4.0,80,4.0,2017,1,98.6,3000.0
43789.2,6.0,2.0,20,3.0,2010,4,94.8,750.0
43789.2,3.0,3.0,55,12.0,2010,1,94.8,2200.0
10011.6,6.0,5.0,75,21.0,2017,3,98.6,2700.0
10011.6,11.0,4.0,70,21.0,2017,3,98.6,2300.0
10011.6,11.0,4.0,70,21.0,2017,2,98.6,2500.0
17671.272727272728,9.0,4.0,70,11.0,2010,4,94.8,1500.0
17671.272727272728,9.0,4.0,75,11.0,2010,3,94.8,1300.0
17671.272727272728,7.0,4.0,75,11.0,2010,1,94.8,1400.0
12225.7,9.0,4.0,65,13.0,2010,2,94.8,2600.0
10011.6,2.0,4.0,60,46.0,2017,4,98.6,900.0
10011.6,4.0,4.0,65,40.0,2017,4,98.6,1700.0
10011.6,6.0,4.0,75,10.0,2010,4,94.8,2800.0
10011.6,8.0,4.0,90,17.0,2017,3,98.6,3600.0
10011.6,10.0,4.0,65,9.0,2010,3,94.8,2500.0
10011.6,1.0,4.0,70,46.0,2017,3,98.6,950.0
60822.454545454544,19.0,5.0,75,17.0,2014,4,97.5,1700.0
60822.454545454544,18.0,4.0,75,15.0,2014,3,97.5,1700.0
60822.454545454544,15.0,4.0,75,15.0,2014,2,97.5,1700.0
3603.3636363636365,13.0,4.0,70,17.0,2014,2,97.5,1700.0
10011.6,1.0,4.0,85,2.0,2017,4,98.6,5700.0
10011.6,9.0,4.0,70,21.0,2017,1,98.6,1400.0
43789.2,10.0,5.0,85,11.0,2017,2,98.6,3800.0
10347.9,10.0,4.0,75,13.0,2010,4,94.8,3000.0
10347.9,15.0,4.0,70,3.0,2010,1,94.8,3300.0
36670.72727272727,11.0,4.0,65,18.0,2017,4,98.6,2800.0
36670.72727272727,11.0,4.0,65,18.0,2017,1,98.6,2900.0
23739.8,10.0,4.0,80,19.0,2014,3,97.5,2400.0
23739.8,6.0,4.0,85,17.0,2014,2,97.5,2800.0
23739.8,13.0,4.0,80,19.0,2014,2,97.5,2800.0
23739.8,5.0,4.0,80,17.0,2014,2,97.5,2700.0
23739.8,10.0,4.0,80,19.0,2014,1,97.5,2300.0
12225.7,6.0,2.0,40,6.0,2014,2,97.5,1900.0
27622.0,11.0,3.0,75,20.0,2017,4,98.6,3800.0
27622.0,11.0,3.0,75,20.0,2017,4,98.6,4000.0
27622.0,13.0,4.0,75,20.0,2017,4,98.6,3800.0
27622.0,11.0,4.0,75,2.0,2017,3,98.6,4000.0
27622.0,12.0,4.0,75,20.0,2017,2,98.6,4000.0
27622.0,12.0,,75,2.0,2017,2,98.6,4100.0
12225.7,10.0,3.0,85,4.0,2010,2,94.8,4800.0
27622.0,12.0,4.0,75,19.0,2017,1,98.6,4000.0
23739.8,9.0,3.0,70,45.0,2017,1,98.6,1500.0
10011.6,12.0,4.0,65,9.0,2010,3,94.8,1700.0
10011.6,10.0,4.0,80,23.0,2010,1,94.8,1400.0
22676.4,2.0,5.0,85,12.0,2014,3,97.5,4700.0
22676.4,11.0,4.0,70,26.0,2014,2,97.5,2100.0
10011.6,16.0,4.0,85,7.0,2010,1,94.8,3900.0
22676.4,10.0,4.0,75,13.0,2014,1,97.5,2800.0
12225.7,15.0,4.0,65,33.0,2010,4,94.8,850.0
12225.7,23.0,4.0,70,9.0,2010,4,94.8,2300.0
12225.7,16.0,4.0,75,5.0,2010,4,94.8,2800.0
12225.7,15.0,4.0,65,9.0,2010,2,94.8,2100.0
12225.7,17.0,4.0,80,9.0,2010,1,94.8,2700.0
12225.7,14.0,3.0,60,14.0,2010,1,94.8,1800.0
10011.6,11.0,4.0,80,26.0,2017,3,98.6,2000.0
43789.2,30.0,4.0,70,16.0,2014,4,97.5,1400.0
95281.1,15.0,5.0,75,8.0,2010,2,94.8,3800.0
43789.2,30.0,5.0,80,16.0,2014,3,97.5,1500.0
43789.2,30.0,4.0,65,16.0,2014,3,97.5,1700.0
43789.2,30.0,4.0,65,16.0,2014,3,97.5,1500.0
43789.2,30.0,4.0,75,16.0,2014,1,97.5,1600.0
10011.6,23.0,3.0,50,21.0,2010,2,94.8,970.0
43789.2,6.0,2.0,20,10.0,2017,3,98.6,1400.0
43789.2,4.0,4.0,80,19.0,2017,2,98.6,3100.0
3603.3636363636365,16.0,3.0,70,25.0,2017,1,98.6,830.0
3603.3636363636365,16.0,4.0,80,25.0,2017,1,98.6,4000.0
20094.2,6.0,4.0,70,12.0,2014,3,97.5,3600.0
20094.2,6.0,5.0,95,12.0,2014,1,97.5,4800.0
7356.8,6.0,5.0,100,6.0,2010,4,94.8,3000.0
7356.8,6.0,4.0,70,21.0,2010,3,94.8,1400.0
7356.8,6.0,4.0,70,21.0,2010,3,94.8,87.0
20094.2,4.0,4.0,70,3.0,2017,4,98.6,4200.0
7356.8,9.0,5.0,65,27.0,2010,2,94.8,1400.0
7356.8,6.0,4.0,85,6.0,2010,1,94.8,2100.0
7356.8,9.0,5.0,65,27.0,2010,1,94.8,1600.0
7356.8,10.0,4.0,65,25.0,2010,1,94.8,1400.0
7356.8,5.0,4.0,75,19.0,2010,1,94.8,1900.0
39373.63636363636,7.0,4.0,70,13.0,2014,3,97.5,2800.0
43789.2,8.0,4.0,70,10.0,2014,4,97.5,2900.0
27120.9,11.0,4.0,95,23.0,2010,4,94.8,1500.0
10347.9,11.0,4.0,70,10.0,2017,4,98.6,3400.0
10347.9,10.0,5.0,90,10.0,2017,1,98.6,3900.0
95281.1,11.0,4.0,60,35.0,2010,1,94.8,1100.0
95281.1,11.0,4.0,70,11.0,2010,1,94.8,2100.0
52071.7,11.0,4.0,65,13.0,2014,4,97.5,3200.0
43789.2,11.0,4.0,70,19.0,2017,3,98.6,3200.0
43789.2,11.0,4.0,70,19.0,2017,2,98.6,3200.0
43789.2,10.0,4.0,70,19.0,2017,2,98.6,3700.0
43789.2,2.0,4.0,65,13.0,2014,4,97.5,2800.0
43789.2,5.0,4.0,65,10.0,2014,3,97.5,2600.0
43789.2,5.0,4.0,65,10.0,2014,1,97.5,2800.0
95281.1,10.0,4.0,65,11.0,2010,1,94.8,2600.0
22676.4,20.0,5.0,70,24.0,2010,3,94.8,960.0
12225.7,12.0,5.0,90,12.0,2017,2,98.6,4400.0
39373.63636363636,9.0,4.0,70,3.0,2017,4,98.6,4400.0
10347.9,9.0,4.0,60,13.0,2010,4,94.8,2100.0
95281.1,9.0,5.0,85,3.0,2017,3,98.6,5100.0
95281.1,10.0,3.0,60,4.0,2017,1,98.6,3200.0
43789.2,2.0,4.0,75,4.0,2010,4,94.8,3800.0
43789.2,2.0,3.0,80,7.0,2010,4,94.8,5000.0
43789.2,3.0,4.0,65,4.0,2010,1,94.8,3600.0
52071.7,18.0,3.0,95,12.0,2014,4,97.5,3100.0
52071.7,18.0,4.0,95,12.0,2014,4,97.5,3200.0
52071.7,16.0,4.0,85,12.0,2014,4,97.5,2800.0
52071.7,20.0,5.0,80,14.0,2014,1,97.5,2900.0
43789.2,9.0,4.0,65,19.0,2017,3,98.6,2900.0
43789.2,9.0,4.0,70,19.0,2017,1,98.6,2700.0
43789.2,9.0,4.0,70,11.0,2014,3,97.5,2700.0
43789.2,5.0,3.0,65,14.0,2014,1,97.5,2400.0
26831.7,16.0,3.0,65,31.0,2010,4,94.8,1100.0
26831.7,8.0,4.0,70,7.0,2010,4,94.8,3000.0
26831.7,19.0,4.0,65,31.0,2010,4,94.8,650.0
26831.7,19.0,4.0,75,31.0,2010,1,94.8,1400.0
1756.3,4.0,4.0,70,37.0,2014,2,97.5,1200.0
12225.7,14.0,4.0,75,21.0,2017,3,98.6,1600.0
12225.7,16.0,4.0,70,16.0,2017,2,98.6,2000.0
12225.7,15.0,5.0,85,12.0,2017,1,98.6,2600.0
12225.7,19.0,4.0,80,16.0,2017,1,98.6,2300.0
95281.1,25.0,4.0,65,40.0,2017,2,98.6,1100.0
1952.3,4.0,4.0,60,35.0,2014,2,97.5,400.0
1952.3,5.0,4.0,70,32.0,2014,1,97.5,1800.0
23533.5,18.0,4.0,65,10.0,2014,3,97.5,2400.0
31877.3,18.0,,70,,2014,3,97.5,2500.0
31877.3,15.0,4.0,70,9.0,2014,1,97.5,2200.0
31877.3,15.0,5.0,80,8.0,2014,1,97.5,2600.0
22676.4,10.0,4.0,65,7.0,2010,1,94.8,2600.0
10011.6,23.0,3.0,65,28.0,2017,1,98.6,1400.0
95281.1,25.0,5.0,90,28.0,2017,4,98.6,2500.0
43789.2,15.0,5.0,80,10.0,2014,1,97.5,2800.0
20094.2,25.0,,75,32.0,2017,4,98.6,2000.0
17671.272727272728,8.0,5.0,110,22.0,2014,4,97.5,1800.0
17671.272727272728,10.0,3.0,85,21.0,2014,4,97.5,1500.0
17671.272727272728,13.0,5.0,85,11.0,2014,3,97.5,2400.0
17671.272727272728,8.0,5.0,85,20.0,2014,2,97.5,1100.0
17671.272727272728,20.0,5.0,85,11.0,2014,2,97.5,1700.0
17671.272727272728,9.0,4.0,95,20.0,2014,2,97.5,1700.0
17671.272727272728,6.0,4.0,80,11.0,2014,2,97.5,1800.0
17671.272727272728,15.0,5.0,85,17.0,2014,1,97.5,1700.0
17671.272727272728,7.0,4.0,90,20.0,2014,1,97.5,1300.0
17671.272727272728,5.0,5.0,95,18.0,2014,1,97.5,1700.0
17671.272727272728,14.0,4.0,75,17.0,2014,1,97.5,1400.0
7356.8,10.0,4.0,70,34.0,2017,4,98.6,1500.0
7356.8,5.0,4.0,75,26.0,2017,4,98.6,1700.0
7356.8,4.0,4.0,70,28.0,2017,4,98.6,1900.0
7356.8,4.0,4.0,70,28.0,2017,3,98.6,1000.0
7356.8,4.0,4.0,70,28.0,2017,3,98.6,1000.0
7356.8,8.0,4.0,90,22.0,2017,2,98.6,2200.0
7356.8,16.0,3.0,65,27.0,2017,2,98.6,1200.0
7356.8,9.0,5.0,95,21.0,2017,2,98.6,2000.0
7356.8,14.0,4.0,65,32.0,2017,1,98.6,1400.0
27120.9,13.0,4.0,85,4.0,2017,4,98.6,6400.0
27120.9,12.0,2.0,60,49.0,2017,3,98.6,870.0
12225.7,12.0,3.0,70,14.0,2014,3,97.5,4000.0
12225.7,12.0,4.0,70,14.0,2014,3,97.5,3500.0
12225.7,12.0,4.0,85,14.0,2014,2,97.5,3700.0
95281.1,11.0,3.0,65,42.0,2017,1,98.6,1900.0
3767.8,10.0,4.0,60,42.0,2017,2,98.6,1500.0
31877.3,3.0,3.0,50,13.0,2010,1,94.8,1600.0
23533.5,1.0,4.0,65,12.0,2010,2,94.8,1600.0
20094.2,14.0,4.0,70,19.0,2014,4,97.5,2400.0
31877.3,8.0,4.0,70,8.0,2010,3,94.8,2500.0
31877.3,4.0,2.0,25,21.0,2010,3,94.8,3400.0
20094.2,16.0,4.0,65,20.0,2014,1,97.5,2400.0
31877.3,7.0,3.0,55,14.0,2010,4,94.8,1400.0
31877.3,8.0,4.0,60,14.0,2010,4,94.8,1900.0
31877.3,7.0,3.0,60,14.0,2010,2,94.8,1500.0
31877.3,6.0,4.0,60,14.0,2010,1,94.8,1500.0
95281.1,8.0,4.0,70,16.0,2014,1,97.5,2900.0
43789.2,2.0,4.0,75,14.0,2017,4,98.6,4300.0
20094.2,13.0,2.0,15,28.0,2014,4,97.5,290.0
26831.7,16.0,4.0,65,38.0,2017,1,98.6,1700.0
43789.2,8.0,3.0,60,12.0,2010,4,94.8,2000.0
43789.2,8.0,3.0,60,12.0,2010,4,94.8,2400.0
95281.1,9.0,4.0,65,,2014,3,97.5,2900.0
95281.1,9.0,4.0,65,4.0,2014,2,97.5,3100.0
95281.1,6.0,2.0,15,27.0,2014,1,97.5,400.0
36670.72727272727,7.0,4.0,65,38.0,2010,3,94.8,1500.0
95281.1,12.0,4.0,85,8.0,2014,1,97.5,4800.0
43789.2,3.0,4.0,65,4.0,2010,1,94.8,2800.0
43789.2,3.0,4.0,85,4.0,2010,1,94.8,3700.0
36670.72727272727,2.0,,125,28.0,2014,4,97.5,3800.0
36670.72727272727,6.0,4.0,100,46.0,2014,1,97.5,3000.0
36670.72727272727,6.0,3.0,70,46.0,2014,1,97.5,1700.0
27120.9,9.0,3.0,40,13.0,2010,4,94.8,2000.0
85366.90909090909,10.0,3.0,55,13.0,2010,3,94.8,2000.0
23739.8,10.0,5.0,80,35.0,2014,3,97.5,2000.0
27120.9,13.0,4.0,60,14.0,2014,1,97.5,2500.0
36670.72727272727,11.0,3.0,35,22.0,2010,2,94.8,550.0
43789.2,8.0,4.0,60,14.0,2014,3,97.5,2700.0
36670.72727272727,11.0,3.0,35,22.0,2010,2,94.8,550.0
36670.72727272727,10.0,4.0,80,13.0,2010,2,94.8,2800.0
22676.4,7.0,4.0,70,9.0,2017,2,98.6,3700.0
10347.9,11.0,5.0,95,17.0,2014,2,97.5,2400.0
31877.3,8.0,3.0,70,2.0,2017,3,98.6,3700.0
43789.2,18.0,4.0,70,1.0,2014,4,97.5,2700.0
43789.2,16.0,4.0,70,1.0,2014,3,97.5,2900.0
39373.63636363636,12.0,4.0,70,10.0,2010,1,94.8,2500.0
31877.3,13.0,4.0,65,16.0,2017,2,98.6,2600.0
95281.1,19.0,4.0,65,13.0,2010,4,94.8,2000.0
95281.1,21.0,4.0,80,16.0,2010,1,94.8,2100.0
10347.9,4.0,4.0,100,25.0,2014,3,97.5,3800.0
39373.63636363636,6.0,3.0,55,18.0,2017,4,98.6,2300.0
39373.63636363636,3.0,4.0,65,22.0,2017,3,98.6,2800.0
39373.63636363636,7.0,4.0,75,16.0,2017,1,98.6,3400.0
15629.818181818182,13.0,4.0,75,15.0,2014,3,97.5,3100.0
27120.9,7.0,4.0,75,2.0,2014,2,97.5,5200.0
27120.9,8.0,4.0,95,5.0,2014,1,97.5,7900.0
31877.3,3.0,4.0,65,3.0,2017,3,98.6,2900.0
31877.3,2.0,3.0,55,13.0,2017,1,98.6,2700.0
36670.72727272727,7.0,4.0,75,10.0,2014,4,97.5,4200.0
36670.72727272727,7.0,4.0,65,19.0,2014,1,97.5,2400.0
36670.72727272727,7.0,,80,26.0,2014,1,97.5,1600.0
39373.63636363636,4.0,3.0,65,19.0,2014,4,97.5,2600.0
39373.63636363636,4.0,4.0,65,12.0,2014,3,97.5,3000.0
36670.72727272727,13.0,4.0,80,9.0,2014,4,97.5,3200.0
36670.72727272727,15.0,4.0,90,11.0,2014,3,97.5,3700.0
95281.1,8.0,3.0,75,13.0,2014,3,97.5,3700.0
95281.1,8.0,4.0,70,18.0,2014,3,97.5,2800.0
95281.1,8.0,4.0,65,14.0,2014,3,97.5,2800.0
95281.1,8.0,4.0,70,18.0,2014,1,97.5,3000.0
17671.272727272728,29.0,4.0,65,15.0,2010,4,94.8,260.0
36670.72727272727,8.0,4.0,75,16.0,2017,3,98.6,3100.0
20094.2,8.0,4.0,70,15.0,2014,3,97.5,2200.0
27120.9,13.0,4.0,75,43.0,2014,2,97.5,1500.0
27120.9,12.0,4.0,75,43.0,2014,1,97.5,1300.0
27120.9,12.0,4.0,75,43.0,2014,1,97.5,1700.0
36670.72727272727,9.0,4.0,85,9.0,2017,4,98.6,4000.0
36670.72727272727,9.0,5.0,90,9.0,2017,2,98.6,4600.0
43789.2,3.0,4.0,60,11.0,2017,1,98.6,3000.0
52071.7,13.0,5.0,105,9.0,2014,4,97.5,4500.0
52071.7,10.0,4.0,75,12.0,2014,2,97.5,3100.0
52071.7,11.0,4.0,80,12.0,2014,1,97.5,3300.0
52071.7,13.0,3.0,75,9.0,2014,1,97.5,3300.0
12225.7,2.0,3.0,80,6.0,2014,4,97.5,6000.0
12225.7,3.0,4.0,80,6.0,2014,1,97.5,5200.0
60822.454545454544,15.0,4.0,75,13.0,2010,2,94.8,1500.0
60822.454545454544,15.0,4.0,75,11.0,2010,1,94.8,1700.0
95281.1,6.0,4.0,80,16.0,2014,4,97.5,3700.0
95281.1,6.0,4.0,75,0.0,2014,4,97.5,5300.0
95281.1,6.0,4.0,75,,2014,3,97.5,4900.0
95281.1,7.0,2.0,25,16.0,2014,2,97.5,1300.0
95281.1,6.0,4.0,80,0.0,2014,2,97.5,5600.0
10347.9,4.0,4.0,85,17.0,2014,4,97.5,4200.0
10347.9,3.0,4.0,70,20.0,2014,3,97.5,2700.0
3603.3636363636365,12.0,4.0,75,11.0,2010,4,94.8,1500.0
3603.3636363636365,11.0,4.0,75,11.0,2010,1,94.8,1500.0
27120.9,3.0,4.0,70,17.0,2014,1,97.5,2800.0
39373.63636363636,11.0,4.0,70,1.0,2014,2,97.5,3500.0
20094.2,13.0,5.0,85,19.0,2014,3,97.5,3300.0
20094.2,10.0,4.0,65,19.0,2014,3,97.5,2400.0
23739.8,7.0,3.0,40,39.0,2010,4,94.8,850.0
20094.2,6.0,4.0,70,14.0,2014,2,97.5,2900.0
23739.8,3.0,4.0,70,6.0,2010,3,94.8,2500.0
23739.8,6.0,3.0,45,39.0,2010,1,94.8,700.0
20094.2,4.0,4.0,65,17.0,2014,1,97.5,2700.0
20094.2,15.0,4.0,70,15.0,2014,1,97.5,2000.0
17671.272727272728,28.0,4.0,65,22.0,2017,2,98.6,4000.0
17671.272727272728,8.0,5.0,95,11.0,2017,3,98.6,2200.0
17671.272727272728,,5.0,85,9.0,2017,1,98.6,2800.0
95281.1,15.0,4.0,90,8.0,2014,3,97.5,5000.0
15629.818181818182,8.0,4.0,75,15.0,2014,4,97.5,3500.0
12225.7,5.0,5.0,80,16.0,2017,3,98.6,4200.0
22676.4,9.0,5.0,85,12.0,2010,3,94.8,2700.0
60822.454545454544,15.0,5.0,95,18.0,2017,3,98.6,2100.0
3603.3636363636365,10.0,4.0,70,20.0,2017,4,98.6,1400.0
3603.3636363636365,13.0,4.0,75,20.0,2017,2,98.6,1600.0
43789.2,30.0,4.0,95,6.0,2010,4,94.8,4300.0
43789.2,30.0,4.0,70,12.0,2010,3,94.8,1600.0
43789.2,30.0,3.0,65,12.0,2010,3,94.8,1200.0
43789.2,30.0,4.0,80,6.0,2010,3,94.8,2000.0
43789.2,30.0,3.0,120,6.0,2010,3,94.8,3800.0
43789.2,30.0,3.0,95,6.0,2010,3,94.8,4500.0
43789.2,30.0,5.0,80,12.0,2010,3,94.8,1900.0
43789.2,30.0,4.0,70,12.0,2010,2,94.8,1500.0
43789.2,30.0,4.0,75,11.0,2010,2,94.8,2100.0
43789.2,30.0,4.0,70,12.0,2010,2,94.8,1600.0
43789.2,30.0,3.0,100,6.0,2010,2,94.8,5200.0
43789.2,30.0,5.0,90,11.0,2010,2,94.8,3300.0
43789.2,30.0,4.0,80,11.0,2010,2,94.8,2800.0
43789.2,30.0,4.0,70,12.0,2010,2,94.8,1700.0
43789.2,30.0,4.0,95,6.0,2010,1,94.8,3900.0
43789.2,30.0,4.0,70,12.0,2010,1,94.8,1300.0
43789.2,30.0,4.0,70,12.0,2010,1,94.8,1300.0
43789.2,30.0,4.0,70,12.0,2010,1,94.8,1600.0
12225.7,14.0,5.0,95,3.0,2010,4,94.8,4200.0
12225.7,13.0,4.0,70,25.0,2010,4,94.8,1100.0
12225.7,14.0,3.0,85,3.0,2010,2,94.8,2600.0
12225.7,6.0,2.0,40,9.0,2017,4,98.6,2100.0
27120.9,16.0,4.0,140,33.0,2017,1,98.6,4200.0
15629.818181818182,13.0,4.0,60,12.0,2014,1,97.5,2600.0
15629.818181818182,13.0,4.0,55,12.0,2014,1,97.5,2400.0
43789.2,10.0,3.0,70,29.0,2014,3,97.5,1500.0
20094.2,6.0,4.0,70,8.0,2010,4,94.8,3000.0
20094.2,7.0,4.0,75,24.0,2010,4,94.8,2000.0
43789.2,3.0,2.0,25,5.0,2014,4,97.5,1400.0
43789.2,5.0,2.0,25,5.0,2014,4,97.5,1400.0
27120.9,3.0,2.0,50,10.0,2010,2,94.8,2300.0
27120.9,2.0,4.0,120,24.0,2010,1,94.8,4900.0
39373.63636363636,7.0,4.0,70,9.0,2010,3,94.8,2400.0
43789.2,8.0,2.0,55,1.0,2010,4,94.8,2500.0
95281.1,3.0,4.0,75,14.0,2014,4,97.5,4000.0
95281.1,3.0,4.0,80,14.0,2014,3,97.5,4000.0
95281.1,3.0,4.0,80,14.0,2014,3,97.5,4600.0
95281.1,5.0,5.0,85,9.0,2014,3,97.5,4700.0
95281.1,5.0,4.0,80,14.0,2014,3,97.5,4900.0
95281.1,3.0,4.0,80,14.0,2014,1,97.5,3500.0
95281.1,3.0,,100,14.0,2014,1,97.5,5900.0
95281.1,3.0,3.0,60,14.0,2014,1,97.5,3600.0
39373.63636363636,7.0,3.0,65,16.0,2014,3,97.5,2700.0
22676.4,11.0,4.0,75,20.0,2017,3,98.6,3800.0
43789.2,4.0,4.0,70,9.0,2010,4,94.8,2800.0
43789.2,2.0,4.0,65,4.0,2010,4,94.8,3100.0
43789.2,3.0,5.0,100,11.0,2010,3,94.8,3500.0
43789.2,3.0,4.0,60,4.0,2010,3,94.8,2500.0
43789.2,4.0,4.0,70,9.0,2010,2,94.8,2700.0
43789.2,2.0,4.0,70,9.0,2010,2,94.8,2800.0
43789.2,3.0,4.0,70,11.0,2010,1,94.8,2100.0
52071.7,15.0,3.0,75,8.0,2014,4,97.5,3100.0
36670.72727272727,14.0,4.0,75,14.0,2014,3,97.5,3000.0
36670.72727272727,19.0,4.0,70,14.0,2014,1,97.5,3200.0
20094.2,9.0,4.0,65,12.0,2014,1,97.5,2900.0
20094.2,8.0,4.0,65,12.0,2014,1,97.5,2700.0
43789.2,3.0,2.0,20,9.0,2014,2,97.5,1000.0
43789.2,30.0,5.0,110,13.0,2017,4,98.6,3200.0
43789.2,30.0,4.0,70,19.0,2017,3,98.6,1400.0
43789.2,30.0,5.0,80,19.0,2017,3,98.6,1800.0
43789.2,30.0,4.0,85,13.0,2017,3,98.6,3400.0
52071.7,21.0,4.0,70,10.0,2010,3,94.8,2400.0
43789.2,30.0,5.0,85,19.0,2017,3,98.6,1900.0
52071.7,16.0,4.0,90,8.0,2010,3,94.8,2700.0
43789.2,30.0,4.0,70,19.0,2017,2,98.6,1500.0
43789.2,30.0,4.0,75,19.0,2017,1,98.6,1900.0
52071.7,18.0,4.0,80,8.0,2010,2,94.8,3300.0
43789.2,30.0,4.0,65,19.0,2017,1,98.6,1800.0
43789.2,30.0,4.0,70,19.0,2017,1,98.6,1400.0
43789.2,10.0,5.0,80,7.0,2010,4,94.8,3100.0
1756.3,3.0,4.0,70,12.0,2010,4,94.8,2700.0
1756.3,3.0,4.0,75,12.0,2010,1,94.8,2400.0
20094.2,4.0,4.0,75,1.0,2017,4,98.6,4900.0
20094.2,4.0,4.0,75,,2017,1,98.6,4600.0
20094.2,5.0,3.0,70,22.0,2017,1,98.6,4000.0
20094.2,5.0,4.0,70,22.0,2017,1,98.6,4300.0
1952.3,5.0,4.0,70,33.0,2010,3,94.8,1700.0
27120.9,4.0,,20,33.0,2017,1,98.6,650.0
31877.3,16.0,5.0,100,5.0,2010,2,94.8,3400.0
39373.63636363636,6.0,4.0,75,8.0,2017,2,98.6,3800.0
43789.2,8.0,4.0,80,8.0,2017,3,98.6,4300.0
43789.2,19.0,4.0,60,13.0,2010,4,94.8,1200.0
43789.2,19.0,4.0,60,13.0,2010,4,94.8,1800.0
43789.2,17.0,3.0,65,6.0,2010,1,94.8,2300.0
43789.2,4.0,4.0,70,18.0,2017,4,98.6,2400.0
43789.2,4.0,3.0,65,13.0,2017,3,98.6,3200.0
43789.2,3.0,3.0,70,16.0,2017,2,98.6,3200.0
43789.2,3.0,4.0,65,11.0,2017,2,98.6,3500.0
43789.2,3.0,3.0,60,12.0,2017,1,98.6,2600.0
17671.272727272728,14.0,4.0,90,7.0,2010,4,94.8,2200.0
17671.272727272728,19.0,4.0,85,7.0,2010,4,94.8,2300.0
17671.272727272728,16.0,3.0,80,18.0,2010,4,94.8,1700.0
17671.272727272728,4.0,4.0,85,17.0,2010,4,94.8,1200.0
17671.272727272728,7.0,4.0,90,16.0,2010,3,94.8,1600.0
17671.272727272728,7.0,4.0,80,14.0,2010,3,94.8,1800.0
17671.272727272728,13.0,4.0,80,7.0,2010,2,94.8,2200.0
17671.272727272728,15.0,4.0,85,7.0,2010,1,94.8,2400.0
43789.2,7.0,4.0,65,17.0,2017,2,98.6,2700.0
12225.7,9.0,3.0,65,36.0,2010,3,94.8,1500.0
12225.7,14.0,5.0,90,2.0,2010,3,94.8,5700.0
12225.7,16.0,6.0,115,28.0,2010,3,94.8,3300.0
12225.7,13.0,4.0,70,3.0,2010,2,94.8,3600.0
12225.7,9.0,3.0,65,36.0,2010,2,94.8,800.0
12225.7,9.0,4.0,65,36.0,2010,2,94.8,1500.0
1756.3,3.0,4.0,75,19.0,2017,3,98.6,250.0
1952.3,4.0,4.0,70,35.0,2017,4,98.6,1600.0
1952.3,5.0,4.0,70,35.0,2017,2,98.6,1700.0
1952.3,4.0,5.0,75,38.0,2017,1,98.6,1300.0
20094.2,18.0,4.0,75,15.0,2010,3,94.8,2300.0
31877.3,16.0,5.0,80,30.0,2017,3,98.6,1500.0
43789.2,15.0,4.0,70,21.0,2017,2,98.6,2000.0
43789.2,16.0,4.0,70,21.0,2017,1,98.6,1700.0
43789.2,20.0,5.0,80,30.0,2017,1,98.6,780.0
43789.2,15.0,4.0,70,21.0,2017,1,98.6,2100.0
95281.1,14.0,5.0,75,7.0,2010,4,94.8,2700.0
95281.1,19.0,4.0,65,10.0,2010,1,94.8,2300.0
95281.1,15.0,2.0,15,24.0,2010,1,94.8,200.0
17671.272727272728,9.0,3.0,75,21.0,2017,4,98.6,1500.0
17671.272727272728,15.0,4.0,70,20.0,2017,4,98.6,1200.0
17671.272727272728,19.0,4.0,70,14.0,2017,3,98.6,1400.0
17671.272727272728,16.0,4.0,80,25.0,2017,1,98.6,1700.0
95281.1,7.0,2.0,15,22.0,2010,2,94.8,320.0
12225.7,11.0,4.0,75,2.0,2017,4,98.6,5600.0
36670.72727272727,6.0,5.0,120,42.0,2010,3,94.8,2000.0
12225.7,13.0,3.0,65,10.0,2017,3,98.6,3600.0
12225.7,14.0,4.0,80,32.0,2017,2,98.6,3000.0
12225.7,16.0,4.0,85,35.0,2017,2,98.6,2000.0
12225.7,9.0,4.0,115,43.0,2017,2,98.6,2900.0
20094.2,12.0,5.0,85,22.0,2017,4,98.6,2900.0
12225.7,9.0,2.0,45,25.0,2010,4,94.8,780.0
12225.7,8.0,3.0,45,40.0,2010,2,94.8,780.0
95281.1,6.0,3.0,50,12.0,2017,1,98.6,2500.0
10347.9,11.0,4.0,80,13.0,2010,1,94.8,2200.0
39373.63636363636,18.0,5.0,95,14.0,2017,4,98.6,4000.0
10347.9,12.0,4.0,65,9.0,2010,4,94.8,2600.0
95281.1,19.0,3.0,75,18.0,2017,4,98.6,2800.0
95281.1,19.0,3.0,70,17.0,2017,3,98.6,2400.0
95281.1,16.0,5.0,75,14.0,2017,2,98.6,2700.0
95281.1,16.0,4.0,85,18.0,2017,2,98.6,3000.0
12225.7,6.0,4.0,115,4.0,2010,3,94.8,6400.0
95281.1,9.0,5.0,70,36.0,2017,3,98.6,1300.0
10347.9,6.0,4.0,95,21.0,2010,1,94.8,3200.0
20094.2,5.0,3.0,50,21.0,2017,2,98.6,1500.0
36670.72727272727,6.0,4.0,100,49.0,2017,3,98.6,2700.0
36670.72727272727,6.0,4.0,100,49.0,2017,3,98.6,2800.0
23739.8,10.0,3.0,60,38.0,2017,4,98.6,1300.0
36670.72727272727,10.0,3.0,60,33.0,2010,3,94.8,1000.0
36670.72727272727,11.0,3.0,75,33.0,2010,3,94.8,1600.0
36670.72727272727,8.0,4.0,85,22.0,2010,2,94.8,2600.0
39373.63636363636,5.0,4.0,75,15.0,2010,4,94.8,2600.0
10347.9,11.0,4.0,70,20.0,2017,2,98.6,2600.0
36670.72727272727,13.0,4.0,70,7.0,2010,3,94.8,3200.0
95281.1,8.0,4.0,65,14.0,2010,2,94.8,2600.0
23739.8,4.0,4.0,60,14.0,2011,4,94.5,2300.0
15629.818181818182,6.0,4.0,70,5.0,2017,4,98.6,5500.0
23739.8,4.0,4.0,70,14.0,2011,3,94.5,2700.0
23739.8,4.0,4.0,85,14.0,2011,1,94.5,3100.0
27120.9,9.0,4.0,70,18.0,2017,3,98.6,3300.0
36670.72727272727,7.0,3.0,80,29.0,2017,3,98.6,3500.0
36670.72727272727,7.0,4.0,75,13.0,2017,3,98.6,4700.0
36670.72727272727,8.0,4.0,65,22.0,2017,3,98.6,2500.0
36670.72727272727,8.0,4.0,65,22.0,2017,2,98.6,2700.0
39373.63636363636,4.0,3.0,55,6.0,2017,3,98.6,3600.0
36670.72727272727,13.0,5.0,80,14.0,2017,2,98.6,4000.0
95281.1,15.0,5.0,85,15.0,2017,2,98.6,4000.0
52071.7,13.0,4.0,95,5.0,2010,3,94.8,3800.0
52071.7,12.0,4.0,80,5.0,2010,3,94.8,3500.0
52071.7,12.0,5.0,85,5.0,2010,3,94.8,3600.0
52071.7,13.0,4.0,85,5.0,2010,2,94.8,3700.0
52071.7,13.0,4.0,85,5.0,2010,2,94.8,3600.0
52071.7,17.0,4.0,85,5.0,2010,1,94.8,3500.0
39373.63636363636,4.0,4.0,50,35.0,2011,4,94.5,850.0
39373.63636363636,5.0,3.0,65,18.0,2011,2,94.5,2500.0
39373.63636363636,1.0,4.0,75,18.0,2011,2,94.5,2700.0
39373.63636363636,1.0,4.0,80,16.0,2011,1,94.5,2500.0
39373.63636363636,,4.0,75,,2011,1,94.5,2800.0
95281.1,5.0,3.0,55,9.0,2010,4,94.8,2600.0
95281.1,6.0,4.0,80,12.0,2010,3,94.8,3700.0
95281.1,6.0,2.0,35,12.0,2010,3,94.8,1600.0
95281.1,5.0,3.0,55,12.0,2010,2,94.8,1900.0
31877.3,21.0,4.0,75,9.0,2011,3,94.5,2700.0
10347.9,15.0,4.0,60,33.0,2011,3,94.5,930.0
10347.9,16.0,3.0,60,33.0,2011,3,94.5,1500.0
39373.63636363636,13.0,3.0,50,13.0,2010,2,94.8,1800.0
10347.9,16.0,4.0,75,6.0,2011,2,94.5,2500.0
10347.9,15.0,3.0,60,33.0,2011,2,94.5,1000.0
10347.9,15.0,4.0,70,33.0,2011,1,94.5,1400.0
10347.9,16.0,3.0,60,33.0,2011,1,94.5,1200.0
43789.2,18.0,4.0,70,6.0,2011,1,94.5,2400.0
43789.2,18.0,4.0,75,9.0,2011,1,94.5,2600.0
10011.6,19.0,4.0,70,12.0,2011,4,94.5,2100.0
10011.6,19.0,3.0,75,8.0,2011,4,94.5,2300.0
20094.2,29.0,4.0,70,31.0,2011,3,94.5,710.0
20094.2,10.0,5.0,95,12.0,2010,4,94.8,3800.0
20094.2,6.0,4.0,75,13.0,2010,4,94.8,2800.0
20094.2,7.0,4.0,70,13.0,2010,3,94.8,2800.0
26831.7,23.0,5.0,75,10.0,2011,1,94.5,2700.0
20094.2,6.0,4.0,75,10.0,2010,1,94.8,3000.0
52071.7,12.0,4.0,85,11.0,2017,4,98.6,3700.0
12225.7,2.0,4.0,80,9.0,2017,2,98.6,6200.0
20094.2,5.0,4.0,60,13.0,2010,2,94.8,3000.0
26831.7,13.0,4.0,75,11.0,2010,4,94.8,2700.0
4206.7,5.0,5.0,75,26.0,2011,2,94.5,1000.0
95281.1,6.0,4.0,90,8.0,2017,4,98.6,6800.0
95281.1,5.0,3.0,70,,2017,4,98.6,4800.0
95281.1,6.0,4.0,75,3.0,2017,4,98.6,5300.0
95281.1,5.0,4.0,65,16.0,2017,2,98.6,3600.0
4206.7,14.0,4.0,65,15.0,2011,3,94.5,1800.0
4206.7,13.0,4.0,75,13.0,2011,3,94.5,2500.0
20094.2,10.0,3.0,65,6.0,2010,2,94.8,2800.0
31877.3,5.0,4.0,80,22.0,2011,1,94.5,1800.0
10347.9,6.0,3.0,55,10.0,2010,1,94.8,2200.0
4206.7,18.0,4.0,70,28.0,2011,2,94.5,1000.0
27120.9,4.0,3.0,80,12.0,2010,4,94.8,4000.0
4206.7,1.0,2.0,15,22.0,2011,3,94.5,310.0
20094.2,7.0,4.0,75,20.0,2017,4,98.6,3400.0
20094.2,6.0,4.0,70,19.0,2017,4,98.6,3500.0
3299.5454545454545,28.0,4.0,60,11.0,2010,3,94.8,350.0
10011.6,16.0,4.0,60,13.0,2011,3,94.5,1200.0
20094.2,9.0,4.0,90,13.0,2017,3,98.6,4100.0
26831.7,25.0,4.0,75,14.0,2011,4,94.5,1900.0
10011.6,24.0,4.0,75,13.0,2011,2,94.5,2000.0
10347.9,8.0,4.0,55,17.0,2017,2,98.6,2500.0
15629.818181818182,8.0,4.0,80,18.0,2017,3,98.6,3400.0
10011.6,19.0,4.0,75,17.0,2011,2,94.5,2000.0
10011.6,16.0,3.0,55,33.0,2011,3,94.5,700.0
7356.8,2.0,5.0,80,30.0,2011,4,94.5,1300.0
7356.8,3.0,5.0,80,30.0,2011,3,94.5,1600.0
7356.8,6.0,4.0,75,27.0,2011,3,94.5,1300.0
7356.8,2.0,6.0,90,30.0,2011,1,94.5,1500.0
7356.8,2.0,5.0,80,30.0,2011,1,94.5,1700.0
10347.9,11.0,4.0,125,20.0,2010,3,94.8,4400.0
10347.9,11.0,5.0,130,20.0,2010,2,94.8,4400.0
10347.9,8.0,3.0,65,19.0,2010,2,94.8,1800.0
10347.9,11.0,3.0,110,20.0,2010,1,94.8,3600.0
10347.9,12.0,4.0,60,8.0,2010,1,94.8,2400.0
10347.9,7.0,5.0,90,4.0,2010,1,94.8,3900.0
43789.2,11.0,4.0,55,3.0,2010,3,94.8,2500.0
43789.2,10.0,4.0,65,3.0,2010,2,94.8,2700.0
12225.7,18.0,5.0,90,1.0,2011,4,94.5,4500.0
12225.7,18.0,5.0,85,1.0,2011,4,94.5,4400.0
12225.7,18.0,3.0,45,36.0,2011,4,94.5,400.0
12225.7,18.0,5.0,85,1.0,2011,3,94.5,4700.0
12225.7,18.0,4.0,105,1.0,2011,2,94.5,5200.0
12225.7,16.0,4.0,70,6.0,2011,1,94.5,3300.0
12225.7,16.0,4.0,75,1.0,2011,1,94.5,4400.0
12225.7,17.0,4.0,80,1.0,2011,1,94.5,4700.0
12225.7,19.0,4.0,85,1.0,2011,1,94.5,4500.0
12225.7,18.0,4.0,105,1.0,2011,1,94.5,5600.0
95281.1,3.0,4.0,80,10.0,2010,3,94.8,3800.0
95281.1,4.0,4.0,65,5.0,2010,2,94.8,3500.0
95281.1,3.0,4.0,80,10.0,2010,2,94.8,3700.0
95281.1,5.0,3.0,75,10.0,2010,2,94.8,3400.0
10347.9,11.0,3.0,55,15.0,2017,1,98.6,2700.0
43789.2,8.0,4.0,70,32.0,2017,3,98.6,2200.0
43789.2,10.0,4.0,65,10.0,2017,2,98.6,2900.0
27120.9,6.0,4.0,110,23.0,2011,2,94.5,4000.0
43789.2,6.0,4.0,85,12.0,2010,1,94.8,3900.0
26831.7,12.0,4.0,60,34.0,2010,4,94.8,750.0
43789.2,4.0,2.0,25,8.0,2017,1,98.6,1500.0
10011.6,14.0,3.0,55,34.0,2010,3,94.8,600.0
10011.6,14.0,3.0,60,34.0,2010,1,94.8,500.0
27120.9,14.0,4.0,70,37.0,2011,2,94.5,1100.0
27120.9,9.0,5.0,90,16.0,2011,1,94.5,2900.0
95281.1,6.0,4.0,70,6.0,2017,3,98.6,4300.0
95281.1,3.0,3.0,75,17.0,2017,3,98.6,4300.0
95281.1,10.0,4.0,85,15.0,2011,4,94.5,3400.0
95281.1,12.0,4.0,60,14.0,2011,3,94.5,1600.0
27120.9,7.0,4.0,65,13.0,2010,2,94.8,3000.0
20094.2,13.0,5.0,80,10.0,2010,4,94.8,3100.0
20094.2,11.0,5.0,80,10.0,2010,3,94.8,3200.0
10347.9,14.0,4.0,70,11.0,2011,4,94.5,1900.0
10347.9,14.0,4.0,65,11.0,2011,3,94.5,1900.0
10347.9,11.0,4.0,80,5.0,2011,3,94.5,3100.0
10347.9,11.0,4.0,80,5.0,2011,2,94.5,3200.0
10011.6,16.0,3.0,60,41.0,2017,4,98.6,1200.0
43789.2,3.0,4.0,50,10.0,2010,3,94.8,100.0
43789.2,2.0,2.0,20,5.0,2010,1,94.8,1100.0
95281.1,15.0,4.0,80,14.0,2011,2,94.5,2700.0
95281.1,19.0,4.0,70,16.0,2011,2,94.5,2200.0
23739.8,14.0,4.0,120,11.0,2017,4,98.6,5600.0
95281.1,8.0,4.0,70,14.0,2011,2,94.5,2800.0
27120.9,7.0,4.0,90,18.0,2017,2,98.6,3900.0
12225.7,12.0,4.0,70,14.0,2011,2,94.5,2200.0
15629.818181818182,7.0,2.0,20,17.0,2011,1,94.5,540.0
43789.2,3.0,2.0,25,12.0,2017,4,98.6,1300.0
23739.8,6.0,,65,11.0,2011,2,94.5,2600.0
15629.818181818182,4.0,3.0,60,32.0,2011,3,94.5,1800.0
27120.9,6.0,,85,12.0,2011,4,94.5,3500.0
27120.9,6.0,4.0,110,12.0,2011,4,94.5,4800.0
20094.2,10.0,4.0,65,15.0,2011,1,94.5,2300.0
12225.7,15.0,5.0,100,4.0,2011,2,94.5,3100.0
95281.1,23.0,4.0,85,8.0,2011,1,94.5,3000.0
4206.7,14.0,4.0,70,25.0,2011,3,94.5,1700.0
52071.7,15.0,4.0,65,14.0,2011,4,94.5,2400.0
52071.7,18.0,4.0,75,9.0,2011,4,94.5,2400.0
52071.7,18.0,4.0,70,25.0,2011,3,94.5,1700.0
36670.72727272727,14.0,3.0,40,39.0,2011,4,94.5,500.0
36670.72727272727,13.0,,45,39.0,2011,2,94.5,800.0
3767.8,13.0,4.0,70,25.0,2011,4,94.5,1800.0
3767.8,13.0,4.0,70,25.0,2011,1,94.5,1700.0
26831.7,5.0,4.0,90,10.0,2011,4,94.5,4500.0
26831.7,8.0,4.0,80,11.0,2011,1,94.5,3200.0
10011.6,4.0,4.0,75,5.0,2011,3,94.5,3700.0
10347.9,12.0,5.0,85,6.0,2011,1,94.5,3800.0
10347.9,9.0,4.0,70,8.0,2011,1,94.5,3000.0
10347.9,5.0,4.0,80,27.0,2011,3,94.5,2100.0
10347.9,2.0,4.0,90,13.0,2011,4,94.5,3100.0
10347.9,5.0,4.0,65,10.0,2011,1,94.5,2200.0
10347.9,5.0,3.0,50,13.0,2011,1,94.5,1400.0
10347.9,6.0,3.0,55,13.0,2011,1,94.5,1500.0
10011.6,10.0,5.0,75,7.0,2011,4,94.5,2500.0
95281.1,6.0,2.0,40,13.0,2011,4,94.5,1100.0
95281.1,6.0,4.0,75,13.0,2011,2,94.5,2800.0
95281.1,4.0,4.0,70,12.0,2011,1,94.5,3100.0
43789.2,14.0,4.0,55,37.0,2011,3,94.5,750.0
43789.2,14.0,4.0,70,37.0,2011,3,94.5,850.0
43789.2,14.0,5.0,80,37.0,2011,2,94.5,750.0
43789.2,8.0,4.0,80,37.0,2011,2,94.5,1100.0
43789.2,14.0,4.0,55,37.0,2011,1,94.5,730.0
12225.7,15.0,4.0,80,2.0,2011,3,94.5,4000.0
12225.7,16.0,5.0,90,37.0,2011,2,94.5,1600.0
12225.7,16.0,5.0,130,3.0,2011,1,94.5,8900.0
12225.7,15.0,5.0,90,37.0,2011,1,94.5,1700.0
12225.7,6.0,3.0,55,12.0,2011,1,94.5,2000.0
27120.9,7.0,5.0,85,13.0,2011,3,94.5,4900.0
52071.7,6.0,4.0,55,38.0,2011,2,94.5,1300.0
52071.7,5.0,4.0,60,37.0,2011,2,94.5,1200.0
52071.7,18.0,4.0,65,34.0,2011,3,94.5,1900.0
52071.7,14.0,5.0,90,5.0,2011,3,94.5,4000.0
52071.7,14.0,5.0,80,5.0,2011,3,94.5,3600.0
52071.7,14.0,4.0,65,7.0,2011,2,94.5,2800.0
52071.7,14.0,4.0,90,5.0,2011,1,94.5,4100.0
52071.7,10.0,4.0,80,11.0,2011,1,94.5,2700.0
23739.8,14.0,4.0,70,5.0,2011,1,94.5,3100.0
52071.7,5.0,3.0,75,6.0,2011,1,94.5,3600.0
36670.72727272727,6.0,4.0,70,15.0,2011,4,94.5,2400.0
36670.72727272727,9.0,4.0,65,14.0,2011,4,94.5,2300.0
36670.72727272727,8.0,3.0,60,10.0,2011,4,94.5,2500.0
36670.72727272727,6.0,5.0,80,15.0,2011,2,94.5,3700.0
36670.72727272727,8.0,4.0,75,10.0,2011,2,94.5,3700.0
36670.72727272727,9.0,4.0,65,39.0,2011,2,94.5,1400.0
36670.72727272727,8.0,4.0,75,7.0,2011,1,94.5,3500.0
36670.72727272727,4.0,3.0,70,33.0,2011,2,94.5,1900.0
36670.72727272727,3.0,4.0,75,11.0,2011,1,94.5,3300.0
36670.72727272727,6.0,3.0,70,33.0,2011,1,94.5,1600.0
52071.7,9.0,5.0,95,38.0,2011,4,94.5,1900.0
52071.7,11.0,5.0,105,10.0,2011,2,94.5,3800.0
52071.7,9.0,4.0,65,38.0,2011,2,94.5,1700.0
4206.7,9.0,5.0,85,5.0,2011,1,94.5,4100.0
26831.7,1.0,4.0,80,12.0,2011,4,94.5,3600.0
26831.7,3.0,4.0,60,11.0,2011,2,94.5,3100.0
26831.7,3.0,4.0,60,38.0,2011,1,94.5,1500.0
10011.6,5.0,4.0,95,7.0,2011,3,94.5,4500.0
10011.6,3.0,4.0,80,11.0,2011,4,94.5,4000.0
10011.6,3.0,4.0,70,11.0,2011,4,94.5,3400.0
10011.6,10.0,4.0,75,12.0,2011,2,94.5,2000.0
10011.6,13.0,5.0,80,12.0,2011,2,94.5,2500.0
10011.6,2.0,4.0,70,11.0,2011,1,94.5,3400.0
10011.6,6.0,4.0,75,15.0,2011,4,94.5,2300.0
10011.6,4.0,4.0,75,34.0,2011,4,94.5,2000.0
10011.6,3.0,4.0,75,34.0,2011,1,94.5,1800.0
43789.2,10.0,4.0,70,5.0,2011,2,94.5,3100.0
36670.72727272727,13.0,4.0,75,7.0,2011,2,94.5,3000.0
27120.9,3.0,5.0,95,11.0,2011,3,94.5,6300.0
27120.9,3.0,5.0,95,11.0,2011,1,94.5,5900.0
23739.8,15.0,4.0,65,7.0,2011,4,94.5,2700.0
23739.8,14.0,5.0,80,7.0,2011,4,94.5,3800.0
23739.8,15.0,5.0,85,7.0,2011,3,94.5,3900.0
27622.0,16.0,5.0,85,7.0,2011,4,94.5,3900.0
23739.8,10.0,4.0,55,39.0,2011,4,94.5,1200.0
23739.8,9.0,3.0,60,20.0,2011,2,94.5,1600.0
27622.0,10.0,4.0,65,3.0,2011,4,94.5,3300.0
23739.8,2.0,4.0,70,20.0,2011,4,94.5,1500.0
43789.2,6.0,4.0,70,13.0,2011,3,94.5,2700.0
3603.3636363636365,18.0,4.0,75,19.0,2011,3,94.5,520.0
3603.3636363636365,14.0,4.0,80,19.0,2011,2,94.5,720.0
17671.272727272728,20.0,4.0,80,19.0,2011,3,94.5,500.0
17671.272727272728,8.0,5.0,80,12.0,2011,3,94.5,1400.0
17671.272727272728,8.0,3.0,55,12.0,2011,2,94.5,960.0
12225.7,9.0,4.0,70,14.0,2011,4,94.5,2500.0
12225.7,9.0,4.0,65,14.0,2011,4,94.5,2400.0
12225.7,11.0,4.0,65,10.0,2011,2,94.5,2400.0
10011.6,11.0,4.0,75,14.0,2011,1,94.5,2700.0
10347.9,13.0,4.0,75,4.0,2011,2,94.5,3500.0
26831.7,4.0,4.0,70,14.0,2011,1,94.5,3300.0
12225.7,14.0,4.0,70,9.0,2011,2,94.5,2800.0
12225.7,11.0,3.0,80,9.0,2011,2,94.5,2900.0
27120.9,9.0,2.0,15,27.0,2011,4,94.5,280.0
43789.2,9.0,4.0,70,13.0,2011,2,94.5,2500.0
12225.7,16.0,4.0,80,6.0,2011,3,94.5,2900.0
12225.7,14.0,4.0,75,15.0,2011,2,94.5,2100.0
12225.7,14.0,3.0,65,34.0,2011,1,94.5,980.0
12225.7,19.0,4.0,70,10.0,2011,1,94.5,2400.0
95281.1,16.0,4.0,70,9.0,2011,2,94.5,3000.0
10011.6,23.0,3.0,50,22.0,2011,2,94.5,900.0
95281.1,30.0,5.0,75,26.0,2011,3,94.5,1600.0
95281.1,30.0,5.0,80,26.0,2011,3,94.5,1400.0
20094.2,21.0,4.0,85,11.0,2011,4,94.5,1500.0
23739.8,15.0,5.0,95,21.0,2011,4,94.5,2200.0
7356.8,6.0,5.0,95,22.0,2011,3,94.5,2200.0
7356.8,13.0,4.0,70,28.0,2011,3,94.5,1600.0
7356.8,10.0,4.0,70,28.0,2011,3,94.5,1300.0
7356.8,12.0,4.0,70,28.0,2011,2,94.5,900.0
7356.8,9.0,,100,28.0,2011,2,94.5,1900.0
7356.8,11.0,5.0,65,26.0,2011,2,94.5,1300.0
7356.8,8.0,5.0,95,9.0,2011,1,94.5,1800.0
7356.8,7.0,4.0,80,7.0,2011,1,94.5,2500.0
27120.9,11.0,3.0,60,43.0,2011,3,94.5,1200.0
27120.9,11.0,4.0,110,24.0,2011,2,94.5,1500.0
3767.8,14.0,3.0,60,36.0,2011,3,94.5,1300.0
95281.1,3.0,4.0,60,11.0,2011,1,94.5,3100.0
95281.1,3.0,2.0,60,3.0,2011,1,94.5,3700.0
95281.1,12.0,4.0,70,12.0,2011,2,94.5,2900.0
10347.9,10.0,4.0,70,10.0,2011,4,94.5,2600.0
10347.9,10.0,4.0,70,10.0,2011,3,94.5,2600.0
43789.2,2.0,5.0,90,8.0,2011,4,94.5,4500.0
43789.2,2.0,5.0,85,8.0,2011,3,94.5,4400.0
43789.2,2.0,4.0,75,8.0,2011,1,94.5,3200.0
26831.7,6.0,5.0,80,8.0,2011,4,94.5,3900.0
26831.7,16.0,4.0,75,32.0,2011,3,94.5,1400.0
26831.7,16.0,4.0,65,32.0,2011,2,94.5,1100.0
26831.7,19.0,4.0,60,32.0,2011,1,94.5,1200.0
22676.4,12.0,5.0,65,27.0,2011,4,94.5,1400.0
22676.4,15.0,3.0,75,8.0,2011,3,94.5,2700.0
22676.4,15.0,5.0,85,8.0,2011,3,94.5,3100.0
22676.4,9.0,4.0,75,5.0,2011,2,94.5,3300.0
22676.4,18.0,,70,8.0,2011,2,94.5,2500.0
31877.3,9.0,4.0,70,10.0,2011,2,94.5,2500.0
39373.63636363636,7.0,4.0,80,12.0,2011,4,94.5,2400.0
39373.63636363636,4.0,4.0,60,16.0,2011,3,94.5,2400.0
39373.63636363636,5.0,4.0,60,4.0,2011,2,94.5,3000.0
39373.63636363636,8.0,4.0,65,10.0,2011,2,94.5,2600.0
39373.63636363636,4.0,4.0,65,16.0,2011,1,94.5,2400.0
39373.63636363636,6.0,3.0,55,12.0,2011,1,94.5,2000.0
39373.63636363636,4.0,4.0,70,15.0,2011,1,94.5,2500.0
39373.63636363636,4.0,4.0,70,16.0,2011,1,94.5,2500.0
3767.8,2.0,4.0,70,3.0,2011,4,94.5,2700.0
3767.8,5.0,5.0,80,10.0,2011,2,94.5,3200.0
3767.8,4.0,3.0,60,10.0,2011,2,94.5,1800.0
31877.3,2.0,4.0,55,6.0,2011,2,94.5,2200.0
31877.3,1.0,4.0,70,7.0,2011,1,94.5,2800.0
31877.3,3.0,2.0,25,22.0,2011,3,94.5,350.0
39373.63636363636,6.0,3.0,60,22.0,2011,1,94.5,1200.0
36670.72727272727,8.0,4.0,75,10.0,2011,3,94.5,2800.0
43789.2,7.0,4.0,110,18.0,2011,1,94.5,3600.0
36670.72727272727,8.0,3.0,65,39.0,2011,1,94.5,1300.0
36670.72727272727,9.0,4.0,70,14.0,2011,1,94.5,2500.0
10347.9,6.0,4.0,70,9.0,2011,4,94.5,3100.0
39373.63636363636,10.0,2.0,15,25.0,2011,4,94.5,240.0
39373.63636363636,11.0,4.0,70,11.0,2011,3,94.5,2900.0
95281.1,21.0,5.0,70,15.0,2011,3,94.5,2400.0
95281.1,19.0,4.0,70,14.0,2011,3,94.5,2500.0
95281.1,20.0,5.0,75,14.0,2011,2,94.5,3100.0
17671.272727272728,6.0,4.0,65,15.0,2011,3,94.5,800.0
17671.272727272728,6.0,5.0,85,15.0,2011,2,94.5,1400.0
17671.272727272728,9.0,4.0,70,15.0,2011,1,94.5,1100.0
12225.7,6.0,5.0,110,13.0,2011,4,94.5,4600.0
12225.7,6.0,4.0,85,13.0,2011,2,94.5,4000.0
60822.454545454544,16.0,4.0,75,12.0,2011,4,94.5,1400.0
3603.3636363636365,11.0,4.0,70,14.0,2011,1,94.5,1400.0
23739.8,6.0,3.0,50,40.0,2011,4,94.5,1200.0
23739.8,5.0,5.0,85,14.0,2011,4,94.5,3000.0
23739.8,6.0,4.0,65,,2011,4,94.5,2300.0
23739.8,5.0,4.0,80,14.0,2011,3,94.5,2900.0
23739.8,6.0,4.0,75,11.0,2011,3,94.5,2500.0
23739.8,7.0,3.0,40,40.0,2011,2,94.5,630.0
23739.8,6.0,3.0,40,40.0,2011,2,94.5,750.0
23739.8,5.0,4.0,80,8.0,2011,2,94.5,3500.0
23739.8,4.0,4.0,80,7.0,2011,1,94.5,3100.0
27120.9,8.0,2.0,40,7.0,2011,3,94.5,2700.0
22676.4,9.0,5.0,80,10.0,2011,1,94.5,2700.0
43789.2,30.0,4.0,65,13.0,2011,4,94.5,1300.0
43789.2,30.0,4.0,80,13.0,2011,4,94.5,1800.0
43789.2,30.0,3.0,75,12.0,2011,4,94.5,2500.0
43789.2,30.0,4.0,70,13.0,2011,4,94.5,1800.0
43789.2,30.0,4.0,70,13.0,2011,4,94.5,1600.0
43789.2,30.0,4.0,70,13.0,2011,4,94.5,1500.0
43789.2,30.0,5.0,85,13.0,2011,4,94.5,2300.0
43789.2,30.0,3.0,110,7.0,2011,4,94.5,3900.0
43789.2,30.0,4.0,85,7.0,2011,4,94.5,2500.0
43789.2,30.0,4.0,70,13.0,2011,3,94.5,1300.0
43789.2,30.0,4.0,70,13.0,2011,3,94.5,1800.0
43789.2,30.0,4.0,70,12.0,2011,3,94.5,1700.0
43789.2,30.0,4.0,70,13.0,2011,2,94.5,1400.0
43789.2,30.0,4.0,80,13.0,2011,2,94.5,1900.0
43789.2,30.0,4.0,90,12.0,2011,2,94.5,2300.0
43789.2,30.0,4.0,70,13.0,2011,2,94.5,1500.0
43789.2,30.0,4.0,70,13.0,2011,1,94.5,1500.0
43789.2,30.0,4.0,70,13.0,2011,1,94.5,1700.0
43789.2,30.0,4.0,70,13.0,2011,1,94.5,1100.0
43789.2,30.0,4.0,70,,2011,1,94.5,1200.0
43789.2,30.0,5.0,90,13.0,2011,1,94.5,1800.0
43789.2,30.0,4.0,75,13.0,2011,1,94.5,1700.0
12225.7,14.0,3.0,70,26.0,2011,2,94.5,1500.0
95281.1,14.0,4.0,90,1.0,2011,1,94.5,3900.0
20094.2,5.0,4.0,75,25.0,2011,1,94.5,2000.0
20094.2,5.0,4.0,70,9.0,2011,1,94.5,2500.0
27120.9,4.0,2.0,20,27.0,2011,4,94.5,680.0
27120.9,3.0,4.0,105,15.0,2011,1,94.5,6300.0
39373.63636363636,8.0,3.0,55,2.0,2011,4,94.5,2000.0
39373.63636363636,8.0,4.0,65,10.0,2011,1,94.5,2300.0
52071.7,12.0,4.0,70,10.0,2011,4,94.5,2900.0
23739.8,13.0,4.0,70,10.0,2011,2,94.5,3000.0
43789.2,5.0,,65,7.0,2011,4,94.5,2700.0
43789.2,4.0,4.0,65,10.0,2011,3,94.5,2800.0
43789.2,4.0,4.0,70,13.0,2011,3,94.5,2200.0
43789.2,4.0,4.0,65,13.0,2011,2,94.5,2400.0
43789.2,4.0,4.0,60,12.0,2011,2,94.5,2600.0
43789.2,2.0,4.0,65,10.0,2011,1,94.5,2500.0
43789.2,3.0,4.0,70,12.0,2011,1,94.5,2300.0
52071.7,21.0,4.0,70,11.0,2011,4,94.5,1900.0
52071.7,20.0,4.0,90,9.0,2011,2,94.5,2900.0
52071.7,19.0,4.0,90,9.0,2011,1,94.5,3200.0
43789.2,11.0,4.0,75,8.0,2011,1,94.5,3200.0
1756.3,4.0,4.0,75,12.0,2011,1,94.5,2500.0
23533.5,18.0,4.0,60,15.0,2011,1,94.5,1400.0
31877.3,15.0,5.0,75,5.0,2011,3,94.5,2500.0
43789.2,15.0,4.0,70,15.0,2011,3,94.5,2100.0
43789.2,18.0,4.0,60,14.0,2011,1,94.5,1700.0
17671.272727272728,6.0,4.0,80,8.0,2011,3,94.5,2100.0
17671.272727272728,13.0,4.0,80,14.0,2011,2,94.5,1200.0
17671.272727272728,8.0,4.0,80,15.0,2011,2,94.5,1800.0
17671.272727272728,16.0,5.0,85,8.0,2011,1,94.5,2500.0
17671.272727272728,11.0,4.0,85,18.0,2011,1,94.5,1600.0
12225.7,12.0,4.0,80,26.0,2011,4,94.5,2300.0
12225.7,14.0,4.0,90,14.0,2011,4,94.5,3800.0
12225.7,15.0,4.0,75,3.0,2011,3,94.5,3800.0
12225.7,14.0,2.0,60,39.0,2011,3,94.5,1200.0
12225.7,9.0,3.0,65,37.0,2011,3,94.5,1600.0
12225.7,15.0,4.0,85,29.0,2011,3,94.5,1300.0
12225.7,9.0,3.0,70,37.0,2011,2,94.5,1400.0
12225.7,15.0,4.0,85,29.0,2011,1,94.5,2200.0
12225.7,13.0,4.0,80,13.0,2011,1,94.5,3600.0
12225.7,15.0,4.0,75,9.0,2011,1,94.5,3500.0
95281.1,19.0,2.0,15,25.0,2011,4,94.5,270.0
95281.1,19.0,4.0,60,12.0,2011,1,94.5,200.0
27120.9,14.0,,75,10.0,2011,1,94.5,2800.0
20094.2,8.0,4.0,75,8.0,2011,1,94.5,4100.0
36670.72727272727,5.0,4.0,65,10.0,2011,4,94.5,2900.0
36670.72727272727,5.0,4.0,70,10.0,2011,1,94.5,3400.0
36670.72727272727,6.0,4.0,100,43.0,2011,1,94.5,2000.0
12225.7,9.0,4.0,50,41.0,2011,4,94.5,620.0
12225.7,8.0,4.0,45,41.0,2011,3,94.5,430.0
12225.7,9.0,2.0,35,41.0,2011,1,94.5,530.0
10347.9,5.0,4.0,105,43.0,2011,2,94.5,650.0
27120.9,6.0,4.0,85,14.0,2011,1,94.5,4600.0
27120.9,7.0,3.0,70,5.0,2011,2,94.5,4800.0
36670.72727272727,10.0,4.0,70,34.0,2011,2,94.5,1600.0
36670.72727272727,11.0,4.0,60,34.0,2011,2,94.5,1200.0
36670.72727272727,7.0,4.0,70,7.0,2011,1,94.5,3100.0
36670.72727272727,6.0,5.0,115,18.0,2011,1,94.5,5300.0
36670.72727272727,6.0,5.0,155,18.0,2011,1,94.5,7800.0
36670.72727272727,9.0,4.0,65,10.0,2011,1,94.5,3100.0
39373.63636363636,4.0,3.0,60,23.0,2011,4,94.5,1400.0
95281.1,8.0,4.0,75,10.0,2011,1,94.5,3700.0
52071.7,12.0,4.0,60,6.0,2011,4,94.5,2100.0
52071.7,13.0,4.0,75,6.0,2011,3,94.5,3000.0
12225.7,2.0,4.0,70,10.0,2011,2,94.5,4000.0
95281.1,6.0,2.0,40,13.0,2011,4,94.5,1800.0
95281.1,6.0,2.0,25,13.0,2011,3,94.5,600.0
95281.1,6.0,2.0,35,13.0,2011,3,94.5,1900.0
95281.1,4.0,2.0,55,13.0,2011,3,94.5,2100.0
95281.1,6.0,3.0,50,13.0,2011,2,94.5,2400.0
95281.1,7.0,2.0,40,13.0,2011,1,94.5,2000.0
39373.63636363636,16.0,4.0,65,14.0,2011,3,94.5,2000.0
20094.2,11.0,5.0,85,16.0,2011,3,94.5,2900.0
20094.2,6.0,4.0,65,11.0,2011,4,94.5,2600.0
26831.7,13.0,4.0,70,12.0,2011,3,94.5,2900.0
95281.1,14.0,4.0,55,11.0,2011,2,94.5,3000.0
95281.1,15.0,4.0,80,5.0,2011,1,94.5,4000.0
15629.818181818182,3.0,5.0,80,14.0,2011,2,94.5,4100.0
27120.9,4.0,4.0,75,13.0,2011,1,94.5,3600.0
10347.9,9.0,4.0,85,20.0,2011,4,94.5,200.0
10347.9,9.0,2.0,60,20.0,2011,1,94.5,1200.0
10347.9,11.0,4.0,125,21.0,2011,1,94.5,4500.0
43789.2,11.0,4.0,55,4.0,2011,1,94.5,2300.0
95281.1,6.0,4.0,75,6.0,2011,1,94.5,3700.0
39373.63636363636,7.0,4.0,80,13.0,2011,2,94.5,3300.0
39373.63636363636,7.0,4.0,95,13.0,2011,1,94.5,4200.0
10011.6,14.0,3.0,55,35.0,2011,4,94.5,920.0
10011.6,14.0,4.0,60,35.0,2011,4,94.5,1100.0
23739.8,13.0,4.0,75,17.0,2011,3,94.5,2500.0
23739.8,13.0,5.0,85,17.0,2011,2,94.5,3300.0
20094.2,9.0,4.0,75,9.0,2011,1,94.5,3100.0
43789.2,2.0,4.0,75,3.0,2011,4,94.5,4400.0
43789.2,2.0,5.0,90,3.0,2011,2,94.5,5100.0
95281.1,14.0,4.0,80,28.0,2015,1,98.2,2300.0
52071.7,6.0,2.0,60,44.0,2015,3,98.2,2200.0
52071.7,10.0,4.0,65,44.0,2015,1,98.2,1400.0
10347.9,5.0,2.0,20,26.0,2015,3,98.2,420.0
10347.9,8.0,3.0,55,17.0,2015,1,98.2,1800.0
39373.63636363636,3.0,2.0,15,31.0,2015,3,98.2,590.0
39373.63636363636,4.0,4.0,55,39.0,2015,2,98.2,1900.0
31877.3,21.0,4.0,75,13.0,2015,3,98.2,2600.0
10347.9,15.0,4.0,70,13.0,2015,4,98.2,2500.0
10347.9,14.0,4.0,60,37.0,2015,4,98.2,870.0
10347.9,15.0,4.0,65,37.0,2015,2,98.2,1600.0
10347.9,15.0,4.0,70,13.0,2015,1,98.2,1800.0
43789.2,18.0,4.0,90,13.0,2015,4,98.2,3300.0
43789.2,20.0,5.0,80,10.0,2015,4,98.2,3200.0
10011.6,21.0,4.0,75,4.0,2015,3,98.2,2700.0
10011.6,18.0,4.0,70,35.0,2015,2,98.2,1400.0
26831.7,19.0,4.0,70,17.0,2015,4,98.2,2800.0
26831.7,19.0,4.0,70,17.0,2015,4,98.2,2900.0
26831.7,19.0,4.0,70,17.0,2015,4,98.2,3200.0
26831.7,19.0,4.0,70,17.0,2015,4,98.2,2900.0
26831.7,19.0,4.0,70,17.0,2015,3,98.2,2900.0
26831.7,19.0,4.0,70,17.0,2015,3,98.2,2800.0
26831.7,21.0,4.0,70,17.0,2015,3,98.2,2800.0
22676.4,20.0,3.0,55,17.0,2015,4,98.2,2000.0
4206.7,13.0,4.0,65,19.0,2015,3,98.2,2000.0
4206.7,19.0,5.0,80,28.0,2015,3,98.2,860.0
4206.7,1.0,2.0,15,26.0,2015,3,98.2,650.0
26831.7,19.0,4.0,85,26.0,2015,1,98.2,2100.0
10011.6,23.0,5.0,80,21.0,2015,1,98.2,1600.0
10011.6,15.0,3.0,100,30.0,2015,2,98.2,1400.0
10011.6,16.0,5.0,95,37.0,2015,2,98.2,1700.0
10011.6,16.0,4.0,70,37.0,2015,1,98.2,800.0
10011.6,15.0,4.0,95,30.0,2015,1,98.2,2400.0
10011.6,16.0,3.0,60,37.0,2015,1,98.2,850.0
7356.8,6.0,4.0,75,27.0,2015,1,98.2,1600.0
7356.8,2.0,5.0,80,34.0,2015,1,98.2,1400.0
1756.3,10.0,4.0,70,14.0,2015,4,98.2,2600.0
23739.8,14.0,5.0,75,14.0,2015,4,98.2,2500.0
7356.8,5.0,4.0,70,40.0,2015,2,98.2,920.0
7356.8,4.0,4.0,70,40.0,2015,1,98.2,510.0
12225.7,17.0,4.0,75,5.0,2015,4,98.2,3300.0
12225.7,20.0,6.0,160,11.0,2015,2,98.2,7500.0
12225.7,18.0,4.0,70,40.0,2015,2,98.2,850.0
12225.7,20.0,4.0,60,40.0,2015,1,98.2,600.0
12225.7,19.0,3.0,60,11.0,2015,1,98.2,2500.0
27120.9,14.0,4.0,70,41.0,2015,4,98.2,1700.0
27120.9,13.0,5.0,180,17.0,2015,4,98.2,5200.0
27120.9,16.0,4.0,85,41.0,2015,4,98.2,1700.0
27120.9,11.0,3.0,90,5.0,2015,4,98.2,5600.0
27120.9,14.0,4.0,70,41.0,2015,3,98.2,1500.0
27120.9,9.0,4.0,65,20.0,2015,2,98.2,2100.0
27120.9,15.0,4.0,70,41.0,2015,1,98.2,1400.0
27120.9,14.0,4.0,80,5.0,2015,1,98.2,5300.0
95281.1,9.0,,60,,2015,4,98.2,1800.0
95281.1,9.0,,55,23.0,2015,4,98.2,1700.0
95281.1,8.0,3.0,60,24.0,2015,1,98.2,2100.0
10347.9,12.0,4.0,80,4.0,2015,1,98.2,2200.0
95281.1,8.0,4.0,65,11.0,2015,3,98.2,3100.0
95281.1,9.0,4.0,70,18.0,2015,1,98.2,2400.0
12225.7,12.0,5.0,85,18.0,2015,3,98.2,2600.0
12225.7,12.0,4.0,90,18.0,2015,2,98.2,3100.0
15629.818181818182,7.0,2.0,15,21.0,2015,3,98.2,370.0
23739.8,11.0,4.0,60,14.0,2015,1,98.2,2400.0
15629.818181818182,8.0,2.0,25,31.0,2015,2,98.2,670.0
27120.9,6.0,2.0,15,31.0,2015,4,98.2,300.0
27120.9,7.0,2.0,15,31.0,2015,4,98.2,550.0
27120.9,6.0,2.0,55,16.0,2015,1,98.2,2500.0
27120.9,7.0,4.0,80,16.0,2015,1,98.2,4400.0
20094.2,10.0,5.0,90,19.0,2015,3,98.2,3300.0
12225.7,16.0,4.0,75,11.0,2015,3,98.2,2700.0
12225.7,13.0,4.0,95,41.0,2015,3,98.2,800.0
4206.7,11.0,4.0,70,6.0,2015,4,98.2,3100.0
4206.7,11.0,4.0,70,6.0,2015,2,98.2,3200.0
52071.7,11.0,4.0,70,5.0,2015,4,98.2,4000.0
52071.7,12.0,4.0,55,15.0,2015,3,98.2,2600.0
52071.7,13.0,2.0,20,20.0,2015,1,98.2,650.0
36670.72727272727,12.0,3.0,45,43.0,2015,4,98.2,1100.0
36670.72727272727,13.0,3.0,45,43.0,2015,2,98.2,350.0
36670.72727272727,9.0,4.0,70,6.0,2015,2,98.2,3900.0
36670.72727272727,13.0,2.0,25,27.0,2015,1,98.2,620.0
36670.72727272727,13.0,4.0,45,43.0,2015,1,98.2,600.0
26831.7,4.0,4.0,70,17.0,2015,2,98.2,3900.0
10011.6,5.0,4.0,75,9.0,2015,1,98.2,3600.0
10347.9,9.0,3.0,85,18.0,2015,4,98.2,2700.0
10347.9,11.0,5.0,95,17.0,2015,4,98.2,3700.0
10347.9,7.0,4.0,70,17.0,2015,3,98.2,2300.0
10347.9,10.0,4.0,65,15.0,2015,3,98.2,2400.0
10347.9,8.0,4.0,75,15.0,2015,2,98.2,3100.0
10347.9,7.0,4.0,70,17.0,2015,2,98.2,2500.0
10347.9,8.0,4.0,70,15.0,2015,1,98.2,2600.0
10347.9,5.0,2.0,50,31.0,2015,4,98.2,550.0
10347.9,5.0,4.0,80,31.0,2015,2,98.2,2400.0
10347.9,2.0,4.0,80,17.0,2015,2,98.2,3100.0
95281.1,13.0,4.0,70,2.0,2015,2,98.2,4100.0
12225.7,8.0,3.0,70,15.0,2015,2,98.2,2800.0
10011.6,8.0,4.0,75,15.0,2015,3,98.2,2800.0
95281.1,8.0,4.0,65,16.0,2015,3,98.2,3100.0
95281.1,6.0,3.0,60,16.0,2015,3,98.2,3100.0
95281.1,5.0,4.0,75,17.0,2015,2,98.2,2900.0
27120.9,6.0,4.0,85,8.0,2015,1,98.2,6200.0
43789.2,12.0,4.0,65,41.0,2015,2,98.2,850.0
43789.2,14.0,3.0,75,41.0,2015,2,98.2,1300.0
43789.2,12.0,4.0,65,41.0,2015,2,98.2,1100.0
36670.72727272727,8.0,4.0,80,8.0,2015,3,98.2,4700.0
36670.72727272727,7.0,4.0,80,8.0,2015,2,98.2,3900.0
36670.72727272727,8.0,4.0,70,8.0,2015,2,98.2,4300.0
36670.72727272727,8.0,4.0,55,38.0,2015,1,98.2,1500.0
12225.7,14.0,4.0,75,41.0,2015,2,98.2,1200.0
27120.9,9.0,4.0,95,19.0,2015,3,98.2,4200.0
27120.9,6.0,4.0,75,17.0,2015,1,98.2,3900.0
36670.72727272727,10.0,,70,14.0,2015,4,98.2,2800.0
36670.72727272727,14.0,5.0,90,18.0,2015,4,98.2,3400.0
36670.72727272727,11.0,4.0,70,15.0,2015,3,98.2,3500.0
36670.72727272727,11.0,4.0,75,15.0,2015,3,98.2,4000.0
36670.72727272727,14.0,4.0,70,14.0,2015,2,98.2,3500.0
52071.7,10.0,4.0,70,46.0,2015,4,98.2,1900.0
52071.7,6.0,4.0,95,29.0,2015,4,98.2,2900.0
52071.7,5.0,2.0,40,46.0,2015,4,98.2,880.0
52071.7,6.0,5.0,100,29.0,2015,2,98.2,2800.0
23739.8,6.0,4.0,60,42.0,2015,3,98.2,1900.0
52071.7,14.0,4.0,80,9.0,2015,3,98.2,3400.0
52071.7,4.0,5.0,95,10.0,2015,2,98.2,5800.0
36670.72727272727,10.0,4.0,65,18.0,2015,3,98.2,2100.0
36670.72727272727,2.0,4.0,55,15.0,2015,2,98.2,2900.0
36670.72727272727,1.0,4.0,65,17.0,2015,4,98.2,3500.0
36670.72727272727,5.0,4.0,65,3.0,2015,4,98.2,4000.0
36670.72727272727,3.0,2.0,20,31.0,2015,3,98.2,620.0
36670.72727272727,4.0,4.0,75,9.0,2015,2,98.2,2800.0
36670.72727272727,5.0,4.0,75,37.0,2015,2,98.2,1700.0
36670.72727272727,3.0,5.0,130,15.0,2015,2,98.2,4100.0
36670.72727272727,5.0,5.0,75,45.0,2015,1,98.2,1100.0
4206.7,8.0,4.0,60,19.0,2015,4,98.2,2000.0
4206.7,6.0,5.0,70,13.0,2015,2,98.2,3000.0
52071.7,4.0,4.0,60,9.0,2015,4,98.2,3200.0
52071.7,9.0,4.0,65,19.0,2015,1,98.2,2200.0
52071.7,9.0,4.0,70,2.0,2015,3,98.2,4000.0
52071.7,8.0,3.0,75,4.0,2015,3,98.2,4200.0
52071.7,10.0,4.0,70,14.0,2015,3,98.2,2600.0
52071.7,11.0,4.0,75,16.0,2015,2,98.2,2800.0
10011.6,15.0,4.0,75,17.0,2015,4,98.2,2000.0
10011.6,14.0,5.0,105,2.0,2015,4,98.2,4200.0
10011.6,12.0,4.0,75,10.0,2015,3,98.2,2700.0
10011.6,14.0,4.0,80,2.0,2015,3,98.2,3400.0
10011.6,6.0,4.0,70,9.0,2015,1,98.2,3000.0
10011.6,3.0,4.0,75,38.0,2015,4,98.2,1400.0
10011.6,2.0,4.0,70,44.0,2015,4,98.2,1200.0
10011.6,1.0,4.0,70,44.0,2015,3,98.2,1600.0
10011.6,4.0,4.0,85,27.0,2015,2,98.2,2500.0
10011.6,4.0,3.0,55,38.0,2015,2,98.2,990.0
10011.6,4.0,3.0,65,38.0,2015,1,98.2,1300.0
10011.6,5.0,4.0,85,15.0,2015,3,98.2,3000.0
36670.72727272727,15.0,4.0,65,16.0,2015,4,98.2,2900.0
27120.9,6.0,4.0,70,10.0,2015,3,98.2,3600.0
27120.9,2.0,4.0,65,15.0,2015,2,98.2,3800.0
27120.9,4.0,3.0,80,20.0,2015,1,98.2,3200.0
23739.8,14.0,5.0,80,11.0,2015,4,98.2,3600.0
23739.8,7.0,4.0,75,25.0,2015,3,98.2,2400.0
23739.8,8.0,3.0,55,43.0,2015,3,98.2,800.0
23739.8,7.0,4.0,75,25.0,2015,1,98.2,1700.0
27622.0,9.0,4.0,65,6.0,2015,3,98.2,3100.0
27622.0,6.0,3.0,65,6.0,2015,1,98.2,3000.0
27622.0,7.0,4.0,70,11.0,2015,3,98.2,2800.0
27622.0,11.0,4.0,70,,2015,2,98.2,2700.0
12225.7,10.0,4.0,85,11.0,2015,3,98.2,4500.0
12225.7,8.0,4.0,85,15.0,2015,1,98.2,4800.0
15629.818181818182,4.0,3.0,60,15.0,2015,2,98.2,2100.0
3603.3636363636365,14.0,4.0,80,23.0,2015,1,98.2,900.0
17671.272727272728,8.0,4.0,65,16.0,2015,4,98.2,1000.0
12225.7,10.0,4.0,70,11.0,2015,3,98.2,2800.0
12225.7,10.0,5.0,85,18.0,2015,1,98.2,3200.0
10011.6,11.0,4.0,70,18.0,2015,3,98.2,2500.0
27120.9,9.0,4.0,75,19.0,2015,3,98.2,3400.0
10347.9,11.0,5.0,95,8.0,2015,3,98.2,4100.0
10347.9,12.0,4.0,75,8.0,2015,2,98.2,2900.0
10347.9,13.0,4.0,75,8.0,2015,2,98.2,2800.0
10347.9,13.0,4.0,70,8.0,2015,1,98.2,3200.0
12225.7,12.0,4.0,85,10.0,2015,3,98.2,3900.0
39373.63636363636,9.0,4.0,70,1.0,2015,3,98.2,3200.0
39373.63636363636,8.0,4.0,75,1.0,2015,1,98.2,4500.0
3767.8,3.0,4.0,70,1.0,2015,1,98.2,4100.0
43789.2,9.0,5.0,75,17.0,2015,2,98.2,2800.0
12225.7,18.0,4.0,115,12.0,2015,2,98.2,4900.0
12225.7,15.0,4.0,65,0.0,2015,4,98.2,800.0
12225.7,16.0,4.0,105,10.0,2015,3,98.2,4400.0
12225.7,14.0,4.0,75,10.0,2015,3,98.2,2700.0
95281.1,25.0,4.0,75,38.0,2015,4,98.2,1200.0
95281.1,14.0,4.0,60,42.0,2015,2,98.2,1600.0
95281.1,30.0,5.0,75,30.0,2015,3,98.2,1400.0
95281.1,25.0,4.0,65,26.0,2015,1,98.2,1100.0
7356.8,5.0,4.0,95,26.0,2015,4,98.2,1800.0
7356.8,10.0,4.0,95,30.0,2015,4,98.2,1700.0
7356.8,13.0,5.0,125,30.0,2015,3,98.2,2300.0
7356.8,11.0,4.0,65,32.0,2015,2,98.2,1300.0
7356.8,13.0,3.0,65,30.0,2015,2,98.2,900.0
7356.8,11.0,4.0,65,30.0,2015,2,98.2,1500.0
7356.8,8.0,4.0,80,20.0,2015,1,98.2,1600.0
7356.8,5.0,4.0,75,24.0,2015,1,98.2,1600.0
7356.8,8.0,4.0,75,24.0,2015,1,98.2,2200.0
27120.9,11.0,5.0,105,47.0,2015,3,98.2,1800.0
95281.1,10.0,4.0,70,18.0,2015,1,98.2,2300.0
95281.1,11.0,4.0,60,40.0,2015,1,98.2,1200.0
95281.1,10.0,4.0,65,16.0,2015,1,98.2,2600.0
95281.1,2.0,2.0,70,7.0,2015,1,98.2,5500.0
95281.1,9.0,4.0,70,1.0,2015,3,98.2,3700.0
95281.1,9.0,5.0,75,10.0,2015,2,98.2,3500.0
95281.1,10.0,4.0,65,10.0,2015,1,98.2,2900.0
95281.1,11.0,4.0,65,16.0,2015,1,98.2,2000.0
10347.9,10.0,4.0,85,14.0,2015,2,98.2,3000.0
43789.2,2.0,3.0,60,12.0,2015,3,98.2,3400.0
43789.2,3.0,5.0,120,12.0,2015,2,98.2,7300.0
43789.2,3.0,3.0,75,9.0,2015,2,98.2,4200.0
26831.7,16.0,4.0,75,36.0,2015,4,98.2,1400.0
26831.7,8.0,4.0,80,14.0,2015,1,98.2,3300.0
22676.4,18.0,5.0,75,29.0,2015,3,98.2,1500.0
22676.4,9.0,4.0,80,9.0,2015,2,98.2,3400.0
15629.818181818182,5.0,,80,28.0,2015,1,98.2,3000.0
31877.3,11.0,3.0,65,14.0,2015,4,98.2,2600.0
31877.3,9.0,4.0,65,14.0,2015,3,98.2,2500.0
31877.3,13.0,4.0,65,7.0,2015,1,98.2,2800.0
3767.8,11.0,4.0,70,17.0,2015,1,98.2,2600.0
3767.8,6.0,4.0,70,17.0,2015,1,98.2,3000.0
3767.8,6.0,4.0,70,17.0,2015,1,98.2,3000.0
3767.8,5.0,4.0,70,17.0,2015,1,98.2,2600.0
39373.63636363636,4.0,4.0,70,19.0,2015,3,98.2,2500.0
39373.63636363636,7.0,,80,2.0,2015,2,98.2,3200.0
3767.8,2.0,4.0,70,7.0,2015,2,98.2,3000.0
31877.3,3.0,4.0,60,1.0,2015,4,98.2,2800.0
31877.3,2.0,4.0,70,11.0,2015,3,98.2,2900.0
31877.3,2.0,2.0,25,26.0,2015,4,98.2,650.0
31877.3,8.0,4.0,65,13.0,2015,4,98.2,3400.0
31877.3,3.0,2.0,25,26.0,2015,2,98.2,400.0
31877.3,7.0,4.0,65,13.0,2015,2,98.2,2600.0
31877.3,8.0,4.0,55,18.0,2015,2,98.2,1900.0
31877.3,8.0,3.0,55,19.0,2015,1,98.2,1700.0
31877.3,8.0,3.0,55,19.0,2015,1,98.2,1500.0
36670.72727272727,8.0,4.0,75,14.0,2015,1,98.2,3300.0
15629.818181818182,6.0,4.0,65,31.0,2015,4,98.2,2000.0
10347.9,5.0,4.0,85,13.0,2015,1,98.2,3800.0
39373.63636363636,12.0,4.0,70,,2015,4,98.2,2300.0
39373.63636363636,13.0,2.0,15,29.0,2015,4,98.2,580.0
39373.63636363636,14.0,4.0,70,17.0,2015,4,98.2,2500.0
95281.1,21.0,5.0,95,18.0,2015,1,98.2,3300.0
17671.272727272728,5.0,4.0,60,19.0,2015,4,98.2,900.0
17671.272727272728,25.0,4.0,65,20.0,2015,4,98.2,450.0
17671.272727272728,8.0,5.0,50,11.0,2015,2,98.2,1900.0
12225.7,7.0,3.0,130,26.0,2015,2,98.2,3300.0
12225.7,6.0,3.0,145,26.0,2015,2,98.2,3700.0
60822.454545454544,9.0,4.0,95,11.0,2015,4,98.2,3100.0
3603.3636363636365,9.0,4.0,75,16.0,2015,2,98.2,1700.0
3603.3636363636365,13.0,4.0,70,18.0,2015,2,98.2,1300.0
3603.3636363636365,11.0,4.0,70,18.0,2015,2,98.2,1600.0
3603.3636363636365,12.0,4.0,75,16.0,2015,1,98.2,1600.0
23739.8,6.0,4.0,65,18.0,2015,4,98.2,2700.0
23739.8,6.0,5.0,85,18.0,2015,1,98.2,3200.0
27120.9,9.0,4.0,90,31.0,2015,2,98.2,3000.0
22676.4,2.0,5.0,95,13.0,2015,1,98.2,4400.0
22676.4,2.0,4.0,70,14.0,2015,1,98.2,2700.0
43789.2,11.0,2.0,25,7.0,2015,1,98.2,1200.0
43789.2,30.0,4.0,70,17.0,2015,4,98.2,1200.0
43789.2,30.0,4.0,70,17.0,2015,4,98.2,1600.0
43789.2,30.0,4.0,105,17.0,2015,4,98.2,1700.0
43789.2,30.0,3.0,120,11.0,2015,4,98.2,4900.0
43789.2,30.0,5.0,85,17.0,2015,4,98.2,1500.0
43789.2,30.0,4.0,65,16.0,2015,4,98.2,1600.0
43789.2,30.0,4.0,70,17.0,2015,4,98.2,1500.0
43789.2,30.0,5.0,80,17.0,2015,3,98.2,1900.0
43789.2,30.0,4.0,85,11.0,2015,3,98.2,2500.0
43789.2,30.0,5.0,85,17.0,2015,3,98.2,1300.0
43789.2,30.0,5.0,110,11.0,2015,3,98.2,3100.0
43789.2,30.0,4.0,75,16.0,2015,2,98.2,2700.0
43789.2,30.0,4.0,70,17.0,2015,1,98.2,1600.0
39373.63636363636,12.0,4.0,90,29.0,2016,1,98.1,2300.0
20094.2,13.0,5.0,75,5.0,2015,1,98.2,3400.0
95281.1,14.0,4.0,75,29.0,2016,1,98.1,2000.0
20094.2,6.0,4.0,75,13.0,2015,4,98.2,3500.0
20094.2,6.0,5.0,90,13.0,2015,4,98.2,4400.0
20094.2,5.0,5.0,85,29.0,2015,1,98.2,2000.0
27120.9,2.0,2.0,20,,2015,4,98.2,930.0
52071.7,7.0,3.0,45,45.0,2016,4,98.1,1400.0
52071.7,7.0,3.0,60,45.0,2016,3,98.1,1600.0
52071.7,8.0,3.0,60,45.0,2016,2,98.1,1000.0
39373.63636363636,7.0,4.0,75,14.0,2015,1,98.2,3200.0
39373.63636363636,7.0,4.0,70,14.0,2015,1,98.2,2700.0
23739.8,4.0,3.0,60,20.0,2016,3,98.1,2200.0
52071.7,10.0,3.0,70,19.0,2015,4,98.2,2100.0
52071.7,11.0,5.0,80,14.0,2015,3,98.2,4000.0
95281.1,8.0,4.0,70,4.0,2016,4,98.1,3900.0
95281.1,8.0,3.0,75,4.0,2016,4,98.1,4300.0
95281.1,7.0,4.0,70,4.0,2016,2,98.1,3900.0
43789.2,6.0,4.0,70,17.0,2015,4,98.2,2700.0
43789.2,5.0,3.0,60,11.0,2015,3,98.2,2900.0
43789.2,4.0,3.0,65,17.0,2015,3,98.2,2400.0
43789.2,4.0,4.0,70,17.0,2015,3,98.2,2700.0
43789.2,6.0,4.0,70,17.0,2015,3,98.2,2900.0
43789.2,5.0,4.0,75,17.0,2015,2,98.2,2800.0
43789.2,5.0,4.0,65,17.0,2015,2,98.2,2800.0
43789.2,2.0,4.0,75,16.0,2015,1,98.2,2700.0
43789.2,3.0,3.0,60,9.0,2015,1,98.2,3000.0
20094.2,13.0,4.0,65,15.0,2016,3,98.1,2500.0
20094.2,14.0,4.0,80,15.0,2016,1,98.1,3100.0
20094.2,13.0,5.0,75,15.0,2016,1,98.1,3000.0
10347.9,6.0,2.0,15,,2016,1,98.1,700.0
39373.63636363636,3.0,3.0,60,40.0,2016,4,98.1,1600.0
39373.63636363636,4.0,3.0,50,40.0,2016,3,98.1,1800.0
39373.63636363636,4.0,3.0,50,40.0,2016,3,98.1,1600.0
39373.63636363636,4.0,3.0,50,40.0,2016,2,98.1,1300.0
39373.63636363636,3.0,3.0,60,23.0,2016,2,98.1,2400.0
39373.63636363636,4.0,3.0,50,40.0,2016,1,98.1,1100.0
52071.7,18.0,3.0,95,11.0,2015,4,98.2,3300.0
52071.7,16.0,4.0,95,13.0,2015,3,98.2,3300.0
52071.7,19.0,5.0,90,13.0,2015,1,98.2,2200.0
31877.3,10.0,4.0,70,2.0,2015,2,98.2,3000.0
27120.9,4.0,4.0,90,14.0,2012,1,94.5,4700.0
27120.9,2.0,4.0,70,14.0,2012,1,94.5,4000.0
43789.2,6.0,4.0,65,15.0,2015,3,98.2,2300.0
43789.2,6.0,4.0,65,15.0,2015,1,98.2,2500.0
1756.3,3.0,4.0,75,16.0,2015,4,98.2,2600.0
10347.9,15.0,4.0,60,38.0,2016,3,98.1,1000.0
10347.9,15.0,3.0,60,38.0,2016,3,98.1,1700.0
10347.9,15.0,3.0,70,38.0,2016,1,98.1,1400.0
1952.3,4.0,4.0,65,36.0,2015,3,98.2,1500.0
1952.3,5.0,4.0,60,38.0,2015,3,98.2,1500.0
1952.3,5.0,,65,36.0,2015,1,98.2,790.0
43789.2,16.0,4.0,75,11.0,2016,2,98.1,2800.0
10011.6,24.0,4.0,70,36.0,2016,3,98.1,1500.0
31877.3,15.0,4.0,70,19.0,2015,4,98.2,1900.0
31877.3,15.0,5.0,90,9.0,2015,4,98.2,3300.0
31877.3,15.0,4.0,75,9.0,2015,4,98.2,2800.0
26831.7,19.0,3.0,45,29.0,2016,4,98.1,500.0
26831.7,19.0,3.0,60,39.0,2016,2,98.1,820.0
26831.7,20.0,4.0,70,1.0,2016,2,98.1,2900.0
26831.7,19.0,4.0,70,18.0,2016,2,98.1,2900.0
26831.7,19.0,4.0,70,18.0,2016,1,98.1,2900.0
26831.7,18.0,4.0,70,17.0,2016,1,98.1,2800.0
26831.7,19.0,4.0,70,18.0,2016,1,98.1,2400.0
43789.2,20.0,4.0,80,18.0,2015,4,98.2,2000.0
26831.7,19.0,4.0,70,18.0,2016,1,98.1,2800.0
43789.2,16.0,4.0,65,18.0,2015,4,98.2,2000.0
26831.7,19.0,4.0,70,18.0,2016,1,98.1,2900.0
43789.2,20.0,4.0,70,18.0,2015,3,98.2,1800.0
43789.2,20.0,4.0,65,19.0,2015,1,98.2,2000.0
22676.4,24.0,4.0,70,1.0,2016,2,98.1,2900.0
17671.272727272728,15.0,3.0,95,21.0,2015,3,98.2,1600.0
17671.272727272728,14.0,4.0,80,18.0,2015,2,98.2,1200.0
17671.272727272728,11.0,5.0,55,12.0,2015,2,98.2,2400.0
17671.272727272728,5.0,4.0,80,19.0,2015,1,98.2,1500.0
17671.272727272728,14.0,4.0,70,18.0,2015,1,98.2,1200.0
39373.63636363636,2.0,4.0,90,19.0,2012,4,94.5,3300.0
39373.63636363636,3.0,2.0,20,28.0,2012,3,94.5,600.0
39373.63636363636,3.0,2.0,20,28.0,2012,3,94.5,600.0
4206.7,15.0,4.0,60,18.0,2016,4,98.1,2200.0
4206.7,13.0,4.0,70,4.0,2016,2,98.1,2300.0
39373.63636363636,1.0,4.0,90,19.0,2012,2,94.5,3600.0
4206.7,10.0,4.0,65,20.0,2016,2,98.1,2000.0
4206.7,13.0,4.0,70,19.0,2016,1,98.1,2300.0
31877.3,5.0,5.0,100,27.0,2016,1,98.1,2500.0
4206.7,18.0,5.0,90,33.0,2016,1,98.1,1600.0
12225.7,9.0,3.0,65,41.0,2015,4,98.2,1700.0
12225.7,14.0,4.0,60,43.0,2015,4,98.2,1100.0
12225.7,9.0,4.0,65,41.0,2015,3,98.2,1100.0
12225.7,14.0,4.0,75,18.0,2015,2,98.2,2300.0
12225.7,9.0,4.0,65,41.0,2015,1,98.2,1400.0
12225.7,8.0,4.0,75,4.0,2015,1,98.2,5300.0
12225.7,14.0,4.0,85,7.0,2015,1,98.2,5200.0
12225.7,16.0,5.0,85,33.0,2015,1,98.2,2400.0
10347.9,15.0,4.0,60,34.0,2012,4,94.5,1400.0
10347.9,13.0,5.0,95,9.0,2012,4,94.5,2800.0
10347.9,14.0,3.0,65,20.0,2012,3,94.5,1300.0
10347.9,15.0,4.0,60,34.0,2012,1,94.5,1100.0
43789.2,20.0,4.0,75,10.0,2012,1,94.5,2900.0
26831.7,18.0,4.0,80,27.0,2016,3,98.1,2600.0
12225.7,23.0,4.0,70,17.0,2012,3,94.5,2100.0
20094.2,15.0,4.0,75,20.0,2015,1,98.2,2300.0
95281.1,30.0,4.0,70,19.0,2016,2,98.1,1700.0
95281.1,19.0,2.0,15,29.0,2015,4,98.2,600.0
95281.1,19.0,4.0,70,15.0,2015,1,98.2,2400.0
4206.7,5.0,4.0,70,27.0,2012,1,94.5,1500.0
10011.6,16.0,4.0,75,38.0,2016,4,98.1,1300.0
10011.6,16.0,4.0,60,38.0,2016,4,98.1,970.0
10011.6,15.0,4.0,65,38.0,2016,1,98.1,930.0
95281.1,6.0,2.0,15,28.0,2015,3,98.2,500.0
95281.1,7.0,2.0,15,27.0,2015,2,98.2,370.0
4206.7,12.0,4.0,60,16.0,2012,4,94.5,1700.0
4206.7,11.0,4.0,80,16.0,2012,1,94.5,2300.0
95281.1,12.0,4.0,75,9.0,2015,3,98.2,4000.0
4206.7,20.0,5.0,90,29.0,2012,4,94.5,1000.0
36670.72727272727,6.0,4.0,70,7.0,2015,4,98.2,3900.0
4206.7,18.0,4.0,70,29.0,2012,2,94.5,1300.0
36670.72727272727,6.0,4.0,100,44.0,2015,3,98.2,2500.0
36670.72727272727,6.0,5.0,120,47.0,2015,3,98.2,3200.0
36670.72727272727,2.0,5.0,110,29.0,2015,1,98.2,3400.0
23739.8,11.0,5.0,80,36.0,2015,2,98.2,2000.0
4206.7,1.0,,15,23.0,2012,3,94.5,290.0
12225.7,4.0,3.0,70,15.0,2015,4,98.2,3700.0
12225.7,9.0,3.0,45,45.0,2015,1,98.2,600.0
4206.7,5.0,4.0,65,6.0,2012,4,94.5,2400.0
10347.9,7.0,4.0,75,7.0,2015,2,98.2,3300.0
26831.7,19.0,4.0,80,23.0,2012,4,94.5,1700.0
43789.2,15.0,4.0,70,2.0,2015,3,98.2,2700.0
10011.6,16.0,4.0,60,14.0,2012,4,94.5,1300.0
27120.9,4.0,4.0,75,18.0,2015,3,98.2,3500.0
26831.7,25.0,,70,15.0,2012,2,94.5,1800.0
26831.7,25.0,4.0,70,15.0,2012,1,94.5,2100.0
10011.6,24.0,5.0,85,15.0,2012,1,94.5,2000.0
10347.9,3.0,4.0,85,19.0,2015,3,98.2,2700.0
10347.9,5.0,4.0,95,26.0,2015,2,98.2,3400.0
12225.7,16.0,5.0,80,42.0,2016,4,98.1,2000.0
12225.7,18.0,5.0,80,21.0,2016,1,98.1,2600.0
15629.818181818182,6.0,4.0,110,26.0,2015,4,98.2,3900.0
12225.7,16.0,4.0,60,41.0,2016,1,98.1,420.0
15629.818181818182,7.0,4.0,95,26.0,2015,2,98.2,3600.0
12225.7,18.0,3.0,55,41.0,2016,1,98.1,700.0
10011.6,19.0,4.0,85,18.0,2012,3,94.5,2300.0
27120.9,8.0,4.0,70,3.0,2015,3,98.2,4800.0
27120.9,6.0,3.0,65,9.0,2015,1,98.2,4200.0
27120.9,20.0,3.0,70,19.0,2016,1,98.1,2500.0
27120.9,20.0,5.0,85,19.0,2016,1,98.1,2600.0
10011.6,16.0,4.0,65,34.0,2012,3,94.5,720.0
36670.72727272727,9.0,4.0,70,38.0,2015,4,98.2,2000.0
10011.6,16.0,4.0,75,34.0,2012,2,94.5,1100.0
36670.72727272727,6.0,4.0,105,22.0,2015,3,98.2,3400.0
36670.72727272727,7.0,4.0,75,8.0,2015,2,98.2,4100.0
39373.63636363636,4.0,4.0,60,27.0,2015,2,98.2,1300.0
36670.72727272727,13.0,4.0,80,12.0,2015,4,98.2,3900.0
27120.9,13.0,4.0,85,4.0,2016,3,98.1,5500.0
36670.72727272727,15.0,4.0,80,12.0,2015,2,98.2,3700.0
27120.9,16.0,4.0,80,42.0,2016,2,98.1,1100.0
7356.8,2.0,5.0,80,31.0,2012,2,94.5,1500.0
7356.8,3.0,5.0,85,31.0,2012,2,94.5,2000.0
1756.3,8.0,5.0,80,31.0,2012,3,94.5,1100.0
95281.1,16.0,4.0,75,12.0,2015,1,98.2,3000.0
1756.3,10.0,4.0,70,11.0,2012,3,94.5,2800.0
1756.3,8.0,5.0,95,31.0,2012,1,94.5,1900.0
23739.8,15.0,4.0,70,11.0,2012,2,94.5,2300.0
95281.1,9.0,4.0,75,5.0,2016,3,98.1,4500.0
95281.1,13.0,3.0,60,16.0,2016,2,98.1,2500.0
95281.1,11.0,4.0,70,13.0,2015,4,98.2,3200.0
95281.1,12.0,4.0,70,13.0,2015,1,98.2,3400.0
10347.9,15.0,3.0,65,16.0,2016,3,98.1,2400.0
10347.9,13.0,4.0,80,5.0,2016,1,98.1,3100.0
20094.2,5.0,4.0,70,16.0,2015,2,98.2,2300.0
12225.7,18.0,4.0,90,2.0,2012,4,94.5,4200.0
12225.7,18.0,4.0,85,2.0,2012,4,94.5,4000.0
12225.7,18.0,5.0,85,2.0,2012,3,94.5,4000.0
12225.7,18.0,4.0,70,2.0,2012,3,94.5,3500.0
12225.7,29.0,4.0,60,37.0,2012,3,94.5,330.0
12225.7,18.0,5.0,95,15.0,2012,1,94.5,3300.0
12225.7,18.0,3.0,65,8.0,2012,1,94.5,2600.0
95281.1,14.0,4.0,70,19.0,2016,4,98.1,3200.0
12225.7,18.0,3.0,65,8.0,2012,1,94.5,2800.0
95281.1,14.0,4.0,85,19.0,2016,3,98.1,3800.0
12225.7,14.0,4.0,70,18.0,2016,4,98.1,2000.0
12225.7,14.0,4.0,70,19.0,2016,3,98.1,2800.0
12225.7,12.0,,85,19.0,2016,1,98.1,2700.0
23739.8,8.0,5.0,85,19.0,2016,3,98.1,3700.0
27120.9,14.0,3.0,70,38.0,2012,3,94.5,900.0
27120.9,14.0,4.0,70,38.0,2012,3,94.5,1500.0
27120.9,13.0,4.0,70,38.0,2012,2,94.5,970.0
27120.9,13.0,4.0,70,38.0,2012,2,94.5,1100.0
27120.9,9.0,4.0,65,17.0,2012,2,94.5,2400.0
52071.7,13.0,5.0,95,10.0,2015,3,98.2,4000.0
52071.7,11.0,4.0,75,13.0,2015,3,98.2,3200.0
15629.818181818182,4.0,4.0,70,37.0,2016,4,98.1,2900.0
15629.818181818182,3.0,4.0,90,37.0,2016,3,98.1,2400.0
52071.7,13.0,5.0,95,10.0,2015,1,98.2,4100.0
15629.818181818182,3.0,4.0,60,37.0,2016,2,98.1,2000.0
52071.7,13.0,4.0,80,10.0,2015,1,98.2,3500.0
27120.9,6.0,3.0,50,18.0,2016,2,98.1,1700.0
95281.1,13.0,4.0,60,15.0,2012,3,94.5,2000.0
10347.9,13.0,4.0,75,1.0,2012,3,94.5,2400.0
95281.1,6.0,4.0,65,17.0,2015,4,98.2,2800.0
95281.1,7.0,4.0,65,17.0,2015,3,98.2,2500.0
95281.1,5.0,4.0,65,17.0,2015,3,98.2,3400.0
95281.1,6.0,4.0,75,1.0,2015,1,98.2,5200.0
95281.1,6.0,4.0,75,1.0,2015,1,98.2,4700.0
95281.1,8.0,4.0,75,1.0,2015,1,98.2,5100.0
27120.9,6.0,4.0,110,17.0,2016,3,98.1,4300.0
27120.9,7.0,2.0,15,32.0,2016,2,98.1,530.0
27120.9,7.0,2.0,15,32.0,2016,1,98.1,650.0
12225.7,14.0,4.0,80,14.0,2012,4,94.5,2300.0
15629.818181818182,6.0,4.0,65,16.0,2012,3,94.5,2700.0
15629.818181818182,6.0,4.0,65,16.0,2012,3,94.5,2800.0
15629.818181818182,7.0,2.0,20,18.0,2012,1,94.5,550.0
26831.7,12.0,4.0,75,38.0,2016,4,98.1,1400.0
15629.818181818182,6.0,4.0,65,16.0,2012,1,94.5,2600.0
20094.2,5.0,4.0,70,15.0,2015,4,98.2,2900.0
20094.2,8.0,4.0,80,18.0,2015,3,98.2,3100.0
12225.7,15.0,4.0,70,9.0,2016,4,98.1,1900.0
12225.7,14.0,4.0,105,29.0,2016,3,98.1,5000.0
12225.7,14.0,4.0,85,29.0,2016,3,98.1,3700.0
12225.7,14.0,4.0,95,29.0,2016,2,98.1,4200.0
12225.7,15.0,4.0,90,29.0,2016,1,98.1,3600.0
12225.7,15.0,2.0,80,42.0,2016,1,98.1,950.0
20094.2,4.0,4.0,70,18.0,2015,2,98.2,2900.0
12225.7,14.0,4.0,95,29.0,2016,1,98.1,4000.0
20094.2,3.0,4.0,70,18.0,2015,1,98.2,3200.0
15629.818181818182,4.0,4.0,65,33.0,2012,4,94.5,1900.0
27120.9,23.0,4.0,80,12.0,2016,1,98.1,3100.0
15629.818181818182,4.0,4.0,60,33.0,2012,3,94.5,1700.0
15629.818181818182,2.0,4.0,60,15.0,2012,3,94.5,2100.0
1952.3,5.0,4.0,80,21.0,2012,2,94.5,1900.0
95281.1,20.0,3.0,60,11.0,2015,1,98.2,2600.0
4206.7,10.0,4.0,70,7.0,2016,2,98.1,3300.0
20094.2,9.0,5.0,80,11.0,2015,2,98.2,3100.0
20094.2,9.0,4.0,70,11.0,2015,1,98.2,3200.0
27120.9,6.0,3.0,85,13.0,2012,1,94.5,4300.0
20094.2,10.0,4.0,70,9.0,2015,1,98.2,4200.0
39373.63636363636,20.0,4.0,70,17.0,2015,1,98.2,2400.0
95281.1,20.0,4.0,70,17.0,2015,3,98.2,2600.0
36670.72727272727,20.0,4.0,50,19.0,2016,3,98.1,1500.0
12225.7,13.0,3.0,85,38.0,2012,4,94.5,500.0
12225.7,18.0,3.0,75,9.0,2012,2,94.5,2700.0
12225.7,16.0,2.0,60,8.0,2012,1,94.5,1900.0
26831.7,8.0,4.0,75,16.0,2016,4,98.1,3200.0
43789.2,18.0,4.0,60,8.0,2012,4,94.5,2100.0
48903.0,25.0,4.0,70,9.0,2012,1,94.5,2800.0
4206.7,11.0,4.0,65,3.0,2012,1,94.5,3000.0
12225.7,9.0,4.0,75,0.0,2016,4,98.1,4300.0
12225.7,9.0,4.0,75,0.0,2016,4,98.1,5100.0
12225.7,9.0,4.0,70,0.0,2016,4,98.1,4600.0
12225.7,9.0,4.0,75,0.0,2016,3,98.1,4500.0
12225.7,9.0,4.0,100,0.0,2016,3,98.1,7000.0
52071.7,9.0,4.0,70,2.0,2012,3,94.5,4000.0
36670.72727272727,16.0,4.0,50,15.0,2012,4,94.5,900.0
36670.72727272727,12.0,3.0,40,40.0,2012,3,94.5,520.0
36670.72727272727,13.0,5.0,60,40.0,2012,3,94.5,720.0
36670.72727272727,13.0,3.0,55,40.0,2012,2,94.5,780.0
14940.9,9.0,5.0,180,25.0,2015,2,98.2,6000.0
3767.8,13.0,4.0,75,26.0,2012,3,94.5,1600.0
12225.7,9.0,5.0,90,11.0,2012,4,94.5,5000.0
10011.6,3.0,2.0,40,18.0,2016,3,98.1,1800.0
10347.9,15.0,5.0,175,24.0,2015,4,98.2,4200.0
10011.6,10.0,4.0,75,0.0,2016,2,98.1,4600.0
10347.9,10.0,4.0,70,8.0,2015,3,98.2,3000.0
10347.9,11.0,4.0,55,13.0,2015,3,98.2,2600.0
10347.9,8.0,3.0,85,24.0,2015,2,98.2,2600.0
10347.9,10.0,3.0,55,13.0,2015,2,98.2,2500.0
10347.9,8.0,4.0,70,9.0,2015,2,98.2,3100.0
39373.63636363636,9.0,4.0,65,12.0,2015,4,98.2,2700.0
10347.9,9.0,4.0,65,16.0,2016,2,98.1,2500.0
10347.9,8.0,4.0,65,,2016,2,98.1,3300.0
10347.9,14.0,5.0,95,11.0,2016,1,98.1,4000.0
26831.7,8.0,5.0,80,12.0,2012,4,94.5,3200.0
95281.1,3.0,4.0,65,10.0,2015,4,98.2,3900.0
95281.1,3.0,4.0,65,15.0,2015,4,98.2,6300.0
95281.1,5.0,4.0,90,15.0,2015,3,98.2,5200.0
95281.1,3.0,3.0,75,15.0,2015,3,98.2,3600.0
95281.1,6.0,4.0,70,10.0,2015,3,98.2,4300.0
95281.1,3.0,4.0,80,15.0,2015,2,98.2,4400.0
26831.7,13.0,4.0,75,6.0,2012,1,94.5,3500.0
95281.1,3.0,3.0,85,15.0,2015,2,98.2,3300.0
95281.1,6.0,4.0,75,4.0,2015,2,98.2,4600.0
95281.1,3.0,4.0,80,15.0,2015,1,98.2,5300.0
14940.9,8.0,5.0,100,13.0,2016,4,98.1,4000.0
95281.1,3.0,,80,15.0,2015,1,98.2,4700.0
95281.1,5.0,4.0,80,15.0,2015,1,98.2,4600.0
43789.2,6.0,5.0,105,17.0,2015,4,98.2,4700.0
10347.9,12.0,5.0,100,32.0,2016,3,98.1,2000.0
10011.6,14.0,4.0,60,39.0,2015,3,98.2,1400.0
10347.9,6.0,3.0,50,18.0,2016,2,98.1,1500.0
10347.9,2.0,4.0,85,18.0,2016,2,98.1,2700.0
95281.1,15.0,4.0,80,3.0,2016,2,98.1,5000.0
10347.9,14.0,5.0,95,7.0,2012,4,94.5,3800.0
10347.9,7.0,4.0,70,14.0,2012,3,94.5,2800.0
10347.9,12.0,3.0,95,14.0,2012,2,94.5,4100.0
27120.9,8.0,4.0,75,18.0,2015,1,98.2,3900.0
20094.2,11.0,4.0,70,15.0,2015,4,98.2,2500.0
95281.1,7.0,3.0,45,18.0,2016,1,98.1,1900.0
12225.7,7.0,4.0,75,4.0,2016,2,98.1,4600.0
10347.9,2.0,4.0,65,14.0,2012,3,94.5,2200.0
10347.9,2.0,4.0,75,14.0,2012,1,94.5,2700.0
10347.9,5.0,2.0,50,14.0,2012,1,94.5,1800.0
36670.72727272727,12.0,4.0,70,7.0,2012,4,94.5,2700.0
10011.6,10.0,3.0,65,8.0,2012,2,94.5,2200.0
12225.7,5.0,3.0,75,11.0,2012,2,94.5,4200.0
12225.7,6.0,3.0,80,11.0,2012,1,94.5,5200.0
95281.1,8.0,4.0,70,14.0,2012,3,94.5,2700.0
43789.2,12.0,4.0,65,42.0,2016,3,98.1,1500.0
43789.2,12.0,4.0,55,42.0,2016,3,98.1,630.0
43789.2,12.0,4.0,55,42.0,2016,1,98.1,550.0
36670.72727272727,8.0,4.0,70,43.0,2016,4,98.1,1200.0
36670.72727272727,6.0,4.0,70,2.0,2016,3,98.1,4700.0
36670.72727272727,10.0,3.0,55,39.0,2016,3,98.1,1400.0
36670.72727272727,7.0,4.0,70,9.0,2016,2,98.1,3900.0
36670.72727272727,10.0,3.0,55,39.0,2016,2,98.1,900.0
36670.72727272727,5.0,4.0,70,15.0,2016,1,98.1,3400.0
43789.2,18.0,4.0,65,16.0,2012,3,94.5,1700.0
43789.2,18.0,5.0,75,16.0,2012,2,94.5,1900.0
43789.2,13.0,4.0,55,38.0,2012,1,94.5,1200.0
43789.2,13.0,4.0,70,38.0,2012,1,94.5,1500.0
36670.72727272727,9.0,4.0,70,5.0,2012,4,94.5,3900.0
36670.72727272727,11.0,3.0,55,35.0,2012,3,94.5,1300.0
36670.72727272727,9.0,3.0,55,39.0,2012,3,94.5,1300.0
36670.72727272727,12.0,4.0,70,1.0,2012,3,94.5,3700.0
36670.72727272727,6.0,4.0,70,11.0,2012,1,94.5,3000.0
12225.7,8.0,4.0,70,14.0,2016,1,98.1,4000.0
27120.9,8.0,4.0,75,17.0,2016,4,98.1,3700.0
12225.7,14.0,3.0,85,38.0,2012,1,94.5,2000.0
36670.72727272727,14.0,5.0,70,15.0,2016,4,98.1,3400.0
36670.72727272727,12.0,4.0,105,25.0,2016,2,98.1,3300.0
52071.7,14.0,3.0,60,16.0,2016,1,98.1,2400.0
52071.7,9.0,3.0,85,15.0,2016,1,98.1,4500.0
52071.7,5.0,4.0,65,47.0,2016,3,98.1,1400.0
52071.7,5.0,3.0,55,47.0,2016,3,98.1,800.0
52071.7,5.0,3.0,60,42.0,2016,1,98.1,1300.0
27120.9,8.0,3.0,80,13.0,2012,2,94.5,4200.0
27120.9,8.0,3.0,80,13.0,2012,1,94.5,3500.0
52071.7,14.0,5.0,90,10.0,2016,4,98.1,390.0
52071.7,15.0,4.0,70,10.0,2016,2,98.1,3400.0
52071.7,11.0,4.0,60,18.0,2016,2,98.1,1900.0
52071.7,10.0,5.0,80,16.0,2016,1,98.1,2500.0
23739.8,12.0,4.0,70,10.0,2016,3,98.1,3200.0
36670.72727272727,14.0,4.0,60,11.0,2012,4,94.5,2600.0
36670.72727272727,10.0,5.0,75,11.0,2012,3,94.5,2900.0
36670.72727272727,11.0,4.0,80,12.0,2012,2,94.5,4000.0
36670.72727272727,14.0,4.0,65,11.0,2012,1,94.5,3100.0
52071.7,4.0,4.0,125,25.0,2016,2,98.1,4100.0
52071.7,15.0,4.0,65,16.0,2012,4,94.5,2700.0
52071.7,11.0,4.0,65,43.0,2012,2,94.5,800.0
52071.7,9.0,4.0,65,43.0,2012,2,94.5,1700.0
52071.7,6.0,3.0,70,26.0,2012,4,94.5,2300.0
52071.7,6.0,5.0,110,26.0,2012,4,94.5,3500.0
52071.7,5.0,3.0,55,43.0,2012,4,94.5,670.0
52071.7,6.0,4.0,60,39.0,2012,3,94.5,1500.0
52071.7,5.0,4.0,75,43.0,2012,3,94.5,1700.0
52071.7,6.0,3.0,70,26.0,2012,2,94.5,2500.0
52071.7,6.0,4.0,85,26.0,2012,1,94.5,3300.0
52071.7,6.0,4.0,60,39.0,2012,1,94.5,1400.0
52071.7,6.0,4.0,85,26.0,2012,1,94.5,3000.0
23739.8,8.0,4.0,100,26.0,2012,3,94.5,3000.0
36670.72727272727,5.0,5.0,85,4.0,2016,4,98.1,5400.0
36670.72727272727,14.0,4.0,75,13.0,2016,4,98.1,2800.0
36670.72727272727,7.0,2.0,40,18.0,2016,4,98.1,1600.0
36670.72727272727,8.0,4.0,85,12.0,2016,3,98.1,4100.0
52071.7,14.0,4.0,70,6.0,2012,1,94.5,3100.0
23739.8,12.0,4.0,75,6.0,2012,3,94.5,3200.0
23739.8,12.0,5.0,110,6.0,2012,2,94.5,5200.0
23739.8,12.0,4.0,70,6.0,2012,2,94.5,3000.0
4206.7,5.0,4.0,85,7.0,2012,1,94.5,5300.0
36670.72727272727,4.0,4.0,90,4.0,2016,4,98.1,5800.0
36670.72727272727,5.0,3.0,75,46.0,2016,4,98.1,1600.0
36670.72727272727,3.0,5.0,110,9.0,2016,2,98.1,5200.0
36670.72727272727,4.0,5.0,75,38.0,2016,2,98.1,2200.0
36670.72727272727,4.0,4.0,65,4.0,2016,1,98.1,4000.0
52071.7,9.0,3.0,60,21.0,2016,3,98.1,1700.0
52071.7,7.0,3.0,55,30.0,2016,3,98.1,2600.0
52071.7,4.0,4.0,70,10.0,2016,1,98.1,3500.0
52071.7,13.0,3.0,55,12.0,2016,3,98.1,2500.0
52071.7,9.0,4.0,60,43.0,2016,1,98.1,750.0
52071.7,10.0,4.0,65,10.0,2016,3,98.1,3200.0
36670.72727272727,11.0,4.0,60,6.0,2012,4,94.5,2100.0
36670.72727272727,2.0,4.0,75,12.0,2012,3,94.5,3900.0
36670.72727272727,9.0,4.0,65,40.0,2012,3,94.5,1500.0
36670.72727272727,4.0,3.0,60,15.0,2012,2,94.5,2200.0
36670.72727272727,9.0,4.0,65,40.0,2012,2,94.5,1000.0
36670.72727272727,4.0,4.0,60,16.0,2012,2,94.5,2000.0
36670.72727272727,6.0,2.0,15,28.0,2012,2,94.5,260.0
36670.72727272727,9.0,4.0,65,40.0,2012,1,94.5,1400.0
26831.7,2.0,3.0,65,28.0,2016,1,98.1,2100.0
36670.72727272727,5.0,5.0,75,42.0,2012,3,94.5,1600.0
36670.72727272727,3.0,5.0,100,5.0,2012,3,94.5,5000.0
36670.72727272727,6.0,4.0,80,34.0,2012,2,94.5,1900.0
36670.72727272727,2.0,4.0,75,16.0,2012,2,94.5,3600.0
36670.72727272727,5.0,4.0,90,42.0,2012,2,94.5,1600.0
36670.72727272727,5.0,4.0,75,42.0,2012,2,94.5,1700.0
36670.72727272727,4.0,4.0,70,42.0,2012,1,94.5,860.0
10347.9,12.0,4.0,70,16.0,2016,4,98.1,3000.0
10347.9,12.0,5.0,85,2.0,2016,3,98.1,4300.0
10011.6,9.0,4.0,70,17.0,2016,4,98.1,1700.0
10011.6,1.0,4.0,70,16.0,2016,2,98.1,3200.0
10011.6,3.0,4.0,70,16.0,2016,1,98.1,3300.0
10011.6,3.0,4.0,70,16.0,2016,1,98.1,3400.0
52071.7,9.0,4.0,65,39.0,2012,4,94.5,900.0
52071.7,11.0,3.0,55,8.0,2012,2,94.5,2600.0
52071.7,10.0,4.0,75,9.0,2012,1,94.5,3000.0
52071.7,11.0,4.0,95,6.0,2012,3,94.5,5000.0
23533.5,,4.0,70,13.0,2012,4,94.5,3100.0
10011.6,6.0,4.0,70,10.0,2016,3,98.1,2800.0
10011.6,6.0,3.0,60,4.0,2016,1,98.1,3100.0
26831.7,3.0,4.0,85,39.0,2012,4,94.5,1100.0
26831.7,3.0,4.0,85,39.0,2012,4,94.5,2400.0
26831.7,1.0,5.0,85,13.0,2012,1,94.5,4500.0
95281.1,4.0,4.0,75,9.0,2012,4,94.5,4200.0
95281.1,4.0,3.0,90,9.0,2012,3,94.5,5500.0
10011.6,1.0,3.0,50,45.0,2016,4,98.1,900.0
10011.6,1.0,3.0,70,45.0,2016,4,98.1,1800.0
10011.6,3.0,4.0,75,39.0,2016,4,98.1,1300.0
10011.6,3.0,3.0,80,39.0,2016,4,98.1,2000.0
10011.6,1.0,4.0,55,45.0,2016,3,98.1,1200.0
10011.6,1.0,4.0,70,45.0,2016,2,98.1,1500.0
10011.6,4.0,3.0,55,39.0,2016,1,98.1,1500.0
10347.9,11.0,4.0,70,12.0,2012,1,94.5,2000.0
10347.9,11.0,4.0,70,12.0,2012,1,94.5,2600.0
15629.818181818182,11.0,4.0,70,6.0,2012,2,94.5,3300.0
10011.6,4.0,4.0,70,16.0,2016,1,98.1,2600.0
12225.7,14.0,4.0,75,18.0,2016,4,98.1,2600.0
10011.6,9.0,4.0,75,20.0,2016,2,98.1,1800.0
10011.6,3.0,4.0,80,12.0,2012,3,94.5,3800.0
43789.2,10.0,5.0,85,10.0,2016,1,98.1,3800.0
95281.1,21.0,,60,18.0,2016,4,98.1,2400.0
10011.6,12.0,4.0,75,7.0,2012,3,94.5,2500.0
15629.818181818182,7.0,3.0,90,14.0,2016,1,98.1,4900.0
10011.6,16.0,4.0,120,21.0,2012,2,94.5,2900.0
10011.6,15.0,4.0,75,14.0,2012,1,94.5,1900.0
10011.6,5.0,4.0,70,13.0,2012,1,94.5,2300.0
27622.0,14.0,5.0,95,12.0,2016,4,98.1,4200.0
27622.0,12.0,4.0,75,1.0,2016,4,98.1,3900.0
27622.0,13.0,4.0,75,19.0,2016,4,98.1,4100.0
27622.0,14.0,4.0,75,19.0,2016,4,98.1,3900.0
27622.0,13.0,5.0,75,19.0,2016,3,98.1,4000.0
27622.0,13.0,4.0,75,19.0,2016,3,98.1,4100.0
27622.0,13.0,4.0,75,19.0,2016,3,98.1,4300.0
27622.0,12.0,4.0,75,19.0,2016,3,98.1,3900.0
23739.8,8.0,4.0,100,26.0,2016,2,98.1,2000.0
23739.8,9.0,3.0,55,44.0,2016,2,98.1,800.0
10011.6,3.0,4.0,75,35.0,2012,2,94.5,1600.0
23739.8,9.0,3.0,55,42.0,2016,1,98.1,1300.0
27622.0,9.0,4.0,70,,2016,1,98.1,3200.0
10011.6,9.0,4.0,75,16.0,2012,2,94.5,1700.0
10011.6,12.0,6.0,110,22.0,2012,1,94.5,2100.0
27622.0,10.0,4.0,70,12.0,2016,4,98.1,2900.0
43789.2,11.0,5.0,80,6.0,2012,1,94.5,3200.0
36670.72727272727,11.0,4.0,70,13.0,2012,4,94.5,3300.0
36670.72727272727,15.0,4.0,85,8.0,2012,2,94.5,3400.0
12225.7,10.0,3.0,85,12.0,2016,2,98.1,5300.0
15629.818181818182,7.0,4.0,80,10.0,2012,2,94.5,4200.0
27120.9,8.0,4.0,90,10.0,2012,2,94.5,5100.0
27622.0,14.0,4.0,70,8.0,2012,3,94.5,2800.0
15629.818181818182,6.0,2.0,20,9.0,2016,3,98.1,1400.0
15629.818181818182,4.0,3.0,70,11.0,2016,1,98.1,3900.0
3603.3636363636365,15.0,4.0,75,24.0,2016,4,98.1,500.0
23739.8,6.0,2.0,55,40.0,2012,3,94.5,950.0
27622.0,8.0,4.0,55,22.0,2012,4,94.5,1500.0
27622.0,11.0,3.0,65,40.0,2012,1,94.5,830.0
17671.272727272728,8.0,4.0,70,17.0,2016,2,98.1,1200.0
12225.7,9.0,4.0,70,19.0,2016,4,98.1,1800.0
27622.0,8.0,4.0,65,8.0,2012,2,94.5,3000.0
10347.9,11.0,4.0,70,9.0,2016,1,98.1,3200.0
10347.9,11.0,4.0,70,9.0,2016,1,98.1,3300.0
39373.63636363636,9.0,3.0,55,18.0,2016,1,98.1,2300.0
12225.7,9.0,4.0,105,8.0,2012,3,94.5,6300.0
12225.7,9.0,4.0,100,8.0,2012,2,94.5,6600.0
12225.7,9.0,3.0,100,8.0,2012,1,94.5,6100.0
12225.7,11.0,4.0,85,11.0,2016,1,98.1,4100.0
39373.63636363636,8.0,4.0,70,2.0,2016,2,98.1,4300.0
39373.63636363636,9.0,4.0,65,2.0,2016,1,98.1,3800.0
95281.1,9.0,4.0,70,2.0,2016,3,98.1,2800.0
95281.1,9.0,4.0,70,2.0,2016,2,98.1,4100.0
3767.8,4.0,4.0,60,3.0,2016,3,98.1,3500.0
43789.2,6.0,2.0,20,5.0,2012,4,94.5,1700.0
3603.3636363636365,14.0,4.0,80,20.0,2012,3,94.5,850.0
17671.272727272728,8.0,4.0,80,13.0,2012,4,94.5,1.4
10011.6,23.0,4.0,105,13.0,2016,4,98.1,3500.0
12225.7,10.0,4.0,65,8.0,2012,3,94.5,2400.0
12225.7,9.0,4.0,65,15.0,2012,2,94.5,3000.0
39373.63636363636,9.0,4.0,60,19.0,2016,3,98.1,2100.0
10011.6,11.0,4.0,65,12.0,2012,1,94.5,2200.0
12225.7,18.0,4.0,85,15.0,2016,2,98.1,2700.0
95281.1,13.0,4.0,75,13.0,2016,4,98.1,5200.0
10011.6,23.0,4.0,70,27.0,2016,4,98.1,2200.0
10011.6,23.0,4.0,70,27.0,2016,3,98.1,1500.0
10011.6,23.0,4.0,65,27.0,2016,1,98.1,1400.0
95281.1,28.0,5.0,90,27.0,2016,3,98.1,1300.0
10347.9,14.0,4.0,70,5.0,2012,4,94.5,3300.0
10347.9,10.0,4.0,75,5.0,2012,2,94.5,3400.0
20094.2,28.0,5.0,75,31.0,2016,1,98.1,580.0
26831.7,5.0,4.0,65,15.0,2012,2,94.5,2900.0
12225.7,11.0,3.0,80,10.0,2012,4,94.5,3300.0
7356.8,10.0,,70,33.0,2016,4,98.1,1200.0
7356.8,6.0,4.0,75,12.0,2016,4,98.1,2800.0
7356.8,6.0,5.0,90,27.0,2016,4,98.1,2100.0
7356.8,10.0,3.0,65,31.0,2016,3,98.1,1000.0
7356.8,8.0,4.0,90,21.0,2016,3,98.1,2000.0
7356.8,11.0,5.0,65,31.0,2016,3,98.1,1700.0
7356.8,5.0,4.0,80,24.0,2016,3,98.1,1700.0
7356.8,8.0,4.0,65,,2016,2,98.1,1600.0
7356.8,7.0,5.0,95,,2016,1,98.1,2700.0
7356.8,11.0,4.0,70,26.0,2016,1,98.1,1400.0
27120.9,13.0,3.0,60,48.0,2016,3,98.1,1300.0
27120.9,11.0,2.0,60,29.0,2016,1,98.1,1400.0
95281.1,11.0,4.0,60,41.0,2016,4,98.1,1200.0
95281.1,16.0,3.0,65,41.0,2016,3,98.1,1600.0
10011.6,12.0,4.0,75,12.0,2012,1,94.5,2800.0
27120.9,9.0,2.0,15,28.0,2012,4,94.5,350.0
95281.1,4.0,3.0,80,8.0,2016,4,98.1,4300.0
95281.1,2.0,3.0,70,8.0,2016,3,98.1,5800.0
95281.1,3.0,2.0,60,8.0,2016,2,98.1,4000.0
95281.1,3.0,3.0,75,8.0,2016,2,98.1,6300.0
95281.1,4.0,4.0,70,8.0,2016,1,98.1,5500.0
95281.1,4.0,4.0,70,3.0,2016,1,98.1,5300.0
10011.6,18.0,3.0,100,9.0,2012,3,94.5,4200.0
95281.1,10.0,3.0,55,17.0,2016,3,98.1,2700.0
95281.1,10.0,3.0,55,17.0,2016,1,98.1,1800.0
12225.7,18.0,4.0,70,11.0,2012,3,94.5,2200.0
12225.7,16.0,4.0,70,11.0,2012,3,94.5,2200.0
12225.7,18.0,4.0,75,11.0,2012,3,94.5,2400.0
12225.7,18.0,4.0,70,11.0,2012,2,94.5,2200.0
12225.7,18.0,4.0,75,11.0,2012,1,94.5,2500.0
10347.9,11.0,,65,19.0,2016,4,98.1,1500.0
10347.9,11.0,4.0,65,19.0,2016,2,98.1,2000.0
95281.1,25.0,4.0,95,35.0,2012,1,94.5,1000.0
43789.2,3.0,3.0,65,10.0,2016,2,98.1,3700.0
95281.1,12.0,4.0,65,39.0,2012,2,94.5,1300.0
95281.1,11.0,3.0,65,36.0,2012,1,94.5,1300.0
26831.7,8.0,3.0,60,14.0,2016,4,98.1,2500.0
26831.7,7.0,4.0,95,13.0,2016,2,98.1,3900.0
26831.7,8.0,4.0,65,14.0,2016,2,98.1,2400.0
26831.7,9.0,4.0,65,14.0,2016,2,98.1,2700.0
20094.2,28.0,4.0,75,27.0,2012,1,94.5,1100.0
27622.0,5.0,4.0,80,20.0,2012,1,94.5,1800.0
7356.8,6.0,4.0,75,8.0,2012,4,94.5,2200.0
7356.8,10.0,4.0,95,27.0,2012,4,94.5,1900.0
7356.8,6.0,4.0,75,21.0,2012,4,94.5,1400.0
7356.8,5.0,4.0,80,20.0,2012,4,94.5,1500.0
7356.8,6.0,4.0,75,21.0,2012,4,94.5,1500.0
22676.4,8.0,4.0,75,6.0,2016,2,98.1,4300.0
22676.4,8.0,5.0,85,8.0,2016,2,98.1,3600.0
7356.8,13.0,4.0,100,27.0,2012,3,94.5,1700.0
7356.8,9.0,4.0,95,27.0,2012,3,94.5,1200.0
7356.8,6.0,5.0,90,21.0,2012,2,94.5,2300.0
22676.4,11.0,4.0,65,13.0,2016,1,98.1,3000.0
7356.8,10.0,4.0,95,27.0,2012,2,94.5,1500.0
7356.8,8.0,5.0,95,29.0,2012,1,94.5,1900.0
7356.8,6.0,5.0,90,23.0,2012,1,94.5,2100.0
15629.818181818182,5.0,4.0,80,29.0,2016,2,98.1,3200.0
15629.818181818182,3.0,3.0,75,18.0,2016,2,98.1,4200.0
95281.1,2.0,3.0,55,12.0,2012,3,94.5,3000.0
31877.3,9.0,4.0,70,2.0,2016,3,98.1,2800.0
3767.8,6.0,4.0,70,18.0,2016,3,98.1,2500.0
3767.8,6.0,3.0,70,18.0,2016,3,98.1,2500.0
95281.1,9.0,5.0,80,7.0,2012,2,94.5,3500.0
95281.1,9.0,4.0,70,7.0,2012,2,94.5,3000.0
22676.4,20.0,4.0,70,26.0,2012,1,94.5,950.0
39373.63636363636,7.0,4.0,70,3.0,2016,1,98.1,3400.0
3767.8,2.0,4.0,70,8.0,2016,4,98.1,3200.0
3767.8,2.0,4.0,70,8.0,2016,1,98.1,3100.0
10347.9,9.0,4.0,80,14.0,2012,4,94.5,2800.0
10347.9,10.0,4.0,80,11.0,2012,1,94.5,3400.0
43789.2,1.0,3.0,55,6.0,2012,3,94.5,2600.0
43789.2,2.0,4.0,75,9.0,2012,2,94.5,3700.0
43789.2,2.0,5.0,125,9.0,2012,1,94.5,7100.0
31877.3,2.0,4.0,65,12.0,2016,4,98.1,2600.0
31877.3,3.0,4.0,65,2.0,2016,4,98.1,2900.0
31877.3,3.0,4.0,70,11.0,2016,4,98.1,3000.0
31877.3,2.0,4.0,65,12.0,2016,2,98.1,2700.0
31877.3,2.0,4.0,55,11.0,2016,1,98.1,2700.0
31877.3,2.0,3.0,50,19.0,2016,1,98.1,1700.0
31877.3,1.0,4.0,65,16.0,2016,2,98.1,2400.0
31877.3,8.0,4.0,60,20.0,2016,1,98.1,2100.0
43789.2,8.0,3.0,55,27.0,2016,2,98.1,500.0
26831.7,12.0,4.0,65,6.0,2012,4,94.5,2700.0
26831.7,18.0,4.0,75,33.0,2012,2,94.5,1300.0
39373.63636363636,8.0,4.0,70,4.0,2016,3,98.1,3500.0
26831.7,8.0,4.0,60,10.0,2012,2,94.5,2500.0
26831.7,7.0,5.0,90,9.0,2012,1,94.5,3900.0
36670.72727272727,7.0,3.0,70,7.0,2016,2,98.1,3800.0
43789.2,8.0,4.0,80,23.0,2016,1,98.1,3000.0
36670.72727272727,8.0,3.0,45,44.0,2016,3,98.1,1300.0
22676.4,11.0,4.0,70,9.0,2012,3,94.5,2900.0
22676.4,9.0,4.0,70,6.0,2012,3,94.5,3100.0
22676.4,15.0,4.0,70,9.0,2012,2,94.5,2400.0
43789.2,3.0,4.0,65,10.0,2016,2,98.1,3400.0
10347.9,5.0,5.0,85,14.0,2016,4,98.1,3600.0
39373.63636363636,9.0,3.0,55,12.0,2016,2,98.1,2100.0
39373.63636363636,10.0,4.0,65,12.0,2016,2,98.1,3000.0
39373.63636363636,4.0,4.0,60,17.0,2012,4,94.5,2100.0
39373.63636363636,7.0,3.0,75,13.0,2012,4,94.5,3000.0
39373.63636363636,4.0,3.0,60,5.0,2012,3,94.5,2500.0
39373.63636363636,7.0,4.0,80,13.0,2012,1,94.5,3000.0
31877.3,1.0,3.0,60,8.0,2012,2,94.5,2300.0
31877.3,2.0,4.0,55,8.0,2012,2,94.5,2100.0
31877.3,2.0,4.0,65,8.0,2012,2,94.5,2600.0
31877.3,15.0,2.0,25,23.0,2012,4,94.5,360.0
31877.3,3.0,2.0,25,23.0,2012,4,94.5,410.0
31877.3,3.0,2.0,25,23.0,2012,1,94.5,110.0
31877.3,8.0,4.0,55,16.0,2012,3,94.5,2100.0
31877.3,7.0,4.0,60,16.0,2012,3,94.5,2000.0
31877.3,7.0,4.0,60,16.0,2012,2,94.5,1900.0
17671.272727272728,25.0,4.0,70,21.0,2016,1,98.1,540.0
17671.272727272728,30.0,4.0,65,21.0,2016,1,98.1,680.0
17671.272727272728,6.0,5.0,95,10.0,2016,4,98.1,2400.0
36670.72727272727,8.0,4.0,70,11.0,2012,4,94.5,2800.0
36670.72727272727,8.0,5.0,95,25.0,2012,1,94.5,2900.0
36670.72727272727,8.0,4.0,65,40.0,2012,4,94.5,950.0
36670.72727272727,9.0,5.0,90,4.0,2012,3,94.5,4000.0
36670.72727272727,9.0,4.0,105,24.0,2012,2,94.5,2500.0
12225.7,8.0,5.0,110,18.0,2016,1,98.1,5100.0
43789.2,3.0,4.0,65,6.0,2012,1,94.5,2700.0
27120.9,9.0,2.0,35,15.0,2012,1,94.5,920.0
36670.72727272727,12.0,3.0,35,24.0,2012,4,94.5,500.0
39373.63636363636,9.0,4.0,70,14.0,2012,1,94.5,1700.0
3603.3636363636365,13.0,4.0,90,12.0,2016,4,98.1,2900.0
10347.9,5.0,5.0,85,10.0,2012,2,94.5,3600.0
36670.72727272727,12.0,4.0,65,14.0,2012,4,94.5,2400.0
39373.63636363636,11.0,4.0,65,12.0,2012,4,94.5,2500.0
39373.63636363636,13.0,2.0,15,26.0,2012,2,94.5,380.0
39373.63636363636,11.0,4.0,65,12.0,2012,2,94.5,1900.0
39373.63636363636,13.0,2.0,15,26.0,2012,2,94.5,280.0
95281.1,19.0,4.0,65,15.0,2012,4,94.5,2300.0
95281.1,19.0,3.0,70,15.0,2012,2,94.5,2100.0
17671.272727272728,6.0,4.0,65,16.0,2012,1,94.5,820.0
23739.8,6.0,4.0,80,19.0,2016,3,98.1,3000.0
23739.8,4.0,4.0,70,12.0,2016,1,98.1,2900.0
23739.8,6.0,3.0,45,45.0,2016,1,98.1,1100.0
27120.9,8.0,4.0,75,12.0,2016,4,98.1,2600.0
22676.4,9.0,4.0,70,15.0,2016,4,98.1,3100.0
22676.4,3.0,4.0,80,7.0,2016,4,98.1,4200.0
22676.4,6.0,4.0,75,8.0,2016,3,98.1,4000.0
17671.272727272728,30.0,4.0,65,17.0,2012,3,94.5,580.0
17671.272727272728,29.0,4.0,65,17.0,2012,2,94.5,490.0
22676.4,2.0,4.0,70,14.0,2016,2,98.1,2700.0
22676.4,4.0,4.0,80,7.0,2016,2,98.1,4200.0
43789.2,30.0,4.0,80,18.0,2016,4,98.1,2300.0
43789.2,30.0,4.0,70,18.0,2016,3,98.1,1300.0
43789.2,30.0,4.0,70,18.0,2016,3,98.1,1400.0
43789.2,30.0,4.0,65,17.0,2016,3,98.1,2200.0
43789.2,30.0,4.0,65,17.0,2016,2,98.1,1800.0
43789.2,30.0,3.0,120,12.0,2016,2,98.1,3100.0
43789.2,30.0,4.0,70,18.0,2016,2,98.1,1200.0
43789.2,30.0,4.0,70,18.0,2016,1,98.1,1300.0
43789.2,30.0,4.0,70,18.0,2016,1,98.1,1700.0
43789.2,30.0,5.0,85,18.0,2016,1,98.1,1800.0
43789.2,30.0,5.0,85,18.0,2016,1,98.1,2100.0
43789.2,30.0,5.0,105,18.0,2016,1,98.1,2400.0
43789.2,30.0,4.0,70,18.0,2016,1,98.1,1100.0
12225.7,15.0,4.0,100,9.0,2016,3,98.1,4800.0
60822.454545454544,15.0,4.0,70,15.0,2012,4,94.5,1500.0
60822.454545454544,18.0,4.0,75,13.0,2012,3,94.5,1600.0
60822.454545454544,15.0,4.0,75,15.0,2012,1,94.5,1600.0
3603.3636363636365,9.0,5.0,85,15.0,2012,4,94.5,1700.0
3603.3636363636365,12.0,4.0,75,15.0,2012,3,94.5,1600.0
3603.3636363636365,12.0,4.0,75,13.0,2012,1,94.5,150.0
20094.2,4.0,4.0,70,21.0,2016,4,98.1,4400.0
20094.2,4.0,3.0,70,21.0,2016,4,98.1,4800.0
20094.2,5.0,3.0,75,21.0,2016,4,98.1,5000.0
20094.2,5.0,4.0,75,21.0,2016,3,98.1,4300.0
20094.2,4.0,4.0,75,21.0,2016,3,98.1,5000.0
20094.2,4.0,4.0,70,21.0,2016,3,98.1,4100.0
20094.2,5.0,4.0,75,30.0,2016,2,98.1,2500.0
20094.2,6.0,4.0,70,14.0,2016,2,98.1,4100.0
20094.2,6.0,3.0,80,6.0,2016,1,98.1,4600.0
23739.8,6.0,3.0,45,41.0,2012,3,94.5,980.0
23739.8,6.0,4.0,40,41.0,2012,3,94.5,790.0
23739.8,7.0,4.0,60,14.0,2012,2,94.5,1900.0
39373.63636363636,6.0,4.0,70,15.0,2016,2,98.1,2600.0
52071.7,11.0,4.0,65,15.0,2016,4,98.1,3300.0
52071.7,10.0,4.0,70,20.0,2016,2,98.1,2900.0
43789.2,3.0,3.0,55,17.0,2016,4,98.1,2400.0
43789.2,3.0,3.0,50,10.0,2016,4,98.1,2400.0
43789.2,3.0,3.0,60,10.0,2016,2,98.1,2800.0
22676.4,11.0,5.0,70,24.0,2012,2,94.5,1600.0
52071.7,15.0,5.0,105,14.0,2016,1,98.1,3700.0
22676.4,9.0,4.0,55,14.0,2012,2,94.5,1900.0
22676.4,10.0,4.0,80,11.0,2012,1,94.5,3300.0
31877.3,11.0,4.0,75,5.0,2016,4,98.1,3500.0
31877.3,12.0,4.0,70,5.0,2016,3,98.1,3100.0
22676.4,16.0,4.0,75,11.0,2012,1,94.5,3000.0
43789.2,6.0,4.0,65,16.0,2016,2,98.1,2900.0
1756.3,4.0,3.0,65,17.0,2016,2,98.1,2200.0
1952.3,3.0,4.0,70,34.0,2016,4,98.1,1400.0
1952.3,5.0,5.0,70,34.0,2016,3,98.1,1000.0
43789.2,30.0,4.0,70,13.0,2012,3,94.5,1600.0
43789.2,30.0,4.0,65,14.0,2012,3,94.5,1500.0
43789.2,30.0,4.0,65,14.0,2012,3,94.5,1700.0
43789.2,30.0,4.0,80,13.0,2012,3,94.5,2200.0
43789.2,30.0,4.0,70,14.0,2012,3,94.5,1600.0
43789.2,30.0,4.0,75,14.0,2012,1,94.5,1700.0
43789.2,15.0,4.0,70,12.0,2016,4,98.1,2600.0
43789.2,23.0,4.0,75,10.0,2016,3,98.1,2500.0
95281.1,14.0,4.0,90,2.0,2012,3,94.5,3700.0
20094.2,5.0,4.0,95,26.0,2012,4,94.5,1800.0
20094.2,6.0,4.0,70,10.0,2012,2,94.5,3200.0
17671.272727272728,7.0,4.0,85,23.0,2016,4,98.1,1100.0
17671.272727272728,6.0,4.0,90,13.0,2016,4,98.1,2400.0
17671.272727272728,8.0,4.0,80,13.0,2016,2,98.1,2000.0
17671.272727272728,15.0,4.0,75,19.0,2016,1,98.1,1300.0
17671.272727272728,6.0,5.0,80,13.0,2016,1,98.1,1500.0
43789.2,8.0,4.0,75,3.0,2012,1,94.5,3400.0
52071.7,12.0,4.0,70,11.0,2012,2,94.5,3300.0
43789.2,3.0,3.0,50,6.0,2012,4,94.5,2100.0
43789.2,3.0,4.0,65,7.0,2012,4,94.5,2400.0
12225.7,15.0,4.0,75,14.0,2016,3,98.1,3700.0
43789.2,5.0,4.0,65,8.0,2012,4,94.5,2800.0
12225.7,12.0,4.0,70,16.0,2016,3,98.1,3400.0
43789.2,4.0,4.0,65,11.0,2012,2,94.5,2800.0
12225.7,13.0,4.0,70,16.0,2016,3,98.1,3400.0
43789.2,5.0,4.0,70,8.0,2012,1,94.5,3100.0
43789.2,4.0,4.0,65,11.0,2012,1,94.5,3200.0
12225.7,9.0,4.0,65,42.0,2016,2,98.1,1500.0
43789.2,3.0,2.0,60,7.0,2012,1,94.5,2200.0
12225.7,12.0,4.0,65,16.0,2016,1,98.1,3400.0
12225.7,15.0,5.0,85,34.0,2016,1,98.1,2400.0
12225.7,12.0,5.0,85,16.0,2016,1,98.1,4200.0
20094.2,16.0,4.0,75,21.0,2016,1,98.1,2100.0
52071.7,19.0,4.0,85,10.0,2012,4,94.5,2800.0
52071.7,16.0,2.0,95,10.0,2012,2,94.5,3100.0
52071.7,16.0,4.0,95,10.0,2012,1,94.5,3700.0
95281.1,20.0,4.0,70,17.0,2016,4,98.1,2300.0
20094.2,15.0,2.0,15,30.0,2016,2,98.1,960.0
95281.1,9.0,4.0,60,6.0,2016,4,98.1,2800.0
95281.1,9.0,4.0,60,6.0,2016,4,98.1,3600.0
95281.1,9.0,5.0,70,6.0,2016,1,98.1,3700.0
3767.8,5.0,5.0,85,6.0,2016,1,98.1,4200.0
95281.1,15.0,4.0,75,13.0,2016,3,98.1,4300.0
95281.1,12.0,4.0,70,10.0,2016,2,98.1,4300.0
1952.3,5.0,4.0,80,30.0,2012,2,94.5,1600.0
36670.72727272727,6.0,3.0,100,48.0,2016,2,98.1,2500.0
31877.3,15.0,4.0,70,7.0,2012,2,94.5,2300.0
31877.3,18.0,4.0,80,25.0,2012,2,94.5,1600.0
43789.2,9.0,4.0,65,16.0,2016,1,98.1,2700.0
43789.2,19.0,4.0,60,16.0,2012,4,94.5,1700.0
43789.2,16.0,,80,8.0,2012,4,94.5,2400.0
12225.7,9.0,3.0,40,31.0,2016,4,98.1,600.0
43789.2,19.0,4.0,65,15.0,2012,3,94.5,1800.0
43789.2,19.0,4.0,60,16.0,2012,3,94.5,1700.0
43789.2,5.0,3.0,50,20.0,2016,3,98.1,2500.0
10347.9,12.0,4.0,70,15.0,2016,4,98.1,2500.0
43789.2,18.0,4.0,70,3.0,2016,2,98.1,3100.0
17671.272727272728,6.0,4.0,85,18.0,2012,4,94.5,1400.0
17671.272727272728,9.0,4.0,80,16.0,2012,4,94.5,1700.0
12225.7,7.0,3.0,65,14.0,2016,1,98.1,2600.0
12225.7,7.0,4.0,55,13.0,2016,1,98.1,2500.0
17671.272727272728,4.0,4.0,80,16.0,2012,3,94.5,1200.0
17671.272727272728,9.0,4.0,80,16.0,2012,2,94.5,1400.0
17671.272727272728,13.0,4.0,75,9.0,2012,2,94.5,1900.0
17671.272727272728,13.0,5.0,95,18.0,2012,1,94.5,1900.0
10347.9,4.0,4.0,110,27.0,2016,3,98.1,3900.0
27120.9,9.0,4.0,80,4.0,2016,1,98.1,5500.0
27120.9,7.0,4.0,70,4.0,2016,4,98.1,5000.0
36670.72727272727,6.0,4.0,75,12.0,2016,3,98.1,4400.0
36670.72727272727,6.0,4.0,105,23.0,2016,3,98.1,4500.0
36670.72727272727,7.0,4.0,75,9.0,2016,3,98.1,4900.0
36670.72727272727,8.0,4.0,60,21.0,2016,1,98.1,2500.0
36670.72727272727,7.0,4.0,70,12.0,2016,1,98.1,4400.0
12225.7,13.0,4.0,65,40.0,2012,4,94.5,1300.0
12225.7,13.0,5.0,90,14.0,2012,4,94.5,4000.0
39373.63636363636,4.0,4.0,65,5.0,2016,4,98.1,3700.0
12225.7,14.0,5.0,95,15.0,2012,4,94.5,4200.0
39373.63636363636,4.0,4.0,65,18.0,2016,3,98.1,3000.0
39373.63636363636,4.0,5.0,85,21.0,2016,2,98.1,3200.0
39373.63636363636,5.0,5.0,85,21.0,2016,1,98.1,3000.0
12225.7,14.0,4.0,75,5.0,2012,3,94.5,4200.0
39373.63636363636,5.0,4.0,65,18.0,2016,1,98.1,3000.0
12225.7,18.0,5.0,85,30.0,2012,3,94.5,2000.0
12225.7,11.0,4.0,70,12.0,2012,3,94.5,2900.0
43789.2,12.0,,50,28.0,2016,2,98.1,1300.0
12225.7,13.0,4.0,80,14.0,2012,1,94.5,3000.0
95281.1,19.0,4.0,70,13.0,2016,1,98.1,3500.0
20094.2,16.0,4.0,65,18.0,2012,4,94.5,2200.0
20094.2,18.0,4.0,75,17.0,2012,3,94.5,2500.0
95281.1,7.0,4.0,65,20.0,2016,3,98.1,3100.0
20094.2,5.0,4.0,70,17.0,2016,2,98.1,2900.0
20094.2,5.0,4.0,70,17.0,2016,1,98.1,2400.0
95281.1,19.0,2.0,15,26.0,2012,4,94.5,50.0
95281.1,19.0,2.0,15,26.0,2012,4,94.5,50.0
95281.1,19.0,5.0,95,12.0,2012,2,94.5,2700.0
95281.1,16.0,4.0,70,9.0,2012,2,94.5,2200.0
95281.1,15.0,2.0,15,26.0,2012,1,94.5,250.0
95281.1,9.0,4.0,65,2.0,2012,1,94.5,3100.0
95281.1,6.0,2.0,15,25.0,2012,1,94.5,380.0
95281.1,12.0,4.0,70,6.0,2012,3,94.5,4000.0
20094.2,5.0,4.0,65,6.0,2012,4,94.5,3400.0
20094.2,8.0,4.0,75,9.0,2012,3,94.5,3800.0
20094.2,4.0,3.0,65,6.0,2012,2,94.5,3200.0
20094.2,5.0,4.0,80,6.0,2012,2,94.5,3700.0
52071.7,11.0,4.0,75,14.0,2016,3,98.1,3300.0
52071.7,13.0,4.0,75,11.0,2016,3,98.1,3600.0
52071.7,11.0,5.0,105,11.0,2016,3,98.1,4500.0
52071.7,13.0,4.0,75,11.0,2016,3,98.1,3500.0
36670.72727272727,6.0,4.0,100,44.0,2012,3,94.5,2500.0
36670.72727272727,6.0,3.0,100,44.0,2012,3,94.5,2100.0
36670.72727272727,5.0,4.0,75,11.0,2012,2,94.5,3700.0
36670.72727272727,6.0,5.0,90,9.0,2012,2,94.5,4200.0
27120.9,13.0,4.0,75,12.0,2012,1,94.5,2800.0
27120.9,13.0,4.0,70,12.0,2012,1,94.5,2900.0
43789.2,9.0,4.0,70,12.0,2012,4,94.5,2600.0
95281.1,6.0,2.0,25,18.0,2016,3,98.1,1300.0
95281.1,6.0,4.0,65,18.0,2016,2,98.1,3500.0
10347.9,3.0,4.0,70,19.0,2016,3,98.1,3900.0
12225.7,9.0,3.0,45,42.0,2012,2,94.5,730.0
12225.7,9.0,4.0,45,42.0,2012,1,94.5,600.0
10347.9,12.0,4.0,105,44.0,2012,2,94.5,1400.0
20094.2,9.0,4.0,70,2.0,2016,2,98.1,3900.0
20094.2,11.0,4.0,75,21.0,2016,1,98.1,2600.0
27120.9,4.0,4.0,80,15.0,2012,4,94.5,3200.0
26831.7,12.0,4.0,70,17.0,2016,1,98.1,2500.0
20094.2,15.0,4.0,65,17.0,2016,2,98.1,2200.0
10347.9,4.0,5.0,105,23.0,2012,3,94.5,3400.0
15629.818181818182,7.0,4.0,110,23.0,2012,2,94.5,4500.0
15629.818181818182,7.0,5.0,105,23.0,2012,2,94.5,3600.0
27120.9,9.0,5.0,85,15.0,2012,2,94.5,2800.0
20094.2,10.0,4.0,90,10.0,2016,2,98.1,4800.0
20094.2,9.0,3.0,60,12.0,2016,1,98.1,3100.0
36670.72727272727,7.0,5.0,90,24.0,2012,4,94.5,2800.0
36670.72727272727,8.0,4.0,80,24.0,2012,2,94.5,2400.0
36670.72727272727,7.0,4.0,75,8.0,2012,1,94.5,3800.0
39373.63636363636,4.0,4.0,70,14.0,2012,3,94.5,3000.0
36670.72727272727,13.0,4.0,70,9.0,2012,1,94.5,3000.0
95281.1,8.0,3.0,65,11.0,2012,4,94.5,2500.0
95281.1,11.0,3.0,60,10.0,2012,2,94.5,2400.0
95281.1,11.0,4.0,70,10.0,2012,2,94.5,3100.0
95281.1,8.0,4.0,65,16.0,2012,2,94.5,2600.0
95281.1,8.0,5.0,75,16.0,2012,2,94.5,3500.0
20094.2,5.0,5.0,85,13.0,2012,2,94.5,3500.0
27120.9,12.0,4.0,75,41.0,2012,2,94.5,1100.0
176.0,20.0,5.0,80,25.0,2016,4,98.1,750.0
52071.7,11.0,4.0,70,10.0,2012,3,94.5,2900.0
52071.7,13.0,4.0,120,7.0,2012,2,94.5,4800.0
52071.7,12.0,4.0,75,7.0,2012,1,94.5,2800.0
10347.9,11.0,4.0,125,26.0,2016,3,98.1,4100.0
10347.9,10.0,3.0,70,9.0,2016,1,98.1,3100.0
43789.2,11.0,4.0,70,31.0,2016,3,98.1,1900.0
43789.2,3.0,4.0,65,3.0,2016,1,98.1,3900.0
95281.1,6.0,4.0,80,14.0,2012,3,94.5,3800.0
95281.1,6.0,4.0,65,14.0,2012,3,94.5,3300.0
95281.1,9.0,2.0,55,11.0,2012,1,94.5,2200.0
95281.1,6.0,4.0,65,14.0,2012,1,94.5,3000.0
43789.2,12.0,4.0,65,,2012,4,94.5,2500.0
95281.1,5.0,2.0,60,16.0,2016,4,98.1,3100.0
95281.1,5.0,4.0,70,11.0,2016,4,98.1,1400.0
39373.63636363636,16.0,4.0,65,15.0,2012,4,94.5,2100.0
95281.1,3.0,4.0,80,16.0,2016,4,98.1,4800.0
95281.1,3.0,4.0,80,16.0,2016,4,98.1,3800.0
95281.1,6.0,3.0,70,5.0,2016,2,98.1,4300.0
95281.1,3.0,4.0,80,16.0,2016,2,98.1,4900.0
95281.1,5.0,5.0,80,11.0,2016,2,98.1,4900.0
43789.2,5.0,,95,18.0,2016,3,98.1,4800.0
20094.2,10.0,4.0,70,17.0,2012,3,94.5,2500.0
10011.6,16.0,4.0,60,40.0,2016,2,98.1,1200.0
20094.2,9.0,5.0,95,8.0,2012,3,94.5,4300.0
20094.2,6.0,4.0,70,12.0,2012,3,94.5,3400.0
20094.2,7.0,,75,15.0,2012,2,94.5,3400.0
20094.2,7.0,5.0,95,15.0,2012,1,94.5,5000.0
20094.2,4.0,4.0,80,15.0,2012,4,94.5,2900.0
23739.8,18.0,4.0,70,16.0,2016,2,98.1,3100.0
26831.7,15.0,4.0,75,13.0,2012,2,94.5,2700.0
27120.9,7.0,4.0,80,5.0,2016,4,98.1,5200.0
27120.9,8.0,4.0,70,19.0,2016,3,98.1,3600.0
20094.2,9.0,4.0,65,14.0,2016,4,98.1,2700.0
20094.2,11.0,5.0,80,,2016,1,98.1,3500.0
43789.2,4.0,2.0,15,20.0,2016,3,98.1,690.0
43789.2,5.0,4.0,60,16.0,2016,2,98.1,1800.0
20094.2,9.0,4.0,75,6.0,2012,4,94.5,3500.0
20094.2,8.0,5.0,75,10.0,2012,3,94.5,3600.0
10347.9,6.0,4.0,65,13.0,2012,3,94.5,3200.0
15629.818181818182,2.0,4.0,75,15.0,2012,1,94.5,4200.0
95281.1,20.0,4.0,65,14.0,2012,4,94.5,1900.0
10347.9,11.0,4.0,130,22.0,2012,3,94.5,1000.0
10347.9,9.0,5.0,95,6.0,2012,1,94.5,3900.0
10347.9,7.0,4.0,80,6.0,2012,1,94.5,3500.0
10347.9,11.0,4.0,125,22.0,2012,1,94.5,4000.0
43789.2,9.0,4.0,65,5.0,2012,2,94.5,2700.0
95281.1,8.0,6.0,95,30.0,2012,4,94.5,2600.0
95281.1,5.0,4.0,65,7.0,2012,4,94.5,3800.0
95281.1,8.0,5.0,80,30.0,2012,4,94.5,1700.0
95281.1,8.0,4.0,75,30.0,2012,3,94.5,2500.0
95281.1,6.0,4.0,65,1.0,2012,3,94.5,3600.0
95281.1,3.0,4.0,80,12.0,2012,1,94.5,3700.0
39373.63636363636,7.0,3.0,70,14.0,2012,4,94.5,2800.0
39373.63636363636,7.0,4.0,85,14.0,2012,4,94.5,3600.0
39373.63636363636,7.0,3.0,70,14.0,2012,2,94.5,3200.0
39373.63636363636,7.0,4.0,80,14.0,2012,2,94.5,3500.0
43789.2,5.0,4.0,85,14.0,2012,4,94.5,3700.0
43789.2,4.0,3.0,70,14.0,2012,4,94.5,2500.0
10011.6,14.0,4.0,60,36.0,2012,3,94.5,960.0
27120.9,6.0,4.0,70,8.0,2012,4,94.5,3700.0
27120.9,6.0,3.0,70,8.0,2012,2,94.5,3600.0
27120.9,9.0,4.0,75,13.0,2012,2,94.5,4000.0
43789.2,3.0,2.0,25,7.0,2012,1,94.5,1100.0
43789.2,5.0,4.0,55,12.0,2012,1,94.5,2200.0
95281.1,15.0,4.0,65,28.0,2013,4,94.9,1500.0
52071.7,6.0,4.0,80,25.0,2013,4,94.9,1400.0
23739.8,5.0,5.0,85,16.0,2013,2,94.9,3000.0
95281.1,6.0,5.0,85,1.0,2013,4,94.9,5100.0
95281.1,8.0,3.0,75,1.0,2013,2,94.9,3800.0
95281.1,6.0,4.0,70,1.0,2013,1,94.9,3600.0
10347.9,6.0,2.0,15,24.0,2013,3,94.9,460.0
10347.9,9.0,4.0,55,15.0,2013,1,94.9,1600.0
39373.63636363636,4.0,4.0,55,37.0,2013,4,94.9,1600.0
39373.63636363636,3.0,2.0,20,29.0,2013,2,94.9,450.0
10347.9,15.0,4.0,65,35.0,2013,4,94.9,1400.0
10347.9,13.0,2.0,65,21.0,2013,3,94.9,1800.0
10347.9,16.0,4.0,65,8.0,2013,2,94.9,2200.0
10347.9,16.0,4.0,75,8.0,2013,2,94.9,2700.0
10347.9,15.0,4.0,70,11.0,2013,1,94.9,2600.0
43789.2,19.0,4.0,70,8.0,2013,4,94.9,2400.0
20094.2,29.0,4.0,65,33.0,2013,2,94.9,1200.0
26831.7,25.0,3.0,45,36.0,2013,4,94.9,680.0
4206.7,9.0,4.0,60,17.0,2013,3,94.9,1800.0
4206.7,13.0,4.0,80,17.0,2013,3,94.9,2600.0
4206.7,11.0,4.0,60,16.0,2013,3,94.9,1500.0
4206.7,10.0,4.0,60,17.0,2013,3,94.9,2000.0
4206.7,12.0,4.0,60,16.0,2013,1,94.9,1400.0
4206.7,13.0,4.0,60,15.0,2013,1,94.9,1800.0
31877.3,4.0,5.0,80,3.0,2013,3,94.9,3300.0
4206.7,5.0,4.0,60,7.0,2013,3,94.9,2300.0
4206.7,5.0,4.0,65,7.0,2013,3,94.9,2600.0
20094.2,19.0,4.0,65,15.0,2013,4,94.9,2000.0
10011.6,24.0,4.0,75,15.0,2013,3,94.9,1900.0
10011.6,24.0,4.0,75,15.0,2013,2,94.9,1800.0
10011.6,16.0,4.0,60,35.0,2013,4,94.9,790.0
10011.6,16.0,4.0,70,35.0,2013,3,94.9,890.0
10011.6,16.0,4.0,65,35.0,2013,2,94.9,1200.0
10011.6,16.0,3.0,55,35.0,2013,2,94.9,600.0
10011.6,18.0,5.0,95,28.0,2013,1,94.9,3200.0
7356.8,2.0,5.0,80,32.0,2013,3,94.9,1400.0
1756.3,10.0,4.0,70,12.0,2013,2,94.9,2100.0
23739.8,14.0,5.0,85,12.0,2013,4,94.9,3100.0
23739.8,15.0,4.0,75,32.0,2013,1,94.9,1500.0
12225.7,18.0,4.0,80,19.0,2013,2,94.9,2200.0
12225.7,16.0,5.0,80,39.0,2013,2,94.9,1300.0
12225.7,18.0,2.0,55,38.0,2013,1,94.9,780.0
12225.7,16.0,4.0,70,3.0,2013,1,94.9,3600.0
27120.9,4.0,4.0,70,13.0,2013,4,94.9,3900.0
27120.9,5.0,4.0,80,17.0,2013,1,94.9,3900.0
27120.9,14.0,4.0,70,39.0,2013,4,94.9,1500.0
27120.9,13.0,4.0,90,3.0,2013,4,94.9,5500.0
27120.9,14.0,4.0,70,39.0,2013,3,94.9,1600.0
27120.9,14.0,4.0,70,39.0,2013,3,94.9,800.0
27120.9,16.0,3.0,70,39.0,2013,2,94.9,1400.0
27120.9,14.0,4.0,70,39.0,2013,1,94.9,780.0
95281.1,9.0,5.0,100,2.0,2013,3,94.9,5500.0
95281.1,10.0,4.0,75,2.0,2013,1,94.9,3900.0
10347.9,13.0,4.0,80,2.0,2013,2,94.9,3300.0
95281.1,13.0,4.0,70,16.0,2013,3,94.9,2500.0
12225.7,12.0,5.0,85,16.0,2013,2,94.9,2300.0
15629.818181818182,6.0,4.0,65,17.0,2013,4,94.9,2900.0
15629.818181818182,7.0,2.0,20,19.0,2013,4,94.9,590.0
15629.818181818182,4.0,4.0,70,14.0,2013,4,94.9,3400.0
15629.818181818182,4.0,4.0,75,14.0,2013,3,94.9,3500.0
15629.818181818182,3.0,4.0,65,34.0,2013,1,94.9,2000.0
1952.3,6.0,4.0,75,22.0,2013,4,94.9,2000.0
15629.818181818182,10.0,4.0,75,14.0,2013,2,94.9,4000.0
12225.7,18.0,5.0,90,10.0,2013,4,94.9,3400.0
12225.7,16.0,4.0,65,9.0,2013,4,94.9,2200.0
12225.7,13.0,2.0,75,39.0,2013,4,94.9,1900.0
12225.7,14.0,4.0,75,39.0,2013,3,94.9,950.0
12225.7,18.0,4.0,85,6.0,2013,2,94.9,2800.0
12225.7,15.0,,85,6.0,2013,1,94.9,2500.0
12225.7,16.0,4.0,60,10.0,2013,1,94.9,2400.0
27120.9,18.0,5.0,90,10.0,2013,2,94.9,2800.0
27120.9,18.0,4.0,90,10.0,2013,1,94.9,3300.0
4206.7,13.0,4.0,65,11.0,2013,2,94.9,2500.0
52071.7,18.0,4.0,70,27.0,2013,3,94.9,2000.0
36670.72727272727,20.0,2.0,25,25.0,2013,4,94.9,440.0
36670.72727272727,12.0,3.0,45,41.0,2013,1,94.9,710.0
3767.8,12.0,4.0,75,4.0,2013,3,94.9,3100.0
3767.8,12.0,4.0,75,4.0,2013,2,94.9,3200.0
12225.7,9.0,4.0,70,12.0,2013,1,94.9,3300.0
26831.7,13.0,4.0,75,7.0,2013,2,94.9,3700.0
26831.7,4.0,4.0,75,12.0,2013,2,94.9,3600.0
26831.7,9.0,5.0,90,13.0,2013,1,94.9,3700.0
26831.7,9.0,3.0,70,13.0,2013,1,94.9,2900.0
10347.9,14.0,5.0,95,8.0,2013,4,94.9,3800.0
10347.9,12.0,,65,7.0,2013,2,94.9,3100.0
10347.9,11.0,3.0,65,,2013,2,94.9,3200.0
10347.9,13.0,5.0,85,29.0,2013,1,94.9,1700.0
10347.9,2.0,4.0,60,15.0,2013,2,94.9,2300.0
10347.9,5.0,3.0,55,15.0,2013,2,94.9,1600.0
36670.72727272727,12.0,4.0,60,8.0,2013,2,94.9,2700.0
10011.6,9.0,4.0,75,13.0,2013,3,94.9,2900.0
95281.1,4.0,5.0,80,14.0,2013,2,94.9,4500.0
95281.1,4.0,5.0,80,14.0,2013,1,94.9,2600.0
43789.2,19.0,3.0,65,17.0,2013,2,94.9,1600.0
43789.2,13.0,4.0,70,39.0,2013,2,94.9,890.0
43789.2,13.0,4.0,75,39.0,2013,1,94.9,650.0
43789.2,14.0,4.0,55,39.0,2013,1,94.9,800.0
43789.2,12.0,3.0,45,39.0,2013,1,94.9,520.0
36670.72727272727,13.0,4.0,75,2.0,2013,4,94.9,3800.0
36670.72727272727,8.0,4.0,70,6.0,2013,2,94.9,4100.0
36670.72727272727,6.0,4.0,70,12.0,2013,2,94.9,2900.0
36670.72727272727,9.0,4.0,70,6.0,2013,1,94.9,3300.0
36670.72727272727,7.0,5.0,90,7.0,2013,1,94.9,4700.0
12225.7,14.0,2.0,55,15.0,2013,2,94.9,1900.0
12225.7,16.0,4.0,80,5.0,2013,1,94.9,4500.0
12225.7,8.0,4.0,75,2.0,2013,4,94.9,5000.0
27120.9,8.0,4.0,75,14.0,2013,2,94.9,4000.0
52071.7,10.0,4.0,65,44.0,2013,2,94.9,2000.0
52071.7,6.0,5.0,115,8.0,2013,3,94.9,5000.0
52071.7,10.0,4.0,70,12.0,2013,1,94.9,2700.0
52071.7,5.0,2.0,20,44.0,2013,3,94.9,450.0
52071.7,3.0,2.0,20,44.0,2013,3,94.9,400.0
52071.7,6.0,4.0,100,27.0,2013,2,94.9,2900.0
52071.7,6.0,4.0,90,27.0,2013,2,94.9,2600.0
52071.7,6.0,4.0,100,27.0,2013,2,94.9,2800.0
52071.7,5.0,3.0,55,44.0,2013,2,94.9,1100.0
52071.7,6.0,5.0,115,27.0,2013,2,94.9,3500.0
52071.7,6.0,4.0,95,27.0,2013,1,94.9,3400.0
52071.7,4.0,6.0,75,44.0,2013,1,94.9,1600.0
52071.7,6.0,4.0,100,27.0,2013,1,94.9,3500.0
52071.7,6.0,4.0,90,23.0,2013,1,94.9,2900.0
52071.7,6.0,4.0,90,27.0,2013,1,94.9,2700.0
52071.7,6.0,4.0,80,27.0,2013,1,94.9,2800.0
52071.7,15.0,4.0,75,7.0,2013,2,94.9,3300.0
23739.8,12.0,4.0,65,7.0,2013,1,94.9,3200.0
36670.72727272727,1.0,4.0,60,13.0,2013,4,94.9,2700.0
36670.72727272727,7.0,4.0,75,12.0,2013,4,94.9,3800.0
36670.72727272727,4.0,4.0,65,16.0,2013,3,94.9,2200.0
36670.72727272727,8.0,4.0,90,12.0,2013,2,94.9,4100.0
36670.72727272727,9.0,5.0,65,41.0,2013,2,94.9,1400.0
36670.72727272727,6.0,2.0,15,29.0,2013,1,94.9,270.0
36670.72727272727,9.0,4.0,65,16.0,2013,1,94.9,1900.0
36670.72727272727,5.0,4.0,80,43.0,2013,4,94.9,1400.0
36670.72727272727,2.0,4.0,90,17.0,2013,4,94.9,3700.0
36670.72727272727,2.0,4.0,85,17.0,2013,1,94.9,3800.0
36670.72727272727,5.0,4.0,70,43.0,2013,1,94.9,1700.0
52071.7,8.0,4.0,85,17.0,2013,4,94.9,2500.0
52071.7,5.0,4.0,70,13.0,2013,3,94.9,2200.0
52071.7,9.0,5.0,75,11.0,2013,2,94.9,2600.0
52071.7,8.0,5.0,85,17.0,2013,2,94.9,2100.0
52071.7,4.0,4.0,60,7.0,2013,1,94.9,2800.0
52071.7,8.0,4.0,65,15.0,2013,1,94.9,2100.0
52071.7,10.0,3.0,55,9.0,2013,4,94.9,2200.0
52071.7,11.0,4.0,65,40.0,2013,4,94.9,1400.0
52071.7,11.0,4.0,75,12.0,2013,3,94.9,3300.0
52071.7,9.0,4.0,65,40.0,2013,2,94.9,1600.0
52071.7,10.0,3.0,50,9.0,2013,2,94.9,2000.0
52071.7,9.0,4.0,65,7.0,2013,1,94.9,3100.0
52071.7,10.0,4.0,90,14.0,2013,3,94.9,3100.0
95281.1,4.0,3.0,90,10.0,2013,3,94.9,5300.0
10347.9,11.0,4.0,70,13.0,2013,1,94.9,2200.0
15629.818181818182,9.0,4.0,70,7.0,2013,2,94.9,3000.0
10011.6,9.0,4.0,70,14.0,2013,4,94.9,2200.0
10011.6,3.0,4.0,70,13.0,2013,3,94.9,3200.0
10011.6,12.0,5.0,80,8.0,2013,2,94.9,2900.0
10011.6,15.0,4.0,90,15.0,2013,1,94.9,2200.0
10011.6,12.0,4.0,70,17.0,2013,3,94.9,2400.0
10011.6,12.0,4.0,70,17.0,2013,3,94.9,2300.0
10011.6,1.0,4.0,55,42.0,2013,4,94.9,900.0
10011.6,3.0,3.0,50,36.0,2013,2,94.9,1000.0
10011.6,3.0,3.0,50,36.0,2013,1,94.9,530.0
10011.6,12.0,5.0,110,23.0,2013,1,94.9,3000.0
43789.2,11.0,3.0,70,7.0,2013,4,94.9,2700.0
23739.8,8.0,3.0,55,41.0,2013,4,94.9,1200.0
23739.8,9.0,3.0,70,26.0,2013,3,94.9,920.0
23739.8,9.0,3.0,60,22.0,2013,3,94.9,1500.0
23739.8,9.0,3.0,60,41.0,2013,1,94.9,1000.0
27622.0,9.0,5.0,85,4.0,2013,3,94.9,3800.0
27622.0,6.0,5.0,85,5.0,2013,2,94.9,3700.0
12225.7,9.0,4.0,80,,2013,3,94.9,3900.0
12225.7,9.0,4.0,75,13.0,2013,2,94.9,3700.0
12225.7,9.0,5.0,135,9.0,2013,2,94.9,6500.0
10011.6,11.0,4.0,80,22.0,2013,2,94.9,2100.0
43789.2,5.0,4.0,65,15.0,2013,3,94.9,2600.0
43789.2,4.0,4.0,65,15.0,2013,1,94.9,2600.0
3603.3636363636365,16.0,3.0,70,21.0,2013,2,94.9,790.0
17671.272727272728,8.0,4.0,75,14.0,2013,3,94.9,1300.0
10011.6,11.0,4.0,75,13.0,2013,3,94.9,2600.0
10347.9,10.0,5.0,80,6.0,2013,4,94.9,3500.0
10347.9,9.0,4.0,80,16.0,2013,4,94.9,3000.0
10347.9,14.0,4.0,70,6.0,2013,3,94.9,2800.0
10347.9,13.0,4.0,70,6.0,2013,3,94.9,3000.0
10347.9,14.0,4.0,70,6.0,2013,2,94.9,2900.0
10347.9,9.0,4.0,70,16.0,2013,1,94.9,2100.0
26831.7,4.0,4.0,65,16.0,2013,1,94.9,2900.0
12225.7,15.0,4.0,100,,2013,3,94.9,4300.0
12225.7,12.0,4.0,125,8.0,2013,2,94.9,5100.0
10011.6,10.0,4.0,80,26.0,2013,2,94.9,1800.0
10011.6,12.0,4.0,65,12.0,2013,2,94.9,2000.0
10011.6,13.0,3.0,70,13.0,2013,1,94.9,2500.0
43789.2,6.0,4.0,70,16.0,2013,2,94.9,2100.0
12225.7,18.0,5.0,90,12.0,2013,3,94.9,2700.0
12225.7,17.0,5.0,85,8.0,2013,1,94.9,2900.0
95281.1,11.0,4.0,60,40.0,2013,4,94.9,1800.0
95281.1,11.0,2.0,35,40.0,2013,2,94.9,700.0
95281.1,10.0,4.0,60,40.0,2013,2,94.9,1200.0
95281.1,28.0,4.0,70,24.0,2013,4,94.9,1400.0
20094.2,28.0,5.0,85,24.0,2013,2,94.9,2000.0
7356.8,6.0,5.0,100,9.0,2013,4,94.9,2800.0
7356.8,5.0,4.0,70,24.0,2013,4,94.9,1300.0
7356.8,10.0,4.0,95,28.0,2013,2,94.9,1600.0
7356.8,8.0,4.0,85,13.0,2013,2,94.9,1700.0
7356.8,4.0,4.0,80,21.0,2013,1,94.9,1600.0
7356.8,8.0,4.0,90,18.0,2013,1,94.9,1900.0
7356.8,13.0,4.0,70,23.0,2013,1,94.9,1300.0
7356.8,10.0,,30,28.0,2013,1,94.9,1800.0
7356.8,6.0,4.0,85,17.0,2013,1,94.9,2300.0
95281.1,11.0,5.0,80,16.0,2013,2,94.9,2800.0
95281.1,3.0,4.0,85,5.0,2013,4,94.9,6000.0
95281.1,2.0,3.0,60,5.0,2013,3,94.9,4100.0
95281.1,3.0,4.0,120,5.0,2013,1,94.9,14000.0
95281.1,9.0,4.0,60,8.0,2013,4,94.9,2600.0
95281.1,8.0,4.0,65,8.0,2013,3,94.9,2700.0
10347.9,12.0,5.0,70,16.0,2013,3,94.9,2500.0
43789.2,2.0,4.0,80,10.0,2013,2,94.9,3900.0
26831.7,7.0,5.0,95,10.0,2013,3,94.9,4100.0
22676.4,11.0,5.0,65,29.0,2013,4,94.9,1600.0
22676.4,7.0,4.0,65,5.0,2013,2,94.9,3900.0
22676.4,9.0,4.0,80,7.0,2013,1,94.9,3000.0
15629.818181818182,4.0,5.0,85,26.0,2013,3,94.9,3400.0
39373.63636363636,4.0,4.0,70,,2013,4,94.9,2600.0
39373.63636363636,6.0,4.0,85,14.0,2013,2,94.9,2700.0
39373.63636363636,4.0,4.0,65,18.0,2013,2,94.9,2600.0
39373.63636363636,8.0,5.0,80,18.0,2013,2,94.9,3100.0
39373.63636363636,4.0,5.0,80,18.0,2013,1,94.9,2500.0
39373.63636363636,5.0,3.0,60,14.0,2013,1,94.9,2300.0
39373.63636363636,4.0,4.0,65,18.0,2013,1,94.9,2300.0
3767.8,2.0,3.0,70,5.0,2013,1,94.9,3200.0
31877.3,2.0,4.0,60,16.0,2013,3,94.9,1500.0
31877.3,2.0,4.0,60,9.0,2013,3,94.9,2200.0
31877.3,1.0,5.0,75,9.0,2013,2,94.9,2900.0
31877.3,2.0,3.0,60,9.0,2013,2,94.9,2100.0
31877.3,2.0,3.0,55,9.0,2013,1,94.9,1900.0
31877.3,2.0,5.0,75,9.0,2013,1,94.9,2000.0
31877.3,2.0,4.0,55,16.0,2013,1,94.9,1500.0
31877.3,2.0,,60,16.0,2013,1,94.9,1100.0
31877.3,6.0,3.0,55,17.0,2013,2,94.9,1800.0
39373.63636363636,7.0,4.0,75,12.0,2013,2,94.9,2700.0
36670.72727272727,9.0,3.0,65,41.0,2013,3,94.9,1900.0
43789.2,3.0,3.0,55,13.0,2013,2,94.9,2000.0
36670.72727272727,10.0,3.0,55,16.0,2013,3,94.9,1400.0
10347.9,5.0,4.0,70,11.0,2013,2,94.9,2900.0
10347.9,6.0,5.0,110,22.0,2013,2,94.9,2900.0
10347.9,4.0,4.0,70,11.0,2013,1,94.9,3200.0
39373.63636363636,13.0,2.0,15,27.0,2013,4,94.9,390.0
39373.63636363636,10.0,4.0,75,9.0,2013,4,94.9,2900.0
39373.63636363636,10.0,4.0,60,9.0,2013,1,94.9,2700.0
39373.63636363636,10.0,4.0,60,9.0,2013,1,94.9,2300.0
43789.2,13.0,2.0,15,27.0,2013,3,94.9,260.0
17671.272727272728,30.0,4.0,75,18.0,2013,1,94.9,680.0
60822.454545454544,18.0,,80,,2013,4,94.9,1700.0
3603.3636363636365,13.0,4.0,75,16.0,2013,4,94.9,1500.0
3603.3636363636365,11.0,4.0,70,15.0,2013,4,94.9,1500.0
3603.3636363636365,11.0,5.0,75,15.0,2013,1,94.9,1600.0
23739.8,6.0,4.0,70,9.0,2013,3,94.9,2900.0
23739.8,7.0,4.0,65,13.0,2013,2,94.9,2200.0
23739.8,7.0,4.0,70,13.0,2013,2,94.9,2500.0
23739.8,10.0,4.0,80,18.0,2013,1,94.9,2500.0
23739.8,7.0,3.0,40,42.0,2013,1,94.9,900.0
12225.7,6.0,2.0,40,5.0,2013,2,94.9,1800.0
27120.9,9.0,4.0,85,29.0,2013,1,94.9,2300.0
22676.4,10.0,4.0,95,15.0,2013,4,94.9,2400.0
22676.4,1.0,5.0,85,11.0,2013,1,94.9,2900.0
43789.2,12.0,2.0,25,5.0,2013,4,94.9,990.0
43789.2,30.0,4.0,70,15.0,2013,4,94.9,1700.0
43789.2,30.0,4.0,70,15.0,2013,4,94.9,1400.0
43789.2,30.0,4.0,70,15.0,2013,3,94.9,1400.0
43789.2,30.0,5.0,105,15.0,2013,3,94.9,2800.0
43789.2,30.0,4.0,70,15.0,2013,2,94.9,1500.0
43789.2,30.0,5.0,85,15.0,2013,2,94.9,1800.0
43789.2,30.0,4.0,85,9.0,2013,2,94.9,2500.0
43789.2,30.0,5.0,85,15.0,2013,1,94.9,2100.0
95281.1,14.0,4.0,70,3.0,2013,1,94.9,3300.0
20094.2,10.0,4.0,70,16.0,2013,2,94.9,2400.0
20094.2,5.0,4.0,75,3.0,2013,4,94.9,3900.0
20094.2,5.0,5.0,85,4.0,2013,1,94.9,4300.0
27120.9,4.0,3.0,95,29.0,2013,3,94.9,4200.0
27120.9,3.0,2.0,25,29.0,2013,3,94.9,630.0
39373.63636363636,7.0,4.0,65,12.0,2013,3,94.9,2200.0
39373.63636363636,9.0,4.0,65,9.0,2013,2,94.9,2800.0
52071.7,12.0,4.0,65,12.0,2013,2,94.9,3100.0
23739.8,10.0,5.0,80,12.0,2013,3,94.9,3800.0
43789.2,3.0,4.0,65,8.0,2013,2,94.9,2400.0
43789.2,3.0,4.0,65,7.0,2013,1,94.9,3700.0
52071.7,16.0,5.0,95,11.0,2013,4,94.9,2700.0
52071.7,20.0,3.0,70,13.0,2013,2,94.9,1900.0
52071.7,16.0,3.0,95,11.0,2013,2,94.9,3000.0
52071.7,21.0,4.0,70,13.0,2013,1,94.9,2100.0
52071.7,19.0,4.0,90,11.0,2013,1,94.9,2900.0
43789.2,11.0,3.0,65,10.0,2013,1,94.9,2700.0
1756.3,3.0,4.0,70,15.0,2013,1,94.9,2700.0
31877.3,16.0,4.0,70,7.0,2013,4,94.9,2500.0
31877.3,15.0,4.0,80,8.0,2013,1,94.9,2400.0
43789.2,16.0,4.0,70,9.0,2013,3,94.9,2500.0
43789.2,16.0,5.0,90,9.0,2013,2,94.9,3000.0
43789.2,19.0,4.0,60,16.0,2013,1,94.9,1900.0
43789.2,18.0,5.0,80,9.0,2013,1,94.9,2900.0
17671.272727272728,11.0,3.0,65,21.0,2013,4,94.9,920.0
17671.272727272728,5.0,5.0,95,19.0,2013,3,94.9,1700.0
17671.272727272728,8.0,3.0,95,19.0,2013,3,94.9,1800.0
17671.272727272728,3.0,5.0,90,17.0,2013,3,94.9,1700.0
17671.272727272728,8.0,4.0,95,19.0,2013,3,94.9,1900.0
17671.272727272728,6.0,4.0,80,10.0,2013,2,94.9,1700.0
17671.272727272728,15.0,4.0,90,19.0,2013,2,94.9,830.0
17671.272727272728,14.0,4.0,70,16.0,2013,2,94.9,1400.0
17671.272727272728,8.0,4.0,95,19.0,2013,1,94.9,1900.0
17671.272727272728,3.0,5.0,90,17.0,2013,1,94.9,1300.0
17671.272727272728,11.0,4.0,85,21.0,2013,1,94.9,1500.0
17671.272727272728,19.0,4.0,80,19.0,2013,1,94.9,770.0
17671.272727272728,8.0,4.0,90,19.0,2013,1,94.9,1500.0
17671.272727272728,14.0,5.0,85,16.0,2013,1,94.9,1200.0
12225.7,8.0,4.0,100,2.0,2013,4,94.9,7000.0
12225.7,15.0,4.0,80,5.0,2013,4,94.9,4600.0
12225.7,12.0,4.0,70,13.0,2013,3,94.9,3400.0
12225.7,16.0,4.0,65,15.0,2013,3,94.9,2400.0
12225.7,13.0,5.0,85,13.0,2013,2,94.9,4100.0
12225.7,13.0,5.0,100,16.0,2013,2,94.9,3500.0
12225.7,14.0,5.0,85,15.0,2013,1,94.9,3300.0
95281.1,16.0,4.0,75,18.0,2013,3,94.9,2300.0
20094.2,16.0,5.0,80,19.0,2013,2,94.9,2700.0
20094.2,16.0,5.0,70,10.0,2013,1,94.9,2800.0
95281.1,6.0,3.0,50,8.0,2013,4,94.9,2200.0
39373.63636363636,20.0,5.0,75,10.0,2013,4,94.9,2700.0
95281.1,19.0,5.0,75,14.0,2013,2,94.9,2400.0
20094.2,13.0,4.0,75,14.0,2013,4,94.9,2400.0
95281.1,11.0,4.0,60,3.0,2013,4,94.9,2400.0
95281.1,9.0,,75,32.0,2013,3,94.9,1300.0
95281.1,25.0,2.0,15,25.0,2013,3,94.9,470.0
95281.1,10.0,2.0,15,25.0,2013,2,94.9,500.0
95281.1,6.0,2.0,15,26.0,2013,1,94.9,400.0
95281.1,11.0,5.0,90,7.0,2013,1,94.9,5100.0
36670.72727272727,6.0,4.0,100,45.0,2013,4,94.9,2400.0
36670.72727272727,6.0,4.0,100,45.0,2013,4,94.9,2400.0
36670.72727272727,6.0,3.0,70,45.0,2013,3,94.9,1900.0
36670.72727272727,6.0,4.0,90,10.0,2013,2,94.9,4300.0
36670.72727272727,6.0,4.0,100,45.0,2013,2,94.9,2400.0
36670.72727272727,4.0,4.0,95,12.0,2013,2,94.9,4200.0
36670.72727272727,7.0,3.0,65,5.0,2013,1,94.9,3100.0
27120.9,13.0,4.0,75,13.0,2013,1,94.9,3100.0
10347.9,11.0,4.0,70,16.0,2013,2,94.9,2200.0
27120.9,5.0,4.0,70,16.0,2013,4,94.9,3500.0
12225.7,6.0,3.0,60,11.0,2013,2,94.9,2900.0
12225.7,6.0,4.0,70,11.0,2013,1,94.9,2900.0
36670.72727272727,8.0,4.0,80,7.0,2013,2,94.9,4500.0
36670.72727272727,7.0,4.0,70,6.0,2013,2,94.9,3600.0
36670.72727272727,9.0,4.0,70,36.0,2013,1,94.9,1400.0
36670.72727272727,10.0,4.0,70,12.0,2013,1,94.9,2900.0
39373.63636363636,3.0,4.0,65,11.0,2013,4,94.9,2200.0
95281.1,15.0,4.0,60,40.0,2013,2,94.9,950.0
95281.1,11.0,4.0,65,11.0,2013,2,94.9,2000.0
95281.1,11.0,4.0,70,11.0,2013,1,94.9,3200.0
95281.1,11.0,4.0,70,11.0,2013,1,94.9,3200.0
20094.2,6.0,4.0,70,14.0,2013,3,94.9,2700.0
12225.7,2.0,4.0,70,12.0,2013,2,94.9,3900.0
95281.1,6.0,4.0,65,15.0,2013,4,94.9,2600.0
95281.1,6.0,2.0,25,15.0,2013,3,94.9,1200.0
10347.9,9.0,4.0,70,12.0,2013,3,94.9,2500.0
20094.2,6.0,4.0,75,16.0,2013,1,94.9,3400.0
20094.2,6.0,4.0,75,16.0,2013,1,94.9,3200.0
20094.2,2.0,4.0,65,16.0,2013,2,94.9,2600.0
20094.2,4.0,3.0,70,14.0,2013,1,94.9,2800.0
95281.1,15.0,5.0,85,7.0,2013,3,94.9,4600.0
95281.1,15.0,5.0,90,7.0,2013,2,94.9,4900.0
20094.2,9.0,4.0,60,9.0,2013,1,94.9,2900.0
15629.818181818182,3.0,4.0,70,16.0,2013,2,94.9,3500.0
5762.0,24.0,5.0,80,22.0,2013,4,94.9,780.0
43789.2,7.0,3.0,60,10.0,2013,3,94.9,2200.0
95281.1,3.0,3.0,75,13.0,2013,4,94.9,4100.0
95281.1,5.0,4.0,80,13.0,2013,4,94.9,2700.0
95281.1,5.0,4.0,80,13.0,2013,4,94.9,4300.0
95281.1,6.0,4.0,95,2.0,2013,4,94.9,6200.0
95281.1,5.0,4.0,65,8.0,2013,4,94.9,3100.0
95281.1,3.0,4.0,80,13.0,2013,4,94.9,4400.0
95281.1,3.0,4.0,80,13.0,2013,4,94.9,4500.0
95281.1,5.0,3.0,75,13.0,2013,4,94.9,4000.0
95281.1,3.0,4.0,80,13.0,2013,3,94.9,4700.0
95281.1,3.0,4.0,80,13.0,2013,3,94.9,3800.0
95281.1,5.0,4.0,80,13.0,2013,3,94.9,4700.0
95281.1,3.0,3.0,80,13.0,2013,2,94.9,4100.0
95281.1,8.0,5.0,80,31.0,2013,1,94.9,2400.0
95281.1,3.0,4.0,80,13.0,2013,1,94.9,3500.0
95281.1,3.0,4.0,80,13.0,2013,1,94.9,4300.0
95281.1,3.0,4.0,80,13.0,2013,1,94.9,3600.0
20094.2,9.0,4.0,55,11.0,2013,4,94.9,2300.0
20094.2,11.0,5.0,80,13.0,2013,3,94.9,3100.0
20094.2,11.0,4.0,70,13.0,2013,2,94.9,2700.0
43789.2,5.0,4.0,50,13.0,2013,4,94.9,2000.0
43789.2,1.0,4.0,75,17.0,2013,4,94.9,3900.0
43789.2,3.0,2.0,60,5.0,2013,4,94.9,3000.0
43789.2,5.0,,15,17.0,2013,4,94.9,780.0
95281.1,13.0,4.0,75,22.0,2009,1,95.5,1500.0
39373.63636363636,0.0,3.0,65,14.0,2009,4,95.5,2100.0
39373.63636363636,1.0,3.0,65,16.0,2009,3,95.5,2400.0
39373.63636363636,1.0,3.0,60,16.0,2009,1,95.5,2100.0
10347.9,14.0,4.0,80,37.0,2009,4,95.5,660.0
10347.9,12.0,4.0,95,6.0,2009,3,95.5,3100.0
10347.9,13.0,4.0,85,6.0,2009,3,95.5,3100.0
10347.9,12.0,5.0,95,6.0,2009,2,95.5,3400.0
10347.9,13.0,4.0,90,17.0,2009,1,95.5,1800.0
10347.9,13.0,4.0,110,17.0,2009,1,95.5,3100.0
15629.818181818182,22.0,4.0,60,28.0,2009,1,95.5,1200.0
26831.7,30.0,3.0,65,29.0,2009,2,95.5,1200.0
10011.6,16.0,4.0,70,10.0,2009,3,95.5,2800.0
10011.6,19.0,4.0,70,29.0,2009,1,95.5,1100.0
95281.1,30.0,4.0,70,14.0,2009,3,95.5,2000.0
95281.1,30.0,4.0,70,14.0,2009,2,95.5,1600.0
95281.1,30.0,5.0,95,6.0,2009,1,95.5,3300.0
26831.7,18.0,4.0,70,14.0,2009,2,95.5,1600.0
22676.4,23.0,5.0,75,8.0,2009,3,95.5,2700.0
4206.7,13.0,4.0,75,13.0,2009,4,95.5,2300.0
4206.7,5.0,4.0,65,14.0,2009,2,95.5,1700.0
4206.7,13.0,4.0,70,13.0,2009,2,95.5,2400.0
4206.7,10.0,4.0,60,12.0,2009,1,95.5,1700.0
20094.2,20.0,4.0,60,11.0,2009,1,95.5,1400.0
26831.7,23.0,4.0,70,12.0,2009,3,95.5,1500.0
10011.6,18.0,4.0,80,15.0,2009,3,95.5,2300.0
10011.6,16.0,4.0,60,31.0,2009,4,95.5,750.0
10011.6,15.0,4.0,60,31.0,2009,4,95.5,840.0
10011.6,14.0,4.0,65,31.0,2009,4,95.5,1000.0
10011.6,16.0,4.0,60,31.0,2009,2,95.5,390.0
10011.6,16.0,4.0,65,31.0,2009,1,95.5,800.0
7356.8,2.0,5.0,80,28.0,2009,4,95.5,1700.0
1756.3,8.0,4.0,75,28.0,2009,1,95.5,1300.0
1756.3,8.0,5.0,75,23.0,2009,1,95.5,1400.0
7356.8,5.0,5.0,70,34.0,2009,2,95.5,750.0
7356.8,4.0,5.0,70,34.0,2009,2,95.5,850.0
12225.7,16.0,4.0,75,4.0,2009,4,95.5,3300.0
12225.7,18.0,4.0,55,34.0,2009,4,95.5,600.0
12225.7,16.0,4.0,70,34.0,2009,4,95.5,1000.0
12225.7,17.0,3.0,60,34.0,2009,3,95.5,600.0
27120.9,11.0,2.0,50,1.0,2009,4,95.5,2600.0
27120.9,11.0,2.0,55,1.0,2009,3,95.5,2800.0
27120.9,11.0,2.0,55,1.0,2009,2,95.5,2500.0
10347.9,14.0,4.0,65,9.0,2009,4,95.5,2000.0
10347.9,14.0,4.0,70,9.0,2009,2,95.5,2000.0
95281.1,15.0,4.0,70,14.0,2009,3,95.5,2400.0
95281.1,14.0,4.0,70,14.0,2009,1,95.5,1900.0
95281.1,9.0,4.0,70,5.0,2009,4,95.5,3600.0
95281.1,9.0,4.0,70,12.0,2009,2,95.5,2700.0
15629.818181818182,7.0,2.0,20,15.0,2009,2,95.5,510.0
23739.8,7.0,5.0,65,9.0,2009,4,95.5,2900.0
23739.8,8.0,5.0,85,7.0,2009,1,95.5,3300.0
15629.818181818182,4.0,4.0,70,30.0,2009,2,95.5,1900.0
26831.7,14.0,4.0,70,32.0,2009,2,95.5,1300.0
12225.7,15.0,4.0,75,13.0,2009,2,95.5,2400.0
15629.818181818182,20.0,4.0,85,6.0,2009,2,95.5,2900.0
43789.2,18.0,3.0,60,5.0,2009,4,95.5,1500.0
43789.2,19.0,5.0,90,6.0,2009,2,95.5,3400.0
3767.8,13.0,3.0,50,12.0,2009,4,95.5,1400.0
26831.7,7.0,4.0,65,9.0,2009,4,95.5,2900.0
26831.7,4.0,4.0,75,8.0,2009,3,95.5,3600.0
26831.7,5.0,4.0,70,8.0,2009,2,95.5,3400.0
26831.7,7.0,4.0,65,9.0,2009,2,95.5,2600.0
26831.7,7.0,4.0,65,9.0,2009,2,95.5,3000.0
10011.6,4.0,4.0,75,3.0,2009,1,95.5,3600.0
10347.9,11.0,4.0,95,0.0,2009,2,95.5,4400.0
10347.9,10.0,4.0,65,9.0,2009,2,95.5,2100.0
10347.9,9.0,4.0,75,6.0,2009,4,95.5,3200.0
10347.9,5.0,3.0,50,11.0,2009,4,95.5,1500.0
10347.9,2.0,4.0,75,11.0,2009,4,95.5,2600.0
10347.9,5.0,4.0,50,11.0,2009,3,95.5,1700.0
10347.9,3.0,4.0,75,11.0,2009,3,95.5,2400.0
10347.9,4.0,5.0,95,20.0,2009,2,95.5,2700.0
10347.9,4.0,3.0,45,29.0,2009,1,95.5,1000.0
10347.9,2.0,4.0,60,11.0,2009,1,95.5,2100.0
12225.7,8.0,4.0,70,9.0,2009,3,95.5,2900.0
12225.7,8.0,4.0,70,9.0,2009,1,95.5,2600.0
10011.6,9.0,4.0,70,9.0,2009,1,95.5,2900.0
95281.1,2.0,4.0,55,8.0,2009,3,95.5,5100.0
43789.2,18.0,3.0,65,13.0,2009,4,95.5,1500.0
43789.2,12.0,2.0,65,35.0,2009,4,95.5,800.0
43789.2,11.0,4.0,55,35.0,2009,3,95.5,800.0
43789.2,17.0,4.0,65,13.0,2009,1,95.5,1400.0
36670.72727272727,10.0,5.0,80,32.0,2009,2,95.5,2100.0
36670.72727272727,9.0,4.0,55,36.0,2009,2,95.5,1400.0
36670.72727272727,7.0,4.0,75,3.0,2009,1,95.5,3200.0
12225.7,6.0,3.0,65,9.0,2009,4,95.5,3500.0
12225.7,6.0,4.0,70,10.0,2009,4,95.5,3200.0
12225.7,6.0,4.0,75,9.0,2009,1,95.5,3600.0
27120.9,8.0,4.0,75,10.0,2009,4,95.5,3200.0
36670.72727272727,16.0,4.0,65,8.0,2009,4,95.5,2900.0
36670.72727272727,11.0,4.0,80,6.0,2009,2,95.5,3600.0
52071.7,13.0,5.0,95,13.0,2009,3,95.5,4000.0
52071.7,9.0,4.0,65,40.0,2009,2,95.5,1700.0
52071.7,4.0,4.0,65,40.0,2009,2,95.5,950.0
52071.7,14.0,3.0,65,3.0,2009,1,95.5,2800.0
36670.72727272727,7.0,4.0,70,11.0,2009,4,95.5,3100.0
52071.7,8.0,4.0,70,9.0,2009,4,95.5,2300.0
52071.7,9.0,4.0,65,7.0,2009,1,95.5,2300.0
52071.7,6.0,5.0,55,23.0,2009,1,95.5,1400.0
52071.7,8.0,3.0,65,8.0,2009,4,95.5,2400.0
52071.7,9.0,3.0,50,36.0,2009,2,95.5,1200.0
52071.7,8.0,4.0,85,6.0,2009,1,95.5,3300.0
52071.7,7.0,4.0,70,8.0,2009,1,95.5,2800.0
26831.7,1.0,3.0,65,21.0,2009,4,95.5,1900.0
26831.7,2.0,4.0,65,9.0,2009,1,95.5,2700.0
10347.9,11.0,4.0,70,9.0,2009,4,95.5,2300.0
10011.6,1.0,3.0,80,9.0,2009,3,95.5,3400.0
10011.6,10.0,4.0,75,10.0,2009,2,95.5,2400.0
10011.6,9.0,3.0,110,10.0,2009,1,95.5,2500.0
10011.6,18.0,5.0,140,18.0,2009,3,95.5,3500.0
10011.6,18.0,6.0,140,18.0,2009,2,95.5,3500.0
10011.6,15.0,4.0,70,11.0,2009,1,95.5,2200.0
10011.6,4.0,4.0,65,10.0,2009,3,95.5,2800.0
10011.6,7.0,4.0,70,3.0,2009,2,95.5,3100.0
10011.6,3.0,4.0,75,32.0,2009,3,95.5,1200.0
10011.6,1.0,4.0,60,38.0,2009,2,95.5,970.0
10011.6,3.0,5.0,75,32.0,2009,1,95.5,1900.0
10011.6,3.0,3.0,75,32.0,2009,1,95.5,1500.0
10011.6,11.0,5.0,75,0.0,2009,4,95.5,3300.0
10011.6,11.0,5.0,110,19.0,2009,4,95.5,2400.0
10011.6,9.0,4.0,80,0.0,2009,3,95.5,3700.0
10011.6,13.0,4.0,80,0.0,2009,3,95.5,3600.0
36670.72727272727,13.0,5.0,85,5.0,2009,2,95.5,3400.0
27120.9,6.0,4.0,70,4.0,2009,1,95.5,3700.0
23739.8,2.0,2.0,70,18.0,2009,2,95.5,1500.0
15629.818181818182,4.0,4.0,55,9.0,2009,3,95.5,2100.0
43789.2,3.0,4.0,65,11.0,2009,1,95.5,2500.0
3603.3636363636365,17.0,4.0,80,17.0,2009,2,95.5,850.0
17671.272727272728,8.0,4.0,75,10.0,2009,4,95.5,1400.0
12225.7,9.0,5.0,85,4.0,2009,4,95.5,3000.0
12225.7,15.0,4.0,65,9.0,2009,3,95.5,2100.0
12225.7,8.0,4.0,75,4.0,2009,3,95.5,3000.0
10347.9,11.0,4.0,85,13.0,2009,2,95.5,2900.0
10347.9,14.0,4.0,75,2.0,2009,1,95.5,3300.0
10347.9,11.0,4.0,75,2.0,2009,1,95.5,3800.0
10347.9,11.0,4.0,75,2.0,2009,1,95.5,3400.0
26831.7,4.0,3.0,60,12.0,2009,4,95.5,1900.0
12225.7,10.0,4.0,95,3.0,2009,2,95.5,5000.0
43789.2,10.0,4.0,70,10.0,2009,1,95.5,2800.0
12225.7,15.0,4.0,70,7.0,2009,4,95.5,2000.0
12225.7,18.0,5.0,75,8.0,2009,1,95.5,2100.0
10011.6,19.0,4.0,70,8.0,2009,1,95.5,2200.0
95281.1,25.0,3.0,65,32.0,2009,4,95.5,800.0
95281.1,25.0,3.0,75,32.0,2009,2,95.5,980.0
95281.1,11.0,4.0,60,36.0,2009,4,95.5,850.0
95281.1,11.0,4.0,60,33.0,2009,3,95.5,1100.0
7356.8,9.0,4.0,80,13.0,2009,4,95.5,2100.0
7356.8,10.0,4.0,70,26.0,2009,4,95.5,1400.0
7356.8,10.0,4.0,70,26.0,2009,4,95.5,1400.0
7356.8,5.0,4.0,75,18.0,2009,3,95.5,1800.0
7356.8,10.0,3.0,75,26.0,2009,3,95.5,1100.0
7356.8,12.0,4.0,70,19.0,2009,2,95.5,1400.0
7356.8,7.0,4.0,80,7.0,2009,2,95.5,2100.0
7356.8,9.0,4.0,95,24.0,2009,1,95.5,1700.0
7356.8,8.0,4.0,95,26.0,2009,1,95.5,1700.0
27120.9,12.0,4.0,75,41.0,2009,3,95.5,1300.0
95281.1,4.0,4.0,90,1.0,2009,1,95.5,7100.0
95281.1,10.0,4.0,75,10.0,2009,1,95.5,3000.0
26831.7,21.0,4.0,65,30.0,2009,3,95.5,1400.0
22676.4,16.0,5.0,75,23.0,2009,1,95.5,1800.0
22676.4,15.0,4.0,75,6.0,2009,1,95.5,2900.0
31877.3,8.0,4.0,65,8.0,2009,3,95.5,2500.0
39373.63636363636,5.0,4.0,65,15.0,2009,4,95.5,2100.0
39373.63636363636,6.0,3.0,55,10.0,2009,4,95.5,1800.0
39373.63636363636,5.0,5.0,80,15.0,2009,4,95.5,2900.0
39373.63636363636,8.0,4.0,65,8.0,2009,4,95.5,2400.0
39373.63636363636,6.0,4.0,70,10.0,2009,2,95.5,2400.0
39373.63636363636,3.0,4.0,65,14.0,2009,2,95.5,2500.0
31877.3,2.0,4.0,50,12.0,2009,2,95.5,1700.0
31877.3,2.0,4.0,70,5.0,2009,1,95.5,2700.0
31877.3,2.0,2.0,25,20.0,2009,4,95.5,370.0
31877.3,3.0,2.0,25,20.0,2009,2,95.5,390.0
31877.3,6.0,4.0,60,13.0,2009,3,95.5,1400.0
31877.3,6.0,4.0,55,13.0,2009,3,95.5,1600.0
43789.2,8.0,4.0,65,16.0,2009,3,95.5,2400.0
36670.72727272727,9.0,4.0,95,21.0,2009,1,95.5,2700.0
43789.2,3.0,3.0,60,3.0,2009,4,95.5,2600.0
43789.2,3.0,3.0,65,9.0,2009,4,95.5,2600.0
36670.72727272727,11.0,4.0,75,23.0,2009,2,95.5,2500.0
36670.72727272727,12.0,4.0,65,11.0,2009,2,95.5,2300.0
95281.1,20.0,4.0,70,12.0,2009,1,95.5,2300.0
17671.272727272728,7.0,4.0,70,11.0,2009,4,95.5,1100.0
17671.272727272728,26.0,4.0,65,14.0,2009,3,95.5,270.0
17671.272727272728,30.0,4.0,65,7.0,2009,2,95.5,490.0
17671.272727272728,30.0,4.0,65,14.0,2009,1,95.5,450.0
60822.454545454544,9.0,5.0,105,5.0,2009,1,95.5,3400.0
3603.3636363636365,13.0,5.0,75,12.0,2009,3,95.5,1400.0
3603.3636363636365,13.0,4.0,75,10.0,2009,2,95.5,1500.0
3603.3636363636365,11.0,5.0,75,10.0,2009,1,95.5,1600.0
3603.3636363636365,13.0,4.0,75,10.0,2009,1,95.5,1700.0
23739.8,6.0,,40,38.0,2009,4,95.5,790.0
23739.8,7.0,4.0,60,11.0,2009,4,95.5,1900.0
23739.8,5.0,3.0,40,38.0,2009,3,95.5,800.0
23739.8,6.0,4.0,40,38.0,2009,2,95.5,470.0
23739.8,5.0,4.0,75,6.0,2009,2,95.5,2700.0
23739.8,3.0,4.0,65,5.0,2009,2,95.5,2700.0
23739.8,7.0,4.0,65,9.0,2009,1,95.5,2500.0
12225.7,6.0,2.0,40,1.0,2009,3,95.5,2500.0
12225.7,6.0,2.0,40,1.0,2009,3,95.5,2500.0
12225.7,6.0,2.0,40,1.0,2009,3,95.5,2600.0
12225.7,6.0,2.0,40,1.0,2009,3,95.5,2500.0
12225.7,7.0,2.0,40,1.0,2009,3,95.5,2600.0
12225.7,5.0,2.0,40,1.0,2009,2,95.5,2600.0
12225.7,6.0,2.0,40,1.0,2009,2,95.5,2600.0
27120.9,8.0,4.0,85,5.0,2009,1,95.5,4600.0
22676.4,10.0,4.0,90,21.0,2009,4,95.5,2700.0
22676.4,9.0,4.0,60,11.0,2009,1,95.5,2200.0
43789.2,11.0,2.0,25,1.0,2009,3,95.5,1800.0
43789.2,9.0,2.0,25,1.0,2009,3,95.5,2000.0
43789.2,11.0,2.0,25,1.0,2009,2,95.5,2000.0
43789.2,12.0,2.0,25,1.0,2009,1,95.5,1900.0
43789.2,30.0,5.0,85,11.0,2009,4,95.5,2200.0
43789.2,30.0,4.0,70,11.0,2009,4,95.5,1500.0
43789.2,30.0,5.0,105,11.0,2009,4,95.5,3100.0
43789.2,30.0,3.0,150,5.0,2009,3,95.5,7300.0
43789.2,30.0,4.0,75,10.0,2009,2,95.5,2300.0
43789.2,30.0,,150,5.0,2009,2,95.5,5900.0
43789.2,30.0,5.0,85,11.0,2009,1,95.5,2600.0
43789.2,30.0,4.0,70,11.0,2009,1,95.5,1800.0
43789.2,30.0,4.0,150,5.0,2009,1,95.5,4300.0
43789.2,30.0,4.0,70,11.0,2009,1,95.5,1400.0
27120.9,2.0,2.0,50,9.0,2009,4,95.5,2400.0
27120.9,2.0,4.0,75,23.0,2009,3,95.5,2100.0
27120.9,3.0,4.0,95,13.0,2009,2,95.5,5300.0
39373.63636363636,6.0,4.0,70,8.0,2009,1,95.5,2500.0
43789.2,9.0,5.0,80,5.0,2009,2,95.5,3200.0
43789.2,8.0,3.0,60,12.0,2009,1,95.5,2100.0
52071.7,11.0,4.0,65,8.0,2009,1,95.5,2800.0
43789.2,3.0,4.0,65,4.0,2009,4,95.5,2600.0
43789.2,4.0,4.0,70,11.0,2009,4,95.5,2900.0
43789.2,2.0,4.0,70,8.0,2009,4,95.5,2500.0
43789.2,3.0,4.0,70,19.0,2009,3,95.5,2200.0
43789.2,14.0,5.0,75,8.0,2009,4,95.5,2700.0
43789.2,14.0,3.0,65,8.0,2009,3,95.5,2900.0
43789.2,6.0,5.0,80,9.0,2009,2,95.5,2600.0
1756.3,3.0,4.0,70,11.0,2009,2,95.5,2300.0
1952.3,4.0,4.0,75,30.0,2009,1,95.5,850.0
1952.3,6.0,4.0,60,32.0,2009,1,95.5,1400.0
31877.3,14.0,4.0,85,4.0,2009,3,95.5,2800.0
31877.3,15.0,4.0,80,4.0,2009,1,95.5,2800.0
43789.2,18.0,4.0,65,12.0,2009,3,95.5,2100.0
43789.2,19.0,4.0,65,13.0,2009,3,95.5,1800.0
43789.2,16.0,4.0,70,5.0,2009,2,95.5,2100.0
43789.2,16.0,4.0,55,12.0,2009,2,95.5,1300.0
43789.2,20.0,4.0,60,13.0,2009,1,95.5,1600.0
43789.2,18.0,5.0,90,5.0,2009,1,95.5,3100.0
43789.2,16.0,4.0,70,5.0,2009,1,95.5,2500.0
17671.272727272728,4.0,4.0,80,15.0,2009,4,95.5,2000.0
17671.272727272728,15.0,4.0,90,15.0,2009,3,95.5,1600.0
17671.272727272728,8.0,4.0,95,15.0,2009,2,95.5,2000.0
17671.272727272728,13.0,4.0,70,12.0,2009,2,95.5,1400.0
12225.7,16.0,4.0,75,7.0,2009,4,95.5,3500.0
12225.7,11.0,4.0,70,9.0,2009,4,95.5,2800.0
12225.7,14.0,5.0,90,11.0,2009,4,95.5,4100.0
12225.7,17.0,4.0,85,27.0,2009,4,95.5,2000.0
20094.2,17.0,5.0,75,23.0,2009,4,95.5,1400.0
95281.1,8.0,4.0,70,4.0,2009,4,95.5,3600.0
95281.1,6.0,4.0,70,11.0,2009,1,95.5,3200.0
43789.2,6.0,2.0,60,14.0,2009,2,95.5,1800.0
95281.1,23.0,5.0,100,10.0,2009,3,95.5,3300.0
95281.1,4.0,2.0,15,22.0,2009,3,95.5,300.0
95281.1,6.0,2.0,15,22.0,2009,2,95.5,280.0
95281.1,6.0,2.0,15,22.0,2009,2,95.5,280.0
20094.2,10.0,4.0,65,3.0,2009,3,95.5,3300.0
20094.2,5.0,4.0,65,3.0,2009,2,95.5,3300.0
20094.2,7.0,3.0,55,,2009,2,95.5,2400.0
20094.2,8.0,5.0,90,6.0,2009,1,95.5,4200.0
36670.72727272727,6.0,4.0,120,41.0,2009,3,95.5,2300.0
36670.72727272727,6.0,3.0,70,41.0,2009,1,95.5,1000.0
12225.7,9.0,,45,39.0,2009,4,95.5,670.0
12225.7,8.0,3.0,40,39.0,2009,4,95.5,950.0
12225.7,8.0,4.0,45,39.0,2009,4,95.5,600.0
12225.7,9.0,3.0,45,39.0,2009,3,95.5,640.0
12225.7,4.0,4.0,70,9.0,2009,1,95.5,3700.0
10347.9,9.0,5.0,115,1.0,2009,1,95.5,4700.0
27120.9,6.0,4.0,85,3.0,2009,2,95.5,6000.0
39373.63636363636,2.0,4.0,70,7.0,2009,4,95.5,2800.0
39373.63636363636,4.0,4.0,65,14.0,2009,2,95.5,1800.0
39373.63636363636,4.0,4.0,65,14.0,2009,1,95.5,2500.0
36670.72727272727,13.0,4.0,70,6.0,2009,2,95.5,3000.0
95281.1,8.0,4.0,70,13.0,2009,2,95.5,2900.0
95281.1,8.0,,65,13.0,2009,2,95.5,2500.0
95281.1,7.0,4.0,70,13.0,2009,1,95.5,3200.0
20094.2,6.0,4.0,70,10.0,2009,1,95.5,2500.0
95281.1,7.0,3.0,50,11.0,2009,3,95.5,2200.0
10347.9,1.0,5.0,80,12.0,2009,2,95.5,3200.0
95281.1,15.0,3.0,65,12.0,2009,4,95.5,1800.0
20094.2,7.0,5.0,110,12.0,2009,3,95.5,3600.0
20094.2,5.0,4.0,65,12.0,2009,3,95.5,2900.0
20094.2,13.0,4.0,75,10.0,2009,4,95.5,2600.0
20094.2,4.0,4.0,75,10.0,2009,2,95.5,3400.0
15629.818181818182,8.0,3.0,55,10.0,2009,1,95.5,2000.0
15629.818181818182,8.0,4.0,75,10.0,2009,1,95.5,3000.0
15629.818181818182,4.0,4.0,75,11.0,2009,1,95.5,3300.0
39373.63636363636,18.0,3.0,55,12.0,2009,2,95.5,1300.0
10574.09090909091,30.0,3.0,60,10.0,2009,2,95.5,280.0
176.0,19.0,5.0,85,19.0,2009,2,95.5,900.0
43789.2,6.0,2.0,25,0.0,2009,3,95.5,2000.0
43789.2,8.0,2.0,25,0.0,2009,2,95.5,1900.0
43789.2,5.0,2.0,30,0.0,2009,2,95.5,2400.0
95281.1,5.0,4.0,70,4.0,2009,4,95.5,4500.0
95281.1,7.0,4.0,80,27.0,2009,3,95.5,2100.0
95281.1,9.0,5.0,80,27.0,2009,3,95.5,2500.0
95281.1,3.0,4.0,80,9.0,2009,3,95.5,4300.0
43789.2,6.0,5.0,110,11.0,2009,3,95.5,4800.0
43789.2,6.0,4.0,85,11.0,2009,1,95.5,3700.0
43789.2,5.0,5.0,105,11.0,2009,1,95.5,4200.0
36670.72727272727,15.0,4.0,80,9.0,2009,3,95.5,3400.0
23739.8,13.0,4.0,75,7.0,2009,4,95.5,3600.0
23739.8,13.0,4.0,75,15.0,2009,3,95.5,2500.0
27120.9,8.0,4.0,70,5.0,2009,4,95.5,3800.0
20094.2,11.0,4.0,70,7.0,2009,1,95.5,2500.0
43789.2,2.0,,25,4.0,2009,4,95.5,1000.0
52071.7,4.0,5.0,95,20.0,2008,1,96.8,1800.0
52071.7,4.0,4.0,80,19.0,2007,4,95.5,1800.0
52071.7,7.0,3.0,45,36.0,2007,4,95.5,400.0
23739.8,3.0,5.0,85,11.0,2008,1,96.8,3000.0
39373.63636363636,3.0,2.0,15,23.0,2007,4,95.5,330.0
39373.63636363636,1.0,4.0,75,14.0,2007,3,95.5,3300.0
39373.63636363636,4.0,4.0,60,31.0,2007,3,95.5,1500.0
39373.63636363636,4.0,4.0,60,31.0,2007,2,95.5,1100.0
39373.63636363636,3.0,3.0,55,31.0,2007,2,95.5,1300.0
10347.9,15.0,5.0,85,30.0,2008,4,96.8,1800.0
10347.9,12.0,4.0,90,16.0,2008,4,96.8,2700.0
10347.9,15.0,4.0,60,30.0,2008,3,96.8,1400.0
10347.9,14.0,4.0,60,36.0,2008,3,96.8,1200.0
10347.9,14.0,4.0,60,30.0,2008,3,96.8,1300.0
10347.9,16.0,5.0,80,3.0,2008,3,96.8,3000.0
10347.9,18.0,4.0,80,3.0,2008,2,96.8,2500.0
10347.9,13.0,4.0,85,16.0,2008,1,96.8,2800.0
10347.9,15.0,4.0,60,30.0,2008,1,96.8,750.0
10347.9,13.0,4.0,85,15.0,2007,4,95.5,2100.0
10347.9,15.0,4.0,65,5.0,2007,4,95.5,2400.0
10347.9,13.0,5.0,85,29.0,2007,3,95.5,1000.0
10347.9,15.0,5.0,95,5.0,2007,3,95.5,3400.0
10347.9,12.0,4.0,85,29.0,2007,3,95.5,2000.0
10347.9,14.0,3.0,80,15.0,2007,2,95.5,2200.0
10347.9,13.0,3.0,65,15.0,2007,1,95.5,2000.0
43789.2,15.0,3.0,75,6.0,2008,2,96.8,2900.0
43789.2,21.0,4.0,60,30.0,2008,2,96.8,750.0
43789.2,20.0,3.0,65,30.0,2008,1,96.8,1400.0
43789.2,16.0,4.0,70,5.0,2007,4,95.5,2300.0
10011.6,24.0,4.0,70,28.0,2008,1,96.8,1500.0
10011.6,18.0,5.0,95,4.0,2007,2,95.5,3300.0
95281.1,30.0,4.0,65,28.0,2008,3,96.8,1300.0
95281.1,23.0,4.0,70,27.0,2007,3,95.5,1300.0
26831.7,23.0,4.0,70,13.0,2008,4,96.8,1400.0
22676.4,18.0,4.0,70,31.0,2008,2,96.8,900.0
22676.4,19.0,4.0,70,30.0,2007,3,95.5,1100.0
4206.7,5.0,4.0,65,15.0,2007,3,95.5,1300.0
4206.7,11.0,4.0,65,9.0,2007,3,95.5,1800.0
4206.7,13.0,4.0,60,9.0,2007,2,95.5,1800.0
4206.7,14.0,5.0,80,9.0,2007,2,95.5,2500.0
4206.7,7.0,4.0,65,9.0,2008,2,96.8,2300.0
23533.5,4.0,4.0,75,18.0,2007,1,95.5,1800.0
4206.7,19.0,5.0,80,25.0,2008,3,96.8,1500.0
4206.7,18.0,5.0,90,25.0,2008,2,96.8,1300.0
4206.7,1.0,2.0,15,18.0,2007,4,95.5,340.0
26831.7,19.0,5.0,100,18.0,2007,3,95.5,2800.0
20094.2,15.0,4.0,80,19.0,2008,1,96.8,1800.0
20094.2,24.0,4.0,60,10.0,2008,1,96.8,1600.0
26831.7,23.0,4.0,65,12.0,2008,3,96.8,1600.0
26831.7,23.0,5.0,85,11.0,2008,1,96.8,2600.0
10011.6,23.0,4.0,70,11.0,2008,1,96.8,1900.0
10011.6,15.0,4.0,75,30.0,2008,3,96.8,650.0
10011.6,16.0,4.0,65,30.0,2008,3,96.8,950.0
10011.6,17.0,3.0,75,30.0,2008,1,96.8,1300.0
10011.6,20.0,3.0,60,29.0,2007,4,95.5,800.0
10011.6,16.0,4.0,60,29.0,2007,3,95.5,400.0
1756.3,4.0,4.0,75,2.0,2007,3,95.5,2700.0
1756.3,9.0,4.0,75,27.0,2008,4,96.8,900.0
1756.3,9.0,5.0,75,26.0,2007,4,95.5,1600.0
23739.8,14.0,4.0,70,7.0,2008,1,96.8,2300.0
7356.8,3.0,4.0,70,33.0,2008,2,96.8,1000.0
7356.8,3.0,4.0,70,32.0,2007,2,95.5,980.0
43789.2,5.0,4.0,65,6.0,2007,4,95.5,1900.0
12225.7,16.0,4.0,55,33.0,2008,4,96.8,500.0
12225.7,18.0,4.0,60,33.0,2008,4,96.8,580.0
12225.7,16.0,4.0,70,11.0,2008,3,96.8,2900.0
12225.7,17.0,4.0,100,34.0,2008,3,96.8,1700.0
12225.7,18.0,4.0,55,32.0,2007,3,95.5,430.0
12225.7,20.0,4.0,70,32.0,2007,2,95.5,680.0
27120.9,23.0,5.0,75,4.0,2008,2,96.8,3400.0
27120.9,4.0,3.0,55,7.0,2007,3,95.5,2900.0
54328.36363636364,16.0,4.0,70,33.0,2007,4,95.5,1100.0
27120.9,13.0,4.0,70,34.0,2008,2,96.8,800.0
27120.9,13.0,4.0,70,34.0,2008,2,96.8,1100.0
27120.9,15.0,4.0,70,34.0,2008,1,96.8,1300.0
27120.9,19.0,4.0,70,33.0,2007,4,95.5,1600.0
27120.9,11.0,4.0,70,33.0,2007,4,95.5,900.0
27120.9,13.0,3.0,70,33.0,2007,2,95.5,1200.0
27120.9,16.0,4.0,70,33.0,2007,2,95.5,1200.0
95281.1,13.0,5.0,75,10.0,2007,3,95.5,2400.0
10347.9,15.0,4.0,75,24.0,2008,3,96.8,2400.0
95281.1,16.0,4.0,70,13.0,2008,2,96.8,3500.0
95281.1,13.0,4.0,70,12.0,2007,3,95.5,2500.0
95281.1,17.0,4.0,75,12.0,2007,3,95.5,1800.0
12225.7,13.0,5.0,90,11.0,2008,2,96.8,3100.0
23739.8,6.0,4.0,75,6.0,2008,2,96.8,3900.0
15629.818181818182,2.0,5.0,90,29.0,2008,4,96.8,2100.0
15629.818181818182,4.0,3.0,65,10.0,2008,4,96.8,2700.0
15629.818181818182,3.0,3.0,60,11.0,2008,4,96.8,2300.0
15629.818181818182,3.0,3.0,60,29.0,2008,3,96.8,1500.0
15629.818181818182,3.0,3.0,70,28.0,2007,4,95.5,1700.0
15629.818181818182,2.0,3.0,60,28.0,2007,4,95.5,1900.0
27120.9,7.0,2.0,15,24.0,2008,4,96.8,220.0
27120.9,6.0,4.0,80,9.0,2008,3,96.8,4500.0
27120.9,8.0,3.0,65,10.0,2007,4,95.5,4100.0
26831.7,14.0,4.0,70,30.0,2008,2,96.8,1600.0
26831.7,14.0,2.0,75,30.0,2008,1,96.8,1300.0
26831.7,12.0,4.0,70,29.0,2007,2,95.5,1400.0
12225.7,14.0,5.0,95,14.0,2008,2,96.8,2800.0
12225.7,15.0,4.0,90,12.0,2008,2,96.8,3100.0
12225.7,13.0,6.0,115,33.0,2007,3,95.5,1400.0
52071.7,18.0,4.0,70,22.0,2008,4,96.8,1700.0
52071.7,16.0,4.0,70,22.0,2008,3,96.8,1600.0
52071.7,14.0,4.0,60,36.0,2008,3,96.8,970.0
52071.7,15.0,4.0,75,22.0,2008,1,96.8,1800.0
52071.7,18.0,3.0,40,35.0,2007,2,95.5,500.0
36670.72727272727,21.0,4.0,70,22.0,2008,4,96.8,1700.0
36670.72727272727,11.0,,25,20.0,2008,4,96.8,400.0
36670.72727272727,11.0,,25,20.0,2008,4,96.8,400.0
36670.72727272727,14.0,4.0,70,7.0,2008,2,96.8,2900.0
36670.72727272727,16.0,4.0,50,11.0,2008,2,96.8,1300.0
36670.72727272727,13.0,3.0,45,35.0,2007,4,95.5,1100.0
26831.7,9.0,4.0,75,8.0,2008,2,96.8,3400.0
26831.7,13.0,5.0,85,2.0,2008,1,96.8,4000.0
26831.7,9.0,4.0,75,7.0,2007,4,95.5,3600.0
26831.7,9.0,5.0,85,7.0,2007,4,95.5,3900.0
10347.9,8.0,4.0,70,10.0,2008,4,96.8,2700.0
10347.9,8.0,5.0,90,1.0,2008,4,96.8,5700.0
10347.9,11.0,5.0,95,2.0,2008,1,96.8,4200.0
10347.9,11.0,5.0,100,9.0,2007,4,95.5,4000.0
10347.9,10.0,4.0,85,10.0,2007,4,95.5,3700.0
10347.9,11.0,3.0,75,9.0,2007,3,95.5,3000.0
10347.9,10.0,4.0,80,2.0,2008,4,96.8,3600.0
10347.9,2.0,3.0,60,10.0,2008,4,96.8,2200.0
10347.9,5.0,2.0,30,9.0,2007,4,95.5,780.0
10011.6,8.0,4.0,70,7.0,2007,3,95.5,3100.0
95281.1,,4.0,75,7.0,2008,3,96.8,4300.0
95281.1,1.0,4.0,70,7.0,2008,2,96.8,5000.0
12225.7,5.0,4.0,85,8.0,2007,4,95.5,3900.0
43789.2,12.0,5.0,65,34.0,2008,3,96.8,1100.0
43789.2,17.0,4.0,65,12.0,2008,2,96.8,1900.0
43789.2,19.0,4.0,65,12.0,2008,2,96.8,1400.0
43789.2,17.0,4.0,65,11.0,2007,4,95.5,1600.0
43789.2,8.0,4.0,65,33.0,2007,3,95.5,960.0
43789.2,13.0,5.0,65,33.0,2007,2,95.5,980.0
36670.72727272727,7.0,4.0,75,1.0,2008,4,96.8,3700.0
36670.72727272727,9.0,2.0,70,35.0,2008,4,96.8,1200.0
36670.72727272727,7.0,4.0,75,2.0,2008,4,96.8,3400.0
36670.72727272727,9.0,4.0,70,34.0,2007,4,95.5,1500.0
36670.72727272727,10.0,4.0,55,30.0,2007,4,95.5,1100.0
36670.72727272727,9.0,4.0,70,34.0,2007,2,95.5,1500.0
12225.7,15.0,4.0,85,34.0,2008,3,96.8,1400.0
12225.7,14.0,4.0,70,10.0,2008,2,96.8,2900.0
12225.7,15.0,4.0,75,34.0,2008,2,96.8,1200.0
12225.7,13.0,4.0,75,9.0,2007,3,95.5,3300.0
27120.9,7.0,4.0,65,9.0,2007,3,95.5,3200.0
27120.9,7.0,2.0,75,8.0,2007,2,95.5,3200.0
36670.72727272727,11.0,5.0,85,7.0,2007,3,95.5,3700.0
36670.72727272727,13.0,4.0,95,7.0,2007,4,95.5,4800.0
36670.72727272727,8.0,4.0,75,7.0,2007,4,95.5,3500.0
52071.7,10.0,5.0,70,39.0,2008,3,96.8,1600.0
52071.7,8.0,4.0,75,11.0,2008,4,96.8,3800.0
52071.7,6.0,4.0,85,11.0,2008,1,96.8,3200.0
52071.7,5.0,4.0,65,39.0,2008,2,96.8,1400.0
52071.7,5.0,3.0,55,39.0,2008,2,96.8,1100.0
52071.7,5.0,3.0,55,39.0,2008,1,96.8,1300.0
52071.7,6.0,4.0,90,34.0,2007,3,95.5,2100.0
52071.7,16.0,4.0,65,31.0,2008,3,96.8,1100.0
52071.7,23.0,4.0,65,31.0,2008,2,96.8,1800.0
52071.7,15.0,4.0,65,31.0,2008,1,96.8,1100.0
52071.7,11.0,4.0,60,10.0,2008,1,96.8,2100.0
52071.7,13.0,4.0,65,1.0,2007,2,95.5,2700.0
52071.7,5.0,4.0,95,10.0,2007,2,95.5,2700.0
36670.72727272727,4.0,5.0,80,10.0,2008,4,96.8,3000.0
36670.72727272727,10.0,3.0,65,36.0,2008,3,96.8,1300.0
36670.72727272727,7.0,4.0,75,7.0,2008,3,96.8,4200.0
36670.72727272727,6.0,4.0,65,12.0,2008,3,96.8,2600.0
36670.72727272727,8.0,4.0,80,6.0,2007,4,95.5,4200.0
36670.72727272727,5.0,3.0,75,12.0,2007,4,95.5,3500.0
36670.72727272727,1.0,4.0,90,10.0,2008,3,96.8,3800.0
36670.72727272727,4.0,3.0,75,38.0,2008,1,96.8,1700.0
36670.72727272727,6.0,5.0,85,30.0,2008,1,96.8,2300.0
36670.72727272727,4.0,4.0,70,37.0,2007,4,95.5,1900.0
36670.72727272727,4.0,5.0,130,7.0,2007,2,95.5,4100.0
52071.7,6.0,4.0,60,22.0,2008,4,96.8,2000.0
52071.7,6.0,4.0,65,10.0,2008,4,96.8,1700.0
52071.7,4.0,2.0,60,1.0,2007,4,95.5,2800.0
52071.7,6.0,4.0,60,21.0,2007,3,95.5,1100.0
52071.7,10.0,3.0,75,5.0,2008,4,96.8,3500.0
52071.7,11.0,4.0,80,7.0,2008,3,96.8,3300.0
52071.7,11.0,4.0,70,7.0,2008,2,96.8,3100.0
52071.7,9.0,3.0,60,3.0,2007,4,95.5,2600.0
52071.7,10.0,4.0,105,34.0,2007,3,95.5,2100.0
52071.7,9.0,3.0,50,34.0,2007,3,95.5,1300.0
4206.7,5.0,4.0,60,8.0,2008,3,96.8,2200.0
26831.7,1.0,5.0,85,20.0,2008,4,96.8,3000.0
26831.7,3.0,3.0,60,35.0,2008,4,96.8,1500.0
26831.7,4.0,4.0,60,35.0,2008,3,96.8,800.0
26831.7,1.0,3.0,50,9.0,2008,2,96.8,2100.0
26831.7,2.0,4.0,85,35.0,2008,1,96.8,1500.0
26831.7,2.0,4.0,75,34.0,2007,4,95.5,1800.0
26831.7,3.0,4.0,65,7.0,2007,4,95.5,3100.0
26831.7,3.0,4.0,70,34.0,2007,3,95.5,1400.0
26831.7,2.0,4.0,60,9.0,2007,2,95.5,2100.0
26831.7,3.0,4.0,80,34.0,2007,2,95.5,1900.0
95281.1,4.0,4.0,75,,2008,2,96.8,4400.0
10347.9,8.0,4.0,70,7.0,2007,2,95.5,2600.0
15629.818181818182,10.0,4.0,70,1.0,2007,2,95.5,3100.0
10011.6,13.0,4.0,75,9.0,2008,4,96.8,1100.0
10011.6,2.0,4.0,75,8.0,2008,1,96.8,3700.0
10011.6,3.0,4.0,70,7.0,2007,4,95.5,3200.0
10011.6,2.0,3.0,70,7.0,2007,4,95.5,3600.0
10011.6,2.0,4.0,70,7.0,2007,4,95.5,3700.0
10011.6,10.0,4.0,70,8.0,2007,3,95.5,2600.0
10011.6,3.0,4.0,70,7.0,2007,2,95.5,3200.0
10011.6,3.0,4.0,90,7.0,2007,2,95.5,3800.0
10011.6,20.0,5.0,140,17.0,2008,3,96.8,2800.0
10011.6,18.0,4.0,70,10.0,2008,2,96.8,2600.0
10011.6,7.0,3.0,75,2.0,2008,4,96.8,3100.0
10011.6,10.0,4.0,70,11.0,2007,4,95.5,2100.0
10011.6,3.0,3.0,75,31.0,2008,3,96.8,1500.0
10011.6,3.0,4.0,85,20.0,2008,2,96.8,2900.0
10011.6,3.0,5.0,75,30.0,2007,3,95.5,1600.0
10011.6,1.0,2.0,50,36.0,2007,2,95.5,890.0
10011.6,4.0,4.0,70,8.0,2008,1,96.8,3000.0
12225.7,19.0,4.0,75,11.0,2007,4,95.5,1800.0
10011.6,9.0,4.0,75,12.0,2008,2,96.8,1800.0
10011.6,10.0,4.0,70,11.0,2007,3,95.5,1700.0
43789.2,17.0,4.0,70,10.0,2008,2,96.8,2300.0
36670.72727272727,13.0,4.0,75,4.0,2008,1,96.8,3200.0
27120.9,6.0,4.0,70,3.0,2008,1,96.8,3800.0
27120.9,4.0,4.0,70,7.0,2007,2,95.5,4200.0
27622.0,13.0,5.0,85,4.0,2008,1,96.8,3200.0
23739.8,10.0,3.0,55,36.0,2008,4,96.8,990.0
23739.8,9.0,3.0,55,36.0,2008,2,96.8,900.0
23739.8,9.0,3.0,55,36.0,2008,2,96.8,1100.0
23739.8,8.0,4.0,55,18.0,2008,2,96.8,1900.0
23739.8,9.0,3.0,55,35.0,2007,3,95.5,1000.0
23739.8,9.0,3.0,60,35.0,2007,3,95.5,1000.0
27622.0,9.0,4.0,55,17.0,2007,2,95.5,1400.0
27622.0,7.0,4.0,85,4.0,2008,2,96.8,3200.0
12225.7,10.0,4.0,100,4.0,2008,3,96.8,6800.0
12225.7,9.0,3.0,100,4.0,2008,3,96.8,6900.0
12225.7,10.0,4.0,80,7.0,2007,4,95.5,3900.0
10011.6,9.0,5.0,110,17.0,2008,1,96.8,3400.0
15629.818181818182,3.0,4.0,60,8.0,2008,3,96.8,2000.0
3603.3636363636365,13.0,3.0,70,16.0,2008,3,96.8,780.0
10011.6,11.0,4.0,70,4.0,2008,3,96.8,3400.0
27120.9,6.0,4.0,80,12.0,2008,3,96.8,3500.0
10347.9,11.0,4.0,75,0.0,2007,4,95.5,3800.0
10347.9,13.0,4.0,70,0.0,2007,3,95.5,3800.0
10347.9,10.0,4.0,75,10.0,2007,2,95.5,2600.0
39373.63636363636,13.0,3.0,55,9.0,2007,2,95.5,1600.0
43789.2,10.0,5.0,85,12.0,2007,2,95.5,3100.0
26831.7,2.0,4.0,70,9.0,2008,3,96.8,3800.0
12225.7,11.0,4.0,70,6.0,2008,2,96.8,3400.0
12225.7,11.0,4.0,85,5.0,2007,3,95.5,4400.0
10011.6,11.0,4.0,65,7.0,2008,3,96.8,1500.0
10011.6,12.0,4.0,70,9.0,2008,2,96.8,2800.0
27120.9,13.0,4.0,70,10.0,2008,3,96.8,2300.0
10011.6,17.0,4.0,85,5.0,2008,1,96.8,3600.0
39373.63636363636,8.0,4.0,70,10.0,2007,2,95.5,2500.0
43789.2,6.0,4.0,70,11.0,2008,2,96.8,2600.0
12225.7,13.0,5.0,80,12.0,2008,4,96.8,2100.0
12225.7,19.0,4.0,80,7.0,2008,3,96.8,2700.0
12225.7,12.0,4.0,70,7.0,2008,1,96.8,2300.0
12225.7,15.0,4.0,75,30.0,2007,4,95.5,700.0
12225.7,14.0,4.0,60,30.0,2007,3,95.5,1300.0
10011.6,14.0,4.0,75,6.0,2007,4,95.5,1900.0
95281.1,25.0,4.0,60,30.0,2007,4,95.5,880.0
95281.1,10.0,4.0,70,5.0,2008,2,96.8,4300.0
95281.1,15.0,3.0,65,5.0,2007,4,95.5,3100.0
10011.6,16.0,3.0,65,19.0,2008,3,96.8,1200.0
10011.6,29.0,5.0,75,22.0,2007,4,95.5,1600.0
95281.1,25.0,4.0,70,19.0,2008,2,96.8,1300.0
95281.1,26.0,5.0,90,18.0,2007,3,95.5,2000.0
20094.2,24.0,4.0,75,22.0,2007,3,95.5,1500.0
20094.2,15.0,5.0,115,22.0,2007,3,95.5,2700.0
7356.8,10.0,4.0,70,25.0,2008,4,96.8,1400.0
7356.8,13.0,3.0,65,23.0,2008,4,96.8,1100.0
7356.8,13.0,4.0,95,23.0,2008,4,96.8,1600.0
7356.8,8.0,5.0,95,12.0,2008,4,96.8,2700.0
7356.8,6.0,4.0,75,17.0,2008,3,96.8,1500.0
7356.8,9.0,4.0,65,23.0,2008,3,96.8,1800.0
7356.8,13.0,5.0,95,18.0,2008,2,96.8,1800.0
7356.8,6.0,4.0,95,25.0,2008,2,96.8,1900.0
7356.8,6.0,5.0,95,8.0,2008,2,96.8,2500.0
7356.8,3.0,4.0,80,16.0,2008,1,96.8,2000.0
7356.8,5.0,4.0,80,15.0,2007,4,95.5,1700.0
7356.8,10.0,5.0,95,17.0,2007,4,95.5,2600.0
7356.8,9.0,4.0,70,24.0,2007,2,95.5,1100.0
7356.8,4.0,4.0,80,15.0,2007,2,95.5,1600.0
7356.8,6.0,5.0,85,3.0,2007,2,95.5,2700.0
7356.8,8.0,4.0,80,5.0,2007,2,95.5,2200.0
7356.8,11.0,5.0,65,22.0,2007,2,95.5,1200.0
27120.9,11.0,3.0,60,43.0,2008,2,96.8,1100.0
27120.9,9.0,3.0,60,27.0,2008,2,96.8,500.0
39373.63636363636,15.0,3.0,60,32.0,2007,3,95.5,1200.0
95281.1,13.0,4.0,60,33.0,2008,1,96.8,1300.0
95281.1,11.0,3.0,65,8.0,2007,3,95.5,2300.0
3767.8,13.0,4.0,65,32.0,2007,4,95.5,1200.0
95281.1,3.0,5.0,85,8.0,2008,2,96.8,4300.0
95281.1,11.0,4.0,75,9.0,2008,4,96.8,2800.0
95281.1,7.0,5.0,75,3.0,2008,3,96.8,3900.0
10347.9,9.0,3.0,60,10.0,2008,4,96.8,2100.0
10347.9,9.0,4.0,60,10.0,2007,3,95.5,1500.0
10347.9,11.0,5.0,70,10.0,2007,2,95.5,2700.0
43789.2,1.0,3.0,80,5.0,2008,2,96.8,4600.0
43789.2,1.0,4.0,75,1.0,2007,3,95.5,4300.0
26831.7,16.0,3.0,65,29.0,2008,4,96.8,830.0
22676.4,7.0,3.0,60,0.0,2008,2,96.8,3000.0
22676.4,7.0,4.0,70,0.0,2008,1,96.8,3700.0
22676.4,7.0,5.0,85,0.0,2008,1,96.8,4300.0
22676.4,9.0,4.0,65,23.0,2007,4,95.5,1200.0
22676.4,11.0,5.0,65,23.0,2007,4,95.5,1800.0
22676.4,16.0,4.0,70,21.0,2007,3,95.5,1600.0
22676.4,14.0,4.0,70,4.0,2007,2,95.5,2600.0
3767.8,2.0,4.0,70,12.0,2008,2,96.8,2500.0
31877.3,12.0,4.0,65,7.0,2008,3,96.8,2000.0
3767.8,9.0,3.0,65,7.0,2008,2,96.8,2500.0
39373.63636363636,3.0,4.0,65,13.0,2008,4,96.8,2900.0
39373.63636363636,5.0,4.0,65,14.0,2008,2,96.8,2200.0
39373.63636363636,3.0,4.0,65,12.0,2007,4,95.5,3100.0
39373.63636363636,5.0,4.0,65,8.0,2007,2,95.5,2500.0
3767.8,3.0,4.0,75,7.0,2008,1,96.8,3100.0
3767.8,3.0,4.0,70,6.0,2007,4,95.5,2700.0
31877.3,1.0,4.0,60,4.0,2008,3,96.8,2200.0
31877.3,2.0,4.0,55,10.0,2007,4,95.5,1600.0
31877.3,1.0,4.0,60,8.0,2008,3,96.8,2100.0
31877.3,3.0,2.0,25,18.0,2007,2,95.5,420.0
31877.3,9.0,3.0,60,12.0,2008,4,96.8,1400.0
31877.3,8.0,4.0,60,11.0,2007,2,95.5,1700.0
39373.63636363636,7.0,3.0,60,18.0,2007,2,95.5,1100.0
36670.72727272727,7.0,5.0,95,21.0,2008,4,96.8,2800.0
36670.72727272727,7.0,4.0,70,6.0,2007,3,95.5,3000.0
43789.2,7.0,3.0,60,9.0,2007,3,95.5,2300.0
36670.72727272727,8.0,3.0,60,36.0,2008,2,96.8,1500.0
36670.72727272727,8.0,4.0,65,35.0,2007,3,95.5,1200.0
43789.2,3.0,3.0,65,8.0,2008,4,96.8,2300.0
43789.2,3.0,4.0,60,7.0,2007,2,95.5,1800.0
36670.72727272727,9.0,4.0,65,4.0,2008,2,96.8,2800.0
36670.72727272727,9.0,4.0,75,3.0,2007,4,95.5,3500.0
10347.9,4.0,5.0,85,6.0,2008,3,96.8,3700.0
39373.63636363636,10.0,4.0,60,3.0,2007,4,95.5,2600.0
39373.63636363636,19.0,4.0,70,11.0,2008,1,96.8,2500.0
95281.1,17.0,4.0,65,11.0,2008,1,96.8,2100.0
95281.1,20.0,4.0,70,10.0,2007,4,95.5,2100.0
17671.272727272728,5.0,5.0,95,2.0,2008,1,96.8,2700.0
3603.3636363636365,13.0,5.0,95,4.0,2008,2,96.8,2800.0
60822.454545454544,14.0,4.0,70,10.0,2007,2,95.5,1800.0
3603.3636363636365,13.0,4.0,75,8.0,2007,4,95.5,1700.0
23739.8,7.0,3.0,40,43.0,2008,4,96.8,590.0
23739.8,6.0,4.0,65,11.0,2008,2,96.8,2700.0
23739.8,5.0,4.0,80,10.0,2007,3,95.5,2800.0
22676.4,12.0,4.0,70,11.0,2008,4,96.8,2800.0
22676.4,9.0,4.0,55,10.0,2008,4,96.8,1900.0
22676.4,11.0,4.0,55,10.0,2008,1,96.8,1900.0
22676.4,4.0,5.0,85,6.0,2008,1,96.8,3600.0
22676.4,14.0,4.0,60,11.0,2007,4,95.5,2200.0
43789.2,9.0,2.0,25,0.0,2008,4,96.8,2000.0
43789.2,9.0,2.0,25,0.0,2008,4,96.8,2000.0
14940.9,30.0,5.0,85,9.0,2007,4,95.5,2800.0
43789.2,30.0,4.0,70,10.0,2008,4,96.8,1700.0
43789.2,30.0,4.0,70,10.0,2008,4,96.8,1700.0
43789.2,30.0,4.0,100,4.0,2008,4,96.8,3000.0
43789.2,30.0,3.0,70,10.0,2008,3,96.8,1600.0
43789.2,30.0,4.0,70,10.0,2008,3,96.8,1500.0
43789.2,30.0,3.0,65,10.0,2008,3,96.8,1800.0
43789.2,30.0,4.0,80,10.0,2008,2,96.8,2100.0
43789.2,30.0,4.0,70,10.0,2008,2,96.8,1800.0
43789.2,30.0,5.0,80,10.0,2008,2,96.8,2100.0
43789.2,30.0,5.0,90,10.0,2008,2,96.8,2800.0
43789.2,30.0,4.0,85,4.0,2008,2,96.8,3400.0
43789.2,30.0,3.0,75,9.0,2008,1,96.8,2700.0
43789.2,30.0,4.0,70,9.0,2007,4,95.5,1800.0
43789.2,30.0,3.0,65,9.0,2007,3,95.5,1500.0
43789.2,30.0,4.0,70,9.0,2007,3,95.5,1900.0
20094.2,7.0,5.0,85,6.0,2008,2,96.8,4600.0
20094.2,7.0,4.0,75,21.0,2007,2,95.5,1800.0
27120.9,2.0,2.0,35,23.0,2008,4,96.8,840.0
27120.9,2.0,2.0,20,22.0,2008,4,96.8,700.0
27120.9,3.0,2.0,25,8.0,2008,3,96.8,840.0
27120.9,3.0,2.0,25,8.0,2008,3,96.8,840.0
27120.9,3.0,4.0,95,24.0,2008,3,96.8,2600.0
39373.63636363636,8.0,4.0,60,11.0,2008,4,96.8,1900.0
39373.63636363636,7.0,4.0,75,6.0,2007,4,95.5,2900.0
43789.2,7.0,4.0,65,7.0,2008,2,96.8,2400.0
52071.7,8.0,4.0,70,7.0,2008,1,96.8,3400.0
52071.7,14.0,5.0,95,6.0,2007,2,95.5,4700.0
23739.8,11.0,4.0,70,6.0,2007,4,95.5,3200.0
43789.2,3.0,4.0,65,7.0,2008,3,96.8,2700.0
43789.2,2.0,4.0,70,9.0,2008,2,96.8,2600.0
43789.2,3.0,4.0,70,6.0,2007,4,95.5,3200.0
43789.2,2.0,4.0,70,8.0,2007,4,95.5,2600.0
43789.2,4.0,4.0,65,9.0,2007,3,95.5,2300.0
43789.2,3.0,4.0,100,6.0,2007,2,95.5,2900.0
4206.7,23.0,5.0,75,8.0,2008,3,96.8,2600.0
52071.7,19.0,5.0,105,6.0,2008,4,96.8,3500.0
52071.7,15.0,4.0,80,6.0,2008,2,96.8,3300.0
52071.7,15.0,4.0,85,6.0,2008,1,96.8,3200.0
52071.7,16.0,4.0,90,6.0,2008,1,96.8,3200.0
52071.7,17.0,5.0,130,5.0,2007,3,95.5,5500.0
52071.7,16.0,4.0,110,5.0,2007,2,95.5,3600.0
43789.2,13.0,4.0,75,5.0,2008,4,96.8,2700.0
43789.2,11.0,4.0,75,5.0,2008,2,96.8,3000.0
43789.2,9.0,4.0,70,5.0,2008,1,96.8,3100.0
43789.2,14.0,4.0,65,6.0,2007,4,95.5,2400.0
43789.2,14.0,4.0,65,6.0,2007,3,95.5,2300.0
43789.2,11.0,4.0,65,6.0,2007,2,95.5,1900.0
43789.2,5.0,4.0,65,8.0,2008,1,96.8,2300.0
1756.3,3.0,4.0,75,9.0,2007,3,95.5,2700.0
1952.3,4.0,5.0,95,29.0,2008,2,96.8,2700.0
1952.3,4.0,4.0,60,31.0,2008,1,96.8,1100.0
31877.3,16.0,5.0,80,21.0,2008,4,96.8,1500.0
31877.3,18.0,4.0,65,12.0,2008,3,96.8,1600.0
31877.3,13.0,5.0,80,21.0,2008,3,96.8,2000.0
31877.3,11.0,5.0,75,12.0,2008,2,96.8,2000.0
31877.3,19.0,4.0,65,11.0,2007,4,95.5,1900.0
31877.3,15.0,4.0,70,3.0,2007,2,95.5,2500.0
43789.2,14.0,4.0,75,12.0,2008,4,96.8,1900.0
43789.2,15.0,4.0,70,4.0,2008,4,96.8,2600.0
43789.2,16.0,4.0,70,4.0,2008,3,96.8,2700.0
43789.2,19.0,4.0,60,11.0,2008,3,96.8,1700.0
43789.2,16.0,5.0,80,21.0,2008,2,96.8,1900.0
43789.2,20.0,5.0,80,21.0,2008,2,96.8,2000.0
43789.2,21.0,4.0,65,11.0,2008,1,96.8,1600.0
43789.2,20.0,5.0,80,21.0,2008,1,96.8,1600.0
43789.2,15.0,5.0,90,4.0,2008,1,96.8,3200.0
43789.2,18.0,4.0,65,4.0,2008,1,96.8,2700.0
43789.2,19.0,5.0,80,10.0,2007,3,95.5,2400.0
17671.272727272728,4.0,4.0,80,12.0,2008,4,96.8,1600.0
17671.272727272728,10.0,4.0,80,14.0,2008,3,96.8,1600.0
17671.272727272728,8.0,5.0,100,14.0,2008,2,96.8,1900.0
17671.272727272728,12.0,4.0,90,15.0,2008,2,96.8,2000.0
17671.272727272728,11.0,4.0,95,14.0,2008,1,96.8,2000.0
17671.272727272728,11.0,5.0,95,14.0,2008,1,96.8,2000.0
17671.272727272728,8.0,4.0,95,13.0,2007,4,95.5,2100.0
17671.272727272728,8.0,5.0,110,,2007,3,95.5,2000.0
17671.272727272728,12.0,5.0,80,4.0,2007,3,95.5,2000.0
17671.272727272728,13.0,4.0,70,10.0,2007,3,95.5,1200.0
12225.7,14.0,4.0,65,36.0,2008,4,96.8,1400.0
12225.7,16.0,3.0,75,6.0,2008,2,96.8,3600.0
12225.7,16.0,4.0,75,11.0,2008,2,96.8,3200.0
12225.7,16.0,4.0,55,10.0,2008,1,96.8,2100.0
12225.7,15.0,4.0,85,26.0,2008,1,96.8,2800.0
12225.7,13.0,4.0,75,9.0,2007,4,95.5,3200.0
12225.7,15.0,,85,25.0,2007,4,95.5,2400.0
12225.7,17.0,4.0,75,5.0,2007,4,95.5,3600.0
12225.7,14.0,4.0,70,10.0,2007,3,95.5,3000.0
12225.7,13.0,4.0,75,9.0,2007,2,95.5,3300.0
27120.9,21.0,4.0,80,25.0,2007,4,95.5,2800.0
26831.7,16.0,3.0,70,14.0,2008,1,96.8,2300.0
20094.2,16.0,4.0,65,5.0,2008,4,96.8,2400.0
20094.2,15.0,4.0,70,13.0,2007,4,95.5,2500.0
20094.2,15.0,4.0,70,13.0,2007,3,95.5,2000.0
43789.2,7.0,4.0,90,13.0,2008,1,96.8,3300.0
95281.1,14.0,5.0,75,5.0,2008,1,96.8,2800.0
20094.2,15.0,4.0,60,5.0,2008,4,96.8,2000.0
27120.9,13.0,4.0,80,6.0,2008,4,96.8,3500.0
95281.1,11.0,4.0,65,5.0,2007,4,95.5,3500.0
20094.2,6.0,4.0,70,6.0,2008,2,96.8,3300.0
36670.72727272727,4.0,4.0,90,5.0,2008,3,96.8,4900.0
36670.72727272727,6.0,3.0,95,40.0,2008,2,96.8,2500.0
36670.72727272727,8.0,4.0,100,40.0,2008,1,96.8,2500.0
36670.72727272727,8.0,4.0,100,39.0,2007,4,95.5,2600.0
36670.72727272727,5.0,4.0,80,4.0,2007,4,95.5,4800.0
95281.1,19.0,4.0,100,40.0,2008,4,96.8,2200.0
23739.8,11.0,5.0,80,28.0,2007,4,95.5,1600.0
27120.9,12.0,4.0,70,8.0,2008,1,96.8,2800.0
27120.9,13.0,4.0,70,7.0,2007,2,95.5,2900.0
43789.2,6.0,3.0,70,8.0,2008,4,96.8,2900.0
43789.2,8.0,4.0,65,7.0,2007,2,95.5,2400.0
12225.7,8.0,4.0,45,38.0,2008,3,96.8,500.0
12225.7,4.0,4.0,65,7.0,2007,2,95.5,3100.0
10347.9,11.0,4.0,60,10.0,2007,2,95.5,2000.0
43789.2,4.0,4.0,50,11.0,2007,3,95.5,1500.0
10347.9,13.0,4.0,75,6.0,2007,3,95.5,3200.0
12225.7,6.0,5.0,85,7.0,2008,4,96.8,4200.0
12225.7,5.0,3.0,55,7.0,2008,2,96.8,2300.0
10347.9,4.0,4.0,110,19.0,2008,3,96.8,3700.0
15629.818181818182,8.0,4.0,110,19.0,2008,4,96.8,3700.0
27120.9,8.0,3.0,70,2.0,2008,1,96.8,4900.0
27120.9,10.0,5.0,85,9.0,2008,1,96.8,4200.0
36670.72727272727,5.0,5.0,135,15.0,2008,1,96.8,6500.0
36670.72727272727,9.0,4.0,70,7.0,2008,1,96.8,3200.0
36670.72727272727,8.0,4.0,80,19.0,2007,4,95.5,2300.0
36670.72727272727,9.0,4.0,60,30.0,2007,3,95.5,1200.0
39373.63636363636,4.0,3.0,50,2.0,2008,3,96.8,220.0
39373.63636363636,4.0,3.0,65,13.0,2008,1,96.8,2500.0
39373.63636363636,4.0,4.0,60,19.0,2007,2,95.5,1400.0
36670.72727272727,12.0,,70,3.0,2008,4,96.8,2700.0
36670.72727272727,13.0,4.0,70,4.0,2007,3,95.5,3300.0
95281.1,9.0,4.0,70,6.0,2008,2,96.8,3100.0
95281.1,8.0,4.0,70,12.0,2008,2,96.8,3000.0
95281.1,8.0,3.0,55,8.0,2008,1,96.8,2600.0
95281.1,7.0,3.0,55,11.0,2007,3,95.5,2300.0
95281.1,7.0,3.0,55,11.0,2007,3,95.5,2800.0
95281.1,8.0,4.0,70,11.0,2007,3,95.5,2800.0
20094.2,8.0,4.0,70,8.0,2007,4,95.5,2600.0
52071.7,11.0,5.0,95,6.0,2008,4,96.8,3900.0
52071.7,11.0,4.0,75,6.0,2008,4,96.8,3200.0
52071.7,11.0,4.0,70,6.0,2008,3,96.8,2500.0
52071.7,15.0,5.0,105,3.0,2008,3,96.8,4000.0
52071.7,11.0,4.0,85,3.0,2008,2,96.8,3700.0
52071.7,15.0,4.0,70,7.0,2008,1,96.8,2300.0
52071.7,11.0,4.0,75,2.0,2007,4,95.5,2800.0
52071.7,12.0,4.0,75,2.0,2007,4,95.5,3500.0
12225.7,2.0,4.0,70,7.0,2008,1,96.8,4400.0
10347.9,3.0,5.0,80,11.0,2008,4,96.8,3600.0
39373.63636363636,16.0,5.0,85,11.0,2008,1,96.8,2700.0
39373.63636363636,13.0,4.0,65,10.0,2007,3,95.5,1800.0
95281.1,12.0,5.0,75,11.0,2008,1,96.8,2500.0
20094.2,12.0,5.0,75,10.0,2008,1,96.8,3100.0
20094.2,3.0,4.0,65,11.0,2008,4,96.8,3000.0
20094.2,5.0,4.0,65,11.0,2008,3,96.8,2800.0
20094.2,1.0,4.0,65,10.0,2007,4,95.5,3300.0
20094.2,4.0,4.0,65,10.0,2007,3,95.5,2500.0
,,4.0,75,9.0,2007,4,95.5,3500.0
20094.2,7.0,4.0,70,6.0,2008,3,96.8,3600.0
20094.2,3.0,4.0,75,9.0,2008,2,96.8,2900.0
95281.1,20.0,4.0,65,9.0,2007,4,95.5,2000.0
14940.9,9.0,4.0,120,17.0,2007,4,95.5,3700.0
95281.1,4.0,3.0,75,8.0,2008,4,96.8,3500.0
95281.1,5.0,4.0,80,8.0,2008,4,96.8,4300.0
95281.1,4.0,3.0,50,3.0,2008,3,96.8,2900.0
95281.1,5.0,4.0,80,8.0,2008,3,96.8,3700.0
95281.1,4.0,4.0,80,7.0,2007,4,95.5,4900.0
95281.1,2.0,4.0,80,7.0,2007,4,95.5,3900.0
95281.1,,4.0,85,7.0,2007,3,95.5,3800.0
95281.1,4.0,5.0,100,7.0,2007,3,95.5,5500.0
95281.1,3.0,3.0,65,7.0,2007,3,95.5,3700.0
95281.1,2.0,4.0,95,7.0,2007,3,95.5,5000.0
95281.1,4.0,2.0,50,7.0,2007,2,95.5,2500.0
43789.2,3.0,4.0,80,10.0,2008,1,96.8,3400.0
10011.6,14.0,4.0,60,32.0,2008,3,96.8,1100.0
10011.6,15.0,4.0,60,32.0,2008,2,96.8,550.0
52071.7,21.0,4.0,85,8.0,2008,1,96.8,3100.0
52071.7,17.0,4.0,70,9.0,2007,3,95.5,2700.0
23739.8,18.0,5.0,85,8.0,2008,2,96.8,3400.0
23739.8,13.0,4.0,75,13.0,2007,4,95.5,2500.0
27622.0,18.0,4.0,75,14.0,2008,2,96.8,2400.0
27120.9,8.0,4.0,75,11.0,2008,1,96.8,4000.0
27120.9,7.0,4.0,70,10.0,2007,3,95.5,2600.0
20094.2,11.0,4.0,70,8.0,2008,2,96.8,2600.0
,,5.0,80,7.0,2007,3,95.5,3400.0
43789.2,4.0,2.0,20,23.0,2008,3,96.8,310.0
