ds,y,yhat,yhat_lower,yhat_upper,trend,trend_lower,trend_upper,yearly
1958-03-01,315.7,316.2295268719459,315.66852160830865,316.7894085943812,314.88015479,314.88015479,314.88015479,1.3493720819459152
1958-04-01,317.46,317.5505590711368,317.0489336894551,318.12426373456947,314.9549570261856,314.9549570261856,314.9549570261856,2.5956020449512116
1958-05-01,317.51,318.0965333088673,317.5737468888224,318.65411680917924,315.0273462870103,315.0273462870103,315.0273462870103,3.069187021857043
1958-07-01,315.86,315.9340651824637,315.3254847073821,316.4821634524765,315.17453778402063,315.17453778402063,315.17453778402063,0.7595273984430826
1958-08-01,314.93,313.88276403890296,313.3242658482444,314.41204769077433,315.2493400202062,315.2493400202062,315.2493400202062,-1.3665759813032605
1958-09-01,313.21,312.1575364005935,311.61759675715643,312.6845967492838,315.3241422563918,315.3241422563918,315.3241422563918,-3.166605855798282
1958-11-01,313.33,313.4043405777778,312.8801188045229,313.94323799007356,315.47133375340206,315.47133375340206,315.47133375340206,-2.0669931756242628
1958-12-01,314.67,314.6548495242376,314.09119189453725,315.2033297721326,315.5437230142268,315.5437230142268,315.5437230142268,-0.8888734899892229
1959-01-01,315.58,315.6531831896463,315.07736411784987,316.20204962815484,315.6185252504124,315.6185252504124,315.6185252504124,0.03465793923390301
1959-02-01,316.48,316.3591602903382,315.8078706361523,316.9359568543186,315.6933274865979,315.6933274865979,315.6933274865979,0.6658328037402443
1959-03-01,316.65,317.0841458326916,316.55922001680483,317.6755862115521,315.76089079670106,315.76089079670106,315.76089079670106,1.3232550359905202
1959-04-01,317.72,318.42063836759326,317.8606671823645,318.9475273157498,315.83569303288664,315.83569303288664,315.83569303288664,2.5849453347066094
1959-05-01,318.29,318.9887437828511,318.4462994671652,319.5512415381773,315.90808229371135,315.90808229371135,315.90808229371135,3.0806614891397524
1959-06-01,318.15,318.35408874824344,317.80229324120296,318.94214677233634,315.9828845298969,315.9828845298969,315.9828845298969,2.3712042183465294
1959-07-01,316.54,316.8353256083602,316.26477019783533,317.3503639882797,316.0552737907216,316.0552737907216,316.0552737907216,0.7800518176386164
1959-08-01,314.8,314.780817361221,314.27788605240676,315.34537489124887,316.1300760269072,316.1300760269072,316.1300760269072,-1.3492586656862116
1959-09-01,313.84,313.05409137535116,312.5012020492225,313.59116296633823,316.2048782630928,316.2048782630928,316.2048782630928,-3.1507868877416394
1959-10-01,313.34,312.9150906313663,312.36881642965807,313.46974977502924,316.27726752391754,316.27726752391754,316.27726752391754,-3.362176892551266
1959-11-01,314.81,314.27325881095965,313.70255547100334,314.8090649154152,316.3520697601031,316.3520697601031,316.3520697601031,-2.078810949143487
1959-12-01,315.58,315.5408017381078,314.99084289800913,316.0914878548128,316.4244590209279,316.4244590209279,316.4244590209279,-0.8836572828200965
1960-01-01,316.43,316.54463794770567,315.9760719548404,317.1168111794545,316.4992612571134,316.4992612571134,316.4992612571134,0.04537669059224252
1960-02-01,316.98,317.2311561986178,316.6719359355809,317.8046989089002,316.574063493299,316.574063493299,316.574063493299,0.6570927053187949
1960-03-01,317.58,318.0459650958678,317.5076597577193,318.592550511967,316.6440397787629,316.6440397787629,316.6440397787629,1.401925317104949
1960-04-01,319.03,319.33685702210573,318.80587088152436,319.9173104814878,316.71884201494845,316.71884201494845,316.71884201494845,2.6180150071572754
1960-05-01,320.04,319.8299443825888,319.2590571622407,320.4092024337175,316.78343199849485,316.78343199849485,316.78343199849485,3.0465123840939556
1960-06-01,319.59,319.1876315768592,318.64799392763473,319.75421577981035,316.8501749814928,316.8501749814928,316.8501749814928,2.337456595366388
1960-07-01,318.18,317.63289110131603,317.04768108015105,318.17058503924926,316.9147649650392,316.9147649650392,316.9147649650392,0.7181261362768555
1960-08-01,315.9,315.579925498691,315.05313026065613,316.1340184817528,316.9815079480371,316.9815079480371,316.9815079480371,-1.4015824493461149
1960-09-01,314.17,313.84923965703484,313.2994480867831,314.4429299751679,317.04825093103506,317.04825093103506,317.04825093103506,-3.1990112740001897
1960-10-01,313.83,313.8453355681029,313.28638055288354,314.39414269287437,317.11284091458145,317.11284091458145,317.11284091458145,-3.2675053464785964
1960-11-01,315.0,315.1379856683307,314.5895272300753,315.6952141521271,317.1795838975794,317.1795838975794,317.1795838975794,-2.041598229248656
1960-12-01,316.19,316.3457393228227,315.8197144571424,316.90158843324616,317.24417388112573,317.24417388112573,317.24417388112573,-0.8984345583030457
1961-01-01,316.9,317.32315080680195,316.82165677396614,317.88565856474975,317.3109168641237,317.3109168641237,317.3109168641237,0.012233942678232936
1961-02-01,317.7,318.0593009222302,317.48753656989305,318.6293473455814,317.37765984712166,317.37765984712166,317.37765984712166,0.6816410751085371
1961-03-01,318.54,318.81354743346105,318.264162693024,319.3503306704367,317.4379438317649,317.4379438317649,317.4379438317649,1.3756036016961501
1961-04-01,319.48,320.1113144247621,319.54715543647626,320.61360238324244,317.50468681476286,317.50468681476286,317.50468681476286,2.6066276099992356
1961-05-01,320.58,320.62707667622294,320.06982160110687,321.1347293388015,317.56927679830926,317.56927679830926,317.56927679830926,3.057799877913694
1961-06-01,319.77,319.9848166582928,319.39816046277525,320.5454280882141,317.63601978130725,317.63601978130725,317.63601978130725,2.3487968769855363
1961-07-01,318.57,318.43949288787536,317.8972284516898,318.961044977948,317.7006097648536,317.7006097648536,317.7006097648536,0.738883123021759
1961-08-01,316.79,316.38333437945323,315.8557391785568,316.95493356661655,317.76735274785153,317.76735274785153,317.76735274785153,-1.3840183683983063
1961-09-01,314.99,314.651414604387,314.05713659766093,315.23609083271594,317.83409573084947,317.83409573084947,317.83409573084947,-3.1826811264624295
1961-10-01,315.31,314.5995207592015,314.05611186865633,315.14079212994875,317.89868571439587,317.89868571439587,317.89868571439587,-3.2991649551943865
1961-11-01,316.1,315.91084162913086,315.31554226173387,316.434798761912,317.96542869739386,317.96542869739386,317.96542869739386,-2.0545870682630216
1961-12-01,317.01,317.1362123195614,316.5388256071254,317.6748978925183,318.0300186809402,318.0300186809402,318.0300186809402,-0.8938063613788046
1962-01-01,317.94,318.1203641177741,317.56215256573597,318.7109047842189,318.09676166393814,318.09676166393814,318.09676166393814,0.023602453835971246
1962-02-01,318.55,318.8375209107706,318.268537697051,319.39184266743575,318.1635046469361,318.1635046469361,318.1635046469361,0.6740162638345125
1962-03-01,319.68,319.57316071352534,318.98010359871324,320.1184642900523,318.2237886315794,318.2237886315794,318.2237886315794,1.3493720819459354
1962-04-01,320.57,320.86902198207343,320.31388279145006,321.4365737530461,318.27341993712224,318.27341993712224,318.27341993712224,2.595602044951189
1962-05-01,321.02,321.3906372546658,320.8194480506128,321.9281453363651,318.3214502328088,318.3214502328088,318.3214502328088,3.069187021857043
1962-06-01,320.62,320.73112984738975,320.18225244504214,321.32651443757766,318.3710815383516,318.3710815383516,318.3710815383516,2.3600483090382003
1962-07-01,319.61,319.1786392324813,318.616124181606,319.73175636854774,318.41911183403823,318.41911183403823,318.41911183403823,0.7595273984430672
1962-08-01,317.4,317.10216715827784,316.52627527143886,317.6430397168039,318.468743139581,318.468743139581,318.468743139581,-1.366575981303212
1962-09-01,316.25,315.3517685893256,314.781596579094,315.9102868750573,318.51837444512387,318.51837444512387,318.51837444512387,-3.1666058557982804
1962-10-01,315.42,315.2356726408353,314.68515175752015,315.81566132544657,318.5664047408104,318.5664047408104,318.5664047408104,-3.330732099975144
1962-11-01,316.69,316.549042870729,316.0121896944563,317.1032878776958,318.61603604635326,318.61603604635326,318.61603604635326,-2.066993175624252
1962-12-01,317.7,317.7751928520507,317.21883129362124,318.33719816383956,318.66406634203986,318.66406634203986,318.66406634203986,-0.888873489989206
1963-01-01,318.74,318.74835558681656,318.20560914063515,319.2992114099302,318.71369764758265,318.71369764758265,318.71369764758265,0.03465793923390205
1963-02-01,319.07,319.42916175686577,318.865096503642,319.99211752840154,318.7633289531255,318.7633289531255,318.7633289531255,0.6658328037402766
1963-03-01,319.86,320.13141226509015,319.56964666362427,320.6365832056843,318.80815722909966,318.80815722909966,318.80815722909966,1.323255035990494
1963-04-01,321.39,321.44273386934907,320.8769759381258,321.99069768980286,318.85778853464245,318.85778853464245,318.85778853464245,2.584945334706602
1963-05-01,322.25,321.98648031946885,321.4349889128141,322.54020259152725,318.9058188303291,318.9058188303291,318.9058188303291,3.0806614891397484
1963-06-01,321.48,321.3266543542184,320.7843204256992,321.9017892063323,318.9554501358719,318.9554501358719,318.9554501358719,2.3712042183465107
1963-07-01,319.74,319.7835322491971,319.2341692508192,320.36163840984676,319.0034804315585,319.0034804315585,319.0034804315585,0.7800518176385978
1963-08-01,317.77,317.70385307141504,317.18182543676903,318.26695331852517,319.0531117371013,319.0531117371013,319.0531117371013,-1.3492586656862349
1963-09-01,316.21,315.9519561549025,315.3977258220732,316.47405046424353,319.10274304264414,319.10274304264414,319.10274304264414,-3.1507868877416394
1963-10-01,315.99,315.7885964457795,315.2378625221329,316.3122734242213,319.15077333833074,319.15077333833074,319.15077333833074,-3.3621768925512425
1963-11-01,317.07,317.12159369473,316.56747976911754,317.69427611262694,319.2004046438735,319.2004046438735,319.2004046438735,-2.0788109491435076
1963-12-01,318.35,318.36477765674005,317.7788385842847,318.932949026889,319.2484349395601,319.2484349395601,319.2484349395601,-0.8836572828201001
1964-01-01,319.57,319.34344293569524,318.7842142650807,319.8829500324153,319.298066245103,319.298066245103,319.298066245103,0.04537669059223974
1964-05-01,322.26,322.5793407048583,322.01800168194154,323.1265205162431,319.53282832076434,319.53282832076434,319.53282832076434,3.0465123840939614
1964-06-01,321.89,321.9304305718787,321.38868986881204,322.48453700738116,319.59297397651227,319.59297397651227,319.59297397651227,2.3374565953663815
1964-07-01,320.44,320.36930558609356,319.79217574590007,320.98347916004917,319.6511794498167,319.6511794498167,319.6511794498167,0.718126136276834
1964-08-01,318.69,318.3097426562186,317.7713323078133,318.8852333963205,319.7113251055647,319.7113251055647,319.7113251055647,-1.4015824493461158
1964-09-01,316.7,316.5724594873124,316.0294406983959,317.13817371131415,319.7714707613126,319.7714707613126,319.7714707613126,-3.199011274000201
1964-10-01,316.87,316.56217088813855,316.01668143890936,317.16934242786516,319.8296762346171,319.8296762346171,319.8296762346171,-3.267505346478595
1964-11-01,317.68,317.8482236611164,317.3032991309556,318.3978271658768,319.88982189036506,319.88982189036506,319.88982189036506,-2.041598229248655
1964-12-01,318.71,319.04959280536644,318.4496778615103,319.6258712325373,319.9480273636695,319.9480273636695,319.9480273636695,-0.8984345583030408
1965-01-01,319.44,320.0204069620957,319.4384280064043,320.5798000973433,320.0081730194175,320.0081730194175,320.0081730194175,0.01223394267822283
1965-02-01,320.44,320.74995975027394,320.1559675188068,321.29328036094074,320.0683186751654,320.0683186751654,320.0683186751654,0.6816410751085495
1965-03-01,320.89,321.49824738527906,320.9634766040123,322.0387615715417,320.12264378358293,320.12264378358293,320.12264378358293,1.3756036016961357
1965-04-01,322.14,322.78941704933015,322.2371902455346,323.35845154047064,320.1827894393309,320.1827894393309,320.1827894393309,2.6066276099992227
1965-05-01,322.17,323.29879479054904,322.7297401250779,323.8594940990364,320.24099491263536,320.24099491263536,320.24099491263536,3.0577998779136943
1965-06-01,321.87,322.6499374453689,322.08780969984866,323.16359624358387,320.3011405683833,320.3011405683833,320.3011405683833,2.348796876985574
1965-07-01,321.21,321.0982291647095,320.55889959610846,321.69743270390927,320.35934604168773,320.35934604168773,320.35934604168773,0.7388831230217492
1965-08-01,318.87,319.0354733290375,318.46934816324523,319.6172128559551,320.4194916974357,320.4194916974357,320.4194916974357,-1.3840183683982714
1965-09-01,317.82,317.29695622672125,316.7335003074112,317.83932621104043,320.47963735318365,320.47963735318365,320.47963735318365,-3.1826811264624246
1965-10-01,317.3,317.2386778712938,316.67928827033705,317.79570561909657,320.53784282648814,320.53784282648814,320.53784282648814,-3.299164955194346
1965-11-01,318.87,318.5434014139731,317.99849476317496,319.08652803443164,320.5979884822361,320.5979884822361,320.5979884822361,-2.0545870682630243
1965-12-01,319.42,319.7623875941617,319.19301125525686,320.3036669670058,320.6561939555405,320.6561939555405,320.6561939555405,-0.8938063613788169
1966-01-01,320.62,320.73994206512447,320.1734241416175,321.2855142228959,320.7163396112885,320.7163396112885,320.7163396112885,0.023602453835985613
1966-02-01,321.59,321.45050153087095,320.9000174225001,322.0042144431265,320.77648526703643,320.77648526703643,320.77648526703643,0.674016263834498
1966-03-01,322.39,322.1801824573999,321.6467717988379,322.70034303155586,320.83081037545395,320.83081037545395,320.83081037545395,1.349372081945926
1966-04-01,323.7,323.5127438369003,322.9547524095158,324.0584785559746,320.9171417919491,320.9171417919491,320.9171417919491,2.595602044951185
1966-05-01,324.08,324.06987534589825,323.50166421999216,324.632924275358,321.0006883240412,321.0006883240412,321.0006883240412,3.0691870218570427
1966-06-01,323.75,323.4470680495746,322.9099977248992,324.01395417127674,321.0870197405364,321.0870197405364,321.0870197405364,2.3600483090382065
1966-07-01,322.39,321.9300936710716,321.35856436799276,322.4620134503253,321.1705662726285,321.1705662726285,321.1705662726285,0.7595273984430908
1966-08-01,320.36,319.8903217078205,319.3779937403106,320.4594961340547,321.25689768912366,321.25689768912366,321.25689768912366,-1.3665759813032083
1966-09-01,318.64,318.1766232498206,317.60990939026453,318.7275732690453,321.34322910561883,321.34322910561883,321.34322910561883,-3.1666058557982684
1966-10-01,318.1,318.0960435377358,317.517189388432,318.6611236482916,321.42677563771093,321.42677563771093,321.42677563771093,-3.3307320999751506
1966-11-01,319.78,319.44611387858185,318.8926912217745,319.9826230393618,321.5131070542061,321.5131070542061,321.5131070542061,-2.0669931756242628
1966-12-01,321.03,320.7077800963089,320.1681224148421,321.27837172803356,321.59665358629815,321.59665358629815,321.59665358629815,-0.8888734899892159
1967-01-01,322.33,321.7176429420272,321.1530779167593,322.24900748842197,321.6829850027933,321.6829850027933,321.6829850027933,0.034657939233894895
1967-02-01,322.5,322.4351492230288,321.8543858761222,322.99275198098076,321.76931641928854,321.76931641928854,321.76931641928854,0.6658328037402721
1967-03-01,323.04,323.170548218565,322.6045140254607,323.70467007156464,321.84729318257445,321.84729318257445,321.84729318257445,1.3232550359905153
1967-04-01,324.42,324.5185699337763,323.9340299053528,325.06589300937026,321.9336245990697,321.9336245990697,321.9336245990697,2.5849453347066054
1967-05-01,325.0,325.09783262030146,324.54182453783045,325.68372889095906,322.0171711311617,322.0171711311617,322.0171711311617,3.0806614891397444
1967-06-01,324.09,324.4747067660034,323.9059457466024,324.9948982560469,322.1035025476569,322.1035025476569,322.1035025476569,2.3712042183465356
1967-07-01,322.55,322.9671008973876,322.40621881020274,323.53062432602195,322.187049079749,322.187049079749,322.187049079749,0.7800518176386022
1967-08-01,320.92,320.92412183055797,320.39777692876606,321.4635450070633,322.27338049624416,322.27338049624416,322.27338049624416,-1.3492586656862107
1967-09-01,319.25,319.2089250249977,318.663084925934,319.74247272873953,322.35971191273933,322.35971191273933,322.35971191273933,-3.1507868877416163
1967-10-01,319.39,319.0810815522802,318.5629472930651,319.6437028082081,322.44325844483143,322.44325844483143,322.44325844483143,-3.362176892551264
1967-11-01,320.73,320.45077891218307,319.8939012333514,321.03373292888637,322.5295898613266,322.5295898613266,322.5295898613266,-2.0788109491435023
1967-12-01,321.96,321.72947911059856,321.1691174562299,322.26544793965036,322.61313639341864,322.61313639341864,322.61313639341864,-0.8836572828200956
1968-01-01,322.57,322.74484450050613,322.177757995162,323.26014381638686,322.69946780991387,322.69946780991387,322.69946780991387,0.04537669059226461
1968-02-01,323.14,323.4428919317278,322.89289948135075,324.0023984851509,322.785799226409,322.785799226409,322.785799226409,0.657092705318786
1968-03-01,323.89,324.2863082347058,323.70669250537765,324.813095094385,322.8843829176009,322.8843829176009,322.8843829176009,1.401925317104934
1968-04-01,325.02,325.6077804912047,325.0388046418761,326.16417524663757,322.98976548404744,322.98976548404744,322.98976548404744,2.618015007157265
1968-05-01,325.57,326.13826099696064,325.59746993864286,326.7159646579456,323.0917486128667,323.0917486128667,323.0917486128667,3.0465123840939627
1968-06-01,325.36,325.53458777467966,324.99945637505886,326.1190756847246,323.19713117931326,323.19713117931326,323.19713117931326,2.3374565953663775
1968-07-01,324.14,324.01724044440937,323.43853061600174,324.60946686528087,323.2991143081325,323.2991143081325,323.2991143081325,0.7181261362768495
1968-08-01,322.11,322.0029144252329,321.42244933886826,322.55960237160076,323.404496874579,323.404496874579,323.404496874579,-1.4015824493460978
1968-09-01,320.33,320.3108681670254,319.7493329349734,320.8555114541829,323.5098794410256,323.5098794410256,323.5098794410256,-3.1990112740001937
1968-10-01,320.25,320.3443572233662,319.7957019178807,320.91708698766655,323.61186256984485,323.61186256984485,323.61186256984485,-3.267505346478612
1968-11-01,321.32,321.67564690704273,321.1224453362619,322.2386597521714,323.7172451362914,323.7172451362914,323.7172451362914,-2.0415982292486627
1968-12-01,322.89,322.9207937068076,322.35654246451287,323.4809447260812,323.81922826511067,323.81922826511067,323.81922826511067,-0.8984345583030432
1969-01-01,324.0,323.93684477423545,323.323715409647,324.52459914368694,323.92461083155723,323.92461083155723,323.92461083155723,0.012233942678221432
1969-02-01,324.42,324.71163447311227,324.1909409049329,325.290836893758,324.02999339800374,324.02999339800374,324.02999339800374,0.6816410751085433
1969-03-01,325.63,325.5007812532645,324.9387215070375,326.04892005135895,324.1251776515684,324.1251776515684,324.1251776515684,1.375603601696131
1969-04-01,326.66,326.8371878280142,326.26751844883637,327.38026325419105,324.23056021801494,324.23056021801494,324.23056021801494,2.6066276099992236
1969-05-01,327.38,327.3903432247479,326.81222944011233,327.95361716506625,324.3325433468342,324.3325433468342,324.3325433468342,3.0577998779136966
1969-06-01,326.7,326.7867227902663,326.2718709243117,327.39628233210857,324.43792591328076,324.43792591328076,324.43792591328076,2.348796876985571
1969-07-01,325.88,325.27879216512173,324.74286399836427,325.84528394919033,324.53990904209996,324.53990904209996,324.53990904209996,0.7388831230217671
1969-08-01,323.66,323.2612732401483,322.7307236692514,323.8043169617094,324.64529160854653,324.64529160854653,324.64529160854653,-1.3840183683982703
1969-09-01,322.38,321.5679930485307,321.02461337707246,322.07817722168704,324.7506741749931,324.7506741749931,324.7506741749931,-3.182681126462415
1969-10-01,321.78,321.553492348618,321.0108984509102,322.0988334939872,324.85265730381235,324.85265730381235,324.85265730381235,-3.299164955194351
1969-11-01,322.85,322.9034528019959,322.3275100805102,323.4163125811402,324.9580398702589,324.9580398702589,324.9580398702589,-2.0545870682630283
1969-12-01,324.12,324.16621663769934,323.64145608598363,324.733945698522,325.06002299907817,325.06002299907817,325.06002299907817,-0.8938063613788167
1970-01-01,325.06,325.1890080193607,324.6087747675203,325.7207584289148,325.1654055655247,325.1654055655247,325.1654055655247,0.02360245383599999
1970-02-01,325.98,325.90983997620424,325.32657617966595,326.4749389052507,325.2358237123697,325.2358237123697,325.2358237123697,0.6740162638345031
1970-03-01,326.93,326.6487992817885,326.11930111517614,327.21799706516157,325.29942719984257,325.29942719984257,325.29942719984257,1.3493720819459354
1970-04-01,328.14,327.9654473916388,327.3950995626566,328.4930096805038,325.3698453466876,325.3698453466876,325.3698453466876,2.5956020449511876
1970-05-01,328.08,328.5071789622656,327.9852734210367,329.07934577928086,325.43799194040855,325.43799194040855,325.43799194040855,3.069187021857044
1970-06-01,327.67,327.86845839629177,327.3655689525442,328.4143569528269,325.50841008725354,325.50841008725354,325.50841008725354,2.360048309038211
1970-07-01,326.34,326.33608407941756,325.7583300312903,326.90330476893615,325.5765566809745,325.5765566809745,325.5765566809745,0.7595273984430978
1970-08-01,324.69,324.28039884651633,323.7398435817777,324.87208264800586,325.6469748278195,325.6469748278195,325.6469748278195,-1.3665759813032137
1970-09-01,323.1,322.55078711886625,322.02204355189406,323.1121866093556,325.7173929746645,325.7173929746645,325.7173929746645,-3.1666058557982657
1970-10-01,323.07,322.4548074684103,321.88141449731177,323.06495406316225,325.78553956838545,325.78553956838545,325.78553956838545,-3.3307320999751533
1970-11-01,324.01,323.7889645396062,323.2204627559411,324.35329463581775,325.85595771523043,325.85595771523043,325.85595771523043,-2.066993175624273
1970-12-01,325.13,325.0352308189622,324.44443808099095,325.6281339584425,325.9241043089514,325.9241043089514,325.9241043089514,-0.888873489989219
1971-01-01,326.17,326.0291803950303,325.4890069893432,326.5604702961762,325.9945224557964,325.9945224557964,325.9945224557964,0.03465793923390629
1971-02-01,326.68,326.7307734063817,326.1642982947809,327.28181054595024,326.0649406026414,326.0649406026414,326.0649406026414,0.6658328037402669
1971-03-01,327.17,327.45179912610485,326.8981379035016,327.9884119264031,326.1285440901143,326.1285440901143,326.1285440901143,1.3232550359905166
1971-04-01,327.79,328.7839075716659,328.21448349483904,329.3395982125142,326.1989622369593,326.1989622369593,326.1989622369593,2.5849453347066063
1971-05-01,328.92,329.34777031982003,328.78205787371616,329.8994938157322,326.2671088306803,326.2671088306803,326.2671088306803,3.0806614891397497
1971-06-01,328.57,328.70873119587174,328.1777930171968,329.2245624993476,326.3375269775252,326.3375269775252,326.3375269775252,2.3712042183465405
1971-07-01,327.36,327.1857253888848,326.68242690093285,327.70906707441196,326.4056735712462,326.4056735712462,326.4056735712462,0.7800518176386074
1971-08-01,325.43,325.126833052405,324.580099164471,325.6537167008556,326.4760917180912,326.4760917180912,326.4760917180912,-1.3492586656862144
1971-09-01,323.36,323.39572297719457,322.83092348061484,323.93502507413325,326.5465098649362,326.5465098649362,326.5465098649362,-3.150786887741611
1971-10-01,323.56,323.25247956610593,322.7330562983325,323.82479258128626,326.6146564586572,326.6146564586572,326.6146564586572,-3.362176892551265
1971-11-01,324.8,324.60626365635864,324.0213383210975,325.1757071413494,326.68507460550217,326.68507460550217,326.68507460550217,-2.078810949143505
1971-12-01,326.01,325.9369796025611,325.3827248734808,326.5102198881237,326.8206368853812,326.8206368853812,326.8206368853812,-0.8836572828200944
1972-01-01,326.77,327.0060945985151,326.4718519758714,327.5840135061104,326.96071790792286,326.96071790792286,326.96071790792286,0.045376690592262126
1972-02-01,327.63,327.7578916357834,327.2063799133885,328.31898013243205,327.1007989304646,327.1007989304646,327.1007989304646,0.6570927053187784
1972-03-01,327.75,328.6337677847859,328.09050181605494,329.17225421245854,327.23184246768096,327.23184246768096,327.23184246768096,1.401925317104919
1972-04-01,329.73,329.9899384973799,329.43063278023857,330.55100589843215,327.3719234902226,327.3719234902226,327.3719234902226,2.618015007157255
1972-05-01,330.07,330.5539981541956,330.0089164210553,331.1117578273667,327.50748577010165,327.50748577010165,327.50748577010165,3.0465123840939623
1972-06-01,329.09,329.9850233880097,329.4363131358496,330.53541900660156,327.6475667926433,327.6475667926433,327.6475667926433,2.3374565953663846
1972-07-01,328.04,328.50125520879925,327.93540186424184,329.0405718767995,327.7831290725224,327.7831290725224,327.7831290725224,0.7181261362768551
1972-08-01,326.32,326.52162764571796,325.9476747651462,327.0195763373337,327.92321009506406,327.92321009506406,327.92321009506406,-1.4015824493461022
1972-09-01,324.84,324.8642798436056,324.2968608678985,325.4350519065383,328.06329111760573,328.06329111760573,328.06329111760573,-3.1990112740001844
1972-10-01,325.2,324.9313480510061,324.43734617349094,325.5217974840199,328.19885339748475,328.19885339748475,328.19885339748475,-3.2675053464786075
1972-11-01,326.5,326.29733619077774,325.74764614738456,326.80593981087947,328.3389344200264,328.3389344200264,328.3389344200264,-2.041598229248667
1972-12-01,327.55,327.5760621416024,327.0326897474178,328.1465800058467,328.47449669990544,328.47449669990544,328.47449669990544,-0.8984345583030466
1973-01-01,328.55,328.62681166512533,328.02128129302986,329.1785836642889,328.6145777224471,328.6145777224471,328.6145777224471,0.012233942678233257
1973-02-01,329.56,329.43629982009736,328.8913807768731,329.9636771485031,328.75465874498883,328.75465874498883,328.75465874498883,0.6816410751085373
1973-03-01,330.3,330.2567871412387,329.708209246067,330.7717021000023,328.8811835395426,328.8811835395426,328.8811835395426,1.3756036016961273
1973-04-01,331.5,331.6278921720835,331.10211979899253,332.16341132874936,329.02126456208424,329.02126456208424,329.02126456208424,2.6066276099992187
1973-05-01,332.48,332.21462671987695,331.66797169549693,332.798352062291,329.15682684196327,329.15682684196327,329.15682684196327,3.057799877913702
1973-06-01,332.07,331.6457047414906,331.0841158873793,332.1620595300202,329.296907864505,329.296907864505,329.296907864505,2.3487968769855816
1973-07-01,330.87,330.1713532674058,329.6267681922391,330.70557749259314,329.432470144384,329.432470144384,329.432470144384,0.7388831230217733
1973-08-01,329.31,328.18853279852743,327.6466927276804,328.78360633892555,329.5725511669257,329.5725511669257,329.5725511669257,-1.3840183683982654
1973-09-01,327.51,326.52995106300494,325.9954593324342,327.09934300760705,329.71263218946734,329.71263218946734,329.71263218946734,-3.1826811264624215
1973-10-01,327.18,326.549029514152,325.9954431624896,327.063913183011,329.8481944693463,329.8481944693463,329.8481944693463,-3.2991649551943425
1973-11-01,328.16,327.8541014061436,327.3478704239096,328.4162747812443,329.9086884744067,329.9086884744067,329.9086884744067,-2.054587068263042
1973-12-01,328.64,329.07342469857014,328.52686465266095,329.67463787713166,329.967231059949,329.967231059949,329.967231059949,-0.8938063613788171
1974-01-01,329.35,330.0513275188453,329.5036016622418,330.6036971666486,330.0277250650093,330.0277250650093,330.0277250650093,0.023602453836014278
1974-02-01,330.71,330.76223533390413,330.16001329790254,331.29815208296895,330.0882190700696,330.0882190700696,330.0882190700696,0.6740162638345021
1974-03-01,331.48,331.4922308985217,330.94982682107945,332.0378622543949,330.14285881657577,330.14285881657577,330.14285881657577,1.3493720819459314
1974-04-01,332.65,332.7989548665873,332.2815642643537,333.36074634511067,330.2033528216361,330.2033528216361,330.2033528216361,2.595602044951192
1974-05-01,333.09,333.3310824290354,332.8107758501625,333.8701171210576,330.2618954071784,330.2618954071784,330.2618954071784,3.069187021857042
1974-06-01,332.25,332.6824377212769,332.1377187178079,333.2276031034023,330.3223894122387,330.3223894122387,330.3223894122387,2.3600483090382194
1974-07-01,331.18,331.1404593962241,330.57776418230355,331.69793776450035,330.380931997781,330.380931997781,330.380931997781,0.75952739844312
1974-08-01,329.39,329.07485002153817,328.53080519299357,329.6535202275421,330.44142600284135,330.44142600284135,330.44142600284135,-1.3665759813031997
1974-09-01,327.43,327.3353141521034,326.7909625795871,327.8903021776088,330.5019200079017,330.5019200079017,330.5019200079017,-3.1666058557982733
1974-10-01,327.37,327.2297304934688,326.6929939882073,327.78291771154284,330.56046259344396,330.56046259344396,330.56046259344396,-3.3307320999751635
1974-11-01,328.46,328.55396342288003,328.01532255114034,329.10015040988634,330.6209565985043,330.6209565985043,330.6209565985043,-2.0669931756242677
1974-12-01,329.57,329.7906256940573,329.2032937391028,330.35696430009335,330.67949918404656,330.67949918404656,330.67949918404656,-0.8888734899892305
1975-01-01,330.4,330.7746511283408,330.2380651380551,331.31479219465274,330.7399931891069,330.7399931891069,330.7399931891069,0.03465793923390449
1975-02-01,331.4,331.46631999790753,330.9487640913475,331.9740271508779,330.80048719416726,330.80048719416726,330.80048719416726,0.6658328037402557
1975-03-01,332.04,332.17838197666384,331.624581823739,332.73760498324236,330.85512694067336,330.85512694067336,330.85512694067336,1.3232550359904967
1975-04-01,333.31,333.50056628044035,332.9301434982443,334.0167087877757,330.91562094573374,330.91562094573374,330.91562094573374,2.584945334706607
1975-05-01,333.97,334.0548250204157,333.5170361452484,334.5618686069313,330.97416353127596,330.97416353127596,330.97416353127596,3.0806614891397515
1975-06-01,333.6,333.40586175468286,332.8603596676741,333.97828178810994,331.03465753633634,331.03465753633634,331.03465753633634,2.371204218346527
1975-07-01,331.9,331.8732519395172,331.2678188517157,332.388336867677,331.0932001218786,331.0932001218786,331.0932001218786,0.7800518176386044
1975-08-01,330.06,329.80443546125275,329.23761997399833,330.3487434396688,331.15369412693894,331.15369412693894,331.15369412693894,-1.3492586656862138
1975-09-01,328.56,328.0634012442577,327.57457511358166,328.6485860133014,331.21418813199926,331.21418813199926,331.21418813199926,-3.150786887741587
1975-10-01,328.34,327.9729953730315,327.4511687360691,328.5667566400087,331.3351722655828,331.3351722655828,331.3351722655828,-3.3621768925513074
1975-11-01,329.49,329.3813782544755,328.85590796880905,329.9529472263597,331.46018920361905,331.46018920361905,331.46018920361905,-2.078810949143512
1975-12-01,330.76,330.6975160543825,330.14956628715663,331.22166485971445,331.5811733372026,331.5811733372026,331.5811733372026,-0.883657282820093
1976-01-01,331.75,331.7515669658311,331.2096095767055,332.31318164968985,331.70619027523884,331.70619027523884,331.70619027523884,0.04537669059227217
1976-02-01,332.56,332.48829991859395,331.94184248520764,333.0207205124408,331.83120721327515,331.83120721327515,331.83120721327515,0.6570927053187866
1976-03-01,333.5,333.35008385951085,332.79218872133,333.9336985887358,331.9481585424059,331.9481585424059,331.9481585424059,1.4019253171049135
1976-04-01,334.58,334.69119048759944,334.1049783419391,335.2813059119358,332.07317548044216,332.07317548044216,332.07317548044216,2.618015007157256
1976-05-01,334.88,335.2406719981196,334.6955506170584,335.7858072550529,332.19415961402564,332.19415961402564,332.19415961402564,3.0465123840939663
1976-06-01,334.33,334.65663314742835,334.0971716164696,335.2288472676737,332.31917655206195,332.31917655206195,332.31917655206195,2.337456595366379
1976-07-01,333.05,333.15828682192233,332.62601491068324,333.70183305778914,332.4401606856455,332.4401606856455,332.4401606856455,0.7181261362768512
1976-08-01,330.94,331.1635951743357,330.6448153033424,331.7260166641552,332.5651776236818,332.5651776236818,332.5651776236818,-1.4015824493460982
1976-09-01,329.3,329.4911832877179,328.941971047223,330.06686315377874,332.69019456171804,332.69019456171804,332.69019456171804,-3.1990112740001706
1976-10-01,328.94,329.5436733488229,328.9980201095183,330.0964135037039,332.8111786953015,332.8111786953015,332.8111786953015,-3.2675053464786084
1976-11-01,330.31,330.89459740408915,330.30147162898896,331.4450558779035,332.93619563333783,332.93619563333783,332.93619563333783,-2.041598229248657
1976-12-01,331.68,332.15874520861826,331.58511599314755,332.68738065693486,333.0571797669213,333.0571797669213,333.0571797669213,-0.8984345583030378
1977-01-01,332.93,333.19443064763584,332.613152259445,333.7919119949497,333.1821967049576,333.1821967049576,333.1821967049576,0.012233942678226008
1977-02-01,333.42,333.98885471810246,333.39773452196386,334.5458497550156,333.30721364299393,333.30721364299393,333.30721364299393,0.6816410751085455
1977-03-01,334.7,334.795735769368,334.2360142017246,335.37368697816265,333.42013216767185,333.42013216767185,333.42013216767185,1.3756036016961228
1977-04-01,336.07,336.1517767157074,335.6275840167833,336.6890993955662,333.54514910570816,333.54514910570816,333.54514910570816,2.606627609999227
1977-05-01,336.75,336.7239331172053,336.16833856157075,337.3013161056461,333.66613323929164,333.66613323929164,333.66613323929164,3.0577998779136997
1977-06-01,336.27,336.13994705431355,335.5993351940617,336.67206374103523,333.79115017732795,333.79115017732795,333.79115017732795,2.34879687698558
1977-07-01,334.92,334.65101743393325,334.1052491037713,335.1903473148337,333.9121343109115,333.9121343109115,333.9121343109115,0.7388831230217565
1977-08-01,332.75,332.6531328805495,332.14048120842807,333.24531447453126,334.03715124894774,334.03715124894774,334.03715124894774,-1.3840183683982703
1977-09-01,331.59,330.9883595751493,330.41979660516984,331.5599238212303,334.1710407016117,334.1710407016117,334.1710407016117,-3.182681126462386
1977-10-01,331.16,331.0014461844791,330.4282471119078,331.5682137450703,334.3006111396735,334.3006111396735,334.3006111396735,-3.299164955194371
1977-11-01,332.4,332.37991352407437,331.8018692944308,332.9451239776019,334.43450059233743,334.43450059233743,334.43450059233743,-2.054587068263033
1977-12-01,333.85,333.6702646690204,333.10161211465555,334.2172614844327,334.56407103039925,334.56407103039925,334.56407103039925,-0.8938063613788102
1978-01-01,334.97,334.7215629368992,334.16626575925136,335.2671613040076,334.6979604830632,334.6979604830632,334.6979604830632,0.023602453836028645
1978-02-01,335.38,335.50586619956164,334.9319411505456,336.0834872781067,334.8318499357271,334.8318499357271,334.8318499357271,0.6740162638344965
1978-03-01,336.64,336.3021544265308,335.78239528003144,336.87013521109526,334.9527823445849,334.9527823445849,334.9527823445849,1.349372081945937
1978-04-01,337.76,337.68227384219995,337.13588731985794,338.2395713994794,335.08667179724875,335.08667179724875,335.08667179724875,2.5956020449511703
1978-05-01,338.01,338.2854292571676,337.7404365395126,338.8902254871372,335.2162422353106,335.2162422353106,335.2162422353106,3.0691870218570534
1978-06-01,337.89,337.7101799970128,337.1508692059164,338.27824730821936,335.35013168797457,335.35013168797457,335.35013168797457,2.36004830903822
1978-07-01,336.54,336.2392295244795,335.6493021060928,336.81698955923594,335.4797021260364,335.4797021260364,335.4797021260364,0.7595273984431185
1978-08-01,334.68,334.2470155973971,333.656886814348,334.7487411959398,335.6135915787003,335.6135915787003,335.6135915787003,-1.3665759813032239
1978-09-01,332.76,332.58087517556595,332.0306049940897,333.10750909296854,335.7474810313642,335.7474810313642,335.7474810313642,-3.1666058557982573
1978-10-01,332.55,332.54631936945094,331.9733866063522,333.094823228956,335.8770514694261,335.8770514694261,335.8770514694261,-3.3307320999751306
1978-11-01,333.92,333.9439477464657,333.3337894306192,334.4731540586527,336.01094092209,336.01094092209,336.01094092209,-2.0669931756242925
1978-12-01,334.95,335.2516378701627,334.67294318763146,335.80010317843454,336.1405113601519,336.1405113601519,336.1405113601519,-0.8888734899892057
1979-01-01,336.23,336.3090587520497,335.7726186090746,336.85260989987177,336.27440081281577,336.27440081281577,336.27440081281577,0.03465793923389473
1979-02-01,336.76,337.07412306922,336.5354588799734,337.6257650377821,336.4082902654797,336.4082902654797,336.4082902654797,0.665832803740255
1979-03-01,337.96,337.8524777103279,337.3478909794292,338.39641667082884,336.5292226743374,336.5292226743374,336.5292226743374,1.3232550359905062
1979-04-01,338.88,339.24805746170796,338.68389528467605,339.80500966135855,336.66311212700134,336.66311212700134,336.66311212700134,2.584945334706614
1979-05-01,339.47,339.87334405420296,339.3623464220908,340.4396240787289,336.7926825650632,336.7926825650632,336.7926825650632,3.0806614891397506
1979-06-01,339.29,339.2977762360736,338.76846694065733,339.8676364142088,336.9265720177271,336.9265720177271,336.9265720177271,2.371204218346533
1979-07-01,337.73,337.82841787222617,337.27265013437284,338.4029964257013,337.0483660545876,337.0483660545876,337.0483660545876,0.7800518176386058
1979-08-01,336.09,335.8249612269905,335.2793672829776,336.3585426992354,337.1742198926767,337.1742198926767,337.1742198926767,-1.349258665686196
1979-09-01,333.92,334.1492868430243,333.6221528440092,334.67073396873474,337.3000737307659,337.3000737307659,337.3000737307659,-3.150786887741625
1979-10-01,333.86,334.0596908750751,333.48802401960825,334.58908507287845,337.4218677676264,337.4218677676264,337.4218677676264,-3.362176892551298
1979-11-01,335.29,335.46891065657206,334.915639257784,336.0466534274788,337.54772160571554,337.54772160571554,337.54772160571554,-2.0788109491434983
1979-12-01,336.73,336.78585835975593,336.2441232521932,337.35778858455797,337.669515642576,337.669515642576,337.669515642576,-0.8836572828200846
1980-01-01,338.01,337.8407461712574,337.32167495094296,338.3976832613085,337.79536948066516,337.79536948066516,337.79536948066516,0.04537669059225819
1980-02-01,338.36,338.5783160240732,338.04279571841477,339.1117600203262,337.9212233187544,337.9212233187544,337.9212233187544,0.657092705318783
1980-03-01,340.07,339.4408828714911,338.87594741589146,339.98957393358415,338.0389575543862,338.0389575543862,338.0389575543862,1.4019253171049353
1980-04-01,340.77,340.78282639963254,340.2646360652531,341.33213501588114,338.1648113924753,338.1648113924753,338.1648113924753,2.6180150071572523
1980-05-01,341.47,341.33311781342974,340.73690101897665,341.8753845026428,338.2866054293358,338.2866054293358,338.2866054293358,3.046512384093951
1980-06-01,341.17,340.7499158627914,340.1908408417411,341.2819109031241,338.412459267425,338.412459267425,338.412459267425,2.3374565953664006
1980-07-01,339.56,339.2523794405623,338.7009983830873,339.7893907648829,338.53425330428547,338.53425330428547,338.53425330428547,0.7181261362768318
1980-08-01,337.6,337.25852469302856,336.7075326863463,337.7797792959866,338.6601071423746,338.6601071423746,338.6601071423746,-1.4015824493460798
1980-09-01,335.88,335.5869497064636,335.01584749376724,336.1451263829689,338.78596098046376,338.78596098046376,338.78596098046376,-3.1990112740001666
1980-10-01,336.02,335.64024967084566,335.04992797434255,336.143576996938,338.9077550173243,338.9077550173243,338.9077550173243,-3.267505346478626
1980-11-01,337.1,336.99201062616476,336.419723737548,337.53862959901585,339.03360885541343,339.03360885541343,339.03360885541343,-2.041598229248665
1980-12-01,338.21,338.2569683339709,337.7240474838319,338.8062884719087,339.1554028922739,339.1554028922739,339.1554028922739,-0.8984345583030233
1981-01-01,339.24,339.2934906730413,338.7354216086149,339.8327783155478,339.28125673036305,339.28125673036305,339.28125673036305,0.012233942678224726
1981-02-01,340.48,340.0887516435607,339.5273668606435,340.60760320541016,339.4071105684522,339.4071105684522,339.4071105684522,0.6816410751085422
1981-03-01,341.38,340.8963886045514,340.35243269131615,341.4456824227194,339.52078500285535,339.52078500285535,339.52078500285535,1.3756036016960747
1981-04-01,342.51,342.2532664509437,341.68000628032036,342.79985302604695,339.6466388409445,339.6466388409445,339.6466388409445,2.606627609999216
1981-05-01,342.91,342.82623275571876,342.2562402979358,343.3926039780145,339.768432877805,339.768432877805,339.768432877805,3.057799877913725
1981-06-01,342.25,342.23433171669024,341.6772141547416,342.79816104079663,339.8855348397047,339.8855348397047,339.8855348397047,2.3487968769855394
1981-07-01,340.49,340.73774244198415,340.1595245732213,341.32094457665465,339.9988593189624,339.9988593189624,339.9988593189624,0.7388831230217819
1981-08-01,338.43,338.7319429124638,338.19510287557534,339.30314791304926,340.11596128086205,340.11596128086205,340.11596128086205,-1.3840183683982437
1981-09-01,336.69,337.0503821162993,336.5416963449612,337.61137941664714,340.2330632427617,340.2330632427617,340.2330632427617,-3.1826811264624006
1981-10-01,336.86,337.0472227668251,336.4592476569559,337.6041050558741,340.3463877220194,340.3463877220194,340.3463877220194,-3.2991649551943354
1981-11-01,338.36,338.40890261565613,337.7852031051479,338.9540793907166,340.46348968391914,340.46348968391914,340.46348968391914,-2.054587068263027
1981-12-01,339.61,339.683007801798,339.13205788913064,340.28292728558915,340.57681416317683,340.57681416317683,340.57681416317683,-0.8938063613788167
1982-01-01,340.75,340.7175185789125,340.1133786474522,341.2542541679389,340.6939161250765,340.6939161250765,340.6939161250765,0.023602453836003734
1982-02-01,341.61,341.4850343508107,340.90779851451094,342.0375472883973,340.81101808697616,340.81101808697616,340.81101808697616,0.6740162638344988
1982-03-01,342.7,342.266159682896,341.7218243341087,342.8063994931548,340.91678760095004,340.91678760095004,340.91678760095004,1.3493720819459165
1982-04-01,343.57,343.6294916078009,343.06552438062306,344.17495026194746,341.0338895628497,341.0338895628497,341.0338895628497,2.595602044951185
1982-05-01,344.14,344.2164010639645,343.6454692685583,344.7667270775617,341.1472140421074,341.1472140421074,341.1472140421074,3.06918702185707
1982-06-01,343.35,343.6243643130453,343.0532507021403,344.1644944049547,341.26431600400707,341.26431600400707,341.26431600400707,2.3600483090382314
1982-07-01,342.06,342.1371678817079,341.5654734443613,342.69525001660355,341.37764048326477,341.37764048326477,341.37764048326477,0.7595273984431149
1982-08-01,339.81,340.1281664638613,339.6044563223628,340.6848906600381,341.4947424451645,341.4947424451645,341.4947424451645,-1.3665759813031655
1982-09-01,337.98,338.4452385512659,337.87748674367833,339.0291921248685,341.61184440706415,341.61184440706415,341.61184440706415,-3.166605855798273
1982-10-01,337.86,338.39443678634666,337.88324993126565,338.99701320303365,341.72516888632185,341.72516888632185,341.72516888632185,-3.33073209997521
1982-11-01,339.26,339.77527767259727,339.23375138617314,340.3336247475979,341.8422708482215,341.8422708482215,341.8422708482215,-2.0669931756242708
1982-12-01,340.49,341.06672183749,340.48210501351474,341.61219790967886,341.9555953274792,341.9555953274792,341.9555953274792,-0.8888734899892234
1983-01-01,341.38,342.1073552286128,341.4961925155881,342.6849599577643,342.0726972893789,342.0726972893789,342.0726972893789,0.034657939233920514
1983-02-01,342.52,342.8556320550188,342.29637095960834,343.3842159819004,342.18979925127854,342.18979925127854,342.18979925127854,0.6658328037402771
1983-03-01,343.1,343.61882380124297,343.03619531039317,344.1909488829171,342.2955687652524,342.2955687652524,342.2955687652524,1.3232550359905209
1983-04-01,344.94,344.99761606185865,344.394070513156,345.5303764200876,342.4126707271521,342.4126707271521,342.4126707271521,2.584945334706579
1983-05-01,345.76,345.6219024739537,345.05375503197257,346.2031609296913,342.54124098481395,342.54124098481395,342.54124098481395,3.080661489139735
1983-06-01,345.32,345.0453011360777,344.46456605658284,345.5997272442215,342.67409691773116,342.67409691773116,342.67409691773116,2.3712042183465236
1983-07-01,343.98,343.5827189930316,343.0498148877351,344.1211025760566,342.802667175393,342.802667175393,342.802667175393,0.7800518176385964
1983-08-01,342.38,341.58626444262416,341.05428061373823,342.1584981910784,342.93552310831035,342.93552310831035,342.93552310831035,-1.34925866568617
1983-09-01,339.86,339.91759215348594,339.366902223164,340.47331210595064,343.06837904122756,343.06837904122756,343.06837904122756,-3.150786887741589
1983-10-01,339.99,339.83477240633806,339.2627771119338,340.41595126376865,343.19694929888936,343.19694929888936,343.19694929888936,-3.3621768925512954
1983-11-01,341.15,341.25099428266316,340.68023570725825,341.8095801581489,343.3298052318067,343.3298052318067,343.3298052318067,-2.0788109491435116
1983-12-01,342.99,342.57471820664847,342.0572066409546,343.10729162557874,343.45837548946855,343.45837548946855,343.45837548946855,-0.8836572828201001
1984-01-01,343.7,343.636608112978,343.0987991765201,344.20805800447323,343.59123142238576,343.59123142238576,343.59123142238576,0.045376690592266504
1984-02-01,344.5,344.38118006062183,343.85314128537425,344.97231199636013,343.724087355303,343.724087355303,343.724087355303,0.657092705318791
1984-03-01,345.28,345.25029725481437,344.6915300139879,345.8166404692375,343.8483719377095,343.8483719377095,343.8483719377095,1.4019253171048924
1984-04-01,347.06,346.59924287778404,346.0519752680112,347.1792012140951,343.98122787062675,343.98122787062675,343.98122787062675,2.618015007157283
1984-05-01,347.43,347.1563105123825,346.60597259161324,347.7363094920032,344.10979812828856,344.10979812828856,344.10979812828856,3.046512384093937
1984-06-01,346.8,346.58011065657223,345.98947206663354,347.09950996506234,344.2426540612058,344.2426540612058,344.2426540612058,2.337456595366402
1984-07-01,345.39,345.0893504551445,344.5033048068507,345.646352796972,344.3712243188677,344.3712243188677,344.3712243188677,0.7181261362768052
1984-08-01,343.28,343.10249780243885,342.5619935686087,343.6596208170626,344.5040802517849,344.5040802517849,344.5040802517849,-1.4015824493460476
1984-09-01,341.07,341.437924910702,340.8624559881809,342.0010413095848,344.6369361847022,344.6369361847022,344.6369361847022,-3.1990112740001893
1984-10-01,341.35,341.4980010958854,340.923504514067,342.07012117480235,344.7655064423641,344.7655064423641,344.7655064423641,-3.2675053464786625
1984-11-01,342.98,342.8567641460326,342.284574206789,343.4141972375529,344.8983623752813,344.8983623752813,344.8983623752813,-2.0415982292486836
1984-12-01,344.22,344.12849807464016,343.56500644624765,344.68514116290896,345.02693263294316,345.02693263294316,345.02693263294316,-0.8984345583030225
1985-01-01,344.97,345.17202250853865,344.61146276599396,345.7538956912059,345.1597885658604,345.1597885658604,345.1597885658604,0.012233942678232268
1985-02-01,345.99,345.9742855738862,345.4233504075077,346.5626464907241,345.29264449877763,345.29264449877763,345.29264449877763,0.681641075108581
1985-03-01,347.42,346.7882470076248,346.282741856067,347.3972870531752,345.4126434059287,345.4126434059287,345.4126434059287,1.3756036016961035
1985-04-01,348.35,348.14126914007517,347.56420469429173,348.71833290243245,345.53464153007593,345.53464153007593,345.53464153007593,2.6066276099992147
1985-05-01,348.93,348.7105041087773,348.17239949907446,349.31447272356513,345.65270423086355,345.65270423086355,345.65270423086355,3.0577998779137134
1985-06-01,348.25,348.12349923199633,347.5687940876589,348.62167255147887,345.7747023550108,345.7747023550108,345.7747023550108,2.348796876985558
1985-07-01,346.56,346.63164817882017,346.1081750055521,347.2114684944291,345.8927650557984,345.8927650557984,345.8927650557984,0.7388831230217785
1985-08-01,344.68,344.6307448115473,344.0866784648618,345.2185630523728,346.0147631799456,346.0147631799456,346.0147631799456,-1.3840183683983054
1985-09-01,343.09,342.95408017763043,342.3880327438212,343.53570784650304,346.13676130409283,346.13676130409283,346.13676130409283,-3.1826811264623927
1985-10-01,342.8,342.9556590496861,342.39679607329754,343.47900117529247,346.25482400488045,346.25482400488045,346.25482400488045,-3.299164955194339
1985-11-01,344.24,344.3222350607646,343.7243440445839,344.8798901202755,346.3768221290277,346.3768221290277,346.3768221290277,-2.054587068263053
1985-12-01,345.56,345.60107846843647,345.03210725097495,346.12281055817516,346.4948848298153,346.4948848298153,346.4948848298153,-0.8938063613788085
1986-01-01,346.3,346.6404854077986,346.0678137375478,347.1216423950704,346.61688295396254,346.61688295396254,346.61688295396254,0.023602453836057365
1986-02-01,346.95,347.4128973419442,346.88040214883137,347.98076893922496,346.7388810781097,346.7388810781097,346.7388810781097,0.6740162638344851
1986-03-01,347.85,348.19844501412405,347.6266930250885,348.76139173275584,346.84907293217816,346.84907293217816,346.84907293217816,1.3493720819458783
1986-04-01,349.55,349.5666731012766,349.0273886895801,350.1216045139609,346.9710710563254,346.9710710563254,346.9710710563254,2.59560204495119
1986-05-01,350.22,350.15832077897016,349.61556788782514,350.7413453790721,347.0891337571131,347.0891337571131,347.0891337571131,3.0691870218570965
1986-06-01,349.55,349.5711801902985,349.0395751292559,350.11479385726165,347.21113188126026,347.21113188126026,347.21113188126026,2.360048309038226
1986-07-01,347.94,348.088721980491,347.52510646022336,348.6010762881182,347.3291945820479,347.3291945820479,347.3291945820479,0.7595273984431538
1986-08-01,345.9,346.0846167248919,345.5478497070838,346.6590635189001,347.4511927061951,347.4511927061951,347.4511927061951,-1.3665759813032266
1986-09-01,344.85,344.40658497454405,343.8905563675808,344.9847697321936,347.5731908303423,347.5731908303423,347.5731908303423,-3.166605855798255
1986-10-01,344.17,344.3605214311548,343.82743670482733,344.89153152659696,347.69125353113,347.69125353113,347.69125353113,-3.3307320999751706
1986-11-01,345.66,345.7462584796529,345.1710230130328,346.3041032563554,347.81325165527716,347.81325165527716,347.81325165527716,-2.0669931756242486
1986-12-01,346.9,347.0424408660756,346.46216314455796,347.59861860780455,347.9313143560648,347.9313143560648,347.9313143560648,-0.8888734899891783
1987-01-01,348.02,348.0879704194459,347.5132775200108,348.64367720560415,348.05331248021207,348.05331248021207,348.05331248021207,0.03465793923387612
1987-02-01,348.48,348.9056913770447,348.3368204887208,349.4448316156219,348.2398585733045,348.2398585733045,348.2398585733045,0.6658328037402378
1987-03-01,349.41,349.7316068546689,349.17278933484704,350.3103645528005,348.40835181867834,348.40835181867834,348.40835181867834,1.3232550359905364
1987-04-01,350.99,351.17984324647733,350.66813230065054,351.75743466392845,348.5948979117708,348.5948979117708,348.5948979117708,2.584945334706581
1987-05-01,351.85,351.8560878780968,351.32857433877825,352.4268480033691,348.77542638895704,348.77542638895704,348.77542638895704,3.0806614891397595
1987-06-01,351.26,351.3331767003961,350.7988618446908,351.8925085329564,348.96197248204953,348.96197248204953,348.96197248204953,2.3712042183465574
1987-07-01,349.51,349.92255277687434,349.3672584610038,350.4710134448754,349.14250095923575,349.14250095923575,349.14250095923575,0.7800518176385873
1987-08-01,348.1,347.97978838664204,347.41293128013507,348.57077107374874,349.32904705232824,349.32904705232824,349.32904705232824,-1.349258665686177
1987-09-01,346.44,346.3648062576791,345.81003134311703,346.91463684528634,349.51559314542067,349.51559314542067,349.51559314542067,-3.150786887741586
1987-10-01,346.36,346.3339447300556,345.7953323938871,346.89282647906947,349.69612162260694,349.69612162260694,349.69612162260694,-3.362176892551355
1987-11-01,347.81,347.8038567665559,347.2661277015505,348.32462003540314,349.8826677156994,349.8826677156994,349.8826677156994,-2.0788109491435063
1987-12-01,348.96,349.1795389100656,348.6415138928529,349.7094544743731,350.0631961928857,350.0631961928857,350.0631961928857,-0.8836572828200793
1988-01-01,350.43,350.2951189765704,349.72202765371594,350.85662137359225,350.24974228597813,350.24974228597813,350.24974228597813,0.045376690592239075
1988-02-01,351.73,351.0933810843894,350.50431151639674,351.6255825120967,350.4362883790706,350.4362883790706,350.4362883790706,0.6570927053187916
1988-03-01,352.22,352.01272455745544,351.4873198204808,352.59693348600655,350.6107992403506,350.6107992403506,350.6107992403506,1.4019253171048145
1988-04-01,353.59,353.41536034060033,352.8692171422449,353.97140285212225,350.7973453334431,350.7973453334431,350.7973453334431,2.6180150071572355
1988-05-01,354.22,354.0243861947233,353.44922294665366,354.58187568026216,350.9778738106293,350.9778738106293,350.9778738106293,3.046512384094012
1988-06-01,353.79,353.50187649908816,352.9586535270095,354.0473086659078,351.1644199037218,351.1644199037218,351.1644199037218,2.3374565953663593
1988-07-01,352.38,352.063074517185,351.51854741187236,352.6101961403809,351.3449483809081,351.3449483809081,351.3449483809081,0.7181261362769141
1988-08-01,350.43,350.1299120246544,349.59063756372046,350.6717555533931,351.5314944740005,351.5314944740005,351.5314944740005,-1.4015824493460858
1988-09-01,348.73,348.5190292930928,347.9477138763228,349.0509943838578,351.718040567093,351.718040567093,351.718040567093,-3.199011274000189
1988-10-01,348.88,348.6310636978006,348.10792599538934,349.18441970399857,351.8985690442792,351.8985690442792,351.8985690442792,-3.267505346478634
1988-11-01,350.07,350.04351690812314,349.4787173553983,350.5652084567887,352.08511513737176,352.08511513737176,352.08511513737176,-2.0415982292486463
1988-12-01,351.34,351.36720905625486,350.863912062392,351.91430820725594,352.2656436145579,352.2656436145579,352.2656436145579,-0.8984345583030449
1989-01-01,352.76,352.3923590682746,351.8494820834499,352.9697843737773,352.38012512559635,352.38012512559635,352.38012512559635,0.012233942678218692
1989-02-01,353.07,353.1762477117432,352.6545294722449,353.69819913411027,352.4946066366347,352.4946066366347,352.4946066366347,0.6816410751085015
1989-03-01,353.68,353.9736128934623,353.44299346432393,354.4992580047192,352.5980092917662,352.5980092917662,352.5980092917662,1.3756036016960995
1989-04-01,355.42,355.31911841280385,354.8047553266587,355.8926128450324,352.71249080280455,352.71249080280455,352.71249080280455,2.606627609999267
1989-05-01,355.67,355.8810792397877,355.30535456818404,356.4906882483605,352.82327936187403,352.82327936187403,352.82327936187403,3.057799877913679
1989-06-01,355.12,355.286557749898,354.7661257359553,355.85334776236016,352.9377608729124,352.9377608729124,352.9377608729124,2.348796876985612
1989-07-01,353.9,353.7874325550036,353.2187235615572,354.371534622295,353.0485494319818,353.0485494319818,353.0485494319818,0.7388831230217733
1989-08-01,351.67,351.779012574622,351.24473903021203,352.3794377913521,353.1630309430202,353.1630309430202,353.1630309430202,-1.3840183683981981
1989-09-01,349.8,350.09483132759624,349.55347448691003,350.6522196580336,353.27751245405864,353.27751245405864,353.27751245405864,-3.182681126462421
1989-10-01,349.99,350.0891360579336,349.52773491996965,350.6314301534587,353.38830101312806,353.38830101312806,353.38830101312806,-3.2991649551944597
1989-11-01,351.3,351.4481954559034,350.8579236644835,352.0324814063675,353.50278252416643,353.50278252416643,353.50278252416643,-2.0545870682630687
1989-12-01,352.52,352.719764721857,352.19363895563544,353.25676589052637,353.6135710832358,353.6135710832358,353.6135710832358,-0.893806361378755
1990-01-01,353.66,353.75165504811025,353.21539742028534,354.3542303222268,353.72805259427423,353.72805259427423,353.72805259427423,0.023602453836012102
1990-02-01,354.7,354.5165503691472,353.9819916456943,355.05665633177506,353.84253410531267,353.84253410531267,353.84253410531267,0.6740162638345192
1990-03-01,355.38,355.29530884239,354.7248978314449,355.8431367056844,353.9459367604441,353.9459367604441,353.9459367604441,1.349372081945868
1990-04-01,356.2,356.6560203164337,356.074339359401,357.2009350916074,354.0604182714825,354.0604182714825,354.0604182714825,2.5956020449511783
1990-05-01,357.16,357.24039385240894,356.68366218274184,357.7991889223933,354.1712068305519,354.1712068305519,354.1712068305519,3.06918702185705
1990-06-01,356.23,356.6457366506285,356.0924058653125,357.19603108738505,354.2856883415903,354.2856883415903,354.2856883415903,2.360048309038209
1990-07-01,354.81,355.15600429910285,354.6046152206436,355.7380469840378,354.3964769006597,354.3964769006597,354.3964769006597,0.759527398443155
1990-08-01,352.91,353.14438243039496,352.6107950145956,353.7425683410392,354.5109584116981,354.5109584116981,354.5109584116981,-1.3665759813031526
1990-09-01,350.96,351.4588340669383,350.8713688143188,352.0164953951375,354.6254399227365,354.6254399227365,354.6254399227365,-3.1666058557982217
1990-10-01,351.18,351.4054963818308,350.80967130527176,351.975677086506,354.73622848180594,354.73622848180594,354.73622848180594,-3.3307320999751497
1990-11-01,352.83,352.78371681722,352.2161154296568,353.3496349208794,354.8507099928443,354.8507099928443,354.8507099928443,-2.0669931756243223
1990-12-01,354.21,354.03041813645376,353.47809824818256,354.55527771520667,354.91929162644294,354.91929162644294,354.91929162644294,-0.888873489989203
1991-01-01,354.72,355.02481725372877,354.4544481867561,355.6077767208067,354.99015931449486,354.99015931449486,354.99015931449486,0.03465793923393327
1991-02-01,355.75,355.72685980628705,355.20765116100165,356.27380702324854,355.0610270025468,355.0610270025468,355.0610270025468,0.665832803740255
1991-03-01,357.16,356.44829156322936,355.8573832579561,357.01148857284915,355.1250365272388,355.1250365272388,355.1250365272388,1.3232550359905502
1991-04-01,358.6,357.7808495499973,357.17656291493125,358.32788287121815,355.19590421529074,355.19590421529074,355.19590421529074,2.584945334706548
1991-05-01,359.34,358.3451473380291,357.77883432937466,358.88284191161296,355.26448584888936,355.26448584888936,355.26448584888936,3.080661489139725
1991-06-01,358.24,357.7065577552878,357.15286557956625,358.2858263047444,355.3353535369413,355.3353535369413,355.3353535369413,2.371204218346538
1991-07-01,356.17,356.18398698817856,355.61552295580884,356.73127395316885,355.4039351705399,355.4039351705399,355.4039351705399,0.7800518176386543
1991-08-01,354.02,354.1255441929057,353.5860430550199,354.6453198107919,355.47480285859183,355.47480285859183,355.47480285859183,-1.3492586656861545
1991-09-01,352.15,352.39488365890213,351.84395893177185,352.9546124954235,355.5456705466437,355.5456705466437,355.5456705466437,-3.1507868877415786
1991-10-01,352.21,352.25207528769096,351.69849750024656,352.8056770970549,355.6142521802423,355.6142521802423,355.6142521802423,-3.362176892551377
1991-11-01,353.75,353.6063089191508,353.0880972027453,354.1960446539421,355.6851198682943,355.6851198682943,355.6851198682943,-2.0788109491434543
1991-12-01,354.99,354.87004421907284,354.31240828135157,355.44214773909766,355.7537015018929,355.7537015018929,355.7537015018929,-0.8836572828201068
1992-01-01,355.99,355.86994588053705,355.3222682718515,356.41642405984607,355.8245691899448,355.8245691899448,355.8245691899448,0.04537669059227107
1992-02-01,356.72,356.5525295833154,355.94971257855985,357.122869396378,355.8954368779967,355.8954368779967,355.8954368779967,0.6570927053187172
1992-03-01,357.81,357.36365777424686,356.80190795096604,357.92893766076367,355.96173245714203,355.96173245714203,355.96173245714203,1.4019253171048394
1992-04-01,359.15,358.6506151523512,358.0638262557186,359.21624139056166,356.03260014519395,356.03260014519395,356.03260014519395,2.618015007157242
1992-05-01,359.66,359.1476941628866,358.5778418872673,359.68644160870707,356.1011817787926,356.1011817787926,356.1011817787926,3.0465123840939734
1992-06-01,359.25,358.50950606221096,357.9408352524835,359.0496708697587,356.1720494668445,356.1720494668445,356.1720494668445,2.337456595366439
1992-07-01,357.02,356.95875723672,356.3617333012793,357.49421912510826,356.2406311004431,356.2406311004431,356.2406311004431,0.7181261362768386
1992-08-01,355.0,354.90991633914894,354.3568910751369,355.5147594671114,356.31149878849504,356.31149878849504,356.31149878849504,-1.4015824493461198
1992-09-01,353.01,353.18335520254675,352.66179447263954,353.7539679039816,356.38236647654696,356.38236647654696,356.38236647654696,-3.199011274000187
1992-10-01,353.31,353.183442763667,352.62984108476115,353.74802150104745,356.4509481101456,356.4509481101456,356.4509481101456,-3.2675053464786004
1992-11-01,354.16,354.5287563746591,353.9528843482514,355.09348181806945,356.5703546039078,356.5703546039078,356.5703546039078,-2.0415982292486667
1992-12-01,355.4,355.78747471698756,355.2222995145599,356.3229314006923,356.6859092752906,356.6859092752906,356.6859092752906,-0.898434558303068
1993-01-01,356.7,356.8175497117312,356.2588876552779,357.3984859399432,356.8053157690529,356.8053157690529,356.8053157690529,0.012233942678266106
1993-02-01,357.16,357.6063633379237,357.01225199161996,358.17015124503985,356.9247222628152,356.9247222628152,356.9247222628152,0.6816410751085376
1993-03-01,358.38,358.40817689113527,357.8590925756275,358.9994835225655,357.03257328943914,357.03257328943914,357.03257328943914,1.3756036016961046
1993-04-01,359.46,359.7586073932005,359.1767239389693,360.31522932619527,357.15197978320134,357.15197978320134,357.15197978320134,2.606627609999193
1993-05-01,360.28,360.32533433249785,359.75836786712694,360.89422032459663,357.26753445458417,357.26753445458417,357.26753445458417,3.057799877913709
1993-06-01,359.6,359.735737825332,359.1821053830143,360.2777194292572,357.3869409483464,357.3869409483464,357.3869409483464,2.348796876985604
1993-07-01,357.57,358.24137874275095,357.67633860605906,358.7835180492102,357.50249561972925,357.50249561972925,357.50249561972925,0.7388831230217313
1993-08-01,355.52,356.2378837450933,355.6427917170822,356.7894644635876,357.6219021134915,357.6219021134915,357.6219021134915,-1.3840183683981944
1993-09-01,353.69,354.55862748079124,354.026919446777,355.13707499153765,357.7413086072537,357.7413086072537,357.7413086072537,-3.1826811264624295
1993-10-01,353.99,354.5576983234421,353.98735861258274,355.15440941903967,357.8568632786365,357.8568632786365,357.8568632786365,-3.2991649551944477
1993-11-01,355.33,355.9216827041358,355.38221687079283,356.5109105223466,357.9762697723988,357.9762697723988,357.9762697723988,-2.0545870682630243
1993-12-01,356.8,357.1980180824028,356.6735546435602,357.7962863991169,358.0918244437816,358.0918244437816,358.0918244437816,-0.8938063613787796
1994-01-01,358.37,358.2348333913799,357.6785198541199,358.80479298797627,358.21123093754386,358.21123093754386,358.21123093754386,0.0236024538360074
1994-02-01,358.91,359.00465369514063,358.443618927539,359.5451021029392,358.3306374313061,358.3306374313061,358.3306374313061,0.6740162638345246
1994-03-01,359.97,359.7878605398759,359.2375915876603,360.3597219388239,358.4384884579301,358.4384884579301,358.4384884579301,1.3493720819458477
1994-04-01,361.26,361.1534969966435,360.5923779392283,361.67064996471856,358.55789495169233,358.55789495169233,358.55789495169233,2.595602044951185
1994-05-01,361.69,361.74263664493213,361.21374415482165,362.2786389804718,358.6734496230751,358.6734496230751,358.6734496230751,3.0691870218570463
1994-06-01,360.94,361.1529044258756,360.5712828152014,361.69055196881806,358.79285611683736,358.79285611683736,358.79285611683736,2.3600483090382327
1994-07-01,359.55,359.6679381866633,359.09740159991696,360.1995916969651,358.9084107882202,358.9084107882202,358.9084107882202,0.7595273984431642
1994-08-01,357.48,357.66124130067914,357.10543485126027,358.20566824697875,359.02781728198244,359.02781728198244,359.02781728198244,-1.366575981303292
1994-09-01,355.84,356.0159853604306,355.43282022473016,356.596847937737,359.1825912162288,359.1825912162288,359.1825912162288,-3.1666058557982195
1994-10-01,356.0,356.00164034294374,355.4548533485098,356.5691948778848,359.3323724429189,359.3323724429189,359.3323724429189,-3.330732099975135
1994-11-01,357.58,357.4201532015409,356.85554784452944,357.9572183164874,359.48714637716523,359.48714637716523,359.48714637716523,-2.066993175624311
1994-12-01,359.04,358.74805411386603,358.1719108197195,359.3009431622544,359.6369276038552,359.6369276038552,359.6369276038552,-0.888873489989198
1995-01-01,359.97,359.8263594773356,359.30266867301793,360.3928955619346,359.7917015381016,359.7917015381016,359.7917015381016,0.03465793923395307
1995-02-01,361.0,360.6123082760883,360.0280883978232,361.1634262511935,359.946475472348,359.946475472348,359.946475472348,0.6658328037402704
1995-03-01,361.64,361.40952631991576,360.83233975987025,361.9954122060969,360.0862712839253,360.0862712839253,360.0862712839253,1.3232550359904003
1995-04-01,363.45,362.82599055287835,362.2753833795414,363.3919239437134,360.24104521817173,360.24104521817173,360.24104521817173,2.5849453347066054
1995-05-01,363.8,363.4714879340015,362.93223819375464,364.01611358445126,360.3908264448618,360.3908264448618,360.3908264448618,3.0806614891397586
1995-06-01,363.26,362.9168045974547,362.3772316413846,363.4506476131296,360.5456003791081,360.5456003791081,360.5456003791081,2.3712042183465627
1995-07-01,361.89,361.47543342343687,360.8931854049481,362.01844451936125,360.69538160579816,360.69538160579816,360.69538160579816,0.7800518176386791
1995-08-01,359.45,359.5008968743584,358.96987302573706,360.0244929745441,360.85015554004457,360.85015554004457,360.85015554004457,-1.3492586656861711
1995-09-01,358.05,357.85414258654924,357.3024311352058,358.45557732162666,361.0049294742909,361.0049294742909,361.0049294742909,-3.150786887741662
1995-10-01,357.76,357.7925338084296,357.2584314731603,358.3789952633521,361.15471070098096,361.15471070098096,361.15471070098096,-3.3621768925513593
1995-11-01,359.56,359.23067368608383,358.681306305946,359.7694189370644,361.3094846352273,361.3094846352273,361.3094846352273,-2.078810949143484
1995-12-01,360.7,360.57560857909726,360.01953980886003,361.12820293312797,361.45926586191734,361.45926586191734,361.45926586191734,-0.8836572828200803
1996-01-01,362.05,361.65941648675596,361.1437695460786,362.2171173970811,361.6140397961637,361.6140397961637,361.6140397961637,0.045376690592290936
1996-02-01,363.24,362.42590643572885,361.89413174011594,362.95583017220474,361.7688137304101,361.7688137304101,361.7688137304101,0.6570927053187651
1996-03-01,364.02,363.31552756664865,362.74045076469866,363.8825946181309,361.91360224954377,361.91360224954377,361.91360224954377,1.401925317104874
1996-04-01,364.71,364.68639119094735,364.13729384153805,365.23634322212354,362.0683761837901,362.0683761837901,362.0683761837901,2.6180150071572355
1996-05-01,365.41,365.2646697945742,364.74773563196874,365.8561406969598,362.2181574104802,362.2181574104802,362.2181574104802,3.046512384093982
1996-06-01,364.97,364.71038794009286,364.15415413995737,365.24571292719384,362.37293134472657,362.37293134472657,362.37293134472657,2.337456595366305
1996-07-01,363.65,363.2408387076934,362.6913116109344,363.799691557131,362.52271257141655,362.52271257141655,362.52271257141655,0.7181261362768242
1996-08-01,361.48,361.2882786372643,360.6840002127242,361.83760773131144,362.6898610866104,362.6898610866104,362.6898610866104,-1.4015824493460927
1996-09-01,359.45,359.657998327804,359.12883369362197,360.24435733887907,362.8570096018041,362.8570096018041,362.8570096018041,-3.199011274000112
1996-10-01,359.61,359.75126088293234,359.19876232161664,360.30449421701144,363.01876622941097,363.01876622941097,363.01876622941097,-3.2675053464786474
1996-11-01,360.76,361.1443165153561,360.56876391877137,361.68704146641625,363.18591474460476,363.18591474460476,363.18591474460476,-2.0415982292486787
1996-12-01,362.33,362.44923681390856,361.9017230727931,362.9897486665836,363.34767137221166,363.34767137221166,363.34767137221166,-0.8984345583030973
1997-01-01,363.18,363.5270538300836,362.9845189574517,364.07017059130084,363.5148198874054,363.5148198874054,363.5148198874054,0.01223394267824408
1997-02-01,363.99,364.3636094777077,363.7856237478098,364.9135667395866,363.6819684025992,363.6819684025992,363.6819684025992,0.6816410751085455
1997-03-01,364.56,365.2085448567284,364.68450649539926,365.7628116286538,363.83294125503227,363.83294125503227,363.83294125503227,1.3756036016961195
1997-04-01,366.36,366.6067173802253,366.08123906021524,367.1945600908312,364.00008977022605,364.00008977022605,364.00008977022605,2.6066276099992365
1997-05-01,366.8,367.21964627574664,366.69039187358277,367.77049872066834,364.1618463978329,364.1618463978329,364.1618463978329,3.057799877913737
1997-06-01,365.63,366.6777917900123,366.16521942096983,367.2123331182383,364.3289949130267,364.3289949130267,364.3289949130267,2.348796876985602
1997-07-01,364.47,365.22963466365536,364.67937640288096,365.77435423871486,364.49075154063354,364.49075154063354,364.49075154063354,0.7388831230218423
1997-08-01,362.5,363.27388168742914,362.68061936895236,363.8559804139318,364.6579000558273,364.6579000558273,364.6579000558273,-1.3840183683981875
1997-09-01,360.19,361.64236744455866,361.0695223807071,362.19064261062624,364.82504857102106,364.82504857102106,364.82504857102106,-3.1826811264624033
1997-10-01,360.77,361.6876402434336,361.1340710105615,362.2391279314756,364.98680519862796,364.98680519862796,364.98680519862796,-3.2991649551944042
1997-11-01,362.43,363.09936664555863,362.52897038634205,363.67630438918724,365.1539537138217,365.1539537138217,365.1539537138217,-2.0545870682630367
1997-12-01,364.28,364.42190398004976,363.8665475593918,364.9717450902799,365.3157103414286,365.3157103414286,365.3157103414286,-0.893806361378816
1998-01-01,365.33,365.50646131045835,364.9405357934149,366.0028045118264,365.4828588566224,365.4828588566224,365.4828588566224,0.02360245383595765
1998-02-01,366.15,366.32402363565063,365.75812217532047,366.8395098976937,365.6500073718161,365.6500073718161,365.6500073718161,0.6740162638345106
1998-03-01,367.31,367.15035230619503,366.596583325287,367.7034579025569,365.8009802242492,365.8009802242492,365.8009802242492,1.3493720819458357
1998-04-01,368.61,368.5637307843942,368.055467045019,369.1596810637255,365.968128739443,365.968128739443,365.968128739443,2.595602044951192
1998-05-01,369.3,369.19907238890687,368.66652693869383,369.7721164071562,366.12988536704984,366.12988536704984,366.12988536704984,3.069187021857019
1998-06-01,368.88,368.65708219128186,368.0875891089848,369.21229544698787,366.2970338822436,366.2970338822436,366.2970338822436,2.360048309038238
1998-07-01,367.64,367.1895494384557,366.63938679569736,367.71249552092354,366.43002204001266,366.43002204001266,366.43002204001266,0.7595273984430353
1998-08-01,365.78,365.20086715507097,364.64419869913627,365.78913783352186,366.5674431363741,366.5674431363741,366.5674431363741,-1.3665759813031226
1998-09-01,363.9,363.5382583769372,363.00327894515516,364.08609212840906,366.7048642327355,366.7048642327355,366.7048642327355,-3.1666058557982457
1998-10-01,364.23,363.50712029052926,362.9350098373197,364.06063055803935,366.8378523905045,366.8378523905045,366.8378523905045,-3.3307320999752488
1998-11-01,365.46,364.90828031124164,364.3988051152582,365.4753773768036,366.9752734868659,366.9752734868659,366.9752734868659,-2.0669931756242383
1998-12-01,366.97,366.2193881546458,365.68930985821527,366.75251037666675,367.108261644635,367.108261644635,367.108261644635,-0.8888734899891578
1999-01-01,368.15,367.28034068023027,366.7346800185338,367.8263922884159,367.24568274099636,367.24568274099636,367.24568274099636,0.034657939233912916
1999-02-01,368.87,368.04893664109807,367.4453955096564,368.63308078248804,367.38310383735774,367.38310383735774,367.38310383735774,0.6658328037403094
1999-03-01,369.59,368.8304811539327,368.2552767907875,369.38790751058525,367.5072261179422,367.5072261179422,367.5072261179422,1.323255035990502
1999-04-01,371.14,370.2295925490101,369.68768745203727,370.8012023551225,367.6446472143035,367.6446472143035,367.6446472143035,2.58494533470656
1999-05-01,371.0,370.85829686121235,370.27976089612645,371.4141466300296,367.7776353720726,367.7776353720726,367.7776353720726,3.080661489139715
1999-06-01,370.35,370.2862606867807,369.76292993445264,370.85085480992893,367.91505646843405,367.91505646843405,367.91505646843405,2.3712042183466258
1999-07-01,369.27,368.8280964438417,368.2494154495299,369.3747886953137,368.04804462620314,368.04804462620314,368.04804462620314,0.7800518176385224
1999-08-01,366.93,366.83620705687827,366.3152897149085,367.42091581987745,368.18546572256446,368.18546572256446,368.18546572256446,-1.3492586656861743
1999-09-01,364.63,365.17209993118416,364.6095644119243,365.70134558492,368.3228868189258,368.3228868189258,368.3228868189258,-3.150786887741597
1999-10-01,365.13,365.09369808414345,364.5304868956818,365.6473261464819,368.4558749766949,368.4558749766949,368.4558749766949,-3.362176892551426
1999-11-01,366.68,366.5144851239128,365.9487115962828,367.0874442164431,368.5932960730563,368.5932960730563,368.5932960730563,-2.078810949143547
1999-12-01,368.0,367.8426269480053,367.2897955462878,368.40284219845734,368.72628423082534,368.72628423082534,368.72628423082534,-0.8836572828200264
2000-01-01,369.14,368.90908201777904,368.34260217981574,369.47225352262956,368.8637053271867,368.8637053271867,368.8637053271867,0.04537669059232817
2000-02-01,369.46,369.65821912886685,369.0930006143281,370.2057977970745,369.00112642354804,369.00112642354804,369.00112642354804,0.6570927053187834
2000-03-01,370.51,370.53160695982956,369.9783151893003,371.03835833025744,369.12968164272485,369.12968164272485,369.12968164272485,1.4019253171047128
2000-04-01,371.66,371.88511774624345,371.3279448162783,372.4305057876972,369.2671027390862,369.2671027390862,369.2671027390862,2.6180150071572124
2000-05-01,371.83,372.44660328094926,371.8961868489242,373.0582920133156,369.40009089685526,369.40009089685526,369.40009089685526,3.0465123840940045
2000-06-01,371.69,371.87492050374357,371.33477676872127,372.4171200968369,369.53746390837716,369.53746390837716,369.53746390837716,2.337456595366421
2000-07-01,370.12,370.3885316687075,369.83228104525153,370.96449602317847,369.67040553243055,369.67040553243055,369.67040553243055,0.7181261362769589
2000-08-01,368.12,368.40619609460634,367.86757624804625,368.99121391267573,369.80777854395234,369.80777854395234,369.80777854395234,-1.401582449345974
2000-09-01,366.62,366.74614028147414,366.1773119787259,367.302777953068,369.94515155547424,369.94515155547424,369.94515155547424,-3.1990112740001235
2000-10-01,366.73,366.8105878330489,366.2414577287044,367.3761105792089,370.0780931795276,370.0780931795276,370.0780931795276,-3.2675053464787407
2000-11-01,368.29,368.17386796180074,367.5949050403004,368.7522752707589,370.2154661910494,370.2154661910494,370.2154661910494,-2.0415982292486903
2000-12-01,369.53,369.44997325679975,368.90765992687426,370.0509899354451,370.3484078151028,370.3484078151028,370.3484078151028,-0.8984345583030308
2001-01-01,370.28,370.4980147693029,369.9298896176908,371.0356133860383,370.48578082662465,370.48578082662465,370.48578082662465,0.012233942678279236
2001-02-01,371.5,371.30479491325497,370.74908704515525,371.83937561780346,370.62315383814644,370.62315383814644,370.62315383814644,0.6816410751085131
2001-03-01,372.12,372.12283628895915,371.56139974183054,372.65635312244996,370.74723268726297,370.74723268726297,370.74723268726297,1.3756036016961763
2001-04-01,372.86,373.49123330878393,372.92448810659243,374.02730880682293,370.8846056987848,370.8846056987848,370.8846056987848,2.606627609999121
2001-05-01,374.02,374.07534720075193,373.4983066387762,374.663806266353,371.0175473228382,371.0175473228382,371.0175473228382,3.057799877913731
2001-06-01,373.31,373.5037172113456,372.9825011504892,374.09541170520475,371.15492033436,371.15492033436,371.15492033436,2.348796876985586
2001-07-01,371.62,372.02674508143514,371.47194146601794,372.5410557802931,371.2878619584134,371.2878619584134,371.2878619584134,0.7388831230217363
2001-08-01,369.55,370.04121660153703,369.49542777848677,370.59621863258303,371.4252349699352,371.4252349699352,371.4252349699352,-1.3840183683981804
2001-09-01,367.96,368.37992685499466,367.8232024936048,368.9432546496316,371.56260798145706,371.56260798145706,371.56260798145706,-3.182681126462399
2001-10-01,368.09,368.3963846503159,367.8295433928973,368.9826526496357,371.69554960551045,371.69554960551045,371.69554960551045,-3.2991649551945756
2001-11-01,369.68,369.7783355487692,369.2655565036028,370.3467270300965,371.8329226170323,371.8329226170323,371.8329226170323,-2.0545870682631118
2001-12-01,371.24,371.0720578797069,370.5253234378298,371.63227906226604,371.9658642410857,371.9658642410857,371.9658642410857,-0.8938063613788059
2002-01-01,372.44,372.12683970644366,371.55685423660634,372.6756380963833,372.1032372526075,372.1032372526075,372.1032372526075,0.02360245383611455
2002-02-01,373.08,372.91462652796383,372.37266535934685,373.4713651808961,372.2406102641294,372.2406102641294,372.2406102641294,0.6740162638344773
2002-03-01,373.52,373.7140611951918,373.1534198232605,374.2878212795722,372.36468911324584,372.36468911324584,372.36468911324584,1.3493720819459556
2002-04-01,374.86,375.16239554169505,374.59489150893705,375.69395092916045,372.56679349674386,372.56679349674386,372.56679349674386,2.5956020449511836
2002-05-01,375.55,375.831565405857,375.2427452053476,376.36961053592717,372.762378384,372.762378384,372.762378384,3.069187021857052
2002-06-01,375.4,375.32453107653606,374.77041338092624,375.8358214103991,372.96448276749794,372.96448276749794,372.96448276749794,2.360048309038138
2002-07-01,374.02,373.91959505319716,373.36361649130515,374.47126449599637,373.16006765475413,373.16006765475413,373.16006765475413,0.7595273984430163
2002-08-01,371.49,371.99559605694884,371.4331188389452,372.52927058769956,373.3621720382521,373.3621720382521,373.3621720382521,-1.366575981303258
2002-09-01,370.7,370.39767056595196,369.8266282938162,370.95274052286203,373.56427642175015,373.56427642175015,373.56427642175015,-3.166605855798173
2002-10-01,370.25,370.42912920903115,369.86879343770005,370.9961706527044,373.7598613090063,373.7598613090063,373.7598613090063,-3.3307320999751213
2002-11-01,372.08,371.89497251688,371.32729870481006,372.4759580433043,373.9619656925043,373.9619656925043,373.9619656925043,-2.0669931756243303
2002-12-01,373.78,373.26867708977113,372.71622169363735,373.8454450211954,374.1575505797604,374.1575505797604,374.1575505797604,-0.8888734899893039
2003-01-01,374.68,374.39431290249235,373.86044813747344,374.9636544618672,374.35965496325844,374.35965496325844,374.35965496325844,0.03465793923390696
2003-02-01,375.62,375.22759215049666,374.7044236934512,375.82249171609743,374.56175934675645,374.56175934675645,374.56175934675645,0.6658328037402256
2003-03-01,376.11,376.0675602775194,375.50398749375483,376.62506842062305,374.7443052415289,374.7443052415289,374.7443052415289,1.323255035990517
2003-04-01,377.65,377.53135495973345,377.01156387003607,378.0977666349893,374.94640962502683,374.94640962502683,374.94640962502683,2.5849453347065934
2003-05-01,378.35,378.2226560014227,377.6828459360831,378.76271957929384,375.14199451228296,375.14199451228296,375.14199451228296,3.0806614891397177
2003-06-01,378.13,377.71530311412744,377.1595828123494,378.2613420079944,375.344098895781,375.344098895781,375.344098895781,2.3712042183464828
2003-07-01,376.61,376.31973560067576,375.75854263548126,376.88615146346626,375.5396837830371,375.5396837830371,375.5396837830371,0.7800518176386658
2003-08-01,374.48,374.3925295008489,373.89413734251247,374.97902853164413,375.7417881665351,375.7417881665351,375.7417881665351,-1.3492586656861894
2003-09-01,372.98,372.79310566229145,372.2077807449368,373.3515324996033,375.9438925500331,375.9438925500331,375.9438925500331,-3.150786887741675
2003-10-01,373.0,372.777300544738,372.20669306036825,373.3069616909671,376.13947743728926,376.13947743728926,376.13947743728926,-3.3621768925512687
2003-11-01,374.35,374.2627708716438,373.7118634641011,374.83042674232104,376.34158182078727,376.34158182078727,376.34158182078727,-2.0788109491434845
2003-12-01,375.69,375.65350942522326,375.1153739899289,376.2159190606717,376.5371667080434,376.5371667080434,376.5371667080434,-0.8836572828201211
2004-01-01,376.79,376.78464778213356,376.2091788411111,377.3367504246534,376.73927109154135,376.73927109154135,376.73927109154135,0.04537669059220401
2004-02-01,377.36,377.59846818035805,377.0123184550985,378.13846733954773,376.94137547503937,376.94137547503937,376.94137547503937,0.6570927053186646
2004-03-01,378.39,378.472890561695,377.9082458442832,379.00277862423223,377.0709652445902,377.0709652445902,377.0709652445902,1.4019253171048354
2004-04-01,380.5,379.82750724678453,379.27139325920797,380.36573536459554,377.20949223962725,377.20949223962725,377.20949223962725,2.6180150071573087
2004-05-01,380.62,380.3900630060152,379.8627192114344,380.9727346889006,377.3435506219212,377.3435506219212,377.3435506219212,3.046512384094013
2004-06-01,379.55,379.81953421232464,379.2855364451817,380.38706441645144,377.4820776169583,377.4820776169583,377.4820776169583,2.337456595366362
2004-07-01,377.76,378.334262135529,377.7934502685185,378.88303152866234,377.6161359992522,377.6161359992522,377.6161359992522,0.7181261362767997
2004-08-01,375.84,376.35308054494317,375.7828404127523,376.89992849590243,377.7546629942892,377.7546629942892,377.7546629942892,-1.401582449346074
2004-09-01,374.05,374.69417871532613,374.1894582872041,375.29012557226343,377.89318998932634,377.89318998932634,377.89318998932634,-3.1990112740002403
2004-10-01,374.22,374.75974302514174,374.20239961368515,375.3537274135044,378.0272483716203,378.0272483716203,378.0272483716203,-3.267505346478588
2004-11-01,375.84,376.12417713740854,375.5537866720144,376.6358887428306,378.16577536665733,378.16577536665733,378.16577536665733,-2.041598229248805
2004-12-01,377.44,377.4013991906483,376.85832892791404,377.9692865791563,378.2998337489513,378.2998337489513,378.2998337489513,-0.8984345583030059
2005-01-01,378.34,378.45059468666665,377.9260393938903,378.98741702766176,378.4383607439883,378.4383607439883,378.4383607439883,0.012233942678345348
2005-02-01,379.61,379.25852881413397,378.7198857089499,379.8070226856715,378.57688773902544,378.57688773902544,378.57688773902544,0.6816410751085581
2005-03-01,380.07,380.07761249752906,379.4985425393925,380.6405504221356,378.70200889583305,378.70200889583305,378.70200889583305,1.3756036016960107
2005-04-01,382.05,381.4471635008694,380.87246182710254,381.94679503011974,378.84053589087017,378.84053589087017,378.84053589087017,2.6066276099992325
2005-05-01,382.24,382.0323941510779,381.4984185361844,382.57527863037603,378.97459427316414,378.97459427316414,378.97459427316414,3.0577998779137414
2005-06-01,382.08,381.46191814518676,380.8654842230493,382.0565656395058,379.11312126820116,379.11312126820116,379.11312126820116,2.3487968769855856
2005-07-01,380.67,379.98606277351695,379.455245182221,380.58012068516507,379.2471796504951,379.2471796504951,379.2471796504951,0.7388831230218027
2005-08-01,378.67,378.00168827713384,377.4548967290713,378.57271155094423,379.38570664553214,379.38570664553214,379.38570664553214,-1.3840183683983283
2005-09-01,376.42,376.34155251410687,375.8219874407064,376.92320236296854,379.52423364056926,379.52423364056926,379.52423364056926,-3.1826811264623704
2005-10-01,376.8,376.35912706766885,375.78840030685956,376.9160150025977,379.6582920228632,379.6582920228632,379.6582920228632,-3.2991649551943145
2005-11-01,378.31,377.74223194963724,377.1905042476558,378.3020360456023,379.79681901790025,379.79681901790025,379.79681901790025,-2.054587068263008
2005-12-01,379.96,379.0370710388154,378.44527176728184,379.57523156508915,379.93087740019416,379.93087740019416,379.93087740019416,-0.893806361378805
2006-01-01,381.37,380.09300684906725,379.5295704129832,380.6554064229606,380.0694043952313,380.0694043952313,380.0694043952313,0.023602453835950547
2006-02-01,382.02,380.9334688842119,380.4064484507496,381.4848386705464,380.2594526203775,380.2594526203775,380.2594526203775,0.6740162638344296
2006-03-01,382.56,381.78048116374566,381.22603132135487,382.29846668172564,380.4311090817999,380.4311090817999,380.4311090817999,1.349372081945796
2006-04-01,384.37,383.21675935189717,382.64297505510257,383.7778836454222,380.62115730694603,380.62115730694603,380.62115730694603,2.59560204495115
2006-05-01,384.92,383.8742619660414,383.3337486881458,384.4417312882218,380.80507494418435,380.80507494418435,380.80507494418435,3.0691870218570347
2006-06-01,384.03,383.35517147836873,382.80064111394904,383.900429708365,380.99512316933055,380.99512316933055,380.99512316933055,2.3600483090381736
2006-07-01,382.28,381.938568205012,381.4225134723995,382.52296770714656,381.1790408065688,381.1790408065688,381.1790408065688,0.7595273984431996
2006-08-01,380.48,380.00251305041184,379.4979419725487,380.56028962952206,381.369089031715,381.369089031715,381.369089031715,-1.366575981303157
2006-09-01,378.81,378.392531401063,377.83939175418,378.9526003558971,381.5591372568613,381.5591372568613,381.5591372568613,-3.1666058557982337
2006-10-01,379.06,378.4123227941244,377.84878936464514,378.99483142433553,381.74305489409954,381.74305489409954,381.74305489409954,-3.3307320999751635
2006-11-01,380.14,379.86610994362144,379.31488313584947,380.425249730411,381.9331031192457,381.9331031192457,381.9331031192457,-2.066993175624237
2006-12-01,381.66,381.22814726649483,380.6924333119654,381.78496410370724,382.117020756484,382.117020756484,382.117020756484,-0.8888734899891909
2007-01-01,382.58,382.3417269208642,381.77497806482137,382.8701894534411,382.3070689816302,382.3070689816302,382.3070689816302,0.03465793923393994
2007-02-01,383.71,383.1629500105166,382.62052427551794,383.72119658932144,382.49711720677635,382.49711720677635,382.49711720677635,0.6658328037402829
2007-03-01,384.34,383.99202870418924,383.4155670573974,384.60432182294585,382.6687736681988,382.6687736681988,382.6687736681988,1.323255035990418
2007-04-01,386.23,385.4437672280515,384.8688613078011,385.96402328905464,382.858821893345,382.858821893345,382.858821893345,2.584945334706503
2007-05-01,386.41,386.1234010197231,385.5495478836754,386.6802608362629,383.0427395305833,383.0427395305833,383.0427395305833,3.080661489139825
2007-06-01,385.87,385.60399197407605,385.017877565652,386.14211783272043,383.23278775572953,383.23278775572953,383.23278775572953,2.371204218346545
2007-07-01,384.45,384.19675721060645,383.6550511140327,384.75029433390296,383.41670539296774,383.41670539296774,383.41670539296774,0.7800518176387043
2007-08-01,381.84,382.25749495242775,381.71722395419613,382.76421000818976,383.6067536181139,383.6067536181139,383.6067536181139,-1.349258665686148
2007-09-01,380.86,380.6460149555185,380.0906249074971,381.17678003834055,383.79680184326014,383.79680184326014,383.79680184326014,-3.1507868877416234
2007-10-01,380.86,380.61854258794693,380.0617888917459,381.17150170496546,383.9807194804984,383.9807194804984,383.9807194804984,-3.3621768925514717
2007-11-01,382.36,382.0919567565011,381.529082202851,382.6698033614171,384.17076770564466,384.17076770564466,384.17076770564466,-2.0788109491435875
2007-12-01,383.61,383.4710280600628,382.88594110759874,384.03100950792196,384.3546853428829,384.3546853428829,384.3546853428829,-0.8836572828200814
2008-01-01,385.07,384.59011025862145,383.9881313404915,385.13953784568093,384.54473356802913,384.54473356802913,384.54473356802913,0.0453766905923336
2008-02-01,385.84,385.39187449849413,384.84864115042996,385.94679344020693,384.73478179317533,384.73478179317533,384.73478179317533,0.6570927053187805
2008-03-01,385.83,386.3144941596104,385.74029829464297,386.9118593646105,384.9125688425056,384.9125688425056,384.9125688425056,1.4019253171047914
2008-04-01,386.77,387.7206320748091,387.1663784316861,388.2614000449329,385.10261706765186,385.10261706765186,385.10261706765186,2.618015007157238
2008-05-01,388.51,388.33304708898413,387.8209519193918,388.8782326789492,385.28653470489013,385.28653470489013,385.28653470489013,3.046512384094028
2008-06-01,388.05,387.8140395254027,387.27166971968416,388.3457428108666,385.47658293003633,385.47658293003633,385.47658293003633,2.3374565953663438
2008-07-01,386.25,386.3786267035516,385.8171870645846,386.9555046886759,385.66050056727465,385.66050056727465,385.66050056727465,0.7181261362769797
2008-08-01,384.09,384.4489663430747,383.8729409119183,385.03853884269716,385.8505487924208,385.8505487924208,385.8505487924208,-1.4015824493460838
2008-09-01,383.09,382.84158574356695,382.3072827566378,383.3776226948312,386.04059701756705,386.04059701756705,386.04059701756705,-3.199011274000096
2008-10-01,382.78,382.9570093083266,382.423800542319,383.5132626772397,386.22451465480526,386.22451465480526,386.22451465480526,-3.267505346478705
2008-11-01,384.01,384.37296465070284,383.84433546573047,384.9296345823973,386.4145628799515,386.4145628799515,386.4145628799515,-2.041598229248694
2008-12-01,385.11,385.70004595888673,385.1384173534655,386.2816635091114,386.5984805171898,386.5984805171898,386.5984805171898,-0.8984345583030775
2009-01-01,386.65,386.8007626850141,386.2474747717041,387.3305786475433,386.7885287423359,386.7885287423359,386.7885287423359,0.01223394267813831
2009-02-01,387.12,387.66021804259066,387.07516569482544,388.19977396433046,386.9785769674822,386.9785769674822,386.9785769674822,0.6816410751084965
2009-03-01,388.51,388.5258370306005,388.0107004186456,389.1014156011352,387.1502334289046,387.1502334289046,387.1502334289046,1.3756036016959279
2009-04-01,389.57,389.94690926404996,389.41626993401434,390.4806071607352,387.3402816540507,387.3402816540507,387.3402816540507,2.606627609999214
2009-05-01,390.17,390.5819991692028,390.01348505488426,391.1343848467875,387.52419929128905,387.52419929128905,387.52419929128905,3.057799877913737
2009-06-01,389.62,390.0630443934208,389.51489081268767,390.58258697743565,387.71424751643525,387.71424751643525,387.71424751643525,2.348796876985556
2009-07-01,388.07,388.6370482766953,388.08601199587355,389.19441487562693,387.89816515367346,387.89816515367346,387.89816515367346,0.7388831230218329
2009-08-01,386.08,386.70419501042153,386.11355441918676,387.2792759586783,388.0882133788197,388.0882133788197,388.0882133788197,-1.3840183683981844
2009-09-01,384.65,385.0955804775036,384.55688459633797,385.6660994683032,388.2782616039659,388.2782616039659,388.2782616039659,-3.1826811264623167
2009-10-01,384.33,385.1630142860097,384.6172517186135,385.6903706215536,388.4621792412042,388.4621792412042,388.4621792412042,-3.299164955194505
2009-11-01,386.05,386.5976403980873,386.0911077081942,387.1291181014044,388.6522274663504,388.6522274663504,388.6522274663504,-2.0545870682630527
2009-12-01,387.49,387.9423387422098,387.4166637530108,388.46224067970763,388.83614510358865,388.83614510358865,388.83614510358865,-0.8938063613788372
2010-01-01,388.55,389.0497957825709,388.50675210480784,389.5371766588858,389.0261933287349,389.0261933287349,389.0261933287349,0.023602453836024124
2010-02-01,390.07,389.89025781771556,389.3588996703316,390.4246584114329,389.21624155388105,389.21624155388105,389.21624155388105,0.6740162638344958
2010-03-01,391.01,390.73727009724945,390.1797793837983,391.2907087630964,389.38789801530345,389.38789801530345,389.38789801530345,1.349372081945976
2010-04-01,392.38,392.1735482854008,391.578260452395,392.72813548113163,389.5779462404497,389.5779462404497,389.5779462404497,2.5956020449510797
2010-05-01,393.22,392.83105089954506,392.28180883353093,393.4139188991936,389.761863877688,389.761863877688,389.761863877688,3.0691870218571147
2010-06-01,392.24,392.3119604118725,391.7688009386667,392.8920792684775,389.95191210283417,389.95191210283417,389.95191210283417,2.3600483090383486
2010-07-01,390.33,390.8953571385155,390.3596013656111,391.4184055274747,390.13582974007244,390.13582974007244,390.13582974007244,0.7595273984430702
2010-08-01,388.52,388.95930198391545,388.40417467606693,389.52747870519744,390.3258779652186,390.3258779652186,390.3258779652186,-1.3665759813031495
2010-09-01,386.84,387.3493203345666,386.83006726726103,387.9149817818553,390.51592619036484,390.51592619036484,390.51592619036484,-3.166605855798226
2010-10-01,387.16,387.3691117276278,386.8220289711424,387.9432345498786,390.6998438276031,390.6998438276031,390.6998438276031,-3.3307320999752847
2010-11-01,388.67,388.82289887712506,388.21332974788186,389.40024476737165,390.8898920527493,390.8898920527493,390.8898920527493,-2.066993175624269
2010-12-01,389.81,390.1849361999984,389.6335304653913,390.77020738330265,391.07380968998757,391.07380968998757,391.07380968998757,-0.8888734899891921
2011-01-01,391.3,391.29851585436774,390.744772480335,391.88402865363196,391.26385791513377,391.26385791513377,391.26385791513377,0.034657939233970564
2011-02-01,391.92,392.11973894402024,391.5736097090931,392.6737525680053,391.45390614028,391.45390614028,391.45390614028,0.6658328037402139
2011-03-01,392.45,392.9488176376929,392.4187550930468,393.5126825627235,391.6255626017024,391.6255626017024,391.6255626017024,1.3232550359905033
2011-04-01,393.37,394.4005561615552,393.8593976361246,394.93967932782766,391.81561082684857,391.81561082684857,391.81561082684857,2.584945334706607
2011-05-01,394.28,395.0801899532265,394.46714337150155,395.646098129594,391.99952846408684,391.99952846408684,391.99952846408684,3.0806614891397093
2011-06-01,393.69,394.56078090757967,394.0317257962508,395.11285777638034,392.18957668923304,392.18957668923304,392.18957668923304,2.3712042183466293
2011-07-01,392.6,393.1535461441099,392.6347199549234,393.73013626834114,392.37349432647136,392.37349432647136,392.37349432647136,0.7800518176385199
2011-08-01,390.21,391.21428388593137,390.6197864806015,391.77614334575367,392.56354255161756,392.56354255161756,392.56354255161756,-1.3492586656861716
2011-09-01,389.0,389.60280388902214,389.05757904737374,390.18013970683927,392.7535907767637,392.7535907767637,392.7535907767637,-3.1507868877415732
2011-10-01,388.93,389.5753315214507,389.02286276646123,390.1162371008261,392.937508414002,392.937508414002,392.937508414002,-3.3621768925513074
2011-11-01,390.24,391.04874569000464,390.54372994802816,391.60244940449945,393.1275566391482,393.1275566391482,393.1275566391482,-2.078810949143596
2011-12-01,391.8,392.42781699356635,391.87138144556684,392.97441807898684,393.31147427638643,393.31147427638643,393.31147427638643,-0.8836572828201098
2012-01-01,393.07,393.546899192125,393.01037726207744,394.07371293514865,393.5015225015327,393.5015225015327,393.5015225015327,0.0453766905923155
2012-02-01,393.35,394.34866343199764,393.796370989502,394.91820896981244,393.6915707266789,393.6915707266789,393.6915707266789,0.657092705318728
2012-03-01,394.36,395.27128309311416,394.7313770164641,395.8468269271405,393.8693577760092,393.8693577760092,393.8693577760092,1.40192531710496
2012-04-01,396.43,396.67742100831265,396.1839530932567,397.2626951466742,394.0594060011554,394.0594060011554,394.0594060011554,2.618015007157246
2012-05-01,396.87,397.28983602248775,396.7271620474603,397.8137836688739,394.2433236383937,394.2433236383937,394.2433236383937,3.046512384094032
2012-06-01,395.88,396.7708284589063,396.1675119997838,397.36819848922744,394.43337186353995,394.43337186353995,394.43337186353995,2.337456595366346
2012-07-01,394.52,395.33541563705495,394.76974755166447,395.8759686613179,394.61728950077816,394.61728950077816,394.61728950077816,0.7181261362767699
2012-08-01,392.54,393.4057552765783,392.8404860121431,393.9474862687348,394.8073377259244,394.8073377259244,394.8073377259244,-1.4015824493461184
2012-09-01,391.12,391.7983746770705,391.22260934762033,392.3754572334214,394.9973859510706,394.9973859510706,394.9973859510706,-3.199011274000099
2012-10-01,391.01,391.91379824183,391.3682281147123,392.434927500655,395.1813035883088,395.1813035883088,395.1813035883088,-3.2675053464787753
2012-11-01,392.95,393.32975358420634,392.81062483659156,393.8839871498675,395.3713518134551,395.3713518134551,395.3713518134551,-2.0415982292487267
2012-12-01,394.34,394.65683489239035,394.0682646942696,395.27663470904014,395.55526945069334,395.55526945069334,395.55526945069334,-0.898434558302971
2013-01-01,395.61,395.75755161851777,395.2131676025096,396.36363128115767,395.74531767583954,395.74531767583954,395.74531767583954,0.01223394267822882
2013-02-01,396.85,396.6170069760943,396.05401766394647,397.17158662513657,395.93536590098574,395.93536590098574,395.93536590098574,0.6816410751085129
2013-03-01,397.26,397.4826259641042,396.92032401565234,398.0741018606363,396.10702236240814,396.10702236240814,396.10702236240814,1.375603601696049
2013-04-01,398.35,398.90369819755364,398.33030107025365,399.4542863005661,396.29707058755434,396.29707058755434,396.29707058755434,2.6066276099992933
2013-05-01,399.98,399.5387881027064,398.9590669366008,400.1209866188829,396.48098822479267,396.48098822479267,396.48098822479267,3.0577998779137348
2013-06-01,398.87,399.0198333269244,398.4429476574771,399.56916142034595,396.6710364499388,396.6710364499388,396.6710364499388,2.3487968769855754
2013-07-01,397.37,397.59383721019896,397.0523649671416,398.18107403755994,396.8549540871771,396.8549540871771,396.8549540871771,0.7388831230219032
2013-08-01,395.41,395.660983943925,395.1021425428687,396.18611243477415,397.0450023123233,397.0450023123233,397.0450023123233,-1.3840183683982865
2013-09-01,393.39,394.05236941100713,393.50593060805255,394.60934943287685,397.23505053746953,397.23505053746953,397.23505053746953,-3.1826811264624206
2013-10-01,393.7,394.11980321951347,393.6036923408118,394.6540847384367,397.4189681747078,397.4189681747078,397.4189681747078,-3.299164955194306
2013-11-01,395.19,395.55442933159077,395.00970794391253,396.09267289935815,397.60901639985394,397.60901639985394,397.60901639985394,-2.054587068263151
2013-12-01,396.82,396.8991276757134,396.3109036774734,397.4155275909351,397.79293403709227,397.79293403709227,397.79293403709227,-0.8938063613788673
2014-01-01,397.93,398.0065847160746,397.46042580938513,398.5683353572095,397.98298226223847,397.98298226223847,397.98298226223847,0.023602453836111217
2014-02-01,398.1,398.8470467512192,398.3036443532631,399.3869223858501,398.1730304873847,398.1730304873847,398.1730304873847,0.6740162638344775
2014-03-01,399.47,399.6940590307529,399.1605808588118,400.2660491232192,398.34468694880707,398.34468694880707,398.34468694880707,1.3493720819458166
2014-04-01,401.33,401.1303372189044,400.56223833881353,401.71629165700455,398.53473517395327,398.53473517395327,398.53473517395327,2.595602044951138
2014-05-01,401.88,401.7878398330485,401.2772516816368,402.34119989676014,398.7186528111915,398.7186528111915,398.7186528111915,3.0691870218570374
2014-06-01,401.31,401.2687493453758,400.6944730813367,401.7940034421898,398.90870103633773,398.90870103633773,398.90870103633773,2.3600483090380866
2014-07-01,399.07,399.85214607201914,399.29465300110587,400.39757747253094,399.092618673576,399.092618673576,399.092618673576,0.7595273984431612
2014-08-01,397.21,397.916090917419,397.36815748333044,398.4736241054113,399.28266689872225,399.28266689872225,399.28266689872225,-1.3665759813032556
2014-09-01,395.4,396.30610926807014,395.75557078653225,396.873390050264,399.4727151238684,399.4727151238684,399.4727151238684,-3.1666058557982284
2014-10-01,395.65,396.3259006611316,395.7336407523851,396.87848300131446,399.6566327611067,399.6566327611067,399.6566327611067,-3.330732099975157
2014-11-01,397.22,397.77968781062873,397.22964442826344,398.36238830359133,399.8466809862529,399.8466809862529,399.8466809862529,-2.0669931756242077
2014-12-01,398.79,399.1417251335019,398.58031774950376,399.7085484371619,400.03059862349113,400.03059862349113,400.03059862349113,-0.8888734899892401
2015-01-01,399.85,400.2553047878713,399.6711857420866,400.8523852460716,400.2206468486374,400.2206468486374,400.2206468486374,0.03465793923389301
2015-02-01,400.31,401.07652787752386,400.499717036757,401.61218534102505,400.4106950737836,400.4106950737836,400.4106950737836,0.6658328037402675
2015-03-01,401.51,401.9056065711965,401.320955639841,402.45276014736834,400.582351535206,400.582351535206,400.582351535206,1.323255035990497
2015-04-01,403.45,403.3573450950587,402.8211398026025,403.91728780452837,400.77239976035224,400.77239976035224,400.77239976035224,2.584945334706466
2015-05-01,404.1,404.0369788867302,403.4545276852331,404.5755216135197,400.95631739759045,400.95631739759045,400.95631739759045,3.08066148913977
2015-06-01,402.88,403.51756984108323,402.991538114137,404.09488682306954,401.1463656227366,401.1463656227366,401.1463656227366,2.3712042183466084
2015-07-01,401.61,402.1103350776137,401.5456043603509,402.6827839311017,401.330283259975,401.330283259975,401.330283259975,0.7800518176387276
2015-08-01,399.0,400.17107281943487,399.6250849646673,400.71787304322544,401.5203314851211,401.5203314851211,401.5203314851211,-1.3492586656862644
2015-09-01,397.5,398.55959282252576,398.01523631607984,399.1152916495431,401.7103797102673,401.7103797102673,401.7103797102673,-3.15078688774156
2015-10-01,398.28,398.5321204549542,397.95160752496594,399.08231071140955,401.8942973475056,401.8942973475056,401.8942973475056,-3.362176892551344
2015-11-01,400.24,400.00553462350825,399.5055683420082,400.54923946326926,402.08434557265184,402.08434557265184,402.08434557265184,-2.0788109491435627
2015-12-01,401.89,401.3846059270701,400.81232820754667,401.96544270705465,402.2682632098901,402.2682632098901,402.2682632098901,-0.8836572828200391
2016-01-01,402.65,402.5036881256285,401.9594972242949,403.0746511369817,402.45831143503625,402.45831143503625,402.45831143503625,0.045376690592254895
2016-02-01,404.16,403.3054523655013,402.7282729565075,403.878663409631,402.6483596601825,402.6483596601825,402.6483596601825,0.657092705318794
2016-03-01,404.85,404.2280720266177,403.68517876580614,404.78997112982853,402.82614670951284,402.82614670951284,402.82614670951284,1.4019253171049106
2016-04-01,407.57,405.6342099418162,405.0563190055324,406.1970148246742,403.016194934659,403.016194934659,403.016194934659,2.618015007157224
2016-05-01,407.66,406.24662495599136,405.72644819133353,406.78427591897463,403.2001125718973,403.2001125718973,403.2001125718973,3.04651238409403
2016-06-01,407.0,405.7276173924099,405.15290978192417,406.31673914119784,403.3901607970435,403.3901607970435,403.3901607970435,2.337456595366433
2016-07-01,404.5,404.2922045705586,403.74718409219923,404.8349439731543,403.5740784342818,403.5740784342818,403.5740784342818,0.7181261362768413
2016-08-01,402.24,402.36254421008204,401.77441014611355,402.90482086761165,403.764126659428,403.764126659428,403.764126659428,-1.4015824493459303
2016-09-01,401.01,400.75516361057396,400.25665368615216,401.34615759042646,403.95417488457423,403.95417488457423,403.95417488457423,-3.199011274000257
2016-10-01,401.5,400.8705871753338,400.31499562304947,401.42913611308927,404.1380925218125,404.1380925218125,404.1380925218125,-3.2675053464786803
2016-11-01,403.64,402.28654251771,401.7214389899667,402.83611187163575,404.32814074695864,404.32814074695864,404.32814074695864,-2.041598229248645
2016-12-01,404.55,403.613623825894,403.089214312303,404.18664714067387,404.51205838419696,404.51205838419696,404.51205838419696,-0.898434558302947
2017-01-01,406.07,404.7143405520213,404.1978901381411,405.3106714540973,404.70210660934316,404.70210660934316,404.70210660934316,0.012233942678187585
2017-02-01,406.64,405.5737959095979,405.00545497766194,406.11711173124917,404.89215483448936,404.89215483448936,404.89215483448936,0.6816410751085369
2017-03-01,407.06,406.4394148976078,405.8564218944828,407.0350260021853,405.06381129591176,405.06381129591176,405.06381129591176,1.3756036016959954
2017-04-01,408.95,407.8604871310571,407.3040010804425,408.426274252968,405.25385952105796,405.25385952105796,405.25385952105796,2.6066276099991392
2017-05-01,409.91,408.49557703620997,407.93945189891764,409.0713800493219,405.43777715829617,405.43777715829617,405.43777715829617,3.057799877913806
2017-06-01,409.12,407.9766222604281,407.44066879557903,408.4971824688268,405.6278253834424,405.6278253834424,405.6278253834424,2.3487968769856855
2017-07-01,407.2,406.5506261437025,405.9739965909989,407.06791548716603,405.8117430206807,405.8117430206807,405.8117430206807,0.7388831230218381
2017-08-01,405.24,404.6177728774287,404.0441138007953,405.1610009133829,406.0017912458269,406.0017912458269,406.0017912458269,-1.3840183683981757
2017-09-01,403.27,403.00915834451075,402.46058193364007,403.5446549439521,406.1918394709731,406.1918394709731,406.1918394709731,-3.182681126462367
2017-10-01,403.64,403.0765921530168,402.60087866702656,403.6228625878274,406.37575710821136,406.37575710821136,406.37575710821136,-3.299164955194544
2017-11-01,405.17,404.5112182650946,403.9192538413282,405.0583928489923,406.5658053333576,406.5658053333576,406.5658053333576,-2.054587068263016
2017-12-01,406.75,405.85591660921693,405.2801965487159,406.41448437652406,406.7497229705958,406.7497229705958,406.7497229705958,-0.8938063613788824
2017-12-31,,406.99935267171765,406.4662953863705,407.5251835937585,406.9336406078341,406.9336406078341,406.9336406078341,0.06571206388356318
2018-01-31,,407.7616447471052,407.1838277414537,408.3224587647725,407.12368883298035,407.12368883298035,407.12368883298035,0.6379559141248518
2018-02-28,,408.5411769322624,407.991630828847,409.07091387260175,407.29534529440275,407.29534529440275,407.29534529440275,1.2458316378596475
2018-03-31,,410.0406406247595,409.4725900844049,410.60341905340835,407.4853935195489,407.4853935195489,407.4853935195489,2.555247105210594
2018-04-30,,410.7847911491654,410.2142808521186,411.38692502329377,407.66931115678716,407.66931115678716,407.66931115678716,3.1154799923782672
2018-05-31,,410.2633918158365,409.7290012206696,410.8141468210559,407.8593593819334,407.8543537138817,407.86112603166646,2.404032433903071
2018-06-30,,408.8841145928759,408.30848916509115,409.41278938158877,408.0432770191717,408.0283314719268,408.0562371591613,0.8408375737042325
2018-07-31,,406.93523958685296,406.38819113284075,407.50821034020464,408.2333252443179,408.2013276225526,408.25669856559836,-1.2980856574649173
2018-08-31,,405.31850133207706,404.7378413304192,405.86878131971406,408.423373469464,408.37442300732346,408.4552404800634,-3.1048721373869697
2018-09-30,,405.15181115906273,404.5706202444992,405.74047790197983,408.60729110670235,408.538300233686,408.65101851696056,-3.4554799476396374
2018-10-31,,406.68664493772576,406.08746106273844,407.24793470732635,408.79733933184855,408.71059145615783,408.861871215122,-2.1106943941227625
2018-11-30,,408.1147268229015,407.4975138304973,408.71330203974645,408.9812569690868,408.87541744353206,409.0684361637856,-0.8665301461853362
2018-12-31,,409.2465894852436,408.67160949990773,409.83674878343686,409.171305194233,409.0397671883962,409.28449137949946,0.07528429101059315
2019-01-31,,409.988921924994,409.3998861283144,410.6086021935168,409.36135341937927,409.2054479590829,409.4954837703958,0.6275685056147137
2019-02-28,,410.7534223525551,410.11039937164196,411.3640670910728,409.5330098808016,409.3475683830768,409.68603827708773,1.2204124717534761
2019-03-31,,412.26917879093173,411.62201713905955,412.87366871026586,409.72305810594787,409.51335133580693,409.8911152859189,2.5461206849838427
2019-04-30,,413.03414893826607,412.387773563442,413.680115302119,409.9069757431861,409.66540872893034,410.0952780721675,3.127173195080013
2019-05-31,,412.5117640797849,411.8178632362556,413.1607388383556,410.0970239683322,409.8265519632481,410.3073953478086,2.414740111452635
2019-06-30,,411.1417569239093,410.45091076422784,411.79604124830405,410.2809416055706,409.98985655869,410.50933692586204,0.8608153183387091
2019-07-31,,409.18969448521915,408.4826280771791,409.8694767109593,410.47098983071675,410.13967861396924,410.71819090239336,-1.2812953454975786
2019-08-31,,407.57095857153365,406.8636086307029,408.27936756544517,410.661038055863,410.30731625225667,410.9319554526271,-3.090079484329324
2019-09-30,,407.35881671342713,406.6557014260073,408.0120766053109,410.8449556931012,410.45187766227997,411.13118480779286,-3.4861389796740663
2019-10-31,,408.9148795204769,408.22777758647726,409.5738647151671,411.03500391824747,410.59184831067824,411.35317638361414,-2.120124397770538
2019-11-30,,410.3585170354237,409.512060611448,411.0551152068638,411.21892155548574,410.7294698693984,411.5690145781613,-0.8604045200620587
2019-12-31,,411.49340084986994,410.7301657296289,412.2325376063182,411.4089697806319,410.8892995506475,411.7924648436169,0.08443106923807067
2020-01-31,,412.2156610185297,411.36437312310267,412.99663730318645,411.59901800577813,411.04532803284553,412.0145628455132,0.616643012751596
2020-02-29,,413.0740816877233,412.2812959083444,413.89023541381306,411.77680505510847,411.19005212640855,412.2363495766578,1.297276632614841
2020-03-31,,414.54151702361435,413.649928305989,415.34653748225855,411.9668532802546,411.3362509627186,412.47164505731257,2.574663743359744
2020-04-30,,415.24298149137525,414.2613550250478,416.06427204405173,412.150770917493,411.48622167548336,412.71767767733417,3.0922105738822454
2020-05-31,,414.7230770914431,413.7441670882582,415.6452356392636,412.34081914263913,411.6101942333666,412.9534365652077,2.3822579488039772
2020-06-30,,413.3251862162179,412.33108787271595,414.17931979775824,412.52473677987734,411.75372675880345,413.1765244891256,0.8004494363405651
2020-07-31,,411.3827155547027,410.39264042667355,412.3105508389416,412.7147850050236,411.88768482987507,413.4100230785546,-1.3320694503209052
2020-08-31,,409.7696082473616,408.6984119995339,410.6908831764073,412.90483323016986,412.0462622494326,413.64673130907323,-3.1352249828082677
2020-09-30,,409.6952813284148,408.58460396731505,410.6264846257093,413.0887508674081,412.1782441366475,413.860814238675,-3.3934695389932963
2020-10-31,,411.1887632328098,410.0780112990485,412.1855562972338,413.27879909255427,412.3159897274327,414.08909241744294,-2.0900358597444963
2020-11-30,,412.5845370945894,411.3798565123844,413.59689423757425,413.4627167297926,412.44830122198493,414.3384634344314,-0.878179635203196
2020-12-31,,413.7085005279324,412.49824532921224,414.8439010180115,413.6527649549388,412.58674330444495,414.5920409823472,0.05573557299363103
2021-01-31,,414.4906122157824,413.22823056710195,415.5968745381283,413.84281318008505,412.7536016914544,414.8393705827856,0.6477990356973425
2021-02-28,,415.2859305320448,414.0355557495497,416.5034471410322,414.01446964150745,412.86902066297466,415.06534369713034,1.2714608905373403
2021-03-31,,416.7692806302494,415.40498200682543,418.0030785405814,414.2045178666536,413.0133444071739,415.3116922862902,2.5647627635958172
2021-04-30,,417.49225671414035,416.16002369304607,418.75003014653754,414.3884355038918,413.1407122785559,415.5559306231488,3.1038212102485776
2021-05-31,,416.9716866070436,415.56837987178477,418.32431242254506,414.57848372903806,413.2701145781406,415.7812046367612,2.3932028780055306
2021-06-30,,415.58311488982736,414.064529778929,416.97124212289185,414.7624013662763,413.40590494713564,416.0248290561059,0.8207135235510383
2021-07-31,,413.637438582046,411.981314738657,414.9955140673217,414.95244959142246,413.55279094276216,416.2802240220433,-1.3150110093764735
2021-08-31,,412.0225775706062,410.4842625808518,413.4880472157782,415.1424978165687,413.688416261982,416.5258958837819,-3.1199202459625597
2021-09-30,,411.9018350710072,410.31930081249396,413.40220024138483,415.3264154538071,413.79564514452676,416.7410154227182,-3.424580382799896
2021-10-31,,413.4157992183998,411.7711242635392,414.82766135135415,415.51646367895324,413.94506959827754,416.98995101938095,-2.1006644605534577
2021-11-30,,414.82791835642274,413.0930642470942,416.4586084258397,415.70038131619145,414.0532205065772,417.1949450979136,-0.8724629597687182
2021-12-31,,415.9561416052213,414.14561889292406,417.60938505614916,415.8904295413377,414.16144407411343,417.431771400863,0.0657120638835955
2022-01-31,,416.71843368060865,414.82845800281,418.37576123120016,416.0804777664839,414.29089045183497,417.6629177532035,0.637955914124749
2022-02-28,,417.49796586576576,415.5695227366541,419.26420015782014,416.2521342279063,414.41076733085555,417.89323994744336,1.2458316378594407
2022-03-31,,418.9974295582633,417.04556003799354,420.7859331311936,416.44218245305257,414.54341271387784,418.1580591115112,2.555247105210736
2022-04-30,,419.7415800826691,417.69262894147045,421.75126186126926,416.6261000902908,414.6808181803189,418.42140844441826,3.1154799923783325
2022-05-31,,419.22018074934005,417.1664390039573,421.1804579879815,416.8161483154369,414.82616888144173,418.69517767353705,2.404032433903139
2022-06-30,,417.84090352637975,415.67962611828284,419.8954522903596,417.0000659526753,414.94138612930414,418.9479495548364,0.8408375737044289
2022-07-31,,415.89202852035675,413.7428604635116,418.007103954878,417.19011417782144,415.0872185793341,419.2246235618015,-1.2980856574646749
2022-08-31,,414.2752902655806,412.05197307370116,416.4611828812668,417.3801624029677,415.2270133621299,419.4906462155628,-3.104872137387053
2022-09-30,,414.10860009256595,411.78314219014527,416.34199415545874,417.5640800402059,415.37297675720407,419.75473106730465,-3.45547994763998
2022-10-31,,415.6434338712294,413.1819258519358,418.0194196247951,417.7541282653521,415.45663379122584,420.01577779555566,-2.1106943941227136
2022-11-30,,417.07151575640484,414.5838380533829,419.49851314455765,417.9380459025903,415.58191891029566,420.2759113846453,-0.8665301461854661
2022-12-31,,418.2033784187472,415.77123559187623,420.73783875020996,418.1280941277366,415.72291261136985,420.53760383907695,0.07528429101064535
2023-01-31,,418.9457108584976,416.46248278404204,421.4171955951558,418.31814235288283,415.8444424483883,420.826128466129,0.6275685056147396
2023-02-28,,419.7102112860586,417.04224238326157,422.4475613649793,418.4897988143052,415.96143206344124,421.0668914330368,1.2204124717534375
2023-03-31,,421.22596772443524,418.73383075950665,423.86522122288613,418.67984703945143,416.07076986349796,421.31254109129185,2.5461206849838303
2023-04-30,,421.99093787176986,419.2590128290871,424.5610349589896,418.86376467668975,416.21035568564906,421.55206016163896,3.1271731950801063
2023-05-31,,421.46855301328856,418.72050797124257,424.3016274025274,419.0538129018359,416.29103371515333,421.8026412582823,2.4147401114526503
2023-06-30,,420.098545857413,417.2313277826737,423.0708967583613,419.23773053907416,416.4090734318045,422.0639477648099,0.8608153183388539
2023-07-31,,418.14648341872265,415.1477278579865,421.13771879693917,419.4277787642204,416.53650313296407,422.39795442720606,-1.281295345497752
2023-08-31,,416.5277475050372,413.66295444333025,419.4230008477128,419.61782698936656,416.68555426004724,422.66623684314754,-3.0900794843293635
2023-09-30,,416.31560564693046,413.33893818839954,419.3092034589644,419.8017446266048,416.8258941786583,422.9234562049055,-3.486138979674323
2023-10-31,,417.8716684539804,414.7496071701937,421.1903439556356,419.99179285175103,416.9650099851946,423.18692121479125,-2.1201243977706343
2023-11-30,,419.3153059689275,416.07649062590167,422.53288084495523,420.1757104889894,417.0665944467424,423.435276478608,-0.8604045200619519
2023-12-31,,420.4501897833738,417.14670235518804,423.76471072774774,420.36575871413555,417.1671069538711,423.67263538466705,0.0844310692382275
2024-01-31,,421.17244995203333,417.8556488397635,424.5129392131307,420.5558069392817,417.27033193320597,423.9406467985552,0.61664301275162
2024-02-29,,422.0308706212268,418.5894177302699,425.4462871802515,420.73359398861203,417.3971280803272,424.20103984019295,1.2972766326147722
2024-03-31,,423.4983059571179,419.9188784233607,427.03187786175226,420.9236422137583,417.5091486585639,424.4694384227467,2.574663743359605
2024-04-30,,424.1997704248788,420.60095040334994,427.7075322413375,421.1075598509965,417.5890912774289,424.71581113282593,3.09221057388229
2024-05-31,,423.67986602494693,420.1133111485741,427.25090963061496,421.29760807614275,417.69023928084937,424.99622644441934,2.382257948804201
2024-06-30,,422.28197514972175,418.72431592773825,426.04079752637017,421.481525713381,417.7951995040402,425.2674212357637,0.8004494363407191
2024-07-31,,420.3395044882064,416.54744941058783,424.15862816159944,421.67157393852716,417.91045989836266,425.5206580534247,-1.3320694503207795
2024-08-31,,418.72639718086504,414.9291468567965,422.6088139665722,421.8616221636734,418.0196075275992,425.79194560615997,-3.135224982808387
2024-09-30,,418.65207026191854,414.7746821294921,422.70133481127004,422.0455398009117,418.1017942009346,426.0571025709871,-3.393469538993135
2024-10-31,,420.1455521663134,415.95838016110787,424.2051593189712,422.2355880260578,418.173732716806,426.3283901237222,-2.0900358597444164
2024-11-30,,421.54132602809295,417.4477285873119,425.6955226274678,422.41950566329615,418.25515609747805,426.6018780738218,-0.8781796352031711
2024-12-31,,422.6652894614359,418.36189859321684,426.8936219812509,422.6095538884424,418.3456733020723,426.8881223179227,0.05573557299348611
2025-01-31,,423.4474011492859,419.0519557166868,427.83631676959646,422.7996021135886,418.4358350320982,427.14594872331213,0.6477990356972999
2025-02-28,,424.2427194655482,419.8323849921558,428.6294903797708,422.971258575011,418.50614471472255,427.3737322814571,1.2714608905372125
2025-03-31,,425.7260695637531,421.3583619050723,430.2993160658202,423.16130680015726,418.60910075589123,427.69220740539487,2.564762763595807
2025-04-30,,426.4490456476442,421.7529597619096,430.992764061948,423.3452244373955,418.7266567701135,427.95605913023536,3.103821210248697
2025-05-31,,425.92847554054737,421.2859126851877,430.6688799330261,423.5352726625416,418.82070046488354,428.29143973695795,2.3932028780057557
2025-06-30,,424.53990382333086,419.789872694077,429.5288510948105,423.71919029978,418.9174016424381,428.5799697384389,0.8207135235508608
2025-07-31,,422.5942275155498,417.7437349569107,427.4940902695945,423.90923852492614,419.03689607242427,428.8370515848253,-1.3150110093763314
2025-08-31,,420.97936650410963,415.92544864739426,426.067270780365,424.0992867500723,419.12606803759604,429.11180709231655,-3.11992024596262
2025-09-30,,420.85862400451055,415.87280554700766,426.0475257232885,424.2832043873106,419.1871317618641,429.37354886159756,-3.4245803828000665
2025-10-31,,422.3725881519033,416.9985771027941,427.5898642224287,424.47325261245686,419.24782573779356,429.64918017181003,-2.1006644605535563
2025-11-30,,423.7847072899264,418.49847451094007,429.1911089153778,424.6571702496951,419.3322710999714,429.93212971538065,-0.8724629597687236
2025-12-31,,424.9129305387249,419.6307736149692,430.43084388152914,424.84721847484127,419.44086933224673,430.2179534179747,0.06571206388360962
2026-01-31,,425.67522261411244,420.1873694609282,431.2886739004073,425.0372666999875,419.54393811959443,430.50349487108986,0.6379559141249365
2026-02-28,,426.4547547992695,420.9446713007089,432.2201922185561,425.2089231614098,419.6325881782153,430.770214570931,1.2458316378597079
2026-03-31,,427.9542184917667,422.3289879250204,433.4758190771776,425.39897138655607,419.7396369274992,431.0646468712769,2.555247105210615
2026-04-30,,428.6983690161726,423.055705165521,434.59973774186705,425.58288902379434,419.8423456945718,431.3794878503473,3.115479992378235
2026-05-31,,428.1769696828438,422.3876200089812,433.96804716418757,425.7729372489405,419.96571709227186,431.6360062235358,2.404032433903275
2026-06-30,,426.7976924598831,421.12567777697865,432.5931562766313,425.95685488617886,420.0890937417296,431.8972937644512,0.8408375737042018
2026-07-31,,424.8488174538605,418.8875701312348,430.96319634052924,426.1469031113251,420.18912255377643,432.1811980823203,-1.298085657464624
2026-08-31,,423.2320791990843,417.2339067491718,429.2644705718276,426.33695133647126,420.2750889109542,432.46695975862855,-3.1048721373869688
2026-09-30,,423.0653890260695,417.02702320511236,429.28968697211684,426.52086897370947,420.3445031475552,432.7473950060858,-3.455479947639952
2026-10-31,,424.600222804733,418.4006589521889,430.8887110686558,426.7109171988557,420.45736881996277,432.9954075435865,-2.1106943941227465
2026-11-30,,426.0283046899086,419.5753654795396,432.4352676614711,426.894834836094,420.5680880051616,433.249482559371,-0.8665301461853436
2026-12-31,,427.1601673522507,420.7433266465544,433.58345037373795,427.08488306124013,420.7022534594997,433.5181858599191,0.07528429101057811
2027-01-31,,427.9024997920012,421.48186126124386,434.56612528953895,427.2749312863864,420.80493892235194,433.8262286839021,0.6275685056148242
2027-02-28,,428.6670002195622,422.16626814378236,435.1425904059754,427.4465877478088,420.8488434435072,434.03688335621104,1.2204124717534601
2027-03-31,,430.18275665793874,423.48345796176017,436.82429300163693,427.63663597295493,420.9656514217046,434.3289886565784,2.546120684983803
2027-04-30,,430.9477268052733,424.31964158178585,437.63819283563436,427.8205536101933,421.0506145783118,434.59444751043196,3.1271731950800126
2027-05-31,,430.42534194679195,423.5594898100481,437.3207601840876,428.01060183533946,421.1332065329991,434.87436445482956,2.414740111452505
2027-06-30,,429.0553347909165,422.11748726044954,436.0074218985364,428.1945194725778,421.2440265537793,435.15865823984683,0.8608153183387297
2027-07-31,,427.1032723522261,420.1804393916117,434.1693045946187,428.3845676977239,421.34708519913045,435.44909074129885,-1.2812953454978089
2027-08-31,,425.484536438541,418.30749166826934,432.6100928929778,428.5746159228702,421.4731521838836,435.74242848550614,-3.090079484329209
2027-09-30,,425.27239458043414,418.32352272821515,432.6807672251692,428.75853356010845,421.5955538447951,435.99642800085417,-3.4861389796743336
2027-10-31,,426.82845738748404,419.56553690056177,434.3410266822527,428.9485817852546,421.7135346753997,436.2542317815727,-2.120124397770526
2027-11-30,,428.2720949024308,420.84128051775036,435.55920490973404,429.1324994224929,421.83312869774903,436.52709435312306,-0.8604045200621139
2027-12-31,,429.4069787168771,421.8906045302445,436.8082191693231,429.3225476476391,421.9344961830461,436.76605566974075,0.08443106923798593
2028-01-31,,430.129238885537,422.6066050412296,437.7924796836054,429.51259587278537,422.05545294728375,437.02568980946273,0.6166430127516616
2028-02-29,,430.98765955473067,423.11408616429014,438.777561724355,429.6903829221157,422.17004102619467,437.2709826352891,1.297276632614957
2028-03-31,,432.4550948906216,424.6075596117868,440.20703006624603,429.88043114726185,422.28246970651406,437.53729813424576,2.574663743359723
2028-04-30,,433.1565593583824,425.3931996373551,440.95972458868954,430.06434878450005,422.34673796752986,437.7971981136952,3.09221057388238
2028-05-31,,432.6366549584504,424.7106458849713,440.72246935054943,430.2543970096463,422.47329189804583,438.1845540167053,2.3822579488040754
2028-06-30,,431.2387640832252,423.3365357462207,439.10108776266395,430.4383146468846,422.53895932277277,438.4456173328982,0.8004494363405928
2028-07-31,,429.29629342170995,421.2595578340577,437.40669586179007,430.62836287203083,422.61324406196576,438.6735079200105,-1.3320694503209003
2028-08-31,,427.6831861143684,419.4011802137106,435.8341516561092,430.818411097177,422.7052848521174,438.91628762702544,-3.135224982808535
2028-09-30,,427.6088591954219,419.24152821568066,435.7601207320082,431.0023287344153,422.77102552031704,439.20197128909035,-3.3934695389933798
2028-10-31,,429.102341099817,420.6754322837202,437.55307398177587,431.1923769595615,422.8592123547772,439.45287633582416,-2.0900358597444972
2028-11-30,,430.4981149615964,422.0026931712402,439.0389447866715,431.3762945967997,422.9456031255844,439.7645198936571,-0.8781796352033121
2028-12-31,,431.62207839493954,423.1105903676144,440.4725562143579,431.56634282194597,423.0384633374589,440.0958811030458,0.055735572993585475
2029-01-31,,432.4041900827895,423.7914236016924,441.086119448587,431.7563910470922,423.13198093596486,440.39671399635654,0.6477990356972794
2029-02-28,,433.19950839905175,424.36998519428647,441.91574116109666,431.9280475085145,423.21303529358374,440.66189337406774,1.27146089053723
2029-03-31,,434.68285849725646,425.64943125420024,443.51015647270225,432.11809573366077,423.27764331056005,440.90452208293726,2.5647627635957133
2029-04-30,,435.40583458114764,426.2685270881225,444.42179761135486,432.30201337089903,423.38272456366565,441.21898045916606,3.103821210248622
2029-05-31,,434.8852644740509,425.68600957239283,443.8922227007764,432.4920615960453,423.46387837051327,441.5465865660833,2.393202878005645
2029-06-30,,433.49669275683453,424.18617169503045,442.48963239498744,432.6759792332835,423.52806635754166,441.75342339245884,0.8207135235510208
2029-07-31,,431.5510164490535,422.3928474111751,440.96019259839363,432.8660274584297,423.6087595980369,442.1177964529331,-1.3150110093761813
2029-08-31,,429.93615543761337,420.51019336583823,439.40581680518954,433.05607568357595,423.6842655057529,442.42624516112505,-3.1199202459625934
2029-09-30,,429.8154129380143,420.33950408519894,439.19915849898155,433.23999332081416,423.75095480455275,442.7062290992479,-3.4245803827998755
2029-10-31,,431.3293770854069,421.6805532416436,440.99436381168744,433.4300415459604,423.80697774438744,442.95615804502364,-2.100664460553478
2029-11-30,,432.74149622343,423.05780383009215,442.56904783851263,433.6139591831987,423.8571422928641,443.1955114307018,-0.8724629597687048
2029-12-31,,433.8697194722285,423.8938535870891,443.5846778644227,433.80400740834483,423.97106285041997,443.5038275451249,0.06571206388365908
2030-01-31,,434.6320115476158,424.73360342454436,444.5177924967915,433.9940556334911,424.07557493440555,443.7600883581249,0.637955914124713
2030-02-28,,435.41154373277305,425.5382382720112,445.6067744166586,434.1657120949135,424.1951603888643,444.04584549239854,1.245831637859546
2030-03-31,,436.9110074252703,426.533478611554,447.0041550112717,434.35576032005963,424.2730738955269,444.39252866592227,2.5552471052106913
2030-04-30,,437.65515794967655,427.44954590541323,447.96411984505465,434.539677957298,424.3069469859946,444.733435781882,3.1154799923785195
2030-05-31,,437.13375861634745,426.5720075810598,447.4172510191045,434.72972618244415,424.34695066437007,445.03977337110524,2.4040324339032826
2030-06-30,,435.75448139338675,425.08966191476964,446.3023097004851,434.91364381968236,424.3895907196445,445.2464319872037,0.8408375737043982
2030-07-31,,433.8056063873639,423.26527031533533,444.354880566167,435.1036920448286,424.481640716528,445.54582400697325,-1.2980856574646964
2030-08-31,,432.18886813258774,421.5405244876538,442.85171359995576,435.2937402699749,424.5443525411399,445.8452160267428,-3.104872137387108
2030-09-30,,432.02217795957296,421.2052338843762,442.7474431127497,435.47765790721314,424.6349938566701,446.13847745860426,-3.455479947640168
2030-10-31,,433.55701173823644,422.52393222308996,444.24532005975215,435.6677061323593,424.75125855944214,446.4378694783738,-2.110694394122852
2030-11-30,,434.98509362341207,424.08779211788953,446.211208040863,435.85162376959755,424.8650636865224,446.7311309102352,-0.8665301461854731
2030-12-31,,436.1169562857544,425.22681583805337,447.2418975321436,436.0416719947438,424.9849994015106,447.03052293000474,0.07528429101057235
2031-01-31,,436.8592887255047,425.64790193137105,447.9318882383854,436.23172021988995,425.0907503125592,447.3291464598,0.6275685056147788
2031-02-28,,437.62378915306607,426.38118581732846,448.78304142348924,436.40337668131235,425.1005803532656,447.6115957176652,1.220412471753724
2031-03-31,,439.1395455914424,427.9677866432431,450.54988360865764,436.5934249064586,425.19653616953576,447.91305308449057,2.5461206849837787
2031-04-30,,439.9045157387769,428.39739981993176,451.38605223768235,436.7773425436969,425.2694535211154,448.18283489022525,3.1271731950800308
2031-05-31,,439.3821308802956,428.05581628076123,450.8415668618499,436.96739076884313,425.3295560674077,448.48387288413664,2.4147401114524882
2031-06-30,,438.01212372442,426.2366197055277,449.4738066142727,437.15130840608134,425.3847467169205,448.80555809110024,0.8608153183386599
2031-07-31,,436.06006128573006,424.57844712456955,447.7440063612345,437.3413566312275,425.4538775143062,449.1131928077363,-1.2812953454974474
2031-08-31,,434.44132537204456,422.5335548001899,446.3898603854861,437.53140485637374,425.56538052399924,449.42082752437244,-3.0900794843291735
2031-09-30,,434.22918351393787,422.48043514843386,446.00242750849105,437.715322493612,425.6650800118081,449.7181312083053,-3.486138979674148
2031-10-31,,435.7852463209878,423.79550832683884,448.0112396410051,437.90537071875826,425.7658532240888,450.01948850263614,-2.1201243977704474
2031-11-30,,437.22888383593437,424.9194707150601,449.2234409879911,438.0892883559965,425.8964161463123,450.31471520905893,-0.8604045200620849
2031-12-31,,438.3637676503809,426.027076284317,450.62976269397876,438.27933658114273,426.020139014387,450.6655846904676,0.08443106923815963
2032-01-31,,439.08602781904057,426.5426918641902,451.5119995360967,438.46938480628893,426.1213609056679,451.03443266842646,0.61664301275163
2032-02-29,,439.94444848823423,427.54649329343175,452.6841903675003,438.6471718556192,426.16838310223176,451.3211148495512,1.2972766326150023
2032-03-31,,441.41188382412514,428.75469339072083,454.20072554894705,438.83722008076546,426.26770850099297,451.6191474628072,2.574663743359673
2032-04-30,,442.11334829188604,429.4718407359348,454.78634928276676,439.02113771800373,426.3386160742618,451.91052796726626,3.0922105738822987
2032-05-31,,441.593443891954,428.73117045481183,454.4938494814089,439.21118594314987,426.41301871586154,452.2080390596333,2.382257948804134
2032-06-30,,440.19555301672926,427.35697280643853,453.19050124091007,439.3951035803882,426.4844205590458,452.49571756742637,0.8004494363410454
2032-07-31,,438.2530823552135,425.3054468145298,451.279042689828,439.5851518055344,426.556040439985,452.7768418562238,-1.3320694503208685
2032-08-31,,436.6399750478724,423.3266188926566,449.61936041770014,439.77520003068065,426.6226834049467,453.09380004459456,-3.135224982808292
2032-09-30,,436.5656481289256,423.3161619592643,449.8637723787881,439.95911766791886,426.6696314103595,453.38506549670205,-3.393469538993258
2032-10-31,,438.0591300333207,424.6300634310493,451.4793641458939,440.14916589306506,426.71374443720646,453.6450019981091,-2.0900358597443933
2032-11-30,,439.4549038951001,425.7349829322569,453.0696857935594,440.3330835303034,426.75540268232743,453.9511232844236,-0.8781796352032899
2032-12-31,,440.57886732844327,426.74578397796614,454.32403802191243,440.5231317554495,426.80319151535633,454.263375158646,0.05573557299372201
2033-01-31,,441.360979016293,427.6118214005948,454.837043027578,440.7131799805958,426.85098034838524,454.56868445367303,0.6477990356972579
2033-02-28,,442.1562973325555,428.418873111079,456.1700910089858,440.88483644201807,426.8803774176902,454.8492554310899,1.2714608905374196
2033-03-31,,443.6396474307601,429.47828130153,457.7665315378085,441.0748846671643,426.93045936333544,455.1476720195828,2.5647627635957297
2033-04-30,,444.36262351465115,430.0446321659108,458.37788404602037,441.2588023044027,427.0133582078519,455.44030056630356,3.103821210248421
2033-05-31,,443.84205340755443,429.68764551582115,457.9878521402609,441.44885052954885,427.27479818519777,455.70963733544505,2.3932028780055656
2033-06-30,,442.45348169033804,427.973886541316,456.63194185191526,441.63276816678706,427.35305529244215,455.97121636674166,0.8207135235509891
2033-07-31,,440.50780538255697,426.17797621622344,454.9579751688281,441.8228163919333,427.40403701516567,456.2364852174985,-1.3150110093763243
2033-08-31,,438.892944371117,424.16398071186734,453.4573467197801,442.0128646170795,427.4550187378892,456.5089791958063,-3.1199202459625566
2033-09-30,,438.7722018715173,423.78065504517923,453.51994719728435,442.1967822543177,427.4937751868748,456.7795185722476,-3.4245803828003805
2033-10-31,,440.2861660189104,425.391164866007,455.0276382256894,442.386830479464,427.5832051965285,457.05005417540224,-2.1006644605535834
2033-11-30,,441.69828515693354,426.8142056982014,456.2770290424512,442.57074811670225,427.6785110933483,457.3136125620472,-0.8724629597686971
2033-12-31,,442.82650840573217,427.58930032704876,457.7071187298584,442.7607963418485,427.7207342378047,457.5828919793806,0.0657120638836421
2034-01-31,,443.5888004811195,428.452857149699,458.89852805622604,442.95084456699465,427.7296963256709,457.88671647594083,0.6379559141248482
2034-02-28,,444.36833266627684,429.1184262137254,459.55270693567843,443.12250102841705,427.72366675819706,458.275911282516,1.2458316378597658
2034-03-31,,445.8677963587741,430.4753385026975,461.0783639368845,443.3125492535633,427.79855342867353,458.5312061217703,2.555247105210832
2034-04-30,,446.6119468831799,431.0713020448726,462.1069634798457,443.4964668908015,427.78902365903485,458.84851366769544,3.115479992378348
2034-05-31,,446.0905475498509,430.5228090031986,461.65598225734664,443.6865151159477,427.98412519138463,459.2149477686503,2.404032433903201
2034-06-30,,444.71127032689014,428.87818347209566,460.38237961210484,443.8704327531859,428.0654575198895,459.50656088179517,0.8408375737042242
2034-07-31,,442.76239532086737,426.83878238724606,458.6173576412748,444.0604809783322,428.1520028090173,459.7694461702769,-1.2980856574648376
2034-08-31,,441.14565706609125,425.23816367177056,457.17757597783316,444.25052920347844,428.16509646555625,460.0320731615028,-3.1048721373871717
2034-09-30,,440.9789668930767,424.72519071470526,456.95285557999534,444.4344468407167,428.1593369545042,460.29766228816123,-3.455479947640012
2034-10-31,,442.51380067174006,426.509563447509,458.81022470535135,444.62449506586285,428.3517419836441,460.6360818441564,-2.1106943941227656
2034-11-30,,443.94188255691586,427.58994199331823,460.52694270197895,444.80841270310117,428.5049092317128,461.005461495526,-0.8665301461853288
2034-12-31,,445.07374521925817,428.56665536828916,461.25012599312083,444.99846092824737,428.5975257332965,461.33955603533576,0.07528429101081556
2035-01-31,,445.8160776590083,429.5387591677287,462.1503756305608,445.1885091533936,428.6901422348804,461.6701544436928,0.6275685056146403
2035-02-28,,446.5805780865693,429.7522105882724,463.2203938967245,445.360165614816,428.7482856748747,461.9851624247442,1.2204124717532898
2035-03-31,,448.0963345249461,431.0199986393411,464.99236166287005,445.55021383996217,428.8199961059649,462.3185621695195,2.54612068498392
2035-04-30,,448.8613046722803,431.84541114119867,465.78765920878106,445.7341314772004,428.75905096690406,462.66350934967096,3.1271731950799153
2035-05-31,,448.33891981379907,431.2113101986272,465.5655702757191,445.92417970234663,428.85726368018635,462.9608298681489,2.4147401114524154
2035-06-30,,446.968912657924,429.6529785669056,464.0654165820915,446.108097339585,428.8785411631236,463.2252508404108,0.8608153183390177
2035-07-31,,445.01685021923356,427.5654756892338,462.4236630974533,446.29814556473116,428.9021432407817,463.55254716984126,-1.2812953454975862
2035-08-31,,443.3981143055479,425.81730657321134,460.96723016599464,446.4881937898773,428.91404520295447,463.8969792583152,-3.0900794843293897
2035-09-30,,443.1859724474415,425.39638852951555,460.61648114663825,446.6721114271156,428.95066836953725,464.22418998138903,-3.486138979674123
2035-10-31,,444.7420352544913,427.03893403925014,462.4841133120986,446.8621596522618,428.98083012624727,464.5681829107505,-2.120124397770517
2035-11-30,,446.185672769438,427.9538811035607,463.91380185964965,447.04607728950003,429.05049775795203,464.91432649538064,-0.8604045200620336
2035-12-31,,447.3205565838845,429.4538830442012,465.28234176516554,447.2361255146463,429.15909878459286,465.26399812442315,0.08443106923820991
2036-01-31,,448.04281675254407,429.85307414132194,466.27996164437434,447.4261737397925,429.2676998112334,465.6033708092686,0.616643012751601
2036-02-29,,448.9012374217375,430.55772786020253,467.24180228582395,447.60396078912277,429.3653919498086,465.94083309460194,1.297276632614748
2036-03-31,,450.3686727576287,432.0931459387964,468.5141719916838,447.794009014269,429.4802075482585,466.2929303994706,2.574663743359675
2036-04-30,,451.0701372253896,432.43341481641886,469.4848044743902,447.9779266515073,429.5888925588003,466.62698186264856,3.0922105738822956
2036-05-31,,450.55023282545756,431.97568977817,469.2876529465844,448.16797487665343,429.7037081572501,466.97610881789313,2.382257948804135
2036-06-30,,449.15234195023265,430.32380183550436,467.82653164236467,448.35189251389176,429.77716502337796,467.31524880755165,0.800449436340888
2036-07-31,,447.2098712887171,428.49734184365633,466.04135490147024,448.541940739038,429.79864021703634,467.6605193851181,-1.3320694503209078
2036-08-31,,445.59676398137594,426.71591955922617,464.603058409852,448.7319889641842,429.8259481366049,467.9607899120971,-3.135224982808263
2036-09-30,,445.5224370624294,426.45217860359276,464.84711826390384,448.9159066014224,430.00073055194827,468.1506294141558,-3.393469538993036
2036-10-31,,447.01591896682436,427.482259986977,466.1518498773932,449.1059548265687,430.0889147377376,468.3736349349963,-2.090035859744336
2036-11-30,,448.41169282860375,429.3089126932463,467.71879259834844,449.28987246380694,430.1472678301928,468.61214903459296,-0.8781796352031855
2036-12-31,,449.53565626194666,429.9950918118814,468.9406053502982,449.4799206889531,430.110346984497,468.85679372209756,0.05573557299355185
2037-01-31,,450.3177679497966,430.49450377627807,469.71553282681543,449.66996891409934,430.05551905984265,469.2277977764149,0.6477990356972412
2037-02-28,,451.11308626605893,431.1782855921111,471.1059596879936,449.84162537552174,430.07516483717643,469.6400423219908,1.2714608905371712
2037-03-31,,452.5964363642637,432.3713607269885,472.3392924085246,450.0316736006679,430.14675109094844,470.07067863129055,2.5647627635958004
2037-04-30,,453.31941244815494,433.27349978650614,473.43946127829787,450.2155912379062,430.2099429458272,470.41612991339105,3.103821210248749
2037-05-31,,452.7988423410582,432.6658602800963,473.2181165653197,450.40563946305247,430.22350636153374,470.67991934203576,2.393202878005774
2037-06-30,,451.4102706238416,431.07974092054815,471.71398587148946,450.58955710029073,430.2330721573892,470.9375781827724,0.8207135235508707
2037-07-31,,449.46459431606047,429.013509721938,470.0738464764455,450.7796053254369,430.2487685411526,471.2013676114171,-1.3150110093764
2037-08-31,,447.8497333046205,426.85742734642713,468.3647387517513,450.96965355058313,430.264464924916,471.46515704006174,-3.1199202459626214
2037-09-30,,447.7289908050212,427.1729578439471,468.3831864295901,451.1535711878214,430.2740307207714,471.8241453835231,-3.4245803828001584
2037-10-31,,449.2429549524139,428.3702420094016,469.93863290238426,451.34361941296754,430.28972710453485,472.15463306917536,-2.1006644605536136
2037-11-30,,450.6550740904372,429.28148240496057,471.4377592182044,451.52753705020586,430.34830146932626,472.60256008209615,-0.8724629597686827
