,station,to_station,#_of_rooms,floor_plan,area,tx.yr.,age,bldg.struct.,LUZ,renovation,price
0,夙川,2.0,3.0,２ＬＤＫ,55.0,2022.0,24.0,ＲＣ,２中住専,未改装,4200.0
1,夙川,3.0,5.0,４ＬＤＫ,85.0,2021.0,23.0,ＲＣ,２中住専,未改装,5800.0
2,夙川,3.0,5.0,４ＬＤＫ,90.0,2020.0,22.0,ＲＣ,２中住専,未改装,6000.0
3,夙川,3.0,4.0,３ＬＤＫ,70.0,2020.0,22.0,ＲＣ,２中住専,改装済み,5400.0
5,夙川,3.0,5.0,４ＬＤＫ,85.0,2019.0,21.0,ＲＣ,２中住専,未改装,6700.0
7,西宮(ＪＲ),11.0,4.0,３ＬＤＫ,65.0,2023.0,7.0,ＲＣ,１種住居,未改装,4700.0
8,西宮(ＪＲ),13.0,4.0,３ＬＤＫ,75.0,2022.0,35.0,ＲＣ,１種住居,改装済み,2600.0
9,西宮(ＪＲ),10.0,5.0,４ＬＤＫ,75.0,2021.0,5.0,ＲＣ,１種住居,未改装,4500.0
10,西宮(ＪＲ),10.0,3.0,２ＬＤＫ,55.0,2019.0,3.0,ＲＣ,１種住居,未改装,3400.0
11,西宮北口,13.0,4.0,３ＬＤＫ,80.0,2022.0,35.0,ＲＣ,１種住居,改装済み,2900.0
12,西宮北口,13.0,4.0,３ＬＤＫ,75.0,2022.0,35.0,ＲＣ,１種住居,改装済み,2700.0
13,西宮北口,14.0,4.0,３ＬＤＫ,65.0,2021.0,36.0,ＲＣ,１種住居,改装済み,3000.0
14,西宮北口,14.0,3.0,２ＬＤＫ,55.0,2020.0,4.0,ＲＣ,１種住居,未改装,3200.0
15,西宮北口,14.0,3.0,２ＬＤＫ,65.0,2019.0,3.0,ＲＣ,１種住居,未改装,3900.0
16,甲子園,8.0,4.0,３ＬＤＫ,75.0,2023.0,32.0,ＲＣ,１中住専,改装済み,3100.0
18,甲子園,5.0,4.0,３ＬＤＫ,80.0,2022.0,34.0,ＲＣ,１中住専,未改装,2700.0
19,甲子園,7.0,4.0,３ＬＤＫ,75.0,2022.0,51.0,ＲＣ,１中住専,改装済み,2300.0
21,甲子園,6.0,4.0,３ＬＤＫ,70.0,2020.0,32.0,ＲＣ,１中住専,改装済み,2600.0
22,甲子園,6.0,4.0,３ＬＤＫ,80.0,2020.0,32.0,ＲＣ,１中住専,改装済み,3200.0
26,鳴尾・武庫川女子大前,4.0,3.0,２ＤＫ,60.0,2020.0,23.0,ＲＣ,１種住居,改装済み,3200.0
27,鳴尾・武庫川女子大前,4.0,3.0,２ＬＤＫ,60.0,2020.0,23.0,ＲＣ,１種住居,改装済み,2000.0
30,西宮北口,7.0,4.0,３ＬＤＫ,65.0,2020.0,8.0,ＲＣ,近隣商業,未改装,4700.0
31,西宮北口,8.0,4.0,３ＬＤＫ,80.0,2020.0,8.0,ＲＣ,２種住居,未改装,5500.0
32,西宮北口,6.0,3.0,２ＬＤＫ,65.0,2020.0,8.0,ＲＣ,近隣商業,未改装,4800.0
34,西宮北口,6.0,4.0,３ＬＤＫ,65.0,2019.0,7.0,ＲＣ,近隣商業,未改装,4300.0
36,西宮北口,8.0,4.0,３ＬＤＫ,70.0,2019.0,7.0,ＲＣ,２種住居,未改装,4000.0
38,門戸厄神,13.0,4.0,３ＬＤＫ,65.0,2021.0,20.0,ＲＣ,１中住専,未改装,2500.0
39,門戸厄神,13.0,4.0,３ＬＤＫ,70.0,2019.0,18.0,ＲＣ,１中住専,未改装,3200.0
40,香櫨園,6.0,2.0,１Ｋ,20.0,2023.0,34.0,ＲＣ,１種住居,未改装,250.0
41,香櫨園,6.0,2.0,１Ｋ,15.0,2022.0,34.0,ＲＣ,１種住居,未改装,570.0
45,香櫨園,6.0,2.0,１Ｋ,15.0,2020.0,31.0,ＲＣ,１種住居,改装済み,530.0
48,西宮(ＪＲ),4.0,4.0,３ＬＤＫ,60.0,2024.0,48.0,ＳＲＣ,近隣商業,未改装,1600.0
50,西宮(ＪＲ),3.0,4.0,３ＬＤＫ,100.0,2023.0,30.0,ＳＲＣ,近隣商業,未改装,4700.0
51,西宮(ＪＲ),4.0,3.0,２ＤＫ,55.0,2023.0,47.0,ＳＲＣ,近隣商業,未改装,2100.0
52,西宮(ＪＲ),4.0,2.0,１Ｋ,20.0,2023.0,39.0,ＲＣ,近隣商業,未改装,430.0
53,西宮(ＪＲ),2.0,4.0,３ＬＤＫ,75.0,2022.0,29.0,ＳＲＣ,近隣商業,改装済み,4400.0
54,西宮(ＪＲ),1.0,2.0,１ＬＤＫ,50.0,2022.0,27.0,ＳＲＣ,近隣商業,未改装,2600.0
55,西宮(ＪＲ),3.0,3.0,２ＤＫ,35.0,2022.0,38.0,ＲＣ,近隣商業,改装済み,1300.0
56,西宮(ＪＲ),3.0,4.0,２ＬＤＫ＋Ｓ,85.0,2022.0,29.0,ＳＲＣ,近隣商業,改装済み,4400.0
57,西宮(ＪＲ),3.0,4.0,３ＬＤＫ,90.0,2022.0,29.0,ＳＲＣ,近隣商業,未改装,4300.0
58,西宮(ＪＲ),4.0,4.0,３ＬＤＫ,90.0,2021.0,28.0,ＳＲＣ,近隣商業,未改装,3800.0
59,西宮(ＪＲ),3.0,3.0,２ＬＤＫ,60.0,2021.0,28.0,ＳＲＣ,近隣商業,改装済み,3400.0
60,西宮(ＪＲ),4.0,2.0,１ＬＤＫ,50.0,2021.0,45.0,ＳＲＣ,近隣商業,改装済み,2200.0
61,西宮(ＪＲ),1.0,3.0,２ＬＤＫ,75.0,2021.0,28.0,ＳＲＣ,近隣商業,未改装,3600.0
64,西宮(ＪＲ),2.0,4.0,３ＬＤＫ,90.0,2020.0,27.0,ＳＲＣ,近隣商業,改装済み,4900.0
65,西宮(ＪＲ),3.0,3.0,２ＬＤＫ,70.0,2019.0,26.0,ＳＲＣ,近隣商業,改装済み,4000.0
66,西宮(ＪＲ),3.0,2.0,１Ｋ,15.0,2019.0,35.0,ＲＣ,近隣商業,未改装,530.0
67,西宮(ＪＲ),4.0,3.0,２ＬＤＫ,60.0,2019.0,43.0,ＳＲＣ,近隣商業,未改装,1400.0
68,西宮(ＪＲ),3.0,2.0,１Ｋ,20.0,2019.0,35.0,ＲＣ,近隣商業,未改装,400.0
69,武庫川,4.0,3.0,２ＬＤＫ,65.0,2023.0,39.0,ＲＣ,１種住居,改装済み,2600.0
73,香櫨園,15.0,4.0,３ＬＤＫ,60.0,2024.0,46.0,ＳＲＣ,準工業,改装済み,1600.0
74,香櫨園,15.0,4.0,３ＬＤＫ,65.0,2024.0,22.0,ＲＣ,準工業,改装済み,3800.0
76,香櫨園,15.0,4.0,３ＬＤＫ,60.0,2023.0,45.0,ＳＲＣ,準工業,未改装,1600.0
79,香櫨園,15.0,4.0,３ＤＫ,60.0,2021.0,43.0,ＳＲＣ,準工業,未改装,1000.0
80,香櫨園,15.0,4.0,３ＬＤＫ,60.0,2021.0,43.0,ＳＲＣ,準工業,改装済み,1600.0
82,香櫨園,15.0,4.0,３ＤＫ,60.0,2021.0,43.0,ＳＲＣ,準工業,未改装,1000.0
83,香櫨園,15.0,3.0,２ＬＤＫ,60.0,2021.0,43.0,ＳＲＣ,準工業,改装済み,1600.0
84,香櫨園,14.0,3.0,２ＬＤＫ,60.0,2021.0,49.0,ＲＣ,１種住居,改装済み,1600.0
85,香櫨園,16.0,4.0,３ＬＤＫ,85.0,2021.0,16.0,ＲＣ,準工業,未改装,3700.0
89,香櫨園,16.0,4.0,３ＬＤＫ,60.0,2020.0,42.0,ＳＲＣ,準工業,改装済み,1700.0
90,香櫨園,13.0,4.0,３ＬＤＫ,130.0,2020.0,28.0,ＲＣ,１種住居,改装済み,3100.0
92,香櫨園,14.0,3.0,２ＬＤＫ,60.0,2020.0,48.0,ＲＣ,１種住居,改装済み,1800.0
93,香櫨園,16.0,4.0,３ＬＤＫ,60.0,2020.0,48.0,ＲＣ,１種住居,改装済み,1000.0
94,香櫨園,15.0,3.0,２ＬＤＫ,60.0,2020.0,42.0,ＳＲＣ,準工業,改装済み,1800.0
95,香櫨園,16.0,4.0,３ＬＤＫ,65.0,2019.0,14.0,ＲＣ,準工業,未改装,2700.0
96,香櫨園,15.0,5.0,４ＬＤＫ,90.0,2019.0,17.0,ＲＣ,準工業,改装済み,3800.0
97,香櫨園,13.0,5.0,４ＬＤＫ,130.0,2019.0,27.0,ＲＣ,１種住居,未改装,2100.0
98,香櫨園,14.0,4.0,３ＬＤＫ,60.0,2019.0,47.0,ＲＣ,１種住居,改装済み,1500.0
101,香櫨園,14.0,4.0,３ＬＤＫ,60.0,2019.0,41.0,ＳＲＣ,準工業,改装済み,2000.0
103,西宮(阪神),15.0,3.0,２ＬＤＫ,60.0,2022.0,44.0,ＳＲＣ,準工業,未改装,1000.0
104,甲陽園,24.0,4.0,３ＬＤＫ,65.0,2023.0,43.0,ＲＣ,１中住専,未改装,1200.0
105,甲陽園,20.0,5.0,４ＬＤＫ,85.0,2023.0,12.0,ＲＣ,１中住専,未改装,3200.0
106,甲陽園,20.0,4.0,３ＬＤＫ,75.0,2023.0,12.0,ＲＣ,１中住専,未改装,2700.0
107,甲陽園,20.0,3.0,２ＬＤＫ,70.0,2023.0,24.0,ＲＣ,１中住専,未改装,1700.0
108,甲陽園,20.0,4.0,３ＬＤＫ,65.0,2023.0,37.0,ＲＣ,１中住専,未改装,1100.0
109,甲陽園,20.0,4.0,３ＬＤＫ,70.0,2022.0,23.0,ＲＣ,１中住専,改装済み,2500.0
110,甲陽園,24.0,4.0,３ＬＤＫ,85.0,2022.0,42.0,ＲＣ,１中住専,未改装,3300.0
112,甲陽園,23.0,4.0,３ＬＤＫ,85.0,2021.0,18.0,ＲＣ,１中住専,未改装,3500.0
114,甲陽園,23.0,4.0,３ＬＤＫ,70.0,2021.0,10.0,ＲＣ,１中住専,未改装,2800.0
117,甲陽園,24.0,3.0,２ＬＤＫ,65.0,2020.0,40.0,ＲＣ,１中住専,未改装,1200.0
118,甲陽園,24.0,4.0,３ＬＤＫ,65.0,2020.0,40.0,ＲＣ,１中住専,改装済み,1700.0
120,甲陽園,24.0,4.0,３ＬＤＫ,70.0,2020.0,40.0,ＲＣ,１中住専,改装済み,2100.0
121,甲陽園,20.0,4.0,３ＬＤＫ,75.0,2020.0,9.0,ＲＣ,１中住専,未改装,2800.0
122,甲陽園,24.0,3.0,２ＬＤＫ,65.0,2020.0,40.0,ＲＣ,１中住専,未改装,1100.0
123,甲陽園,24.0,4.0,３ＬＤＫ,70.0,2019.0,39.0,ＲＣ,１中住専,改装済み,1600.0
124,甲陽園,24.0,4.0,３ＬＤＫ,65.0,2019.0,39.0,ＲＣ,１中住専,改装済み,1300.0
125,甲陽園,24.0,4.0,３ＬＤＫ,70.0,2019.0,39.0,ＲＣ,１中住専,改装済み,1400.0
126,甲陽園,23.0,4.0,３ＬＤＫ,95.0,2019.0,16.0,ＲＣ,１中住専,未改装,3900.0
127,西宮北口,30.0,5.0,４ＬＤＫ,95.0,2019.0,16.0,ＲＣ,１中住専,未改装,3300.0
128,門戸厄神,30.0,4.0,３ＬＤＫ,65.0,2019.0,39.0,ＲＣ,１中住専,未改装,1300.0
129,甲東園,19.0,4.0,３ＬＤＫ,65.0,2023.0,46.0,ＲＣ,１中住専,未改装,600.0
130,甲東園,19.0,4.0,３ＬＤＫ,70.0,2023.0,8.0,ＲＣ,１中住専,未改装,3200.0
132,甲東園,19.0,4.0,３ＬＤＫ,70.0,2022.0,24.0,ＲＣ,１中住専,改装済み,2700.0
133,甲東園,20.0,4.0,３ＬＤＫ,70.0,2019.0,42.0,ＲＣ,１中住専,未改装,850.0
134,甲東園,19.0,4.0,３ＬＤＫ,70.0,2019.0,11.0,ＲＣ,１中住専,未改装,1700.0
135,甲東園,19.0,4.0,３ＬＤＫ,60.0,2019.0,32.0,ＲＣ,１中住専,未改装,1200.0
136,仁川,23.0,4.0,３ＬＤＫ,70.0,2022.0,7.0,ＲＣ,１中住専,未改装,2700.0
138,仁川,23.0,3.0,２ＬＤＫ,80.0,2020.0,19.0,ＲＣ,１中住専,未改装,2400.0
139,久寿川,5.0,5.0,４ＬＤＫ,80.0,2022.0,37.0,ＳＲＣ、ＲＣ,近隣商業,改装済み,2600.0
142,久寿川,13.0,4.0,３ＬＤＫ,60.0,2023.0,25.0,ＳＲＣ,１種住居,未改装,2200.0
143,久寿川,13.0,4.0,３ＬＤＫ,60.0,2023.0,25.0,ＳＲＣ,１種住居,改装済み,3000.0
146,久寿川,10.0,4.0,３ＬＤＫ,65.0,2022.0,26.0,ＲＣ,１種住居,改装済み,3000.0
147,久寿川,12.0,5.0,４ＬＤＫ,75.0,2021.0,25.0,ＳＲＣ,１種住居,未改装,2900.0
148,久寿川,13.0,4.0,３ＬＤＫ,60.0,2021.0,23.0,ＳＲＣ,１種住居,改装済み,2900.0
149,久寿川,12.0,4.0,３ＬＤＫ,65.0,2021.0,25.0,ＳＲＣ,１種住居,未改装,2100.0
150,久寿川,11.0,4.0,３ＬＤＫ,60.0,2021.0,25.0,ＲＣ,１種住居,未改装,1900.0
151,久寿川,13.0,4.0,３ＬＤＫ,60.0,2020.0,23.0,ＳＲＣ,１種住居,未改装,2000.0
152,久寿川,13.0,4.0,３ＬＤＫ,60.0,2020.0,22.0,ＳＲＣ,１種住居,未改装,1700.0
153,久寿川,12.0,5.0,４ＬＤＫ,85.0,2020.0,22.0,ＳＲＣ,１種住居,未改装,2700.0
154,久寿川,11.0,4.0,３ＬＤＫ,60.0,2019.0,22.0,ＳＲＣ,１種住居,未改装,1900.0
155,久寿川,13.0,4.0,３ＬＤＫ,65.0,2019.0,21.0,ＳＲＣ,１種住居,改装済み,2300.0
156,甲子園,20.0,4.0,３ＬＤＫ,70.0,2022.0,10.0,ＲＣ,準工業,未改装,2800.0
160,久寿川,18.0,4.0,３ＬＤＫ,70.0,2022.0,39.0,ＲＣ,１種住居,未改装,900.0
161,久寿川,18.0,4.0,３ＬＤＫ,70.0,2021.0,38.0,ＲＣ,１種住居,未改装,1200.0
162,久寿川,18.0,4.0,３ＬＤＫ,70.0,2020.0,37.0,ＲＣ,１種住居,未改装,1200.0
163,久寿川,20.0,5.0,４ＬＤＫ,90.0,2020.0,37.0,ＲＣ,１種住居,未改装,1300.0
164,甲子園,23.0,5.0,４ＬＤＫ,90.0,2023.0,40.0,ＲＣ,１種住居,未改装,1800.0
165,甲子園,21.0,3.0,２ＬＤＫ,80.0,2021.0,38.0,ＲＣ,１種住居,改装済み,1600.0
166,甲子園,23.0,4.0,３ＬＤＫ,70.0,2021.0,38.0,ＲＣ,１種住居,改装済み,1400.0
167,久寿川,1.0,2.0,１Ｋ,15.0,2022.0,33.0,ＲＣ,近隣商業,未改装,360.0
168,久寿川,3.0,1.0,１Ｒ,15.0,2022.0,33.0,ＲＣ,近隣商業,改装済み,360.0
169,久寿川,2.0,2.0,１Ｋ,15.0,2020.0,31.0,ＲＣ,近隣商業,未改装,350.0
170,久寿川,2.0,2.0,１Ｋ,15.0,2019.0,30.0,ＲＣ,近隣商業,未改装,390.0
176,甲東園,15.0,5.0,４ＬＤＫ,100.0,2023.0,34.0,ＲＣ,１中住専,改装済み,3900.0
177,門戸厄神,24.0,4.0,３ＬＤＫ,65.0,2022.0,24.0,ＲＣ,１中住専,改装済み,1500.0
178,甲陽園,16.0,4.0,３ＬＤＫ,65.0,2023.0,25.0,ＲＣ,１中住専,改装済み,1200.0
179,門戸厄神,24.0,4.0,３ＬＤＫ,60.0,2023.0,25.0,ＲＣ,１中住専,改装済み,1700.0
180,甲東園,28.0,3.0,２ＬＤＫ,65.0,2024.0,26.0,ＲＣ,１中住専,未改装,1900.0
182,甲陽園,24.0,5.0,４ＬＤＫ,85.0,2023.0,26.0,ＲＣ,１中住専,未改装,2500.0
183,甲陽園,24.0,4.0,３ＬＤＫ,70.0,2023.0,26.0,ＲＣ,１中住専,未改装,2000.0
184,甲陽園,24.0,4.0,３ＬＤＫ,65.0,2022.0,25.0,ＲＣ,１中住専,未改装,1800.0
185,甲陽園,25.0,4.0,３ＬＤＫ,65.0,2021.0,24.0,ＲＣ,１中住専,未改装,1600.0
186,甲陽園,24.0,4.0,３ＬＤＫ,65.0,2021.0,24.0,ＲＣ,１中住専,未改装,1600.0
187,甲陽園,24.0,4.0,３ＬＤＫ,70.0,2021.0,24.0,ＲＣ,１中住専,未改装,1700.0
191,甲陽園,23.0,4.0,３ＬＤＫ,90.0,2023.0,29.0,ＲＣ,１中住専,改装済み,2200.0
192,甲陽園,16.0,3.0,２ＬＤＫ,85.0,2020.0,26.0,ＲＣ,１中住専,改装済み,1800.0
193,甲陽園,15.0,5.0,３ＬＤＫ＋Ｓ,80.0,2020.0,26.0,ＲＣ,１中住専,改装済み,2000.0
195,甲陽園,15.0,4.0,３ＬＤＫ,75.0,2019.0,25.0,ＲＣ,１中住専,未改装,1800.0
196,甲陽園,16.0,4.0,３ＬＤＫ,85.0,2019.0,25.0,ＲＣ,１中住専,改装済み,2300.0
197,甲陽園,16.0,3.0,２ＬＤＫ,65.0,2024.0,46.0,ＲＣ,１中住専,改装済み,1300.0
198,甲陽園,15.0,5.0,４ＬＤＫ,100.0,2023.0,38.0,ＲＣ,１中住専,改装済み,2500.0
199,甲陽園,16.0,4.0,３ＬＤＫ,60.0,2023.0,45.0,ＳＲＣ,１中住専,未改装,850.0
200,甲陽園,16.0,4.0,３ＬＤＫ,60.0,2023.0,45.0,ＲＣ,１中住専,改装済み,1300.0
202,甲陽園,15.0,3.0,２ＬＤＫ,65.0,2022.0,44.0,ＲＣ,１中住専,未改装,770.0
203,甲陽園,16.0,4.0,３ＬＤＫ,60.0,2022.0,44.0,ＳＲＣ,１中住専,未改装,500.0
205,甲陽園,15.0,4.0,３ＬＤＫ,65.0,2021.0,43.0,ＲＣ,１中住専,改装済み,1300.0
209,甲陽園,15.0,4.0,３ＬＤＫ,70.0,2019.0,41.0,ＳＲＣ,１中住専,改装済み,1400.0
210,甲陽園,15.0,5.0,４ＬＤＫ,85.0,2019.0,34.0,ＲＣ,１中住専,未改装,1200.0
212,洲先,4.0,3.0,２ＬＤＫ,70.0,2024.0,7.0,ＲＣ,１種住居,未改装,3300.0
213,洲先,4.0,4.0,３ＬＤＫ,65.0,2023.0,6.0,ＲＣ,１種住居,改装済み,3100.0
214,洲先,5.0,4.0,３ＬＤＫ,75.0,2020.0,15.0,ＲＣ,１種住居,改装済み,2600.0
216,洲先,4.0,5.0,４ＬＤＫ,90.0,2019.0,2.0,ＲＣ,１種住居,未改装,4600.0
219,洲先,5.0,5.0,４ＬＤＫ,85.0,2019.0,2.0,ＲＣ,１種住居,未改装,4300.0
221,武庫川団地前,3.0,5.0,４ＬＤＫ,80.0,2022.0,41.0,ＳＲＣ,準工業,未改装,1800.0
222,武庫川団地前,2.0,4.0,３ＬＤＫ,80.0,2020.0,39.0,ＳＲＣ,準工業,改装済み,1900.0
224,武庫川団地前,2.0,4.0,３ＬＤＫ,80.0,2019.0,38.0,ＳＲＣ,準工業,未改装,1300.0
225,洲先,9.0,4.0,３ＬＤＫ,85.0,2024.0,43.0,ＲＣ,１種住居,改装済み,2100.0
226,洲先,8.0,4.0,３ＬＤＫ,85.0,2023.0,42.0,ＲＣ,１種住居,未改装,1400.0
228,洲先,11.0,4.0,３ＬＤＫ,90.0,2020.0,34.0,ＲＣ,１種住居,改装済み,2000.0
233,洲先,9.0,4.0,３ＬＤＫ,70.0,2019.0,33.0,ＲＣ,１種住居,未改装,1800.0
234,鳴尾・武庫川女子大前,14.0,3.0,２ＬＤＫ,65.0,2022.0,21.0,ＲＣ,１種住居,改装済み,2700.0
235,鳴尾・武庫川女子大前,14.0,4.0,３ＬＤＫ,70.0,2020.0,19.0,ＲＣ,１種住居,改装済み,2800.0
238,武庫川団地前,3.0,4.0,３ＬＤＫ,70.0,2023.0,48.0,ＲＣ,１種住居,未改装,490.0
241,武庫川団地前,3.0,4.0,３ＬＤＫ,70.0,2019.0,44.0,ＲＣ,１種住居,未改装,650.0
242,武庫川団地前,5.0,4.0,３ＬＤＫ,70.0,2019.0,44.0,ＲＣ,１種住居,改装済み,950.0
243,西宮(阪神),6.0,4.0,３ＬＤＫ,65.0,2021.0,20.0,ＲＣ,近隣商業,未改装,2600.0
244,甲子園,26.0,4.0,３ＬＤＫ,70.0,2024.0,5.0,ＲＣ,１中住専,改装済み,3400.0
245,甲子園,26.0,4.0,３ＬＤＫ,70.0,2023.0,4.0,ＲＣ,１中住専,未改装,3300.0
246,甲子園,26.0,3.0,２ＬＤＫ,70.0,2023.0,4.0,ＲＣ,１中住専,未改装,3100.0
247,甲子園,21.0,4.0,２ＬＤＫ＋Ｓ,70.0,2023.0,2.0,ＲＣ,１中住専,未改装,3500.0
248,甲子園,21.0,4.0,３ＬＤＫ,70.0,2023.0,2.0,ＲＣ,１中住専,未改装,3400.0
249,甲子園,21.0,3.0,２ＬＤＫ,70.0,2023.0,2.0,ＲＣ,１中住専,未改装,3700.0
250,甲子園,26.0,4.0,３ＬＤＫ,70.0,2023.0,4.0,ＲＣ,１中住専,未改装,3400.0
251,甲子園,24.0,4.0,３ＬＤＫ,80.0,2022.0,5.0,ＲＣ,１中住専,未改装,3900.0
252,甲子園,23.0,4.0,３ＬＤＫ,70.0,2022.0,5.0,ＲＣ,１中住専,改装済み,3200.0
256,甲子園,23.0,4.0,３ＬＤＫ,75.0,2021.0,4.0,ＲＣ,１中住専,未改装,3400.0
264,苦楽園口,29.0,4.0,３ＬＤＫ,60.0,2023.0,48.0,鉄骨造,１低住専,改装済み,1000.0
265,苦楽園口,16.0,4.0,３ＬＤＫ,90.0,2023.0,13.0,ＲＣ,１中住専,未改装,4800.0
266,苦楽園口,18.0,5.0,４ＬＤＫ,85.0,2023.0,26.0,ＲＣ,１中住専,改装済み,3600.0
271,苦楽園口,18.0,3.0,２ＬＤＫ,80.0,2022.0,48.0,ＲＣ,１中住専,未改装,1200.0
272,苦楽園口,18.0,3.0,２ＬＤＫ,70.0,2021.0,24.0,ＲＣ,１中住専,未改装,2500.0
273,苦楽園口,18.0,5.0,４ＬＤＫ,95.0,2021.0,27.0,ＲＣ,１中住専,改装済み,3300.0
276,苦楽園口,29.0,3.0,２ＬＤＫ,60.0,2021.0,46.0,鉄骨造,１低住専,改装済み,730.0
277,苦楽園口,16.0,3.0,２ＬＤＫ,85.0,2020.0,10.0,ＲＣ,１中住専,未改装,3700.0
278,苦楽園口,18.0,4.0,３ＬＤＫ,60.0,2020.0,45.0,鉄骨造,１低住専,未改装,830.0
280,苦楽園口,18.0,4.0,３ＬＤＫ,70.0,2020.0,45.0,鉄骨造,１低住専,未改装,9000.0
281,苦楽園口,18.0,4.0,３ＬＤＫ,70.0,2020.0,10.0,ＲＣ,１中住専,未改装,3100.0
283,苦楽園口,18.0,4.0,３ＬＤＫ,80.0,2019.0,15.0,ＲＣ,１中住専,改装済み,3700.0
284,苦楽園口,16.0,4.0,３ＬＤＫ,75.0,2019.0,9.0,ＲＣ,１中住専,未改装,4200.0
285,苦楽園口,16.0,4.0,３ＬＤＫ,60.0,2019.0,44.0,鉄骨造,１低住専,改装済み,990.0
286,苦楽園口,18.0,5.0,４ＬＤＫ,120.0,2019.0,45.0,ＲＣ,１中住専,改装済み,1500.0
289,夙川,21.0,4.0,３ＬＤＫ,85.0,2021.0,16.0,ＲＣ,１中住専,改装済み,3500.0
290,夙川,16.0,3.0,２ＬＤＫ,80.0,2020.0,7.0,ＲＣ,１中住専,未改装,4800.0
291,夙川,4.0,4.0,３ＬＤＫ,70.0,2024.0,24.0,ＲＣ,１中住専,改装済み,6000.0
294,夙川,13.0,5.0,４ＬＤＫ,105.0,2023.0,11.0,ＲＣ,１中住専,未改装,6400.0
295,夙川,14.0,5.0,４ＬＤＫ,90.0,2023.0,49.0,ＲＣ,１中住専,改装済み,2600.0
296,夙川,11.0,4.0,３ＬＤＫ,70.0,2023.0,10.0,ＲＣ,１中住専,未改装,4600.0
297,夙川,13.0,4.0,３ＬＤＫ,75.0,2022.0,10.0,ＲＣ,１中住専,未改装,4400.0
298,夙川,16.0,5.0,４ＬＤＫ,95.0,2022.0,48.0,ＲＣ,１中住専,未改装,2200.0
299,夙川,14.0,4.0,３ＬＤＫ,85.0,2022.0,48.0,ＲＣ,１中住専,未改装,2200.0
300,夙川,13.0,4.0,３ＬＤＫ,90.0,2022.0,12.0,ＲＣ,１中住専,未改装,5800.0
301,夙川,13.0,5.0,４ＬＤＫ,105.0,2022.0,10.0,ＲＣ,１中住専,未改装,5600.0
302,夙川,13.0,4.0,３ＬＤＫ,85.0,2021.0,9.0,ＲＣ,１中住専,未改装,5300.0
303,夙川,13.0,4.0,３ＬＤＫ,75.0,2021.0,9.0,ＲＣ,１中住専,未改装,4400.0
305,夙川,13.0,4.0,３ＬＤＫ,75.0,2021.0,11.0,ＲＣ,１中住専,未改装,4000.0
307,夙川,13.0,4.0,３ＬＤＫ,85.0,2020.0,10.0,ＲＣ,１中住専,改装済み,5700.0
308,夙川,13.0,4.0,３ＬＤＫ,70.0,2019.0,45.0,ＲＣ,１中住専,未改装,750.0
310,夙川,14.0,5.0,３ＬＤＫ＋Ｓ,90.0,2019.0,45.0,ＲＣ,１中住専,改装済み,2300.0
312,西宮北口,9.0,4.0,３ＬＤＫ,75.0,2024.0,13.0,ＲＣ,１中住専,未改装,4500.0
315,西宮北口,11.0,4.0,３ＬＤＫ,75.0,2021.0,24.0,ＲＣ,準住居,改装済み,3500.0
316,西宮北口,12.0,5.0,４ＬＤＫ,80.0,2020.0,22.0,ＲＣ,１中住専,改装済み,3800.0
317,西宮北口,9.0,4.0,３ＬＤＫ,80.0,2019.0,8.0,ＲＣ,１中住専,未改装,4800.0
318,西宮北口,10.0,2.0,１ＤＫ,35.0,2019.0,21.0,ＳＲＣ,１中住専,改装済み,1500.0
321,香櫨園,15.0,2.0,１ＬＤＫ,50.0,2023.0,39.0,ＲＣ,１種住居,未改装,1700.0
322,香櫨園,13.0,5.0,４ＬＤＫ,90.0,2022.0,11.0,ＲＣ,１種住居,未改装,4300.0
324,香櫨園,11.0,4.0,３ＬＤＫ,70.0,2022.0,16.0,ＲＣ,１種住居,未改装,3400.0
325,香櫨園,12.0,4.0,３ＬＤＫ,80.0,2021.0,10.0,ＲＣ,１種住居,未改装,3600.0
326,香櫨園,12.0,4.0,３ＬＤＫ,70.0,2021.0,15.0,ＲＣ,１種住居,未改装,3100.0
327,香櫨園,13.0,4.0,３ＬＤＫ,70.0,2021.0,10.0,ＲＣ,１種住居,未改装,3400.0
329,香櫨園,13.0,4.0,３ＬＤＫ,70.0,2021.0,10.0,ＲＣ,１種住居,未改装,3500.0
330,香櫨園,14.0,2.0,１ＬＤＫ,75.0,2021.0,37.0,ＲＣ,１種住居,改装済み,3100.0
331,香櫨園,13.0,4.0,３ＬＤＫ,75.0,2021.0,15.0,ＲＣ,１種住居,改装済み,3200.0
332,香櫨園,11.0,4.0,３ＬＤＫ,80.0,2021.0,15.0,ＲＣ,１種住居,未改装,3300.0
333,香櫨園,15.0,4.0,３ＬＤＫ,75.0,2020.0,20.0,ＲＣ,１種住居,改装済み,2500.0
334,香櫨園,13.0,4.0,３ＬＤＫ,80.0,2020.0,9.0,ＲＣ,１種住居,未改装,3500.0
335,香櫨園,13.0,4.0,３ＬＤＫ,70.0,2020.0,9.0,ＲＣ,１種住居,未改装,3300.0
336,香櫨園,11.0,3.0,２ＬＤＫ,75.0,2019.0,8.0,ＲＣ,１種住居,未改装,4100.0
337,香櫨園,11.0,4.0,３ＬＤＫ,70.0,2019.0,13.0,ＲＣ,１種住居,未改装,3300.0
338,香櫨園,14.0,4.0,３ＬＤＫ,70.0,2019.0,19.0,ＲＣ,１種住居,改装済み,2500.0
339,西宮北口,13.0,4.0,３ＬＤＫ,85.0,2023.0,26.0,ＲＣ,１中住専,未改装,4200.0
340,西宮北口,13.0,4.0,３ＬＤＫ,75.0,2023.0,26.0,ＲＣ,１中住専,未改装,3300.0
342,西宮北口,16.0,4.0,３ＬＤＫ,75.0,2020.0,25.0,ＲＣ,１中住専,改装済み,3900.0
343,西宮北口,15.0,4.0,３ＬＤＫ,75.0,2019.0,24.0,ＲＣ,１中住専,未改装,2900.0
345,西宮北口,13.0,4.0,３ＬＤＫ,65.0,2024.0,26.0,ＲＣ,１種住居,改装済み,3000.0
347,西宮北口,9.0,4.0,３ＬＤＫ,70.0,2021.0,24.0,ＲＣ,１種住居,改装済み,4300.0
351,苦楽園口,14.0,3.0,２ＬＤＫ,65.0,2023.0,1.0,ＲＣ,１種住居,未改装,6000.0
354,苦楽園口,12.0,4.0,３ＬＤＫ,70.0,2023.0,26.0,ＲＣ,１中住専,改装済み,3200.0
356,苦楽園口,12.0,4.0,３ＬＤＫ,70.0,2022.0,25.0,ＲＣ,１中住専,改装済み,3200.0
358,苦楽園口,12.0,4.0,３ＬＤＫ,70.0,2021.0,24.0,ＲＣ,１中住専,未改装,2800.0
359,苦楽園口,14.0,4.0,３ＬＤＫ,70.0,2020.0,22.0,ＳＲＣ,１種住居,未改装,2100.0
361,甲陽園,15.0,4.0,３ＬＤＫ,75.0,2024.0,29.0,ＲＣ,１種住居,改装済み,2900.0
363,さくら夙川,6.0,4.0,３ＬＤＫ,65.0,2019.0,23.0,ＲＣ,１中住専,未改装,2900.0
364,さくら夙川,7.0,2.0,１Ｋ,20.0,2019.0,25.0,ＲＣ,１中住専,未改装,470.0
365,鳴尾・武庫川女子大前,8.0,4.0,３ＬＤＫ,75.0,2022.0,20.0,ＲＣ,１中住専,改装済み,4800.0
366,鳴尾・武庫川女子大前,8.0,5.0,４ＬＤＫ,95.0,2021.0,19.0,ＲＣ,１中住専,未改装,4500.0
367,鳴尾・武庫川女子大前,8.0,4.0,３ＬＤＫ,75.0,2020.0,23.0,ＲＣ,１中住専,改装済み,3200.0
369,鳴尾・武庫川女子大前,8.0,4.0,３ＬＤＫ,70.0,2019.0,22.0,ＲＣ,１中住専,未改装,2900.0
372,さくら夙川,4.0,4.0,３ＬＤＫ,60.0,2022.0,43.0,ＳＲＣ,近隣商業,改装済み,2900.0
373,さくら夙川,4.0,3.0,２ＬＤＫ,50.0,2021.0,23.0,ＲＣ,近隣商業,改装済み,2800.0
376,さくら夙川,2.0,4.0,２ＬＤＫ＋Ｓ,35.0,2021.0,24.0,ＲＣ,近隣商業,改装済み,4100.0
377,さくら夙川,4.0,3.0,２ＬＤＫ,75.0,2021.0,22.0,ＲＣ,１種住居,未改装,4200.0
378,さくら夙川,4.0,3.0,２ＬＤＫ,60.0,2021.0,42.0,ＳＲＣ,近隣商業,改装済み,2300.0
379,さくら夙川,3.0,5.0,４ＬＤＫ,90.0,2020.0,41.0,ＳＲＣ,近隣商業,改装済み,3200.0
381,さくら夙川,4.0,3.0,２ＬＤＫ,70.0,2019.0,40.0,ＳＲＣ,近隣商業,改装済み,2800.0
382,さくら夙川,6.0,4.0,３ＬＤＫ,80.0,2019.0,20.0,ＲＣ,１種住居,未改装,4500.0
384,東鳴尾,8.0,4.0,３ＬＤＫ,70.0,2024.0,23.0,ＳＲＣ,近隣商業,改装済み,3900.0
385,東鳴尾,6.0,4.0,３ＬＤＫ,70.0,2024.0,8.0,ＳＲＣ,近隣商業,未改装,3600.0
386,東鳴尾,7.0,3.0,２ＬＤＫ,60.0,2023.0,26.0,ＲＣ,近隣商業,未改装,2500.0
387,東鳴尾,6.0,4.0,３ＬＤＫ,65.0,2022.0,6.0,ＲＣ,近隣商業,未改装,3300.0
388,東鳴尾,6.0,4.0,３ＬＤＫ,65.0,2022.0,6.0,ＳＲＣ,近隣商業,未改装,3000.0
390,東鳴尾,6.0,4.0,３ＬＤＫ,65.0,2021.0,5.0,ＲＣ,近隣商業,未改装,3500.0
391,東鳴尾,5.0,4.0,３ＬＤＫ,75.0,2021.0,30.0,ＳＲＣ,１種住居,未改装,2200.0
394,東鳴尾,5.0,5.0,３ＬＤＫ＋Ｓ,80.0,2019.0,28.0,ＳＲＣ,１種住居,未改装,1300.0
395,東鳴尾,6.0,4.0,３ＬＤＫ,60.0,2019.0,18.0,ＳＲＣ,近隣商業,改装済み,2600.0
397,夙川,6.0,3.0,２ＬＤＫ,65.0,2024.0,25.0,ＲＣ,１中住専,改装済み,4000.0
398,夙川,6.0,4.0,３ＬＤＫ,65.0,2023.0,24.0,ＲＣ,１中住専,未改装,3100.0
399,夙川,5.0,4.0,３ＬＤＫ,90.0,2022.0,24.0,ＲＣ,１中住専,改装済み,5800.0
401,夙川,6.0,1.0,１Ｒ,25.0,2022.0,38.0,ＲＣ,１中住専,未改装,650.0
402,夙川,6.0,2.0,１ＬＤＫ,55.0,2021.0,22.0,ＲＣ,１中住専,未改装,3500.0
405,夙川,5.0,4.0,３ＬＤＫ,80.0,2020.0,22.0,ＲＣ,１中住専,未改装,4900.0
407,夙川,6.0,3.0,２ＤＫ,55.0,2019.0,20.0,ＲＣ,１中住専,未改装,2800.0
408,夙川,5.0,5.0,４ＬＤＫ,105.0,2019.0,21.0,ＲＣ,１中住専,未改装,5800.0
410,甲東園,13.0,4.0,３ＬＤＫ,70.0,2022.0,44.0,ＳＲＣ,１種住居,未改装,1500.0
411,甲東園,13.0,4.0,３ＬＤＫ,65.0,2022.0,1.0,ＲＣ,１中住専,改装済み,4500.0
412,甲東園,13.0,4.0,３ＬＤＫ,65.0,2021.0,0.0,ＲＣ,１中住専,未改装,4900.0
413,甲東園,13.0,5.0,４ＬＤＫ,80.0,2021.0,0.0,ＲＣ,１低住専,未改装,5300.0
414,門戸厄神,11.0,4.0,３ＬＤＫ,65.0,2022.0,26.0,ＲＣ,１中住専,改装済み,3300.0
417,苦楽園口,15.0,4.0,３ＬＤＫ,90.0,2022.0,26.0,ＲＣ,１中住専,改装済み,3400.0
420,苦楽園口,14.0,4.0,３ＬＤＫ,95.0,2019.0,32.0,ＲＣ,１中住専,改装済み,3700.0
422,夙川,23.0,4.0,３ＬＤＫ,65.0,2024.0,20.0,ＲＣ,１中住専,改装済み,3700.0
423,夙川,21.0,4.0,３ＬＤＫ,60.0,2023.0,20.0,ＲＣ,１中住専,未改装,2700.0
424,夙川,23.0,4.0,３ＬＤＫ,60.0,2023.0,19.0,ＲＣ,１中住専,未改装,2800.0
425,夙川,20.0,5.0,４ＬＤＫ,85.0,2023.0,37.0,ＲＣ,１中住専,改装済み,3400.0
428,夙川,18.0,4.0,３ＬＤＫ,85.0,2021.0,18.0,ＲＣ,１中住専,未改装,3700.0
429,夙川,18.0,5.0,４ＬＤＫ,90.0,2021.0,18.0,ＲＣ,１中住専,未改装,2900.0
431,西宮北口,30.0,3.0,２ＬＤＫ,85.0,2021.0,49.0,ＲＣ,１中住専,改装済み,2500.0
432,西宮北口,24.0,4.0,３ＬＤＫ,90.0,2019.0,33.0,ＲＣ,１中住専,未改装,2500.0
434,武庫之荘,25.0,4.0,３ＬＤＫ,60.0,2019.0,16.0,ＲＣ,１中住専,未改装,2300.0
435,今津(阪神),14.0,5.0,４ＬＤＫ,70.0,2021.0,12.0,ＲＣ,準工業,未改装,3600.0
436,久寿川,11.0,3.0,２ＬＤＫ,80.0,2022.0,13.0,ＲＣ,準工業,未改装,4000.0
437,久寿川,11.0,5.0,４ＬＤＫ,85.0,2022.0,3.0,ＲＣ,準工業,未改装,5200.0
438,久寿川,11.0,5.0,４ＬＤＫ,85.0,2022.0,3.0,ＲＣ,準工業,未改装,4700.0
440,久寿川,11.0,4.0,３ＬＤＫ,80.0,2021.0,2.0,ＲＣ,準工業,未改装,4300.0
441,久寿川,11.0,4.0,３ＬＤＫ,70.0,2020.0,11.0,ＲＣ,準工業,未改装,3400.0
442,久寿川,11.0,5.0,４ＬＤＫ,75.0,2019.0,17.0,ＲＣ,準工業,未改装,3300.0
443,久寿川,11.0,4.0,３ＬＤＫ,75.0,2019.0,10.0,ＲＣ,準工業,未改装,3600.0
444,甲子園,11.0,4.0,３ＬＤＫ,95.0,2024.0,14.0,ＲＣ,１中住専,未改装,6500.0
445,甲子園,10.0,4.0,３ＬＤＫ,70.0,2024.0,14.0,ＲＣ,１中住専,改装済み,4700.0
446,甲子園,18.0,4.0,３ＬＤＫ,70.0,2024.0,38.0,ＳＲＣ,準工業,未改装,1900.0
448,甲子園,11.0,4.0,３ＬＤＫ,70.0,2023.0,13.0,ＲＣ,１中住専,未改装,4800.0
449,甲子園,18.0,4.0,３ＬＤＫ,70.0,2023.0,37.0,ＲＣ,１種住居,未改装,2300.0
450,甲子園,15.0,4.0,３ＬＤＫ,65.0,2023.0,26.0,ＲＣ,１種住居,改装済み,3500.0
451,甲子園,10.0,4.0,３ＬＤＫ,80.0,2022.0,12.0,ＲＣ,１中住専,未改装,3800.0
452,甲子園,13.0,2.0,１Ｋ,20.0,2021.0,26.0,ＲＣ,１中住専,改装済み,500.0
453,甲子園,12.0,2.0,１Ｋ,20.0,2021.0,26.0,ＲＣ,１中住専,未改装,540.0
454,甲子園,13.0,2.0,１Ｋ,20.0,2021.0,26.0,ＲＣ,１中住専,未改装,450.0
455,甲子園,18.0,4.0,３ＬＤＫ,70.0,2020.0,34.0,ＳＲＣ,準工業,未改装,2100.0
456,甲子園,13.0,2.0,１Ｋ,20.0,2020.0,25.0,ＲＣ,１中住専,未改装,510.0
457,甲子園,11.0,4.0,３ＬＤＫ,70.0,2019.0,9.0,ＲＣ,１中住専,未改装,4400.0
458,甲子園口,14.0,4.0,３ＬＤＫ,65.0,2024.0,26.0,ＲＣ,２中住専,改装済み,3700.0
459,甲子園口,14.0,3.0,２ＬＤＫ,65.0,2024.0,23.0,ＳＲＣ,近隣商業,改装済み,3400.0
460,甲子園口,20.0,4.0,３ＬＤＫ,50.0,2023.0,26.0,ＳＲＣ,近隣商業,未改装,1400.0
461,甲子園口,12.0,3.0,２ＬＤＫ,55.0,2023.0,51.0,鉄骨造,２中住専,改装済み,1600.0
462,甲子園口,15.0,4.0,３ＬＤＫ,70.0,2023.0,22.0,ＳＲＣ,近隣商業,改装済み,3700.0
464,甲子園口,13.0,3.0,２ＬＤＫ,45.0,2023.0,51.0,鉄骨造,２中住専,改装済み,1500.0
465,甲子園口,13.0,3.0,２ＬＤＫ,45.0,2023.0,51.0,鉄骨造,２中住専,未改装,1100.0
466,甲子園口,10.0,4.0,３ＬＤＫ,70.0,2023.0,14.0,ＲＣ,近隣商業,未改装,4100.0
469,甲子園口,13.0,3.0,２ＬＤＫ,45.0,2022.0,50.0,鉄骨造,２中住専,未改装,620.0
470,甲子園口,15.0,3.0,２ＬＤＫ,60.0,2021.0,22.0,ＲＣ,１中住専,未改装,2900.0
472,甲子園口,13.0,4.0,３ＬＤＫ,55.0,2021.0,49.0,鉄骨造,２中住専,改装済み,1600.0
473,甲子園口,14.0,4.0,３ＬＤＫ,70.0,2019.0,21.0,ＲＣ,２中住専,未改装,2500.0
475,阪神国道,12.0,4.0,３ＬＤＫ,80.0,2023.0,21.0,ＲＣ,準工業,改装済み,4000.0
477,阪神国道,11.0,4.0,３ＬＤＫ,60.0,2022.0,20.0,ＲＣ,準工業,未改装,3100.0
478,阪神国道,13.0,4.0,３ＬＤＫ,75.0,2022.0,3.0,ＲＣ,準工業,未改装,4700.0
481,甲東園,4.0,4.0,３ＬＤＫ,80.0,2023.0,22.0,ＲＣ,１中住専,未改装,4500.0
482,甲東園,8.0,4.0,３ＬＤＫ,80.0,2023.0,23.0,ＲＣ,１低住専,未改装,3800.0
483,甲東園,11.0,4.0,３ＬＤＫ,70.0,2022.0,22.0,ＲＣ,２低住専,未改装,3900.0
484,甲東園,4.0,3.0,２ＬＤＫ,70.0,2021.0,20.0,ＲＣ,１中住専,改装済み,4200.0
485,甲東園,11.0,5.0,４ＬＤＫ,90.0,2021.0,21.0,ＲＣ,２低住専,未改装,3300.0
486,甲東園,14.0,4.0,３ＬＤＫ,70.0,2021.0,15.0,ＲＣ,１低住専,未改装,4300.0
487,甲東園,11.0,3.0,２ＬＤＫ,65.0,2021.0,21.0,ＲＣ,１低住専,改装済み,3300.0
490,甲東園,8.0,4.0,３ＬＤＫ,65.0,2020.0,20.0,ＲＣ,１低住専,未改装,3200.0
492,甲東園,9.0,4.0,３ＬＤＫ,70.0,2019.0,19.0,ＲＣ,２低住専,未改装,2700.0
493,甲東園,11.0,4.0,３ＬＤＫ,65.0,2019.0,19.0,ＲＣ,１低住専,改装済み,3500.0
494,甲東園,14.0,4.0,３ＬＤＫ,80.0,2019.0,13.0,ＲＣ,１低住専,改装済み,4100.0
496,仁川,8.0,4.0,３ＬＤＫ,70.0,2021.0,21.0,ＲＣ,１低住専,未改装,2900.0
497,門戸厄神,13.0,4.0,３ＬＤＫ,70.0,2022.0,22.0,ＲＣ,２種住居,改装済み,3800.0
499,苦楽園口,9.0,4.0,３ＬＤＫ,75.0,2021.0,5.0,ＲＣ,１中住専,未改装,4600.0
500,苦楽園口,8.0,4.0,３ＬＤＫ,85.0,2021.0,8.0,ＲＣ,１中住専,未改装,5500.0
501,苦楽園口,8.0,4.0,３ＬＤＫ,70.0,2021.0,8.0,ＲＣ,１中住専,未改装,4200.0
503,苦楽園口,8.0,4.0,３ＬＤＫ,75.0,2019.0,6.0,ＲＣ,１中住専,未改装,4800.0
504,苦楽園口,10.0,4.0,３ＬＤＫ,70.0,2019.0,6.0,ＲＣ,１中住専,未改装,3900.0
505,甲陽園,9.0,4.0,３ＬＤＫ,75.0,2024.0,2.0,ＲＣ,１中住専,未改装,5500.0
506,甲陽園,11.0,4.0,３ＬＤＫ,70.0,2023.0,10.0,ＲＣ,１中住専,改装済み,5100.0
507,甲陽園,11.0,4.0,３ＬＤＫ,70.0,2023.0,10.0,ＲＣ,１中住専,未改装,5000.0
509,甲陽園,4.0,4.0,３ＬＤＫ,85.0,2022.0,16.0,ＲＣ,１低住専,未改装,4500.0
510,甲陽園,4.0,2.0,１ＬＤＫ,40.0,2022.0,24.0,ＲＣ,１中住専,未改装,1800.0
511,甲陽園,4.0,4.0,３ＬＤＫ,85.0,2021.0,23.0,ＲＣ,１中住専,未改装,3000.0
513,甲陽園,4.0,5.0,４ＬＤＫ,80.0,2019.0,13.0,ＲＣ,１低住専,改装済み,4500.0
514,甲陽園,9.0,5.0,４ＬＤＫ,85.0,2019.0,6.0,ＲＣ,１中住専,未改装,4700.0
515,香櫨園,10.0,3.0,２ＬＤＫ,65.0,2023.0,17.0,ＲＣ,１中住専,未改装,2900.0
516,香櫨園,8.0,5.0,４ＬＤＫ,80.0,2023.0,25.0,ＲＣ,１中住専,未改装,4200.0
517,香櫨園,9.0,4.0,３ＬＤＫ,65.0,2023.0,23.0,ＲＣ,１中住専,未改装,3400.0
518,香櫨園,9.0,5.0,４ＬＤＫ,90.0,2022.0,38.0,ＲＣ,２低住専,改装済み,3200.0
520,香櫨園,7.0,4.0,３ＬＤＫ,70.0,2021.0,23.0,ＲＣ,１中住専,未改装,2600.0
524,香櫨園,8.0,4.0,３ＬＤＫ,65.0,2019.0,12.0,ＲＣ,１中住専,未改装,3500.0
525,香櫨園,8.0,5.0,４ＬＤＫ,95.0,2019.0,12.0,ＲＣ,１中住専,未改装,4800.0
526,香櫨園,12.0,5.0,４ＬＤＫ,75.0,2024.0,18.0,ＲＣ,１中住専,未改装,2800.0
527,香櫨園,13.0,4.0,３ＬＤＫ,90.0,2024.0,40.0,ＲＣ,１中住専,未改装,2200.0
528,香櫨園,13.0,5.0,４ＬＤＫ,85.0,2023.0,39.0,ＲＣ,１中住専,未改装,1800.0
530,香櫨園,13.0,5.0,４ＬＤＫ,100.0,2022.0,38.0,ＲＣ,１中住専,改装済み,3100.0
531,香櫨園,13.0,5.0,４ＬＤＫ,100.0,2021.0,37.0,ＲＣ,１中住専,未改装,2000.0
532,香櫨園,10.0,4.0,３ＬＤＫ,80.0,2020.0,4.0,ＲＣ,１中住専,未改装,4200.0
533,香櫨園,9.0,4.0,３ＬＤＫ,75.0,2020.0,17.0,ＲＣ,１中住専,改装済み,3400.0
534,香櫨園,13.0,4.0,３ＬＤＫ,70.0,2020.0,14.0,ＲＣ,１中住専,改装済み,3700.0
535,香櫨園,9.0,2.0,１ＤＫ,40.0,2019.0,32.0,ＲＣ,１中住専,未改装,600.0
537,香櫨園,6.0,3.0,２ＬＤＫ,50.0,2022.0,24.0,ＲＣ,１中住専,未改装,2500.0
538,香櫨園,5.0,4.0,３ＬＤＫ,85.0,2022.0,38.0,ＲＣ,１中住専,改装済み,3500.0
539,香櫨園,6.0,3.0,２ＬＤＫ,50.0,2022.0,24.0,ＲＣ,１中住専,未改装,1900.0
541,香櫨園,3.0,4.0,３ＬＤＫ,70.0,2020.0,20.0,ＲＣ,１中住専,改装済み,3400.0
543,香櫨園,2.0,4.0,３ＬＤＫ,75.0,2024.0,26.0,ＳＲＣ,１中住専,未改装,3700.0
545,香櫨園,2.0,4.0,３ＬＤＫ,60.0,2021.0,23.0,ＳＲＣ,１中住専,未改装,3100.0
546,香櫨園,2.0,5.0,４ＬＤＫ,95.0,2021.0,23.0,ＳＲＣ,１中住専,改装済み,4400.0
548,香櫨園,2.0,4.0,３ＬＤＫ,80.0,2020.0,22.0,ＳＲＣ,１中住専,未改装,3800.0
550,香櫨園,5.0,2.0,１ＬＤＫ,45.0,2019.0,21.0,ＲＣ,１中住専,未改装,1500.0
551,甲子園口,15.0,4.0,３ＬＤＫ,75.0,2024.0,13.0,ＲＣ,１中住専,未改装,5100.0
552,甲子園口,16.0,4.0,３ＬＤＫ,55.0,2023.0,39.0,ＲＣ,１中住専,改装済み,1600.0
553,甲子園口,15.0,4.0,３ＬＤＫ,70.0,2023.0,12.0,ＲＣ,１中住専,改装済み,4700.0
555,西宮北口,14.0,4.0,３ＬＤＫ,80.0,2023.0,10.0,ＲＣ,１中住専,未改装,5100.0
556,西宮北口,13.0,4.0,３ＬＤＫ,70.0,2020.0,9.0,ＲＣ,１中住専,改装済み,4800.0
557,西宮北口,16.0,4.0,３ＬＤＫ,70.0,2019.0,7.0,ＲＣ,１中住専,未改装,4300.0
558,苦楽園口,8.0,3.0,２ＬＤＫ,70.0,2023.0,23.0,ＲＣ,１中住専,改装済み,3900.0
561,甲陽園,7.0,4.0,３ＬＤＫ,70.0,2023.0,23.0,ＲＣ,１種住居,未改装,3200.0
562,苦楽園口,5.0,4.0,３ＬＤＫ,100.0,2023.0,22.0,ＲＣ,１低住専,未改装,6300.0
564,苦楽園口,5.0,4.0,３ＬＤＫ,80.0,2021.0,20.0,ＲＣ,１低住専,改装済み,6600.0
565,苦楽園口,5.0,4.0,３ＬＤＫ,80.0,2021.0,20.0,ＲＣ,１低住専,未改装,6400.0
570,西宮北口,3.0,2.0,１ＬＤＫ,55.0,2021.0,21.0,ＳＲＣ,商業,未改装,4900.0
571,西宮北口,4.0,4.0,３ＬＤＫ,80.0,2022.0,23.0,ＲＣ,１中住専,未改装,4500.0
572,西宮北口,6.0,2.0,１ＤＫ,35.0,2020.0,22.0,ＳＲＣ,１中住専,改装済み,1700.0
573,苦楽園口,4.0,4.0,３ＬＤＫ,85.0,2022.0,6.0,ＲＣ,１中住専,未改装,8200.0
574,苦楽園口,4.0,4.0,３ＬＤＫ,85.0,2022.0,6.0,ＲＣ,１中住専,未改装,6000.0
575,苦楽園口,4.0,3.0,２ＬＤＫ,80.0,2022.0,6.0,ＲＣ,１中住専,未改装,5800.0
576,苦楽園口,6.0,4.0,３ＬＤＫ,90.0,2022.0,37.0,ＲＣ,１中住専,未改装,1800.0
579,夙川,7.0,3.0,２ＬＤＫ,75.0,2024.0,17.0,ＲＣ,１中住専,改装済み,5300.0
580,夙川,7.0,4.0,３ＬＤＫ,135.0,2024.0,17.0,ＲＣ,１中住専,未改装,10000.0
581,夙川,7.0,3.0,２ＬＤＫ,70.0,2019.0,12.0,ＲＣ,１中住専,未改装,4700.0
582,西宮(阪神),16.0,4.0,３ＬＤＫ,75.0,2023.0,27.0,ＲＣ,準工業,改装済み,2000.0
583,西宮(阪神),13.0,4.0,３ＬＤＫ,70.0,2023.0,49.0,ＳＲＣ,準工業,改装済み,2300.0
584,西宮(阪神),11.0,3.0,２ＬＤＫ,65.0,2022.0,48.0,ＳＲＣ,準工業,未改装,1300.0
585,西宮(阪神),15.0,3.0,２ＬＤＫ,80.0,2022.0,48.0,ＳＲＣ,準工業,改装済み,1900.0
586,西宮(阪神),13.0,4.0,３ＬＤＫ,65.0,2022.0,48.0,ＳＲＣ,準工業,未改装,1200.0
587,西宮(阪神),13.0,4.0,３ＬＤＫ,80.0,2022.0,48.0,ＳＲＣ,準工業,改装済み,2700.0
588,西宮(阪神),13.0,4.0,３ＬＤＫ,75.0,2022.0,48.0,ＳＲＣ,準工業,未改装,1800.0
589,西宮(阪神),13.0,3.0,２ＬＤＫ,55.0,2021.0,47.0,ＳＲＣ,準工業,未改装,1200.0
591,西宮(阪神),12.0,4.0,３ＬＤＫ,70.0,2021.0,47.0,ＳＲＣ,準工業,改装済み,1900.0
593,西宮(阪神),12.0,4.0,３ＬＤＫ,65.0,2020.0,46.0,ＳＲＣ,準工業,改装済み,1800.0
594,西宮(阪神),12.0,4.0,３ＬＤＫ,65.0,2020.0,46.0,ＳＲＣ,準工業,改装済み,1800.0
595,西宮(阪神),15.0,5.0,４ＬＤＫ,70.0,2020.0,46.0,ＳＲＣ,準工業,未改装,900.0
596,西宮(阪神),13.0,4.0,３ＬＤＫ,70.0,2020.0,46.0,ＳＲＣ,準工業,改装済み,1500.0
597,西宮(阪神),12.0,4.0,３ＬＤＫ,65.0,2019.0,45.0,ＳＲＣ,準工業,未改装,1100.0
599,西宮(阪神),14.0,3.0,２ＬＤＫ,70.0,2019.0,45.0,ＳＲＣ,準工業,未改装,800.0
601,西宮(阪神),15.0,4.0,３ＬＤＫ,80.0,2019.0,45.0,ＳＲＣ,準工業,未改装,1200.0
602,西宮(阪神),18.0,4.0,３ＬＤＫ,65.0,2019.0,23.0,ＲＣ,準工業,未改装,1300.0
607,甲子園口,7.0,4.0,３ＬＤＫ,65.0,2024.0,10.0,ＲＣ,１中住専,未改装,5400.0
608,甲子園口,12.0,3.0,２ＬＤＫ,55.0,2024.0,47.0,ＲＣ,１中住専,未改装,1800.0
609,甲子園口,9.0,3.0,２ＤＫ,55.0,2023.0,50.0,ＲＣ,１中住専,改装済み,2200.0
610,甲子園口,7.0,3.0,２ＬＤＫ,70.0,2023.0,17.0,ＲＣ,１中住専,改装済み,5100.0
611,甲子園口,7.0,4.0,３ＬＤＫ,75.0,2022.0,15.0,ＲＣ,１中住専,未改装,5000.0
612,甲子園口,6.0,5.0,４ＬＤＫ,105.0,2022.0,21.0,ＲＣ,１中住専,未改装,5400.0
613,甲子園口,9.0,4.0,３ＬＤＫ,70.0,2021.0,48.0,ＲＣ,１中住専,改装済み,2500.0
614,甲子園口,7.0,4.0,３ＬＤＫ,70.0,2021.0,14.0,ＲＣ,１中住専,未改装,4300.0
615,甲子園口,7.0,4.0,３ＬＤＫ,70.0,2021.0,14.0,ＲＣ,１中住専,未改装,3900.0
616,甲子園口,7.0,5.0,４ＬＤＫ,90.0,2021.0,14.0,ＲＣ,１中住専,未改装,5700.0
617,甲子園口,10.0,3.0,２ＬＤＫ,60.0,2021.0,44.0,ＲＣ,１中住専,未改装,550.0
618,甲子園口,7.0,5.0,４ＬＤＫ,90.0,2021.0,15.0,ＲＣ,１中住専,改装済み,5900.0
619,甲子園口,6.0,4.0,３ＬＤＫ,65.0,2020.0,6.0,ＲＣ,１中住専,未改装,4800.0
620,甲子園口,7.0,4.0,３ＬＤＫ,70.0,2020.0,14.0,ＲＣ,１中住専,未改装,4300.0
621,甲子園口,6.0,3.0,２ＬＤＫ,70.0,2020.0,6.0,ＲＣ,１中住専,未改装,4300.0
622,甲子園口,7.0,4.0,３ＬＤＫ,90.0,2020.0,14.0,ＲＣ,１中住専,未改装,4100.0
623,甲子園口,9.0,4.0,３ＬＤＫ,55.0,2020.0,47.0,ＳＲＣ,１中住専,改装済み,2000.0
624,甲子園口,8.0,4.0,３ＬＤＫ,70.0,2020.0,14.0,ＲＣ,１中住専,未改装,4600.0
625,甲子園口,7.0,3.0,２ＬＤＫ,70.0,2019.0,13.0,ＲＣ,１中住専,未改装,3800.0
626,甲子園口,9.0,4.0,３ＬＤＫ,70.0,2019.0,46.0,ＲＣ,１中住専,改装済み,2600.0
629,甲子園口,12.0,4.0,３ＬＤＫ,70.0,2019.0,8.0,ＲＣ,１中住専,未改装,4000.0
631,甲子園口,7.0,4.0,３ＬＤＫ,70.0,2019.0,13.0,ＲＣ,１中住専,未改装,4400.0
633,甲子園口,8.0,4.0,３ＬＤＫ,70.0,2019.0,12.0,ＲＣ,１中住専,未改装,3800.0
634,苦楽園口,15.0,4.0,３ＬＤＫ,75.0,2023.0,49.0,ＲＣ,１低住専,改装済み,2400.0
635,苦楽園口,16.0,3.0,２ＬＤＫ,80.0,2023.0,15.0,ＲＣ,１低住専,未改装,6000.0
636,苦楽園口,15.0,4.0,３ＬＤＫ,90.0,2023.0,49.0,ＲＣ,１低住専,改装済み,2500.0
637,苦楽園口,15.0,5.0,４ＬＤＫ,75.0,2022.0,48.0,ＲＣ,１低住専,未改装,1500.0
638,苦楽園口,16.0,4.0,３ＬＤＫ,80.0,2022.0,14.0,ＲＣ,１低住専,未改装,4800.0
642,苦楽園口,16.0,5.0,４ＬＤＫ,130.0,2020.0,12.0,ＲＣ,１低住専,未改装,6600.0
643,苦楽園口,14.0,4.0,３ＬＤＫ,90.0,2020.0,12.0,ＲＣ,１低住専,改装済み,4900.0
647,苦楽園口,8.0,4.0,３ＬＤＫ,75.0,2023.0,24.0,ＲＣ,１中住専,未改装,4600.0
648,苦楽園口,6.0,3.0,２ＬＤＫ,55.0,2021.0,22.0,ＲＣ,１中住専,改装済み,3500.0
650,苦楽園口,6.0,4.0,３ＬＤＫ,60.0,2021.0,22.0,ＲＣ,１中住専,未改装,3100.0
651,苦楽園口,8.0,4.0,３ＬＤＫ,80.0,2021.0,25.0,ＲＣ,１中住専,改装済み,4700.0
653,夙川,8.0,4.0,３ＬＤＫ,80.0,2022.0,23.0,ＲＣ,１中住専,未改装,5700.0
654,夙川,8.0,4.0,３ＬＤＫ,70.0,2020.0,21.0,ＲＣ,１中住専,改装済み,4300.0
656,甲子園口,10.0,4.0,３ＬＤＫ,80.0,2023.0,23.0,ＲＣ,１中住専,未改装,4100.0
659,甲子園口,12.0,5.0,４ＬＤＫ,95.0,2022.0,22.0,ＲＣ,１中住専,改装済み,4500.0
661,甲子園口,13.0,4.0,３ＬＤＫ,75.0,2021.0,21.0,ＲＣ,１中住専,未改装,4500.0
662,甲子園,9.0,4.0,３ＬＤＫ,70.0,2022.0,53.0,ＲＣ,２中住専,改装済み,2100.0
663,甲子園,9.0,4.0,３ＬＤＫ,70.0,2021.0,52.0,ＲＣ,２中住専,未改装,2100.0
664,甲子園,16.0,4.0,３ＬＤＫ,75.0,2024.0,24.0,ＲＣ,１中住専,改装済み,4000.0
665,甲子園,9.0,4.0,３ＬＤＫ,65.0,2021.0,24.0,ＲＣ,１中住専,未改装,3100.0
666,甲子園,14.0,4.0,３ＬＤＫ,70.0,2020.0,20.0,ＲＣ,１中住専,未改装,3500.0
667,甲子園,9.0,5.0,４ＬＤＫ,90.0,2023.0,26.0,ＲＣ,１中住専,改装済み,4500.0
669,甲子園,9.0,5.0,４ＬＤＫ,90.0,2021.0,24.0,ＲＣ,１中住専,改装済み,4000.0
670,甲子園,6.0,4.0,３ＬＤＫ,75.0,2020.0,15.0,ＲＣ,１中住専,未改装,4000.0
672,甲子園,7.0,3.0,２ＬＤＫ,65.0,2019.0,22.0,ＲＣ,１中住専,改装済み,3400.0
678,甲子園,5.0,2.0,１ＬＤＫ,40.0,2023.0,54.0,ＲＣ,近隣商業,未改装,900.0
679,甲子園,6.0,4.0,３ＬＤＫ,100.0,2023.0,37.0,ＲＣ,２種住居,改装済み,3800.0
680,甲子園,6.0,4.0,３ＬＤＫ,85.0,2023.0,37.0,ＲＣ,２種住居,改装済み,4200.0
681,甲子園,6.0,4.0,３ＬＤＫ,90.0,2022.0,36.0,ＲＣ,２種住居,改装済み,4300.0
683,甲子園,5.0,3.0,２ＬＤＫ,55.0,2022.0,53.0,ＲＣ,近隣商業,改装済み,2000.0
684,甲子園,6.0,5.0,４ＬＤＫ,115.0,2021.0,35.0,ＲＣ,２種住居,未改装,3100.0
685,甲子園,5.0,3.0,２ＬＤＫ,65.0,2021.0,52.0,ＲＣ,近隣商業,改装済み,2300.0
686,甲子園,5.0,4.0,３ＬＤＫ,75.0,2021.0,52.0,ＲＣ,近隣商業,改装済み,1800.0
687,甲子園,5.0,3.0,２ＬＤＫ,55.0,2020.0,51.0,ＲＣ,近隣商業,未改装,1200.0
688,甲子園,5.0,2.0,１Ｋ,20.0,2020.0,51.0,ＲＣ,近隣商業,改装済み,650.0
689,甲子園,5.0,2.0,１Ｋ,20.0,2020.0,51.0,ＲＣ,近隣商業,改装済み,600.0
690,甲子園,6.0,4.0,３ＬＤＫ,90.0,2019.0,7.0,ＲＣ,２種住居,未改装,2900.0
692,甲子園,15.0,4.0,３ＬＤＫ,65.0,2024.0,18.0,ＲＣ,２種住居,未改装,2500.0
694,甲子園,15.0,4.0,３ＬＤＫ,70.0,2023.0,17.0,ＲＣ,２種住居,改装済み,3700.0
695,甲子園,15.0,3.0,２ＬＤＫ,65.0,2023.0,17.0,ＲＣ,２種住居,改装済み,4000.0
698,甲子園,15.0,4.0,３ＬＤＫ,70.0,2022.0,16.0,ＲＣ,２種住居,改装済み,4000.0
699,甲子園,10.0,2.0,１ＬＤＫ,55.0,2022.0,22.0,ＲＣ,２中住専,改装済み,2400.0
700,甲子園,15.0,4.0,３ＬＤＫ,70.0,2022.0,16.0,ＲＣ,２種住居,未改装,3400.0
703,甲子園,14.0,4.0,３ＬＤＫ,70.0,2021.0,15.0,ＲＣ,２種住居,未改装,3100.0
704,甲子園,15.0,4.0,３ＬＤＫ,65.0,2021.0,15.0,ＲＣ,２種住居,未改装,3100.0
705,甲子園,15.0,4.0,３ＬＤＫ,70.0,2019.0,13.0,ＲＣ,２種住居,未改装,2500.0
706,甲子園,13.0,4.0,３ＬＤＫ,70.0,2019.0,13.0,ＲＣ,２種住居,改装済み,3300.0
707,甲子園,7.0,4.0,３ＬＤＫ,70.0,2020.0,21.0,ＲＣ,１種住居,改装済み,3500.0
710,甲子園,3.0,4.0,３ＬＤＫ,125.0,2021.0,30.0,ＲＣ,２中住専,未改装,5000.0
711,甲子園,3.0,4.0,３ＬＤＫ,80.0,2020.0,16.0,ＲＣ,２中住専,未改装,4700.0
712,甲子園口,9.0,3.0,２ＬＤＫ,65.0,2024.0,52.0,ＲＣ,１中住専,改装済み,1700.0
713,甲子園口,6.0,3.0,２ＬＤＫ,75.0,2024.0,28.0,ＲＣ,近隣商業,改装済み,3600.0
714,甲子園口,13.0,3.0,２ＬＤＫ,50.0,2024.0,12.0,ＲＣ,近隣商業,未改装,2500.0
715,甲子園口,9.0,4.0,３ＬＤＫ,70.0,2023.0,51.0,ＲＣ,１中住専,改装済み,1700.0
716,甲子園口,2.0,4.0,３ＬＤＫ,55.0,2023.0,23.0,ＲＣ,近隣商業,改装済み,3100.0
717,甲子園口,9.0,4.0,３ＬＤＫ,65.0,2023.0,51.0,ＲＣ,１中住専,未改装,1300.0
719,甲子園口,6.0,4.0,３ＬＤＫ,65.0,2023.0,7.0,ＲＣ,近隣商業,未改装,4000.0
720,甲子園口,3.0,4.0,３ＬＤＫ,65.0,2023.0,25.0,ＲＣ,近隣商業,未改装,3900.0
721,甲子園口,8.0,4.0,３ＬＤＫ,60.0,2023.0,25.0,ＲＣ,近隣商業,未改装,1900.0
722,甲子園口,2.0,3.0,２ＬＤＫ,60.0,2023.0,23.0,ＲＣ,近隣商業,未改装,3000.0
724,甲子園口,6.0,3.0,２ＬＤＫ,55.0,2023.0,27.0,ＲＣ,近隣商業,未改装,2600.0
725,甲子園口,11.0,4.0,３ＬＤＫ,70.0,2023.0,11.0,ＲＣ,近隣商業,未改装,3300.0
726,甲子園口,7.0,3.0,２ＬＤＫ,55.0,2023.0,25.0,ＲＣ,１中住専,未改装,2800.0
727,甲子園口,8.0,4.0,３ＬＤＫ,90.0,2023.0,22.0,ＲＣ,１中住専,改装済み,5000.0
728,甲子園口,4.0,4.0,３ＬＤＫ,60.0,2022.0,25.0,ＲＣ,近隣商業,改装済み,3400.0
729,甲子園口,12.0,4.0,３ＬＤＫ,90.0,2022.0,3.0,ＲＣ,１種住居,未改装,5400.0
730,甲子園口,2.0,5.0,４ＬＤＫ,105.0,2022.0,32.0,ＲＣ,近隣商業,改装済み,4600.0
731,甲子園口,8.0,4.0,３ＬＤＫ,70.0,2022.0,25.0,ＲＣ,１中住専,改装済み,4100.0
732,甲子園口,4.0,4.0,３ＬＤＫ,60.0,2022.0,25.0,ＲＣ,近隣商業,未改装,2600.0
735,甲子園口,2.0,4.0,３ＬＤＫ,65.0,2021.0,10.0,ＲＣ,近隣商業,未改装,3900.0
737,甲子園口,11.0,4.0,３ＬＤＫ,70.0,2021.0,15.0,ＲＣ,近隣商業,未改装,3000.0
739,甲子園口,3.0,4.0,３ＬＤＫ,75.0,2021.0,23.0,ＲＣ,近隣商業,未改装,4300.0
740,甲子園口,15.0,4.0,３ＬＤＫ,65.0,2021.0,21.0,ＲＣ,近隣商業,未改装,1800.0
741,甲子園口,5.0,5.0,４ＬＤＫ,90.0,2021.0,11.0,ＲＣ,１中住専,未改装,5200.0
743,甲子園口,8.0,4.0,３ＬＤＫ,60.0,2020.0,22.0,ＲＣ,近隣商業,未改装,2300.0
744,甲子園口,13.0,4.0,３ＬＤＫ,90.0,2020.0,1.0,ＲＣ,１種住居,未改装,6700.0
745,甲子園口,3.0,4.0,３ＬＤＫ,65.0,2020.0,22.0,ＲＣ,近隣商業,未改装,3600.0
747,甲子園口,4.0,4.0,３ＬＤＫ,65.0,2020.0,22.0,ＲＣ,近隣商業,改装済み,3500.0
749,甲子園口,5.0,4.0,３ＬＤＫ,70.0,2020.0,22.0,ＲＣ,近隣商業,改装済み,4000.0
750,甲子園口,13.0,5.0,４ＬＤＫ,75.0,2020.0,21.0,ＲＣ,１種住居,未改装,3600.0
751,甲子園口,3.0,4.0,３ＬＤＫ,70.0,2020.0,25.0,ＲＣ,１中住専,未改装,1800.0
752,甲子園口,4.0,2.0,１ＬＤＫ,65.0,2020.0,22.0,ＲＣ,１中住専,改装済み,3100.0
753,甲子園口,4.0,4.0,３ＬＤＫ,75.0,2020.0,10.0,ＲＣ,１中住専,改装済み,4200.0
754,甲子園口,9.0,3.0,２ＬＤＫ,70.0,2019.0,47.0,ＲＣ,１中住専,改装済み,1900.0
755,甲子園口,9.0,4.0,３ＬＤＫ,65.0,2019.0,47.0,ＲＣ,１中住専,未改装,1200.0
756,甲子園口,1.0,4.0,３ＬＤＫ,70.0,2019.0,19.0,ＲＣ,近隣商業,改装済み,3700.0
757,甲子園口,9.0,4.0,３ＬＤＫ,65.0,2019.0,22.0,ＲＣ,１中住専,改装済み,2900.0
759,甲子園口,5.0,4.0,３ＬＤＫ,90.0,2019.0,9.0,ＲＣ,１中住専,未改装,5300.0
761,甲子園口,3.0,4.0,３ＬＤＫ,85.0,2024.0,17.0,ＲＣ,１中住専,未改装,5800.0
762,甲子園口,2.0,3.0,２ＬＤＫ,60.0,2024.0,28.0,ＲＣ,近隣商業,改装済み,3200.0
763,甲子園口,3.0,1.0,１Ｒ,20.0,2024.0,40.0,ＲＣ,１中住専,改装済み,400.0
764,甲子園口,5.0,3.0,２ＬＤＫ,65.0,2023.0,11.0,ＲＣ,１中住専,未改装,4400.0
765,甲子園口,5.0,4.0,３ＬＤＫ,80.0,2023.0,11.0,ＲＣ,１中住専,未改装,6100.0
766,甲子園口,6.0,3.0,２ＬＤＫ,65.0,2023.0,45.0,ＲＣ,１中住専,改装済み,1900.0
767,甲子園口,1.0,4.0,３ＬＤＫ,65.0,2023.0,25.0,ＳＲＣ,近隣商業,改装済み,4900.0
768,甲子園口,3.0,4.0,３ＬＤＫ,75.0,2023.0,16.0,ＲＣ,１中住専,未改装,4600.0
769,甲子園口,2.0,4.0,３ＬＤＫ,85.0,2023.0,27.0,ＲＣ,近隣商業,未改装,3700.0
771,甲子園口,5.0,3.0,２ＬＤＫ,70.0,2022.0,52.0,ＳＲＣ,１中住専,改装済み,2600.0
772,甲子園口,5.0,4.0,３ＬＤＫ,75.0,2022.0,10.0,ＲＣ,１中住専,未改装,5200.0
773,甲子園口,3.0,4.0,３ＬＤＫ,80.0,2022.0,22.0,ＲＣ,１中住専,改装済み,4900.0
774,甲子園口,5.0,3.0,２ＬＤＫ,55.0,2022.0,52.0,ＳＲＣ,１中住専,改装済み,1800.0
775,甲子園口,5.0,4.0,３ＬＤＫ,75.0,2022.0,10.0,ＲＣ,１中住専,未改装,4200.0
776,甲子園口,5.0,4.0,３ＬＤＫ,70.0,2022.0,52.0,ＳＲＣ,１中住専,未改装,700.0
777,甲子園口,3.0,4.0,３ＬＤＫ,85.0,2021.0,14.0,ＲＣ,１中住専,未改装,4000.0
779,甲子園口,1.0,3.0,２ＬＤＫ,65.0,2021.0,22.0,ＳＲＣ,近隣商業,改装済み,3500.0
780,甲子園口,4.0,4.0,３ＬＤＫ,65.0,2021.0,23.0,ＳＲＣ,１中住専,未改装,3000.0
785,甲子園口,5.0,4.0,３ＬＤＫ,75.0,2020.0,8.0,ＲＣ,１中住専,未改装,4600.0
786,甲子園口,5.0,4.0,３ＬＤＫ,75.0,2020.0,8.0,ＲＣ,１中住専,未改装,4900.0
787,甲子園口,2.0,4.0,３ＬＤＫ,85.0,2020.0,24.0,ＲＣ,近隣商業,未改装,4000.0
788,甲子園口,3.0,3.0,２ＬＤＫ,85.0,2020.0,13.0,ＲＣ,１中住専,未改装,5200.0
790,甲子園口,5.0,4.0,３ＬＤＫ,80.0,2020.0,8.0,ＲＣ,１中住専,未改装,5300.0
792,甲子園口,5.0,4.0,３ＬＤＫ,75.0,2019.0,7.0,ＲＣ,１中住専,未改装,4400.0
794,甲子園口,4.0,4.0,３ＬＤＫ,80.0,2019.0,13.0,ＲＣ,１中住専,未改装,4400.0
796,甲子園口,2.0,4.0,３ＬＤＫ,85.0,2019.0,23.0,ＲＣ,近隣商業,未改装,3800.0
797,甲子園口,1.0,3.0,２ＬＤＫ,50.0,2019.0,21.0,ＳＲＣ,近隣商業,未改装,2700.0
800,甲子園,8.0,4.0,３ＬＤＫ,60.0,2023.0,27.0,ＲＣ,２種住居,未改装,2300.0
803,甲子園,9.0,4.0,３ＬＤＫ,60.0,2022.0,26.0,ＲＣ,１種住居,改装済み,2400.0
805,甲子園,7.0,4.0,３ＬＤＫ,75.0,2021.0,21.0,ＳＲＣ,２種住居,改装済み,3700.0
808,甲子園,4.0,4.0,３ＬＤＫ,60.0,2020.0,14.0,ＲＣ,近隣商業,未改装,3600.0
810,甲子園,8.0,4.0,３ＬＤＫ,65.0,2020.0,22.0,ＳＲＣ,近隣商業,未改装,2000.0
811,甲子園,4.0,5.0,４ＬＤＫ,85.0,2020.0,14.0,ＲＣ,近隣商業,改装済み,5400.0
813,甲子園,4.0,4.0,３ＬＤＫ,70.0,2019.0,13.0,ＲＣ,近隣商業,改装済み,4000.0
814,甲子園,9.0,4.0,３ＬＤＫ,75.0,2023.0,10.0,ＲＣ,１中住専,未改装,4800.0
815,甲子園,9.0,3.0,２ＬＤＫ,65.0,2023.0,10.0,ＲＣ,１中住専,未改装,4600.0
816,甲子園,11.0,4.0,３ＬＤＫ,70.0,2021.0,8.0,ＲＣ,１中住専,未改装,4400.0
818,甲子園,9.0,3.0,２ＬＤＫ,70.0,2020.0,7.0,ＲＣ,１中住専,未改装,4500.0
820,甲子園,8.0,3.0,２ＬＤＫ,60.0,2019.0,8.0,ＲＣ,１中住専,未改装,3500.0
821,甲子園,9.0,3.0,２ＬＤＫ,60.0,2019.0,8.0,ＲＣ,１中住専,未改装,3900.0
823,甲子園,9.0,4.0,３ＬＤＫ,70.0,2024.0,11.0,ＲＣ,２種住居,未改装,4000.0
824,甲子園,9.0,5.0,４ＬＤＫ,95.0,2023.0,50.0,ＲＣ,２種住居,未改装,2600.0
827,甲子園,10.0,4.0,３ＬＤＫ,75.0,2023.0,22.0,ＲＣ,２中住専,改装済み,3600.0
828,甲子園,9.0,4.0,３ＬＤＫ,85.0,2022.0,19.0,ＲＣ,２中住専,未改装,4000.0
829,甲子園,8.0,4.0,３ＬＤＫ,70.0,2022.0,9.0,ＲＣ,近隣商業,未改装,3500.0
831,甲子園,9.0,3.0,２ＬＤＫ,60.0,2022.0,49.0,ＲＣ,２種住居,未改装,1700.0
832,甲子園,9.0,4.0,３ＬＤＫ,75.0,2022.0,19.0,ＲＣ,２中住専,未改装,3200.0
834,甲子園,10.0,4.0,３ＬＤＫ,80.0,2021.0,20.0,ＲＣ,２中住専,未改装,3800.0
835,甲子園,9.0,4.0,３ＬＤＫ,65.0,2021.0,48.0,ＲＣ,２種住居,未改装,1200.0
836,甲子園,9.0,3.0,２ＬＤＫ,80.0,2021.0,20.0,ＲＣ,１中住専,改装済み,4200.0
842,甲子園,9.0,4.0,３ＬＤＫ,70.0,2019.0,46.0,ＲＣ,２種住居,未改装,1400.0
843,甲子園,9.0,4.0,３ＬＤＫ,75.0,2019.0,16.0,ＲＣ,２中住専,改装済み,4200.0
844,甲子園,11.0,5.0,４ＬＤＫ,90.0,2023.0,24.0,ＲＣ,１中住専,未改装,4200.0
845,甲子園,11.0,5.0,４ＬＤＫ,130.0,2023.0,24.0,ＲＣ,１中住専,未改装,4900.0
847,甲子園,7.0,4.0,３ＬＤＫ,85.0,2024.0,5.0,ＲＣ,１中住専,未改装,6500.0
849,甲子園,8.0,4.0,３ＬＤＫ,70.0,2020.0,1.0,ＲＣ,１中住専,未改装,4700.0
850,甲子園,8.0,4.0,３ＬＤＫ,110.0,2020.0,1.0,ＲＣ,１中住専,改装済み,7500.0
851,甲東園,1.0,4.0,３ＬＤＫ,65.0,2024.0,24.0,ＲＣ,１中住専,未改装,2800.0
852,甲東園,1.0,4.0,３ＬＤＫ,65.0,2023.0,23.0,ＲＣ,１中住専,改装済み,3800.0
854,甲東園,3.0,3.0,２ＬＤＫ,55.0,2023.0,25.0,ＲＣ,近隣商業,改装済み,2700.0
855,甲東園,2.0,4.0,３ＬＤＫ,75.0,2022.0,16.0,ＲＣ,近隣商業,未改装,4400.0
858,甲東園,2.0,4.0,３ＬＤＫ,80.0,2022.0,16.0,ＲＣ,近隣商業,未改装,4600.0
859,甲東園,1.0,4.0,３ＬＤＫ,80.0,2021.0,22.0,ＳＲＣ,近隣商業,改装済み,6000.0
860,甲東園,3.0,3.0,２ＬＤＫ,70.0,2021.0,48.0,ＳＲＣ,近隣商業,改装済み,2900.0
861,甲東園,3.0,4.0,３ＬＤＫ,70.0,2021.0,45.0,ＳＲＣ,近隣商業,改装済み,2400.0
863,甲東園,1.0,5.0,４ＬＤＫ,80.0,2020.0,21.0,ＳＲＣ,近隣商業,未改装,4200.0
864,甲東園,3.0,4.0,３ＬＤＫ,70.0,2019.0,46.0,ＳＲＣ,近隣商業,改装済み,2700.0
865,西宮北口,4.0,4.0,３ＬＤＫ,90.0,2022.0,19.0,ＲＣ,近隣商業,改装済み,9300.0
868,西宮北口,1.0,4.0,３ＬＤＫ,75.0,2020.0,23.0,ＲＣ,商業,改装済み,5800.0
869,西宮北口,1.0,4.0,３ＬＤＫ,75.0,2019.0,22.0,ＲＣ,商業,未改装,4600.0
871,香櫨園,13.0,4.0,３ＬＤＫ,70.0,2019.0,19.0,ＲＣ,近隣商業,改装済み,2800.0
872,香櫨園,11.0,4.0,３ＬＤＫ,70.0,2019.0,19.0,ＲＣ,近隣商業,未改装,2200.0
874,さくら夙川,9.0,4.0,３ＬＤＫ,70.0,2023.0,17.0,ＲＣ,１中住専,未改装,4200.0
875,さくら夙川,14.0,4.0,３ＬＤＫ,70.0,2021.0,7.0,ＲＣ,商業,未改装,4200.0
877,さくら夙川,9.0,4.0,３ＬＤＫ,70.0,2020.0,14.0,ＲＣ,１中住専,未改装,4100.0
878,甲陽園,10.0,4.0,３ＬＤＫ,70.0,2023.0,24.0,ＲＣ,１低住専,改装済み,2800.0
879,甲陽園,10.0,4.0,３ＬＤＫ,75.0,2023.0,24.0,ＲＣ,１低住専,未改装,2000.0
880,甲陽園,3.0,4.0,３ＬＤＫ,70.0,2022.0,22.0,ＲＣ,２低住専,未改装,3800.0
881,甲陽園,4.0,3.0,２ＬＤＫ,70.0,2021.0,21.0,ＲＣ,２低住専,未改装,4100.0
882,甲陽園,3.0,4.0,３ＬＤＫ,75.0,2020.0,20.0,ＲＣ,２低住専,未改装,3600.0
883,甲陽園,3.0,5.0,４ＬＤＫ,90.0,2020.0,20.0,ＲＣ,２低住専,改装済み,5000.0
885,甲陽園,10.0,4.0,３ＬＤＫ,80.0,2019.0,20.0,ＲＣ,１低住専,未改装,2200.0
887,甲陽園,10.0,4.0,３ＬＤＫ,65.0,2019.0,20.0,ＲＣ,１低住専,改装済み,2400.0
888,甲陽園,3.0,5.0,４ＬＤＫ,100.0,2019.0,19.0,ＲＣ,２低住専,未改装,5200.0
889,甲陽園,15.0,3.0,２ＬＤＫ,70.0,2024.0,26.0,ＲＣ,１中住専,未改装,2400.0
891,甲陽園,13.0,4.0,３ＬＤＫ,80.0,2023.0,10.0,ＲＣ,１中住専,未改装,2600.0
892,甲陽園,13.0,4.0,３ＬＤＫ,125.0,2023.0,10.0,ＲＣ,１中住専,未改装,5600.0
893,甲陽園,15.0,4.0,３ＬＤＫ,75.0,2023.0,10.0,ＲＣ,１中住専,未改装,3100.0
895,甲陽園,13.0,4.0,３ＬＤＫ,75.0,2023.0,10.0,ＲＣ,１中住専,改装済み,2600.0
896,甲陽園,15.0,4.0,３ＬＤＫ,75.0,2022.0,9.0,ＲＣ,１中住専,改装済み,2700.0
897,甲陽園,15.0,5.0,４ＬＤＫ,100.0,2022.0,24.0,ＲＣ,１中住専,未改装,2800.0
898,甲陽園,13.0,4.0,３ＬＤＫ,105.0,2022.0,9.0,ＲＣ,１中住専,未改装,4100.0
900,甲陽園,15.0,4.0,３ＬＤＫ,95.0,2021.0,8.0,ＲＣ,１中住専,未改装,3000.0
903,甲陽園,15.0,4.0,３ＬＤＫ,75.0,2021.0,8.0,ＲＣ,１中住専,改装済み,2900.0
904,甲陽園,14.0,4.0,３ＬＤＫ,80.0,2021.0,8.0,ＲＣ,１中住専,改装済み,3100.0
907,甲陽園,14.0,4.0,３ＬＤＫ,80.0,2020.0,7.0,ＲＣ,１中住専,改装済み,2700.0
908,甲陽園,14.0,4.0,３ＬＤＫ,85.0,2020.0,7.0,ＲＣ,１中住専,未改装,3400.0
909,甲陽園,12.0,5.0,４ＬＤＫ,80.0,2020.0,15.0,ＲＣ,１低住専,未改装,2900.0
910,甲陽園,13.0,4.0,３ＬＤＫ,75.0,2019.0,6.0,ＲＣ,１中住専,未改装,3100.0
911,甲陽園,14.0,4.0,３ＬＤＫ,75.0,2019.0,6.0,ＲＣ,１中住専,改装済み,2600.0
913,甲陽園,13.0,5.0,４ＬＤＫ,125.0,2019.0,6.0,ＲＣ,１中住専,未改装,5000.0
914,甲陽園,13.0,4.0,３ＬＤＫ,105.0,2019.0,6.0,ＲＣ,１中住専,未改装,4400.0
916,甲陽園,6.0,4.0,３ＬＤＫ,70.0,2023.0,17.0,ＲＣ,１中住専,改装済み,4000.0
917,甲陽園,4.0,5.0,４ＬＤＫ,85.0,2023.0,24.0,ＲＣ,近隣商業,改装済み,4300.0
918,甲陽園,6.0,4.0,３ＬＤＫ,70.0,2022.0,16.0,ＲＣ,１中住専,未改装,3200.0
919,甲陽園,6.0,4.0,２ＬＤＫ＋Ｓ,60.0,2021.0,9.0,ＲＣ,１中住専,未改装,3200.0
920,甲陽園,6.0,4.0,３ＬＤＫ,80.0,2019.0,7.0,ＲＣ,１中住専,未改装,3900.0
923,甲陽園,3.0,5.0,４ＬＤＫ,155.0,2024.0,47.0,ＳＲＣ,近隣商業,改装済み,5400.0
925,甲陽園,1.0,3.0,２ＬＤＫ,70.0,2023.0,52.0,ＲＣ,近隣商業,改装済み,2400.0
926,甲陽園,3.0,4.0,３ＬＤＫ,65.0,2023.0,46.0,ＳＲＣ,近隣商業,未改装,1300.0
928,甲陽園,1.0,4.0,３ＤＫ,55.0,2023.0,52.0,ＲＣ,近隣商業,未改装,1000.0
929,甲陽園,3.0,4.0,２ＬＤＫ＋Ｓ,75.0,2023.0,46.0,ＳＲＣ,近隣商業,改装済み,2400.0
930,甲陽園,3.0,4.0,３ＬＤＫ,75.0,2023.0,46.0,ＳＲＣ,近隣商業,改装済み,2400.0
931,甲陽園,1.0,5.0,４ＬＤＫ,75.0,2023.0,52.0,ＲＣ,近隣商業,未改装,2000.0
932,甲陽園,8.0,4.0,３ＬＤＫ,70.0,2023.0,23.0,ＲＣ,１中住専,改装済み,3900.0
933,甲陽園,1.0,3.0,２ＬＤＫ,70.0,2023.0,52.0,ＲＣ,近隣商業,未改装,800.0
934,甲陽園,1.0,3.0,２ＤＫ,50.0,2022.0,51.0,ＲＣ,近隣商業,未改装,960.0
937,甲陽園,3.0,4.0,３ＬＤＫ,65.0,2022.0,45.0,ＳＲＣ,近隣商業,改装済み,1300.0
938,甲陽園,3.0,2.0,１ＬＤＫ,75.0,2021.0,44.0,ＳＲＣ,近隣商業,未改装,2100.0
939,甲陽園,3.0,4.0,３ＬＤＫ,75.0,2021.0,44.0,ＳＲＣ,近隣商業,未改装,1400.0
942,甲陽園,1.0,4.0,３ＬＤＫ,60.0,2020.0,49.0,ＲＣ,近隣商業,未改装,1600.0
943,甲陽園,3.0,5.0,４ＬＤＫ,105.0,2020.0,43.0,ＳＲＣ,近隣商業,改装済み,3200.0
944,甲陽園,1.0,3.0,２ＬＤＫ,60.0,2019.0,48.0,ＲＣ,近隣商業,未改装,1100.0
946,甲陽園,1.0,3.0,２ＬＤＫ,60.0,2019.0,48.0,ＲＣ,近隣商業,改装済み,1600.0
947,甲陽園,1.0,4.0,３ＬＤＫ,80.0,2022.0,7.0,ＲＣ,１中住専,未改装,5600.0
949,甲陽園,4.0,3.0,２ＬＤＫ,60.0,2019.0,19.0,ＲＣ,１中住専,未改装,2600.0
951,甲陽園,9.0,4.0,３ＬＤＫ,70.0,2024.0,28.0,ＲＣ,１中住専,改装済み,2400.0
953,甲陽園,9.0,5.0,４ＬＤＫ,85.0,2023.0,14.0,ＲＣ,１中住専,未改装,3400.0
955,甲陽園,9.0,4.0,３ＬＤＫ,70.0,2022.0,13.0,ＲＣ,１中住専,未改装,3200.0
957,甲陽園,11.0,5.0,４ＬＤＫ,110.0,2021.0,31.0,ＲＣ,１中住専,未改装,1500.0
958,西宮(阪神),11.0,5.0,４ＬＤＫ,85.0,2021.0,15.0,ＲＣ,近隣商業,未改装,4200.0
959,甲子園口,13.0,4.0,３ＬＤＫ,65.0,2022.0,15.0,ＲＣ,１種住居,未改装,2900.0
961,甲子園口,10.0,4.0,３ＬＤＫ,65.0,2021.0,22.0,ＲＣ,２種住居,未改装,2700.0
963,甲子園口,13.0,5.0,４ＬＤＫ,95.0,2020.0,16.0,ＲＣ,１種住居,未改装,4700.0
964,甲子園口,10.0,4.0,３ＬＤＫ,65.0,2020.0,21.0,ＲＣ,２種住居,未改装,2300.0
966,甲子園口,13.0,5.0,４ＬＤＫ,80.0,2020.0,16.0,ＲＣ,１種住居,未改装,3600.0
967,甲子園口,13.0,4.0,３ＬＤＫ,75.0,2020.0,16.0,ＲＣ,１種住居,未改装,3300.0
968,甲子園口,11.0,4.0,３ＬＤＫ,65.0,2019.0,20.0,ＲＣ,１種住居,改装済み,3500.0
970,夙川,2.0,4.0,３ＬＤＫ,70.0,2022.0,22.0,ＲＣ,１中住専,改装済み,5600.0
975,夙川,7.0,4.0,３ＬＤＫ,70.0,2019.0,17.0,ＲＣ,１中住専,未改装,4600.0
976,武庫川,13.0,4.0,３ＬＤＫ,65.0,2024.0,20.0,ＲＣ,２中住専,改装済み,3900.0
978,武庫川,14.0,4.0,３ＬＤＫ,70.0,2023.0,19.0,ＲＣ,２中住専,改装済み,4000.0
979,武庫川,14.0,5.0,４ＬＤＫ,80.0,2023.0,19.0,ＲＣ,２中住専,改装済み,4000.0
980,武庫川,11.0,4.0,３ＬＤＫ,75.0,2022.0,7.0,ＲＣ,２中住専,未改装,4000.0
982,武庫川,14.0,4.0,３ＬＤＫ,70.0,2020.0,16.0,ＲＣ,２中住専,未改装,3200.0
983,鳴尾・武庫川女子大前,8.0,3.0,２ＬＤＫ,55.0,2021.0,49.0,ＳＲＣ,１種住居,未改装,910.0
985,鳴尾・武庫川女子大前,9.0,3.0,２ＬＤＫ,60.0,2020.0,48.0,ＳＲＣ,１種住居,改装済み,1800.0
986,鳴尾・武庫川女子大前,8.0,3.0,２ＬＤＫ,55.0,2020.0,48.0,ＳＲＣ,１種住居,未改装,730.0
989,武庫川,8.0,3.0,２ＬＤＫ,55.0,2024.0,37.0,ＳＲＣ,１種住居,未改装,1800.0
990,武庫川,7.0,3.0,２ＬＤＫ,55.0,2023.0,33.0,ＲＣ,１種住居,改装済み,2300.0
991,武庫川,8.0,3.0,２ＬＤＫ,70.0,2022.0,50.0,ＳＲＣ,１種住居,未改装,1600.0
992,武庫川,8.0,4.0,３ＬＤＫ,80.0,2022.0,31.0,ＲＣ,１種住居,改装済み,2800.0
993,武庫川,9.0,3.0,２ＬＤＫ,55.0,2022.0,50.0,ＳＲＣ,１種住居,未改装,900.0
994,武庫川,10.0,3.0,２ＤＫ,55.0,2021.0,49.0,ＳＲＣ,１種住居,未改装,85.0
995,武庫川,7.0,4.0,２ＬＤＫ＋Ｓ,55.0,2021.0,31.0,ＲＣ,１種住居,改装済み,2400.0
996,武庫川,8.0,3.0,２ＬＤＫ,65.0,2019.0,47.0,ＳＲＣ,１種住居,改装済み,2000.0
998,武庫川,4.0,4.0,３ＬＤＫ,65.0,2023.0,2.0,ＲＣ,１種住居,未改装,3800.0
999,武庫川,5.0,4.0,３ＬＤＫ,65.0,2021.0,0.0,ＲＣ,１種住居,未改装,4300.0
1001,夙川,18.0,4.0,３ＬＤＫ,75.0,2020.0,23.0,ＳＲＣ,１中住専,未改装,2500.0
1002,苦楽園口,11.0,4.0,３ＬＤＫ,75.0,2023.0,25.0,ＲＣ,１低住専,改装済み,4100.0
1003,苦楽園口,9.0,4.0,３ＬＤＫ,80.0,2023.0,9.0,ＲＣ,１低住専,未改装,6200.0
1004,苦楽園口,9.0,4.0,３ＬＤＫ,85.0,2023.0,9.0,ＲＣ,１低住専,未改装,5400.0
1005,苦楽園口,10.0,3.0,２ＬＤＫ,100.0,2023.0,19.0,ＲＣ,１低住専,未改装,7300.0
1006,苦楽園口,11.0,4.0,３ＬＤＫ,75.0,2022.0,24.0,ＲＣ,１低住専,未改装,3200.0
1011,苦楽園口,9.0,4.0,３ＬＤＫ,85.0,2019.0,19.0,ＲＣ,１低住専,未改装,4400.0
1012,鳴尾・武庫川女子大前,6.0,4.0,３ＬＤＫ,65.0,2021.0,23.0,ＲＣ,１種住居,未改装,2600.0
1013,さくら夙川,4.0,3.0,２ＬＤＫ,60.0,2023.0,23.0,ＲＣ,近隣商業,未改装,2800.0
1014,西宮(阪神),4.0,3.0,２ＬＤＫ,55.0,2024.0,26.0,ＳＲＣ,近隣商業,改装済み,3500.0
1015,西宮(阪神),4.0,4.0,３ＬＤＫ,65.0,2024.0,26.0,ＳＲＣ,近隣商業,改装済み,3900.0
1016,西宮(阪神),4.0,4.0,３ＬＤＫ,65.0,2023.0,25.0,ＳＲＣ,近隣商業,改装済み,3700.0
1018,西宮(阪神),6.0,4.0,３ＬＤＫ,70.0,2023.0,25.0,ＲＣ,近隣商業,改装済み,4300.0
1019,西宮(阪神),6.0,4.0,３ＬＤＫ,70.0,2023.0,25.0,ＲＣ,近隣商業,未改装,2100.0
1020,西宮(阪神),4.0,4.0,３ＬＤＫ,65.0,2023.0,25.0,ＳＲＣ,近隣商業,未改装,3500.0
1021,西宮(阪神),6.0,2.0,１Ｋ,20.0,2023.0,16.0,ＲＣ,近隣商業,未改装,1600.0
1022,西宮(阪神),4.0,4.0,３ＬＤＫ,65.0,2023.0,25.0,ＳＲＣ,近隣商業,未改装,2700.0
1025,西宮(阪神),4.0,4.0,３ＬＤＫ,80.0,2021.0,23.0,ＳＲＣ,近隣商業,未改装,3900.0
1028,生瀬,11.0,5.0,４ＬＤＫ,110.0,2023.0,31.0,ＲＣ,１中住専,改装済み,1700.0
1029,生瀬,14.0,4.0,３ＬＤＫ,80.0,2022.0,30.0,ＲＣ,１中住専,未改装,980.0
1030,生瀬,18.0,4.0,３ＬＤＫ,75.0,2022.0,30.0,ＲＣ,１中住専,改装済み,980.0
1031,生瀬,14.0,4.0,３ＬＤＫ,80.0,2021.0,29.0,ＲＣ,１中住専,未改装,500.0
1032,生瀬,11.0,3.0,２ＬＤＫ,75.0,2021.0,29.0,ＲＣ,１中住専,未改装,850.0
1033,西宮名塩,8.0,4.0,３ＬＤＫ,75.0,2022.0,23.0,ＲＣ,１中住専,未改装,1600.0
1034,西宮名塩,8.0,4.0,３ＬＤＫ,75.0,2021.0,22.0,ＲＣ,１中住専,未改装,1300.0
1035,西宮名塩,8.0,4.0,３ＬＤＫ,65.0,2020.0,21.0,ＲＣ,１中住専,改装済み,1300.0
1038,苦楽園口,9.0,4.0,３ＬＤＫ,70.0,2024.0,27.0,ＲＣ,１中住専,改装済み,4300.0
1039,苦楽園口,9.0,3.0,２ＬＤＫ,50.0,2020.0,23.0,ＲＣ,１中住専,改装済み,2000.0
1040,甲陽園,9.0,4.0,３ＬＤＫ,75.0,2024.0,23.0,ＲＣ,１中住専,改装済み,3800.0
1041,甲陽園,9.0,4.0,３ＬＤＫ,75.0,2023.0,22.0,ＲＣ,１中住専,未改装,3200.0
1042,甲陽園,10.0,4.0,３ＬＤＫ,75.0,2023.0,26.0,ＲＣ,１中住専,未改装,2300.0
1043,甲陽園,11.0,4.0,３ＬＤＫ,85.0,2020.0,16.0,ＲＣ,１中住専,未改装,3700.0
1044,甲陽園,9.0,4.0,３ＬＤＫ,65.0,2019.0,19.0,ＲＣ,１中住専,未改装,2100.0
1046,夙川,9.0,4.0,３ＬＤＫ,80.0,2022.0,26.0,ＲＣ,１中住専,改装済み,5700.0
1047,夙川,9.0,3.0,２ＬＤＫ,80.0,2021.0,25.0,ＲＣ,１中住専,未改装,4200.0
1048,夙川,9.0,4.0,３ＬＤＫ,90.0,2019.0,23.0,ＲＣ,１中住専,未改装,4200.0
1049,門戸厄神,4.0,3.0,２ＬＤＫ,60.0,2023.0,2.0,ＲＣ,準住居,未改装,4600.0
1050,門戸厄神,4.0,4.0,３ＬＤＫ,70.0,2020.0,6.0,ＲＣ,１中住専,未改装,4300.0
1051,門戸厄神,2.0,4.0,３ＬＤＫ,70.0,2019.0,5.0,ＲＣ,２中住専,未改装,4600.0
1053,香櫨園,9.0,4.0,３ＬＤＫ,75.0,2023.0,26.0,ＲＣ,１中住専,改装済み,4200.0
1054,香櫨園,13.0,4.0,３ＬＤＫ,70.0,2023.0,16.0,ＲＣ,１中住専,未改装,2800.0
1055,香櫨園,15.0,4.0,３ＬＤＫ,65.0,2023.0,16.0,ＲＣ,１中住専,改装済み,3500.0
1057,香櫨園,9.0,4.0,３ＬＤＫ,80.0,2022.0,25.0,ＲＣ,１中住専,未改装,3400.0
1058,香櫨園,14.0,5.0,４ＬＤＫ,80.0,2022.0,15.0,ＲＣ,１中住専,未改装,4200.0
1060,香櫨園,11.0,4.0,３ＬＤＫ,75.0,2022.0,15.0,ＲＣ,１中住専,未改装,3900.0
1064,香櫨園,9.0,5.0,４ＬＤＫ,90.0,2021.0,12.0,ＲＣ,１中住専,未改装,4000.0
1067,香櫨園,9.0,4.0,３ＬＤＫ,75.0,2021.0,24.0,ＲＣ,１中住専,未改装,3000.0
1068,香櫨園,14.0,5.0,４ＬＤＫ,95.0,2020.0,13.0,ＲＣ,１中住専,未改装,4800.0
1069,香櫨園,14.0,4.0,３ＬＤＫ,70.0,2020.0,13.0,ＲＣ,１中住専,未改装,3000.0
1070,西宮(阪神),10.0,3.0,２ＬＤＫ,65.0,2023.0,25.0,ＲＣ,近隣商業,改装済み,3200.0
1071,西宮(阪神),10.0,4.0,３ＬＤＫ,70.0,2022.0,24.0,ＲＣ,近隣商業,改装済み,3600.0
1072,西宮(阪神),11.0,4.0,３ＬＤＫ,60.0,2022.0,24.0,ＲＣ,近隣商業,未改装,2800.0
1074,西宮(阪神),10.0,4.0,３ＬＤＫ,70.0,2020.0,22.0,ＲＣ,近隣商業,改装済み,3400.0
1075,西宮(阪神),10.0,4.0,３ＬＤＫ,70.0,2019.0,21.0,ＲＣ,近隣商業,改装済み,3500.0
1077,西宮(阪神),11.0,4.0,３ＬＤＫ,65.0,2019.0,3.0,ＲＣ,近隣商業,改装済み,2900.0
1078,西宮(阪神),10.0,4.0,３ＬＤＫ,65.0,2019.0,3.0,ＲＣ,近隣商業,改装済み,3000.0
1079,西宮(阪神),11.0,4.0,３ＬＤＫ,65.0,2019.0,20.0,ＲＣ,近隣商業,改装済み,3100.0
1080,西宮(阪神),10.0,4.0,３ＬＤＫ,65.0,2019.0,3.0,ＲＣ,近隣商業,改装済み,3000.0
1082,甲東園,4.0,5.0,４ＬＤＫ,80.0,2019.0,21.0,ＲＣ,１中住専,改装済み,4100.0
1083,苦楽園口,13.0,4.0,３ＬＤＫ,70.0,2024.0,22.0,ＲＣ,１低住専,未改装,3100.0
1084,苦楽園口,14.0,5.0,４ＬＤＫ,90.0,2023.0,18.0,ＲＣ,１低住専,未改装,5100.0
1085,苦楽園口,13.0,4.0,３ＬＤＫ,70.0,2022.0,20.0,ＲＣ,１低住専,未改装,3300.0
1087,苦楽園口,14.0,4.0,３ＬＤＫ,115.0,2022.0,17.0,ＲＣ,１低住専,未改装,5800.0
1089,苦楽園口,14.0,4.0,３ＬＤＫ,70.0,2021.0,19.0,ＲＣ,１低住専,未改装,3500.0
1090,苦楽園口,14.0,5.0,４ＬＤＫ,90.0,2021.0,16.0,ＲＣ,１低住専,未改装,4600.0
1091,苦楽園口,14.0,4.0,３ＬＤＫ,80.0,2021.0,16.0,ＲＣ,１低住専,未改装,3900.0
1092,苦楽園口,10.0,4.0,３ＬＤＫ,85.0,2021.0,15.0,ＲＣ,１低住専,未改装,4100.0
1093,苦楽園口,13.0,3.0,２ＬＤＫ,75.0,2020.0,18.0,ＲＣ,１低住専,未改装,3500.0
1095,苦楽園口,10.0,4.0,３ＬＤＫ,85.0,2019.0,13.0,ＲＣ,１低住専,未改装,5500.0
1096,西宮(ＪＲ),9.0,4.0,３ＬＤＫ,70.0,2022.0,8.0,ＲＣ,準工業,未改装,4900.0
1097,西宮(ＪＲ),9.0,4.0,３ＬＤＫ,65.0,2022.0,8.0,ＲＣ,準工業,未改装,4700.0
1098,西宮(ＪＲ),11.0,4.0,３ＬＤＫ,70.0,2021.0,6.0,ＲＣ,工業,未改装,4600.0
1099,西宮北口,9.0,4.0,３ＬＤＫ,70.0,2024.0,10.0,ＲＣ,準工業,未改装,5000.0
1100,西宮北口,9.0,4.0,３ＬＤＫ,70.0,2023.0,9.0,ＲＣ,準工業,未改装,5500.0
1101,西宮北口,10.0,4.0,３ＬＤＫ,70.0,2023.0,9.0,ＲＣ,準工業,未改装,5500.0
1102,西宮北口,10.0,4.0,３ＬＤＫ,85.0,2023.0,9.0,ＲＣ,準工業,未改装,6500.0
1103,西宮北口,9.0,4.0,３ＬＤＫ,75.0,2022.0,8.0,ＲＣ,準工業,未改装,5700.0
1104,西宮北口,9.0,5.0,４ＬＤＫ,80.0,2022.0,8.0,ＲＣ,準工業,未改装,5800.0
1106,西宮北口,9.0,4.0,３ＬＤＫ,75.0,2021.0,7.0,ＲＣ,準工業,未改装,5400.0
1109,西宮北口,9.0,5.0,４ＬＤＫ,85.0,2021.0,7.0,ＲＣ,準工業,未改装,6200.0
1111,西宮北口,9.0,5.0,３ＬＤＫ＋Ｓ,80.0,2020.0,5.0,ＲＣ,工業,未改装,4700.0
1112,西宮北口,9.0,4.0,３ＬＤＫ,65.0,2020.0,6.0,ＲＣ,準工業,未改装,4700.0
1114,西宮北口,9.0,3.0,２ＬＤＫ,75.0,2019.0,5.0,ＲＣ,準工業,未改装,4700.0
1116,西宮北口,9.0,4.0,３ＬＤＫ,75.0,2019.0,5.0,ＲＣ,準工業,未改装,4700.0
1118,西宮北口,9.0,4.0,３ＬＤＫ,75.0,2019.0,5.0,ＲＣ,準工業,未改装,4700.0
1119,西宮北口,9.0,3.0,２ＬＤＫ,70.0,2019.0,5.0,ＲＣ,準工業,未改装,4300.0
1121,阪神国道,7.0,4.0,３ＬＤＫ,70.0,2022.0,8.0,ＲＣ,準工業,未改装,5000.0
1122,阪神国道,4.0,4.0,３ＬＤＫ,70.0,2021.0,7.0,ＲＣ,準工業,未改装,4200.0
1126,甲陽園,9.0,5.0,４ＬＤＫ,80.0,2023.0,36.0,ＲＣ,１低住専,未改装,2200.0
1127,甲陽園,12.0,3.0,２ＬＤＫ,70.0,2023.0,24.0,ＲＣ,１低住専,改装済み,3100.0
1129,甲陽園,10.0,4.0,３ＬＤＫ,90.0,2021.0,34.0,ＲＣ,１低住専,改装済み,1700.0
1130,甲陽園,10.0,5.0,４ＬＤＫ,80.0,2020.0,33.0,ＲＣ,１低住専,改装済み,1800.0
1131,夙川,9.0,2.0,１Ｋ,20.0,2024.0,40.0,ＲＣ,１種住居,未改装,920.0
1132,夙川,9.0,2.0,１Ｋ,15.0,2020.0,36.0,ＲＣ,１種住居,未改装,290.0
1133,西宮(阪神),11.0,5.0,４ＬＤＫ,75.0,2022.0,24.0,ＲＣ,近隣商業,未改装,3400.0
1134,西宮(阪神),9.0,4.0,３ＬＤＫ,70.0,2020.0,22.0,ＲＣ,近隣商業,改装済み,3500.0
1135,苦楽園口,18.0,4.0,３ＬＤＫ,80.0,2020.0,17.0,ＲＣ,１低住専,改装済み,2800.0
1139,苦楽園口,16.0,5.0,４ＬＤＫ,75.0,2023.0,22.0,ＲＣ,１中住専,未改装,2600.0
1140,苦楽園口,15.0,4.0,３ＬＤＫ,65.0,2022.0,45.0,ＲＣ,１中住専,未改装,1300.0
1142,苦楽園口,15.0,3.0,２ＬＤＫ,75.0,2021.0,44.0,ＲＣ,１中住専,未改装,1000.0
1143,苦楽園口,14.0,4.0,３ＬＤＫ,70.0,2020.0,24.0,ＲＣ,１中住専,改装済み,2400.0
1144,苦楽園口,14.0,3.0,２ＬＤＫ,60.0,2020.0,24.0,ＲＣ,１中住専,未改装,1700.0
1147,苦楽園口,14.0,4.0,３ＬＤＫ,65.0,2019.0,8.0,ＲＣ,１中住専,未改装,1900.0
1149,苦楽園口,16.0,4.0,３ＬＤＫ,105.0,2019.0,14.0,ＲＣ,１中住専,未改装,4100.0
1150,西宮北口,25.0,4.0,３ＬＤＫ,65.0,2023.0,46.0,ＳＲＣ,１中住専,改装済み,1700.0
1154,西宮北口,10.0,4.0,３ＬＤＫ,70.0,2024.0,24.0,ＲＣ,１中住専,未改装,5800.0
1155,西宮北口,12.0,4.0,３ＬＤＫ,80.0,2023.0,23.0,ＲＣ,１中住専,未改装,6600.0
1156,西宮北口,13.0,3.0,２ＬＤＫ,60.0,2023.0,50.0,ＲＣ,１中住専,改装済み,2600.0
1157,西宮北口,11.0,5.0,４ＬＤＫ,80.0,2023.0,23.0,ＲＣ,１中住専,未改装,6000.0
1159,西宮北口,13.0,4.0,３Ｋ,60.0,2022.0,49.0,ＲＣ,１中住専,改装済み,2600.0
1162,西宮北口,11.0,4.0,３ＬＤＫ,60.0,2021.0,48.0,ＲＣ,１中住専,未改装,1400.0
1163,西宮北口,11.0,3.0,２ＬＤＫ,75.0,2020.0,44.0,ＲＣ,１中住専,改装済み,2900.0
1166,甲陽園,23.0,2.0,１ＬＤＫ,50.0,2023.0,34.0,ＲＣ,１中住専,未改装,1500.0
1168,甲陽園,23.0,4.0,３ＬＤＫ,80.0,2022.0,33.0,ＲＣ,１中住専,改装済み,3000.0
1169,甲陽園,23.0,4.0,３ＬＤＫ,80.0,2022.0,33.0,ＲＣ,１中住専,未改装,1700.0
1170,甲陽園,21.0,5.0,４ＬＤＫ,90.0,2022.0,33.0,ＲＣ,１中住専,改装済み,3000.0
1171,甲陽園,23.0,4.0,３ＬＤＫ,75.0,2021.0,32.0,ＲＣ,１中住専,改装済み,2900.0
1172,甲陽園,23.0,4.0,３ＬＤＫ,75.0,2020.0,31.0,ＲＣ,１中住専,未改装,2500.0
1174,甲陽園,23.0,3.0,２ＬＤＫ,50.0,2019.0,30.0,ＲＣ,１中住専,未改装,880.0
1176,門戸厄神,29.0,5.0,４ＬＤＫ,95.0,2023.0,27.0,ＲＣ,１中住専,未改装,2900.0
1177,門戸厄神,21.0,4.0,３ＬＤＫ,95.0,2022.0,22.0,ＲＣ,１低住専,未改装,3200.0
1178,門戸厄神,26.0,4.0,３ＬＤＫ,80.0,2022.0,37.0,ＲＣ,１中住専,改装済み,2700.0
1179,門戸厄神,26.0,5.0,４ＬＤＫ,115.0,2022.0,37.0,ＲＣ,１中住専,未改装,1900.0
1180,門戸厄神,28.0,3.0,２ＬＤＫ,50.0,2020.0,31.0,ＲＣ,１中住専,未改装,1400.0
1181,門戸厄神,24.0,5.0,４ＬＤＫ,75.0,2019.0,34.0,ＲＣ,１中住専,未改装,900.0
1182,門戸厄神,30.0,4.0,３ＬＤＫ,75.0,2019.0,23.0,ＲＣ,１中住専,改装済み,2700.0
1183,門戸厄神,29.0,4.0,３ＬＤＫ,65.0,2019.0,23.0,ＲＣ,１中住専,未改装,1600.0
1184,武庫川団地前,8.0,4.0,３ＬＤＫ,85.0,2024.0,22.0,ＲＣ,１中住専,改装済み,3000.0
1185,武庫川団地前,9.0,5.0,４ＬＤＫ,95.0,2024.0,41.0,ＳＲＣ,１中住専,改装済み,1500.0
1186,武庫川団地前,8.0,5.0,４ＬＤＫ,95.0,2024.0,24.0,ＲＣ,１中住専,未改装,2300.0
1187,武庫川団地前,6.0,4.0,３ＬＤＫ,75.0,2023.0,32.0,ＲＣ,１中住専,改装済み,2200.0
1188,武庫川団地前,9.0,4.0,３ＬＤＫ,70.0,2023.0,40.0,ＳＲＣ,１中住専,未改装,1100.0
1190,武庫川団地前,11.0,5.0,４ＬＤＫ,95.0,2023.0,38.0,ＳＲＣ,１中住専,未改装,1300.0
1192,武庫川団地前,5.0,4.0,３ＬＤＫ,85.0,2023.0,32.0,ＲＣ,１中住専,改装済み,2300.0
1193,武庫川団地前,7.0,4.0,３ＬＤＫ,75.0,2023.0,32.0,ＲＣ,１中住専,未改装,1700.0
1195,武庫川団地前,13.0,4.0,３ＬＤＫ,70.0,2023.0,33.0,ＳＲＣ,１中住専,未改装,1300.0
1196,武庫川団地前,13.0,4.0,３ＬＤＫ,70.0,2023.0,33.0,ＳＲＣ,１中住専,未改装,910.0
1197,武庫川団地前,10.0,5.0,４ＬＤＫ,95.0,2022.0,37.0,ＳＲＣ,１中住専,改装済み,1900.0
1199,武庫川団地前,8.0,4.0,３ＬＤＫ,85.0,2022.0,20.0,ＲＣ,１中住専,未改装,2600.0
1200,武庫川団地前,14.0,6.0,５ＬＤＫ,125.0,2022.0,37.0,ＳＲＣ,１中住専,未改装,2200.0
1201,武庫川団地前,6.0,4.0,３ＬＤＫ,75.0,2022.0,31.0,ＲＣ,１中住専,改装済み,2200.0
1204,武庫川団地前,6.0,5.0,４ＬＤＫ,85.0,2021.0,17.0,ＲＣ,１中住専,未改装,2900.0
1206,武庫川団地前,6.0,5.0,４ＬＤＫ,90.0,2021.0,32.0,ＳＲＣ,１中住専,未改装,2100.0
1207,武庫川団地前,5.0,4.0,３ＬＤＫ,70.0,2021.0,32.0,ＳＲＣ,１中住専,未改装,1900.0
1210,武庫川団地前,15.0,4.0,３ＬＤＫ,70.0,2020.0,37.0,ＳＲＣ,１中住専,未改装,1200.0
1211,武庫川団地前,11.0,4.0,３ＬＤＫ,70.0,2020.0,30.0,ＳＲＣ,１中住専,未改装,1300.0
1213,武庫川団地前,10.0,4.0,３ＬＤＫ,70.0,2019.0,36.0,ＳＲＣ,１中住専,未改装,1100.0
1214,武庫川団地前,4.0,4.0,３ＬＤＫ,80.0,2019.0,27.0,ＲＣ,１中住専,未改装,2000.0
1215,武庫川団地前,11.0,4.0,３ＬＤＫ,95.0,2019.0,29.0,ＳＲＣ,１中住専,改装済み,2400.0
1217,武庫川団地前,9.0,3.0,２ＬＤＫ,65.0,2019.0,34.0,ＳＲＣ,１中住専,未改装,880.0
1219,武庫川団地前,12.0,4.0,３ＬＤＫ,95.0,2019.0,36.0,ＳＲＣ,１中住専,改装済み,1800.0
1220,武庫川団地前,10.0,3.0,２ＬＤＫ,65.0,2019.0,34.0,ＳＲＣ,１中住専,未改装,1100.0
1221,武庫川団地前,8.0,5.0,４ＬＤＫ,85.0,2019.0,24.0,ＲＣ,１中住専,改装済み,2500.0
1222,武庫川団地前,10.0,4.0,３ＬＤＫ,95.0,2019.0,36.0,ＳＲＣ,１中住専,改装済み,2000.0
1223,武庫川団地前,10.0,4.0,３ＬＤＫ,70.0,2019.0,36.0,ＳＲＣ,１中住専,未改装,1100.0
1224,武庫川団地前,6.0,4.0,３ＬＤＫ,70.0,2019.0,30.0,ＳＲＣ,１中住専,未改装,1500.0
1226,夙川,12.0,4.0,３ＬＤＫ,75.0,2024.0,37.0,ＲＣ,１中住専,改装済み,2000.0
1227,夙川,14.0,4.0,３ＬＤＫ,70.0,2023.0,10.0,ＲＣ,１低住専,未改装,5500.0
1228,夙川,14.0,4.0,３ＬＤＫ,70.0,2022.0,9.0,ＲＣ,１低住専,未改装,5700.0
1229,夙川,13.0,4.0,３ＬＤＫ,75.0,2022.0,54.0,ＲＣ,１中住専,未改装,2000.0
1230,夙川,13.0,4.0,３ＬＤＫ,95.0,2022.0,54.0,ＲＣ,１中住専,未改装,1800.0
1231,夙川,12.0,4.0,３ＬＤＫ,60.0,2022.0,35.0,ＲＣ,１中住専,未改装,1500.0
1232,夙川,12.0,3.0,２ＬＤＫ,70.0,2021.0,34.0,ＲＣ,１中住専,未改装,930.0
1234,夙川,13.0,4.0,３ＬＤＫ,75.0,2020.0,7.0,ＲＣ,１低住専,未改装,5300.0
1235,西宮北口,11.0,3.0,２ＬＤＫ,65.0,2024.0,25.0,ＲＣ,準工業,未改装,2700.0
1236,西宮北口,11.0,4.0,３ＬＤＫ,70.0,2023.0,26.0,ＲＣ,準工業,未改装,3300.0
1237,西宮北口,10.0,4.0,３ＬＤＫ,70.0,2022.0,25.0,ＲＣ,準工業,未改装,3000.0
1238,西宮北口,11.0,3.0,２ＬＤＫ,55.0,2022.0,47.0,ＳＲＣ,準工業,未改装,1800.0
1242,西宮北口,11.0,4.0,３ＬＤＫ,60.0,2021.0,46.0,ＳＲＣ,準工業,未改装,1200.0
1244,西宮北口,15.0,3.0,２ＬＤＫ,60.0,2020.0,45.0,ＳＲＣ,準工業,改装済み,2200.0
1247,西宮北口,10.0,3.0,２ＬＤＫ,65.0,2020.0,45.0,ＳＲＣ,準工業,改装済み,1800.0
1248,西宮北口,10.0,4.0,３ＬＤＫ,60.0,2019.0,44.0,ＳＲＣ,準工業,未改装,1300.0
1251,西宮北口,11.0,5.0,４ＬＤＫ,65.0,2019.0,44.0,ＳＲＣ,準工業,未改装,1500.0
1252,西宮北口,16.0,3.0,２ＬＤＫ,60.0,2019.0,44.0,ＳＲＣ,準工業,改装済み,2000.0
1253,西宮北口,3.0,4.0,３ＬＤＫ,75.0,2024.0,16.0,ＲＣ,商業,未改装,8400.0
1254,西宮北口,3.0,3.0,２ＬＤＫ,60.0,2023.0,15.0,ＲＣ,商業,未改装,6600.0
1257,西宮北口,4.0,3.0,１ＬＤＫ＋Ｓ,60.0,2022.0,14.0,ＲＣ,商業,未改装,6900.0
1258,西宮北口,4.0,3.0,２ＬＤＫ,60.0,2022.0,9.0,ＲＣ,近隣商業,未改装,3900.0
1260,西宮北口,3.0,4.0,３ＬＤＫ,70.0,2022.0,14.0,ＲＣ,商業,未改装,7600.0
1265,西宮北口,3.0,3.0,２ＤＫ,75.0,2019.0,11.0,ＲＣ,商業,改装済み,1600.0
1266,西宮北口,4.0,3.0,２ＬＤＫ,65.0,2019.0,6.0,ＲＣ,近隣商業,未改装,5200.0
1267,西宮北口,3.0,3.0,１ＬＤＫ＋Ｓ,75.0,2019.0,11.0,ＲＣ,商業,改装済み,7200.0
1268,西宮北口,9.0,4.0,３ＬＤＫ,75.0,2023.0,18.0,ＲＣ,１種住居,未改装,4000.0
1269,西宮北口,9.0,3.0,２ＬＤＫ,60.0,2022.0,4.0,ＲＣ,２中住専,未改装,5200.0
1270,西宮北口,9.0,4.0,３ＬＤＫ,80.0,2022.0,17.0,ＲＣ,１種住居,未改装,5000.0
1271,西宮北口,11.0,4.0,３ＬＤＫ,65.0,2022.0,17.0,ＲＣ,１種住居,未改装,4000.0
1274,西宮北口,10.0,4.0,３ＬＤＫ,65.0,2019.0,20.0,ＳＲＣ,１種住居,改装済み,3400.0
1276,西宮北口,11.0,4.0,３ＬＤＫ,70.0,2019.0,5.0,ＲＣ,準工業,未改装,3900.0
1277,仁川,15.0,4.0,３ＬＤＫ,65.0,2023.0,4.0,ＲＣ,１種住居,未改装,3400.0
1279,仁川,19.0,4.0,３ＬＤＫ,100.0,2021.0,35.0,ＲＣ,１種住居,改装済み,2400.0
1280,仁川,19.0,4.0,２ＬＤＫ＋Ｓ,60.0,2020.0,21.0,ＲＣ,準工業,改装済み,2100.0
1282,仁川,20.0,4.0,３ＬＤＫ,75.0,2020.0,34.0,ＲＣ,１種住居,改装済み,1700.0
1284,香櫨園,10.0,4.0,３ＬＤＫ,70.0,2023.0,22.0,ＲＣ,１種住居,未改装,3500.0
1287,香櫨園,9.0,4.0,３ＬＤＫ,75.0,2020.0,22.0,ＲＣ,１種住居,改装済み,3500.0
1288,香櫨園,12.0,4.0,３ＬＤＫ,60.0,2020.0,23.0,ＲＣ,２中住専,改装済み,3100.0
1291,香櫨園,9.0,3.0,２ＬＤＫ,60.0,2019.0,21.0,ＲＣ,１種住居,未改装,2400.0
1292,西宮(阪神),2.0,4.0,３ＬＤＫ,80.0,2023.0,20.0,ＳＲＣ,商業,未改装,6000.0
1293,西宮(阪神),2.0,4.0,３ＬＤＫ,70.0,2023.0,20.0,ＳＲＣ,商業,改装済み,5400.0
1294,西宮(阪神),3.0,2.0,１ＬＤＫ,55.0,2020.0,14.0,ＲＣ,商業,未改装,3900.0
1295,西宮(阪神),3.0,4.0,３ＬＤＫ,65.0,2020.0,14.0,ＲＣ,商業,未改装,4500.0
1297,西宮(阪神),3.0,5.0,４ＬＤＫ,120.0,2019.0,16.0,ＲＣ,商業,未改装,7300.0
1298,西宮(阪神),3.0,4.0,３ＬＤＫ,75.0,2019.0,13.0,ＲＣ,商業,改装済み,5100.0
1299,西宮(阪神),3.0,2.0,１ＬＤＫ,55.0,2019.0,13.0,ＲＣ,商業,改装済み,3900.0
1300,西宮(阪神),2.0,3.0,２ＬＤＫ,80.0,2019.0,16.0,ＳＲＣ,商業,未改装,5000.0
1301,甲東園,7.0,4.0,３ＬＤＫ,95.0,2024.0,21.0,ＲＣ,１中住専,未改装,3600.0
1302,甲東園,8.0,5.0,４ＬＤＫ,95.0,2023.0,20.0,ＲＣ,１中住専,未改装,4400.0
1304,甲東園,7.0,4.0,３ＬＤＫ,70.0,2020.0,17.0,ＲＣ,１中住専,改装済み,3400.0
1305,甲東園,16.0,4.0,３ＬＤＫ,75.0,2020.0,41.0,ＲＣ,１中住専,改装済み,1400.0
1306,甲東園,16.0,4.0,３ＬＤＫ,65.0,2020.0,41.0,ＲＣ,１中住専,改装済み,1400.0
1310,仁川,9.0,4.0,３ＬＤＫ,75.0,2024.0,18.0,ＲＣ,１中住専,未改装,4300.0
1311,仁川,20.0,3.0,２ＬＤＫ,65.0,2024.0,45.0,ＲＣ,１中住専,改装済み,1200.0
1313,仁川,8.0,5.0,４ＬＤＫ,90.0,2024.0,14.0,ＲＣ,１中住専,未改装,6000.0
1314,仁川,12.0,4.0,３ＬＤＫ,65.0,2023.0,20.0,ＲＣ,１中住専,未改装,3300.0
1315,仁川,18.0,5.0,４ＬＤＫ,75.0,2023.0,37.0,ＲＣ,１中住専,改装済み,2300.0
1316,仁川,8.0,4.0,３ＬＤＫ,80.0,2022.0,12.0,ＲＣ,２中住専,未改装,4800.0
1317,仁川,10.0,4.0,３ＬＤＫ,75.0,2022.0,16.0,ＲＣ,１中住専,改装済み,4800.0
1318,仁川,11.0,4.0,３ＬＤＫ,65.0,2022.0,19.0,ＲＣ,１中住専,未改装,3100.0
1319,仁川,9.0,4.0,３ＬＤＫ,70.0,2022.0,19.0,ＲＣ,１中住専,未改装,3200.0
1320,仁川,9.0,3.0,２ＬＤＫ,75.0,2022.0,16.0,ＲＣ,２中住専,未改装,3600.0
1321,仁川,11.0,4.0,３ＬＤＫ,70.0,2021.0,18.0,ＲＣ,１中住専,未改装,3400.0
1322,仁川,18.0,4.0,３ＬＤＫ,65.0,2021.0,42.0,ＲＣ,１中住専,未改装,1000.0
1323,仁川,10.0,4.0,３ＬＤＫ,60.0,2021.0,18.0,ＲＣ,１中住専,改装済み,3400.0
1324,仁川,11.0,4.0,３ＬＤＫ,70.0,2021.0,18.0,ＲＣ,１中住専,未改装,3300.0
1325,仁川,18.0,4.0,３ＬＤＫ,70.0,2020.0,34.0,ＲＣ,１中住専,未改装,1500.0
1327,仁川,9.0,4.0,３ＬＤＫ,70.0,2020.0,14.0,ＲＣ,２中住専,未改装,3200.0
1330,仁川,7.0,5.0,４ＬＤＫ,85.0,2020.0,12.0,ＲＣ,２中住専,未改装,3800.0
1332,仁川,9.0,5.0,４ＬＤＫ,80.0,2019.0,16.0,ＲＣ,１中住専,未改装,3500.0
1333,さくら夙川,4.0,2.0,１ＬＤＫ,85.0,2023.0,36.0,ＲＣ,１中住専,未改装,2500.0
1334,さくら夙川,3.0,4.0,３ＬＤＫ,75.0,2022.0,24.0,ＲＣ,１中住専,未改装,4300.0
1336,さくら夙川,4.0,4.0,３ＬＤＫ,80.0,2021.0,34.0,ＲＣ,１中住専,未改装,3500.0
1338,さくら夙川,3.0,3.0,２ＬＤＫ,80.0,2019.0,21.0,ＲＣ,１中住専,未改装,4700.0
1339,さくら夙川,4.0,3.0,２ＬＤＫ,80.0,2019.0,32.0,ＲＣ,１中住専,未改装,3700.0
1340,今津(阪神),9.0,4.0,３ＬＤＫ,65.0,2023.0,22.0,ＲＣ,１種住居,未改装,3300.0
1342,西宮(ＪＲ),8.0,4.0,３ＬＤＫ,75.0,2022.0,26.0,ＲＣ,近隣商業,未改装,3500.0
1343,阪神国道,3.0,4.0,３ＬＤＫ,65.0,2024.0,10.0,ＲＣ,１種住居,未改装,3500.0
1344,阪神国道,4.0,3.0,２ＬＤＫ,55.0,2023.0,8.0,ＲＣ,１種住居,未改装,3300.0
1345,阪神国道,2.0,4.0,３ＬＤＫ,65.0,2023.0,27.0,ＲＣ,近隣商業,未改装,340.0
1346,阪神国道,4.0,4.0,３ＬＤＫ,65.0,2020.0,5.0,ＲＣ,１種住居,未改装,3700.0
1347,阪神国道,4.0,4.0,３ＬＤＫ,65.0,2019.0,4.0,ＲＣ,１種住居,改装済み,3700.0
1348,今津(阪神),12.0,4.0,３ＬＤＫ,65.0,2023.0,22.0,ＲＣ,工業,改装済み,3700.0
1349,今津(阪神),12.0,4.0,３ＬＤＫ,65.0,2022.0,21.0,ＲＣ,工業,未改装,2700.0
1350,今津(阪神),13.0,3.0,２ＬＤＫ,65.0,2020.0,12.0,ＲＣ,工業,未改装,3300.0
1351,阪神国道,6.0,4.0,３ＬＤＫ,65.0,2024.0,26.0,ＲＣ,準工業,改装済み,3700.0
1352,阪神国道,6.0,4.0,３ＬＤＫ,70.0,2023.0,25.0,ＲＣ,準工業,未改装,3000.0
1353,阪神国道,6.0,4.0,３ＬＤＫ,70.0,2022.0,24.0,ＲＣ,準工業,未改装,3300.0
1354,阪神国道,4.0,3.0,２ＬＤＫ,65.0,2022.0,14.0,ＲＣ,工業,未改装,3500.0
1355,阪神国道,5.0,4.0,３ＬＤＫ,70.0,2020.0,22.0,ＲＣ,準工業,改装済み,3200.0
1356,西宮(ＪＲ),7.0,4.0,３ＬＤＫ,65.0,2024.0,25.0,ＲＣ,近隣商業,未改装,3600.0
1358,西宮(ＪＲ),7.0,3.0,２ＬＤＫ,65.0,2023.0,24.0,ＲＣ,近隣商業,未改装,3600.0
1360,西宮(ＪＲ),8.0,4.0,３ＬＤＫ,50.0,2022.0,21.0,ＲＣ,準工業,未改装,3200.0
1361,西宮(ＪＲ),8.0,4.0,３ＬＤＫ,70.0,2022.0,27.0,ＲＣ,２種住居,改装済み,3900.0
1362,西宮(ＪＲ),7.0,3.0,２ＬＤＫ,70.0,2022.0,23.0,ＲＣ,近隣商業,未改装,3600.0
1363,西宮(ＪＲ),7.0,3.0,２ＬＤＫ,60.0,2022.0,23.0,ＲＣ,近隣商業,未改装,3200.0
1364,西宮(ＪＲ),7.0,4.0,３ＬＤＫ,65.0,2022.0,23.0,ＲＣ,近隣商業,未改装,3300.0
1365,西宮(ＪＲ),7.0,4.0,３ＬＤＫ,75.0,2022.0,23.0,ＲＣ,近隣商業,未改装,3900.0
1366,西宮(ＪＲ),7.0,5.0,４ＬＤＫ,70.0,2022.0,23.0,ＲＣ,近隣商業,改装済み,1700.0
1368,西宮(ＪＲ),7.0,3.0,２ＬＤＫ,60.0,2022.0,23.0,ＲＣ,近隣商業,改装済み,3800.0
1369,西宮(ＪＲ),7.0,4.0,３ＬＤＫ,70.0,2022.0,14.0,ＲＣ,近隣商業,改装済み,3900.0
1370,西宮(ＪＲ),6.0,3.0,２ＬＤＫ,70.0,2021.0,22.0,ＲＣ,近隣商業,未改装,3500.0
1371,西宮(ＪＲ),5.0,4.0,３ＬＤＫ,70.0,2021.0,25.0,ＳＲＣ,近隣商業,改装済み,3600.0
1373,西宮(ＪＲ),8.0,3.0,２ＬＤＫ,60.0,2020.0,19.0,ＲＣ,準工業,改装済み,3300.0
1375,西宮(ＪＲ),7.0,4.0,３ＬＤＫ,75.0,2020.0,21.0,ＲＣ,近隣商業,未改装,4100.0
1378,西宮(ＪＲ),5.0,4.0,３ＬＤＫ,70.0,2019.0,25.0,ＲＣ,準工業,未改装,3300.0
1383,阪神国道,2.0,3.0,２ＬＤＫ,70.0,2023.0,15.0,ＲＣ,近隣商業,未改装,4300.0
1384,阪神国道,2.0,4.0,３ＬＤＫ,70.0,2023.0,15.0,ＲＣ,近隣商業,改装済み,4300.0
1385,阪神国道,4.0,4.0,３ＬＤＫ,70.0,2019.0,18.0,ＲＣ,準工業,改装済み,3700.0
1386,阪神国道,2.0,4.0,３ＬＤＫ,70.0,2019.0,11.0,ＲＣ,近隣商業,改装済み,3600.0
1387,今津(阪神),2.0,3.0,２ＬＤＫ,60.0,2023.0,19.0,ＲＣ,商業,未改装,3400.0
1388,今津(阪神),2.0,3.0,２ＬＤＫ,55.0,2023.0,26.0,ＲＣ,近隣商業,改装済み,3100.0
1389,今津(阪神),2.0,2.0,１ＬＤＫ,50.0,2023.0,26.0,ＲＣ,近隣商業,未改装,2200.0
1390,今津(阪神),2.0,4.0,３ＬＤＫ,50.0,2023.0,18.0,ＲＣ,近隣商業,未改装,1800.0
1391,今津(阪神),3.0,4.0,３ＬＤＫ,65.0,2023.0,9.0,ＲＣ,近隣商業,未改装,3700.0
1392,今津(阪神),2.0,4.0,３ＬＤＫ,60.0,2022.0,25.0,ＲＣ,近隣商業,未改装,2600.0
1396,今津(阪神),2.0,3.0,２ＬＤＫ,65.0,2020.0,16.0,ＲＣ,商業,未改装,1100.0
1398,今津(阪神),2.0,2.0,１Ｋ,15.0,2024.0,39.0,鉄骨造,商業,未改装,350.0
1399,今津(阪神),1.0,4.0,３ＬＤＫ,60.0,2024.0,24.0,ＳＲＣ,商業,未改装,2000.0
1400,今津(阪神),2.0,2.0,１Ｋ,15.0,2023.0,38.0,鉄骨造,商業,未改装,380.0
1401,今津(阪神),2.0,2.0,１ＤＫ,15.0,2022.0,37.0,鉄骨造,商業,未改装,300.0
1404,今津(阪神),2.0,2.0,１ＤＫ,25.0,2020.0,31.0,ＲＣ,商業,未改装,550.0
1405,今津(阪神),1.0,4.0,３ＬＤＫ,70.0,2020.0,20.0,ＳＲＣ,商業,改装済み,3300.0
1408,今津(阪神),8.0,3.0,２ＤＫ,55.0,2019.0,16.0,ＲＣ,１種住居,未改装,3200.0
1410,西宮(阪神),4.0,2.0,１ＤＫ,25.0,2019.0,30.0,ＲＣ,商業,未改装,670.0
1411,今津(阪神),6.0,4.0,３ＬＤＫ,55.0,2022.0,26.0,ＳＲＣ,１種住居,改装済み,2900.0
1413,今津(阪神),6.0,4.0,３ＬＤＫ,60.0,2021.0,25.0,ＳＲＣ,１種住居,改装済み,3000.0
1414,今津(阪神),6.0,4.0,３ＬＤＫ,55.0,2021.0,25.0,ＳＲＣ,１種住居,改装済み,2000.0
1415,今津(阪神),6.0,3.0,２ＬＤＫ,60.0,2019.0,23.0,ＳＲＣ,１種住居,改装済み,2300.0
1416,今津(阪神),8.0,4.0,３ＬＤＫ,55.0,2019.0,23.0,ＳＲＣ,１種住居,改装済み,2100.0
1417,西宮(ＪＲ),6.0,4.0,３ＬＤＫ,75.0,2021.0,32.0,ＳＲＣ,１種住居,未改装,2400.0
1418,西宮(ＪＲ),6.0,4.0,３ＬＤＫ,75.0,2019.0,35.0,ＲＣ,１種住居,未改装,1600.0
1420,甲子園口,8.0,4.0,３ＬＤＫ,70.0,2021.0,12.0,ＲＣ,１中住専,改装済み,4400.0
1421,甲子園口,8.0,4.0,３ＬＤＫ,100.0,2021.0,34.0,ＲＣ,１中住専,改装済み,4000.0
1422,甲子園口,8.0,4.0,３ＬＤＫ,70.0,2021.0,12.0,ＲＣ,１中住専,未改装,4500.0
1423,甲子園口,8.0,4.0,３ＬＤＫ,80.0,2021.0,12.0,ＲＣ,１中住専,未改装,4400.0
1424,甲子園口,7.0,5.0,４ＬＤＫ,100.0,2021.0,34.0,ＲＣ,１中住専,未改装,3000.0
1425,甲子園口,8.0,5.0,４ＬＤＫ,90.0,2021.0,20.0,ＲＣ,１中住専,改装済み,4700.0
1426,甲子園口,8.0,5.0,４ＬＤＫ,85.0,2020.0,33.0,ＲＣ,１中住専,未改装,2500.0
1427,甲子園口,8.0,4.0,３ＬＤＫ,75.0,2019.0,10.0,ＲＣ,１中住専,未改装,4400.0
1428,さくら夙川,6.0,3.0,２ＬＤＫ,65.0,2019.0,35.0,ＲＣ,１中住専,改装済み,2300.0
1429,さくら夙川,6.0,3.0,２ＬＤＫ,60.0,2019.0,35.0,ＲＣ,１中住専,改装済み,2300.0
1431,西宮(阪神),7.0,4.0,３ＬＤＫ,65.0,2023.0,30.0,ＲＣ,近隣商業,改装済み,3600.0
1432,西宮(阪神),7.0,4.0,３ＬＤＫ,65.0,2023.0,30.0,ＲＣ,近隣商業,改装済み,3900.0
1433,西宮(阪神),7.0,5.0,４ＬＤＫ,95.0,2023.0,30.0,ＲＣ,近隣商業,未改装,4600.0
1435,西宮(阪神),7.0,4.0,３ＬＤＫ,65.0,2022.0,29.0,ＲＣ,近隣商業,未改装,2900.0
1436,西宮(阪神),7.0,4.0,３ＬＤＫ,80.0,2019.0,26.0,ＲＣ,近隣商業,未改装,3500.0
1437,甲子園口,8.0,4.0,３ＬＤＫ,65.0,2023.0,51.0,ＲＣ,１中住専,改装済み,2400.0
1438,甲子園口,8.0,4.0,３ＬＤＫ,65.0,2023.0,51.0,ＲＣ,１中住専,改装済み,2300.0
1439,甲子園口,8.0,3.0,２ＬＤＫ,65.0,2023.0,51.0,ＲＣ,１中住専,改装済み,2400.0
1441,甲子園口,8.0,3.0,２ＬＤＫ,65.0,2022.0,50.0,ＳＲＣ,１中住専,改装済み,2400.0
1443,甲子園口,8.0,4.0,３ＬＤＫ,80.0,2020.0,48.0,ＲＣ,１中住専,改装済み,2500.0
1444,甲子園口,8.0,4.0,３ＬＤＫ,80.0,2020.0,48.0,ＲＣ,１中住専,改装済み,2800.0
1446,西宮(阪神),3.0,4.0,３ＬＤＫ,65.0,2024.0,18.0,ＲＣ,商業,未改装,3400.0
1448,西宮(阪神),3.0,4.0,３ＬＤＫ,60.0,2023.0,17.0,ＲＣ,商業,未改装,3700.0
1449,西宮(阪神),3.0,5.0,４ＬＤＫ,80.0,2022.0,16.0,ＲＣ,商業,未改装,5000.0
1450,西宮(阪神),4.0,3.0,２ＬＤＫ,55.0,2021.0,15.0,ＲＣ,商業,改装済み,3400.0
1452,西宮(阪神),3.0,4.0,３ＬＤＫ,75.0,2019.0,13.0,ＲＣ,商業,未改装,3900.0
1453,夙川,9.0,3.0,２ＬＤＫ,40.0,2021.0,24.0,ＲＣ,１低住専,未改装,1600.0
1456,甲子園,10.0,5.0,４ＬＤＫ,80.0,2019.0,22.0,ＲＣ,１種住居,改装済み,3500.0
1457,甲子園口,10.0,5.0,４ＬＤＫ,80.0,2023.0,19.0,ＲＣ,１種住居,未改装,4100.0
1461,甲子園口,11.0,5.0,４ＬＤＫ,90.0,2020.0,34.0,ＲＣ,１種住居,未改装,2800.0
1463,甲子園口,11.0,4.0,３ＬＤＫ,55.0,2019.0,22.0,ＲＣ,１種住居,未改装,2300.0
1464,西宮(ＪＲ),11.0,4.0,３ＬＤＫ,70.0,2020.0,22.0,ＲＣ,１種住居,改装済み,3600.0
1465,西宮北口,11.0,4.0,３ＬＤＫ,75.0,2022.0,4.0,ＲＣ,１中住専,未改装,5400.0
1466,西宮北口,11.0,5.0,４ＬＤＫ,85.0,2022.0,4.0,ＲＣ,１中住専,改装済み,5800.0
1469,香櫨園,5.0,3.0,２ＬＤＫ,70.0,2021.0,19.0,ＲＣ,１中住専,未改装,3400.0
1470,西宮(ＪＲ),10.0,4.0,３ＬＤＫ,75.0,2023.0,19.0,ＲＣ,１種住居,未改装,4000.0
1471,西宮(ＪＲ),10.0,4.0,３ＬＤＫ,70.0,2023.0,19.0,ＲＣ,１種住居,未改装,3900.0
1473,西宮(ＪＲ),10.0,3.0,２ＬＤＫ,70.0,2022.0,18.0,ＲＣ,１種住居,未改装,3700.0
1474,西宮(ＪＲ),13.0,2.0,１Ｋ,15.0,2021.0,35.0,ＲＣ,近隣商業,改装済み,600.0
1476,西宮(ＪＲ),12.0,4.0,３ＬＤＫ,70.0,2021.0,23.0,ＳＲＣ,近隣商業,未改装,3200.0
1477,西宮(ＪＲ),9.0,3.0,２ＬＤＫ,55.0,2020.0,16.0,ＲＣ,１種住居,未改装,2500.0
1478,西宮(ＪＲ),8.0,4.0,３ＬＤＫ,65.0,2019.0,15.0,ＲＣ,１種住居,未改装,3300.0
1479,西宮(ＪＲ),13.0,1.0,１Ｒ,15.0,2019.0,33.0,ＲＣ,近隣商業,未改装,390.0
1480,西宮(阪神),11.0,4.0,３ＬＤＫ,65.0,2024.0,24.0,ＲＣ,近隣商業,改装済み,3400.0
1482,西宮(阪神),12.0,4.0,３ＬＤＫ,70.0,2019.0,21.0,ＳＲＣ,１種住居,改装済み,3000.0
1483,西宮北口,19.0,4.0,３ＬＤＫ,70.0,2022.0,25.0,ＲＣ,１種住居,未改装,2900.0
1485,西宮名塩,6.0,4.0,３ＬＤＫ,70.0,2021.0,25.0,ＲＣ,２中住専,未改装,950.0
1486,西宮名塩,8.0,4.0,３ＬＤＫ,70.0,2021.0,25.0,ＲＣ,２中住専,未改装,650.0
1487,西宮名塩,6.0,4.0,３ＬＤＫ,70.0,2020.0,24.0,ＲＣ,２中住専,未改装,1300.0
1488,西宮名塩,6.0,4.0,３ＬＤＫ,70.0,2019.0,23.0,ＲＣ,２中住専,未改装,700.0
1489,西宮名塩,26.0,4.0,３ＬＤＫ,65.0,2024.0,29.0,ＲＣ,１低住専,未改装,500.0
1490,西宮名塩,26.0,3.0,２ＬＤＫ,65.0,2023.0,28.0,ＲＣ,１低住専,未改装,600.0
1491,西宮名塩,26.0,4.0,３ＬＤＫ,65.0,2021.0,26.0,ＲＣ,１低住専,未改装,490.0
1493,西宮名塩,1.0,5.0,４ＬＤＫ,85.0,2021.0,13.0,ＲＣ,商業,未改装,3200.0
1494,西宮名塩,8.0,5.0,４ＬＤＫ,95.0,2020.0,15.0,ＲＣ,１中住専,改装済み,2200.0
1496,苦楽園口,5.0,4.0,３ＬＤＫ,65.0,2024.0,23.0,ＲＣ,１中住専,改装済み,4300.0
1497,苦楽園口,6.0,3.0,２ＬＤＫ,125.0,2022.0,33.0,ＲＣ,１中住専,改装済み,5100.0
1498,苦楽園口,6.0,5.0,４ＬＤＫ,105.0,2022.0,24.0,ＲＣ,１中住専,未改装,4800.0
1500,苦楽園口,5.0,3.0,２ＬＤＫ,90.0,2021.0,20.0,ＲＣ,１中住専,改装済み,5000.0
1501,苦楽園口,6.0,4.0,３ＬＤＫ,70.0,2021.0,20.0,ＲＣ,１中住専,未改装,3800.0
1502,苦楽園口,5.0,3.0,２ＬＤＫ,65.0,2021.0,20.0,ＲＣ,１中住専,未改装,3600.0
1504,宝塚,9.0,4.0,３ＬＤＫ,70.0,2024.0,6.0,ＲＣ,１種住居,改装済み,4200.0
1505,宝塚,9.0,5.0,４ＬＤＫ,75.0,2023.0,5.0,ＲＣ,１種住居,未改装,4300.0
1506,宝塚,10.0,4.0,３ＬＤＫ,80.0,2022.0,4.0,ＲＣ,１種住居,未改装,3500.0
1509,宝塚,16.0,4.0,３ＬＤＫ,75.0,2022.0,23.0,ＳＲＣ,２中住専,未改装,1900.0
1510,宝塚,16.0,5.0,４ＬＤＫ,75.0,2021.0,24.0,ＳＲＣ,２中住専,改装済み,1700.0
1511,宝塚,16.0,5.0,４ＬＤＫ,80.0,2021.0,22.0,ＳＲＣ,２中住専,未改装,3400.0
1516,宝塚,16.0,4.0,３ＬＤＫ,70.0,2019.0,22.0,ＳＲＣ,２中住専,改装済み,2500.0
1517,生瀬,12.0,4.0,３ＬＤＫ,75.0,2024.0,25.0,ＳＲＣ,２中住専,改装済み,2000.0
1518,生瀬,12.0,4.0,３ＬＤＫ,75.0,2024.0,25.0,ＳＲＣ,２中住専,改装済み,2200.0
1519,生瀬,12.0,4.0,３ＬＤＫ,75.0,2024.0,25.0,ＳＲＣ,２中住専,改装済み,2000.0
1520,生瀬,13.0,4.0,３ＬＤＫ,75.0,2024.0,27.0,ＳＲＣ,２中住専,未改装,1600.0
1521,生瀬,13.0,5.0,４ＬＤＫ,85.0,2023.0,26.0,ＳＲＣ,２中住専,未改装,1700.0
1522,生瀬,11.0,4.0,３ＬＤＫ,75.0,2023.0,26.0,ＳＲＣ,２中住専,未改装,2100.0
1523,生瀬,13.0,4.0,３ＬＤＫ,70.0,2022.0,25.0,ＳＲＣ,２中住専,未改装,1600.0
1525,生瀬,12.0,4.0,３ＬＤＫ,75.0,2022.0,23.0,ＳＲＣ,２中住専,未改装,1400.0
1526,生瀬,12.0,4.0,３ＬＤＫ,75.0,2021.0,22.0,ＳＲＣ,２中住専,未改装,1700.0
1527,生瀬,12.0,4.0,３ＬＤＫ,75.0,2021.0,22.0,ＳＲＣ,２中住専,改装済み,2200.0
1529,生瀬,10.0,4.0,３ＬＤＫ,70.0,2021.0,24.0,ＳＲＣ,２中住専,未改装,1600.0
1530,生瀬,12.0,4.0,３ＬＤＫ,75.0,2021.0,22.0,ＳＲＣ,２中住専,未改装,1400.0
1531,生瀬,12.0,4.0,３ＬＤＫ,75.0,2021.0,22.0,ＳＲＣ,２中住専,未改装,1700.0
1532,生瀬,12.0,4.0,３ＬＤＫ,75.0,2020.0,21.0,ＳＲＣ,２中住専,未改装,1500.0
1533,生瀬,12.0,4.0,３ＬＤＫ,95.0,2020.0,21.0,ＳＲＣ,２中住専,未改装,2400.0
1535,生瀬,12.0,4.0,３ＬＤＫ,75.0,2019.0,20.0,ＳＲＣ,２中住専,改装済み,2200.0
1536,鳴尾・武庫川女子大前,4.0,4.0,３ＬＤＫ,70.0,2023.0,19.0,ＲＣ,近隣商業,未改装,2000.0
1537,鳴尾・武庫川女子大前,5.0,4.0,３ＬＤＫ,65.0,2023.0,23.0,ＲＣ,近隣商業,改装済み,3600.0
1538,鳴尾・武庫川女子大前,6.0,4.0,３ＤＫ,40.0,2023.0,52.0,鉄骨造,１種住居,未改装,770.0
1540,鳴尾・武庫川女子大前,6.0,4.0,３ＬＤＫ,50.0,2022.0,24.0,ＲＣ,近隣商業,未改装,2300.0
1541,鳴尾・武庫川女子大前,7.0,4.0,３ＤＫ,40.0,2022.0,51.0,鉄骨造,１種住居,未改装,800.0
1544,鳴尾・武庫川女子大前,3.0,5.0,４ＬＤＫ,80.0,2021.0,17.0,ＲＣ,近隣商業,改装済み,4000.0
1545,鳴尾・武庫川女子大前,6.0,2.0,１ＤＫ,35.0,2021.0,50.0,鉄骨造,１種住居,改装済み,1400.0
1546,鳴尾・武庫川女子大前,7.0,4.0,３ＤＫ,50.0,2020.0,22.0,ＲＣ,２種住居,改装済み,2200.0
1547,鳴尾・武庫川女子大前,10.0,4.0,３ＬＤＫ,80.0,2019.0,24.0,ＲＣ,１種住居,改装済み,3300.0
1548,鳴尾・武庫川女子大前,6.0,4.0,３ＬＤＫ,65.0,2019.0,8.0,ＲＣ,１種住居,改装済み,3200.0
1549,鳴尾・武庫川女子大前,10.0,4.0,３ＬＤＫ,75.0,2019.0,24.0,ＲＣ,１種住居,未改装,2500.0
1550,鳴尾・武庫川女子大前,6.0,3.0,２ＬＤＫ,45.0,2019.0,48.0,鉄骨造,１種住居,未改装,1100.0
1551,苦楽園口,6.0,2.0,１ＬＤＫ,40.0,2022.0,14.0,ＲＣ,１中住専,未改装,2300.0
1553,夙川,8.0,3.0,２ＬＤＫ,65.0,2021.0,17.0,ＲＣ,１中住専,未改装,3200.0
1554,夙川,8.0,2.0,１ＬＤＫ,40.0,2020.0,16.0,ＲＣ,１中住専,改装済み,2300.0
1555,仁川,4.0,5.0,４ＬＤＫ,90.0,2023.0,8.0,ＲＣ,２低住専,未改装,5900.0
1556,仁川,9.0,4.0,３ＬＤＫ,75.0,2023.0,22.0,ＲＣ,１低住専,未改装,2700.0
1557,仁川,5.0,4.0,３ＬＤＫ,80.0,2022.0,7.0,ＲＣ,２低住専,未改装,4800.0
1558,仁川,6.0,4.0,３ＬＤＫ,75.0,2022.0,7.0,ＲＣ,２低住専,未改装,4700.0
1559,仁川,4.0,4.0,３ＬＤＫ,75.0,2022.0,7.0,ＲＣ,２低住専,未改装,4700.0
1560,仁川,10.0,4.0,３ＬＤＫ,95.0,2021.0,23.0,ＲＣ,１低住専,改装済み,3300.0
1562,仁川,11.0,4.0,３ＬＤＫ,65.0,2021.0,24.0,ＲＣ,１中住専,未改装,2500.0
1563,仁川,9.0,4.0,３ＬＤＫ,55.0,2021.0,23.0,ＲＣ,１低住専,未改装,1700.0
1565,仁川,5.0,4.0,３ＬＤＫ,80.0,2020.0,5.0,ＲＣ,２低住専,未改装,4900.0
1566,仁川,16.0,3.0,２ＬＤＫ,70.0,2023.0,22.0,ＲＣ,１低住専,未改装,2400.0
1567,仁川,16.0,4.0,３ＬＤＫ,75.0,2022.0,21.0,ＲＣ,１低住専,未改装,2800.0
1568,仁川,16.0,4.0,３ＬＤＫ,65.0,2021.0,20.0,ＲＣ,１低住専,未改装,2400.0
1570,夙川,14.0,2.0,１Ｋ,25.0,2023.0,15.0,ＲＣ,近隣商業,改装済み,1700.0
1571,夙川,14.0,2.0,１Ｋ,25.0,2023.0,15.0,ＲＣ,近隣商業,未改装,1500.0
1572,夙川,14.0,2.0,１Ｋ,25.0,2023.0,15.0,ＲＣ,近隣商業,未改装,1800.0
1575,西宮(阪神),11.0,2.0,１Ｋ,25.0,2021.0,13.0,ＲＣ,近隣商業,未改装,1400.0
1577,甲子園,30.0,3.0,２ＬＤＫ,120.0,2021.0,17.0,ＳＲＣ,１中住専,未改装,3600.0
1579,香櫨園,30.0,4.0,３ＬＤＫ,70.0,2021.0,23.0,ＳＲＣ,１中住専,改装済み,2000.0
1580,香櫨園,30.0,4.0,３ＬＤＫ,65.0,2021.0,23.0,ＳＲＣ,１中住専,未改装,1600.0
1581,香櫨園,30.0,4.0,３ＬＤＫ,70.0,2020.0,22.0,ＳＲＣ,１中住専,未改装,1200.0
1582,香櫨園,30.0,4.0,３ＬＤＫ,70.0,2020.0,22.0,ＳＲＣ,１中住専,未改装,1500.0
1583,西宮(阪神),30.0,5.0,４ＬＤＫ,85.0,2024.0,26.0,ＲＣ,１中住専,未改装,1900.0
1584,西宮(阪神),30.0,4.0,３ＬＤＫ,70.0,2024.0,26.0,ＳＲＣ,１中住専,未改装,1500.0
1585,西宮(阪神),30.0,4.0,３ＬＤＫ,70.0,2024.0,26.0,ＲＣ,１中住専,改装済み,2500.0
1586,西宮(阪神),30.0,4.0,３ＬＤＫ,70.0,2024.0,26.0,ＳＲＣ,１中住専,未改装,1800.0
1588,西宮(阪神),30.0,4.0,３ＬＤＫ,70.0,2023.0,25.0,ＳＲＣ,１中住専,改装済み,2400.0
1590,西宮(阪神),30.0,5.0,４ＬＤＫ,80.0,2023.0,25.0,ＳＲＣ,１中住専,改装済み,3000.0
1591,西宮(阪神),30.0,5.0,４ＬＤＫ,100.0,2023.0,19.0,ＳＲＣ,１中住専,未改装,3800.0
1592,西宮(阪神),30.0,4.0,３ＬＤＫ,70.0,2023.0,25.0,ＲＣ,１中住専,未改装,1900.0
1593,西宮(阪神),30.0,2.0,１ＬＤＫ,65.0,2023.0,25.0,ＳＲＣ,１中住専,未改装,1600.0
1594,西宮(阪神),30.0,5.0,４ＬＤＫ,95.0,2023.0,19.0,ＳＲＣ,１中住専,未改装,4200.0
1595,西宮(阪神),30.0,4.0,３ＬＤＫ,65.0,2023.0,25.0,ＳＲＣ,１中住専,未改装,2000.0
1596,西宮(阪神),30.0,4.0,３ＬＤＫ,80.0,2023.0,25.0,ＳＲＣ,１中住専,未改装,1800.0
1597,西宮(阪神),30.0,4.0,３ＬＤＫ,70.0,2023.0,25.0,ＳＲＣ,１中住専,改装済み,2300.0
1598,西宮(阪神),30.0,4.0,３ＬＤＫ,65.0,2022.0,24.0,ＳＲＣ,１中住専,改装済み,2600.0
1601,西宮(阪神),30.0,4.0,３ＬＤＫ,80.0,2022.0,24.0,ＳＲＣ,１中住専,未改装,1700.0
1602,西宮(阪神),30.0,4.0,３ＬＤＫ,80.0,2022.0,24.0,ＳＲＣ,１中住専,未改装,2100.0
1603,西宮(阪神),30.0,4.0,３ＬＤＫ,75.0,2022.0,24.0,ＳＲＣ,１中住専,未改装,1700.0
1604,西宮(阪神),30.0,4.0,３ＬＤＫ,65.0,2022.0,23.0,ＳＲＣ,近隣商業,未改装,2600.0
1605,西宮(阪神),30.0,4.0,３ＬＤＫ,70.0,2022.0,24.0,ＳＲＣ,１中住専,未改装,1700.0
1606,西宮(阪神),30.0,4.0,３ＬＤＫ,70.0,2022.0,24.0,ＲＣ,１中住専,改装済み,2800.0
1607,西宮(阪神),30.0,4.0,３ＬＤＫ,95.0,2022.0,18.0,ＳＲＣ,１中住専,未改装,5100.0
1608,西宮(阪神),30.0,4.0,３ＬＤＫ,70.0,2022.0,24.0,ＲＣ,１中住専,未改装,1200.0
1609,西宮(阪神),30.0,4.0,３ＬＤＫ,70.0,2022.0,24.0,ＳＲＣ,１中住専,未改装,1700.0
1610,西宮(阪神),30.0,4.0,３ＬＤＫ,85.0,2022.0,18.0,ＳＲＣ,１中住専,改装済み,3200.0
1612,西宮(阪神),30.0,5.0,４ＬＤＫ,85.0,2022.0,24.0,ＳＲＣ,１中住専,未改装,2300.0
1614,西宮(阪神),30.0,4.0,３ＬＤＫ,90.0,2021.0,22.0,ＳＲＣ,近隣商業,改装済み,2700.0
1616,西宮(阪神),30.0,4.0,３ＬＤＫ,70.0,2021.0,26.0,ＳＲＣ,１中住専,改装済み,1900.0
1618,西宮(阪神),30.0,5.0,３ＬＤＫ＋Ｓ,80.0,2021.0,23.0,ＲＣ,１中住専,改装済み,2500.0
1620,西宮(阪神),30.0,4.0,３ＬＤＫ,70.0,2021.0,23.0,ＲＣ,１中住専,未改装,1900.0
1621,西宮(阪神),30.0,4.0,３ＬＤＫ,70.0,2021.0,23.0,ＳＲＣ,１中住専,未改装,1500.0
1625,西宮(阪神),30.0,4.0,３ＬＤＫ,70.0,2021.0,23.0,ＳＲＣ,１中住専,改装済み,1800.0
1626,西宮(阪神),30.0,4.0,３ＬＤＫ,70.0,2021.0,23.0,ＳＲＣ,１中住専,改装済み,2000.0
1629,西宮(阪神),30.0,3.0,２ＬＤＫ,120.0,2021.0,17.0,ＳＲＣ,１中住専,改装済み,3800.0
1633,西宮(阪神),30.0,4.0,３ＬＤＫ,65.0,2020.0,22.0,ＳＲＣ,１中住専,未改装,1200.0
1636,西宮(阪神),30.0,4.0,３ＬＤＫ,70.0,2020.0,22.0,ＳＲＣ,１中住専,未改装,1500.0
1639,西宮(阪神),30.0,5.0,４ＬＤＫ,80.0,2020.0,22.0,ＲＣ,１中住専,改装済み,2100.0
1640,西宮(阪神),30.0,5.0,４ＬＤＫ,85.0,2020.0,22.0,ＳＲＣ,１中住専,改装済み,2400.0
1641,西宮(阪神),30.0,5.0,４ＬＤＫ,80.0,2019.0,21.0,ＳＲＣ,１中住専,改装済み,2100.0
1642,西宮(阪神),30.0,5.0,４ＬＤＫ,85.0,2019.0,22.0,ＳＲＣ,１中住専,未改装,2000.0
1643,西宮(阪神),30.0,4.0,３ＬＤＫ,75.0,2019.0,21.0,ＲＣ,１中住専,改装済み,2200.0
1644,西宮(阪神),30.0,4.0,３ＬＤＫ,65.0,2019.0,21.0,ＳＲＣ,１中住専,未改装,1600.0
1645,西宮(阪神),30.0,4.0,３ＬＤＫ,75.0,2019.0,21.0,ＳＲＣ,１中住専,未改装,1900.0
1646,西宮(阪神),30.0,5.0,４ＬＤＫ,85.0,2019.0,21.0,ＲＣ,１中住専,未改装,1900.0
1649,西宮(阪神),30.0,4.0,３ＬＤＫ,75.0,2019.0,21.0,ＳＲＣ、ＲＣ,１中住専,未改装,2000.0
1650,西宮(阪神),30.0,4.0,３ＬＤＫ,70.0,2019.0,21.0,ＳＲＣ、ＲＣ,１中住専,改装済み,1400.0
1651,西宮(阪神),30.0,5.0,４ＬＤＫ,85.0,2019.0,20.0,ＲＣ,近隣商業,未改装,2400.0
1654,西宮(阪神),30.0,4.0,３ＬＤＫ,70.0,2019.0,21.0,ＳＲＣ,１中住専,改装済み,1900.0
1656,西宮(阪神),30.0,4.0,３ＬＤＫ,70.0,2019.0,21.0,ＳＲＣ,１中住専,未改装,1500.0
1660,甲陽園,14.0,5.0,４ＬＤＫ,100.0,2020.0,13.0,ＲＣ,１中住専,未改装,3500.0
1661,甲陽園,15.0,4.0,３ＬＤＫ,70.0,2020.0,35.0,ＲＣ,１中住専,未改装,710.0
1662,西宮北口,14.0,4.0,３ＬＤＫ,70.0,2021.0,11.0,ＲＣ,２中住専,未改装,3500.0
1663,西宮北口,14.0,4.0,３ＬＤＫ,90.0,2021.0,11.0,ＲＣ,２中住専,未改装,4700.0
1664,門戸厄神,15.0,4.0,３ＬＤＫ,70.0,2021.0,11.0,ＲＣ,２中住専,未改装,4000.0
1667,門戸厄神,5.0,4.0,３ＬＤＫ,70.0,2023.0,28.0,ＲＣ,１中住専,未改装,4900.0
1668,門戸厄神,5.0,5.0,４ＬＤＫ,90.0,2023.0,21.0,ＲＣ,１中住専,改装済み,5900.0
1669,門戸厄神,5.0,4.0,３ＬＤＫ,70.0,2023.0,28.0,ＲＣ,１中住専,未改装,4800.0
1670,門戸厄神,5.0,4.0,３ＬＤＫ,90.0,2022.0,36.0,ＲＣ,１中住専,未改装,3500.0
1671,門戸厄神,5.0,4.0,３ＬＤＫ,85.0,2022.0,12.0,ＲＣ,１中住専,未改装,6500.0
1672,門戸厄神,5.0,4.0,３ＬＤＫ,70.0,2022.0,27.0,ＲＣ,１中住専,改装済み,5000.0
1675,門戸厄神,3.0,5.0,４ＬＤＫ,90.0,2021.0,6.0,ＲＣ,１中住専,未改装,6200.0
1676,門戸厄神,4.0,4.0,３ＬＤＫ,85.0,2021.0,4.0,ＲＣ,１中住専,改装済み,7000.0
1677,門戸厄神,3.0,4.0,３ＬＤＫ,80.0,2020.0,5.0,ＲＣ,１中住専,未改装,5200.0
1678,門戸厄神,7.0,4.0,３ＬＤＫ,70.0,2019.0,17.0,ＲＣ,１中住専,未改装,4000.0
1679,門戸厄神,4.0,4.0,３ＬＤＫ,75.0,2019.0,2.0,ＲＣ,１中住専,未改装,5300.0
1680,門戸厄神,6.0,4.0,３ＬＤＫ,70.0,2019.0,17.0,ＲＣ,１中住専,未改装,4200.0
1681,門戸厄神,5.0,5.0,４ＬＤＫ,85.0,2019.0,33.0,ＲＣ,１中住専,未改装,2800.0
1682,夙川,4.0,2.0,１Ｋ,20.0,2024.0,40.0,ＲＣ,近隣商業,未改装,800.0
1683,夙川,2.0,2.0,１ＬＤＫ,50.0,2023.0,23.0,ＲＣ,近隣商業,未改装,3400.0
1684,夙川,3.0,4.0,３ＬＤＫ,90.0,2023.0,27.0,ＲＣ,１中住専,未改装,7300.0
1685,夙川,3.0,3.0,２ＬＤＫ,80.0,2023.0,27.0,ＲＣ,１中住専,未改装,6300.0
1686,夙川,2.0,3.0,２ＬＤＫ,50.0,2023.0,23.0,ＲＣ,近隣商業,未改装,3300.0
1688,夙川,3.0,3.0,２ＬＤＫ,85.0,2021.0,25.0,ＲＣ,１中住専,未改装,6500.0
1689,夙川,4.0,2.0,１ＬＤＫ,20.0,2020.0,36.0,ＲＣ,近隣商業,未改装,620.0
1690,夙川,3.0,3.0,２ＬＤＫ,70.0,2020.0,24.0,ＲＣ,１中住専,未改装,5100.0
1692,西宮(ＪＲ),7.0,4.0,３ＬＤＫ,75.0,2023.0,22.0,ＲＣ,１種住居,改装済み,4900.0
1694,西宮(ＪＲ),8.0,5.0,４ＬＤＫ,80.0,2023.0,10.0,ＲＣ,近隣商業,未改装,5400.0
1696,西宮(ＪＲ),6.0,4.0,３ＬＤＫ,70.0,2021.0,20.0,ＲＣ,近隣商業,改装済み,3600.0
1697,西宮(ＪＲ),8.0,3.0,２ＬＤＫ,55.0,2021.0,12.0,ＲＣ,近隣商業,未改装,2700.0
1699,西宮(ＪＲ),7.0,4.0,３ＬＤＫ,70.0,2021.0,20.0,ＲＣ,近隣商業,改装済み,3900.0
1700,西宮(ＪＲ),7.0,3.0,２ＬＤＫ,85.0,2021.0,20.0,ＲＣ,１種住居,改装済み,4600.0
1701,西宮(ＪＲ),7.0,4.0,３ＬＤＫ,65.0,2020.0,19.0,ＲＣ,１種住居,未改装,2600.0
1702,西宮(ＪＲ),5.0,4.0,３ＬＤＫ,70.0,2020.0,6.0,ＲＣ,１種住居,未改装,3800.0
1703,西宮(ＪＲ),8.0,4.0,３ＬＤＫ,60.0,2019.0,6.0,ＲＣ,近隣商業,未改装,3800.0
1704,西宮(ＪＲ),8.0,4.0,３ＬＤＫ,65.0,2019.0,6.0,ＲＣ,近隣商業,未改装,4100.0
1705,西宮(ＪＲ),8.0,4.0,３ＬＤＫ,65.0,2019.0,6.0,ＲＣ,近隣商業,改装済み,4000.0
1706,西宮(阪神),8.0,4.0,３ＬＤＫ,65.0,2023.0,26.0,ＲＣ,１種住居,改装済み,3600.0
1707,西宮(阪神),8.0,5.0,４ＬＤＫ,80.0,2022.0,18.0,ＲＣ,近隣商業,改装済み,4900.0
1709,西宮(阪神),9.0,4.0,３ＬＤＫ,70.0,2021.0,20.0,ＲＣ,１種住居,未改装,3500.0
1711,西宮(阪神),8.0,5.0,４ＬＤＫ,75.0,2021.0,17.0,ＲＣ,近隣商業,未改装,3800.0
1713,西宮(阪神),8.0,5.0,４ＬＤＫ,75.0,2019.0,15.0,ＲＣ,近隣商業,未改装,3800.0
1716,甲子園,11.0,4.0,３ＬＤＫ,70.0,2019.0,18.0,ＲＣ,１中住専,改装済み,4400.0
1719,鳴尾・武庫川女子大前,11.0,3.0,２ＬＤＫ,70.0,2020.0,19.0,ＲＣ,１中住専,改装済み,4000.0
1720,香櫨園,11.0,4.0,３ＬＤＫ,70.0,2019.0,21.0,ＳＲＣ,商業,未改装,2600.0
1721,西宮(阪神),4.0,4.0,３ＬＤＫ,70.0,2023.0,22.0,ＲＣ,商業,未改装,3800.0
1722,西宮(阪神),4.0,3.0,２ＬＤＫ,65.0,2023.0,25.0,ＳＲＣ,商業,改装済み,3500.0
1723,西宮(阪神),4.0,4.0,３ＬＤＫ,70.0,2023.0,19.0,ＳＲＣ,商業,未改装,4300.0
1725,西宮(阪神),5.0,4.0,３ＬＤＫ,70.0,2022.0,18.0,ＳＲＣ,商業,未改装,4400.0
1727,西宮(阪神),5.0,3.0,２ＬＤＫ,65.0,2021.0,17.0,ＳＲＣ,商業,未改装,3300.0
1728,西宮(阪神),5.0,4.0,３ＬＤＫ,65.0,2020.0,16.0,ＳＲＣ,商業,改装済み,3600.0
1729,西宮(阪神),3.0,3.0,２ＬＤＫ,50.0,2020.0,15.0,ＲＣ,商業,改装済み,2600.0
1730,西宮(阪神),3.0,4.0,３ＬＤＫ,70.0,2020.0,21.0,ＳＲＣ,商業,未改装,2100.0
1731,甲子園,18.0,3.0,２ＬＤＫ,95.0,2023.0,21.0,ＳＲＣ,１種住居,未改装,3000.0
1732,甲子園,19.0,4.0,３ＬＤＫ,85.0,2023.0,21.0,ＳＲＣ,１種住居,改装済み,4000.0
1734,甲子園,20.0,3.0,２ＬＤＫ,95.0,2022.0,20.0,ＳＲＣ,１種住居,未改装,3700.0
1737,甲子園,16.0,3.0,２ＬＤＫ,95.0,2021.0,19.0,ＳＲＣ,１種住居,未改装,4000.0
1739,甲子園,21.0,4.0,３ＬＤＫ,80.0,2020.0,18.0,ＳＲＣ,１種住居,未改装,3000.0
1740,甲子園,16.0,5.0,４ＬＤＫ,85.0,2019.0,17.0,ＳＲＣ,１種住居,未改装,3500.0
1741,甲子園,16.0,4.0,３ＬＤＫ,95.0,2019.0,17.0,ＳＲＣ,１種住居,未改装,3500.0
1742,甲子園,19.0,4.0,３ＬＤＫ,90.0,2019.0,17.0,ＳＲＣ,１種住居,未改装,3600.0
1743,甲子園,21.0,4.0,３ＬＤＫ,70.0,2019.0,19.0,ＲＣ,１種住居,未改装,1600.0
1745,西宮(阪神),11.0,4.0,３ＬＤＫ,75.0,2023.0,20.0,ＳＲＣ,準工業,未改装,3800.0
1746,西宮(阪神),15.0,3.0,２ＬＤＫ,65.0,2023.0,22.0,ＲＣ,準工業,未改装,3300.0
1748,西宮(阪神),15.0,3.0,２ＬＤＫ,65.0,2021.0,20.0,ＲＣ,準工業,未改装,2600.0
1749,西宮(阪神),11.0,4.0,３ＬＤＫ,90.0,2021.0,18.0,ＳＲＣ,準工業,未改装,3000.0
1751,西宮(阪神),14.0,5.0,４ＬＤＫ,75.0,2020.0,19.0,ＲＣ,準工業,未改装,3200.0
1752,西宮(阪神),11.0,5.0,４ＬＤＫ,85.0,2020.0,17.0,ＳＲＣ,準工業,未改装,4200.0
1753,西宮(阪神),11.0,5.0,４ＬＤＫ,90.0,2020.0,17.0,ＳＲＣ,準工業,未改装,4600.0
1754,西宮(阪神),11.0,4.0,３ＬＤＫ,65.0,2019.0,18.0,ＲＣ,準工業,未改装,2500.0
1756,今津(阪神),13.0,4.0,３ＬＤＫ,70.0,2023.0,12.0,ＲＣ,準工業,未改装,4000.0
1758,今津(阪神),11.0,4.0,３ＬＤＫ,75.0,2021.0,8.0,ＲＣ,準工業,未改装,3500.0
1759,今津(阪神),11.0,4.0,３ＬＤＫ,75.0,2021.0,8.0,ＲＣ,準工業,未改装,3400.0
1760,今津(阪神),10.0,4.0,３ＬＤＫ,75.0,2020.0,7.0,ＲＣ,準工業,未改装,3400.0
1763,西宮(阪神),8.0,4.0,３ＬＤＫ,65.0,2021.0,21.0,ＳＲＣ,近隣商業,改装済み,3400.0
1764,西宮(阪神),7.0,5.0,４ＬＤＫ,80.0,2021.0,21.0,ＳＲＣ,近隣商業,未改装,3800.0
1765,西宮(阪神),6.0,5.0,４ＬＤＫ,80.0,2020.0,20.0,ＳＲＣ,近隣商業,改装済み,3900.0
1766,西宮(阪神),6.0,5.0,４ＬＤＫ,80.0,2020.0,20.0,ＳＲＣ,近隣商業,未改装,3400.0
1768,門戸厄神,6.0,4.0,３ＬＤＫ,80.0,2021.0,4.0,ＲＣ,１中住専,未改装,6100.0
1769,洲先,4.0,4.0,３ＬＤＫ,65.0,2023.0,25.0,ＲＣ,１種住居,未改装,2200.0
1771,洲先,4.0,4.0,３ＬＤＫ,60.0,2023.0,44.0,ＳＲＣ,１種住居,未改装,1000.0
1773,洲先,4.0,4.0,３ＤＫ,60.0,2021.0,42.0,ＳＲＣ,１種住居,改装済み,1700.0
1774,洲先,3.0,4.0,３ＬＤＫ,75.0,2021.0,23.0,ＲＣ,１種住居,改装済み,2900.0
1775,洲先,4.0,3.0,２ＬＤＫ,60.0,2021.0,44.0,ＲＣ,１種住居,改装済み,1800.0
1776,洲先,4.0,4.0,３ＤＫ,60.0,2021.0,42.0,ＳＲＣ,１種住居,未改装,860.0
1777,洲先,3.0,4.0,３ＬＤＫ,65.0,2021.0,23.0,ＲＣ,１種住居,改装済み,2600.0
1779,洲先,3.0,4.0,３ＬＤＫ,65.0,2019.0,21.0,ＲＣ,１種住居,改装済み,2500.0
1780,洲先,4.0,4.0,３ＬＤＫ,75.0,2019.0,20.0,ＲＣ,１種住居,未改装,2600.0
1781,洲先,3.0,4.0,３ＬＤＫ,80.0,2019.0,20.0,ＲＣ,１種住居,未改装,2400.0
1783,東鳴尾,4.0,4.0,３ＬＤＫ,70.0,2024.0,42.0,ＲＣ,１種住居,改装済み,2300.0
1784,東鳴尾,4.0,4.0,３ＬＤＫ,65.0,2023.0,25.0,ＲＣ,１種住居,改装済み,2900.0
1785,東鳴尾,4.0,4.0,３ＬＤＫ,60.0,2023.0,44.0,ＳＲＣ,１種住居,未改装,750.0
1786,東鳴尾,4.0,4.0,３ＬＤＫ,95.0,2022.0,43.0,ＳＲＣ,１種住居,未改装,2400.0
1787,今津(阪神),19.0,5.0,４ＬＤＫ,80.0,2023.0,27.0,ＲＣ,準工業,改装済み,3200.0
1789,今津(阪神),15.0,4.0,３ＬＤＫ,70.0,2023.0,27.0,ＲＣ,準工業,改装済み,3400.0
1790,今津(阪神),18.0,5.0,４ＬＤＫ,75.0,2023.0,27.0,ＲＣ,準工業,未改装,2500.0
1792,今津(阪神),19.0,4.0,３ＬＤＫ,65.0,2022.0,26.0,ＲＣ,準工業,未改装,2200.0
1794,今津(阪神),15.0,4.0,３ＬＤＫ,70.0,2022.0,26.0,ＲＣ,準工業,未改装,2400.0
1797,今津(阪神),19.0,4.0,３ＬＤＫ,65.0,2021.0,25.0,ＲＣ,準工業,改装済み,2600.0
1799,今津(阪神),16.0,5.0,４ＬＤＫ,80.0,2020.0,14.0,ＲＣ,準工業,未改装,2900.0
1800,今津(阪神),15.0,4.0,３ＬＤＫ,70.0,2020.0,14.0,ＲＣ,準工業,改装済み,3000.0
1803,今津(阪神),18.0,4.0,３ＬＤＫ,75.0,2020.0,16.0,ＲＣ,準工業,未改装,2200.0
1804,今津(阪神),15.0,4.0,３ＬＤＫ,70.0,2020.0,14.0,ＲＣ,準工業,未改装,2700.0
1805,今津(阪神),19.0,4.0,３ＬＤＫ,65.0,2020.0,24.0,ＲＣ,準工業,未改装,1600.0
1806,今津(阪神),15.0,5.0,４ＬＤＫ,100.0,2019.0,14.0,ＲＣ,準工業,未改装,3000.0
1809,西宮(阪神),20.0,4.0,３ＬＤＫ,85.0,2024.0,19.0,ＲＣ,準工業,未改装,2100.0
1810,西宮(阪神),20.0,3.0,２ＬＤＫ,70.0,2024.0,27.0,ＲＣ,準工業,改装済み,2100.0
1811,西宮(阪神),15.0,4.0,３ＬＤＫ,70.0,2023.0,17.0,ＲＣ,準工業,未改装,3200.0
1812,西宮(阪神),19.0,2.0,１Ｋ,65.0,2023.0,26.0,ＳＲＣ,準工業,未改装,2000.0
1813,西宮(阪神),19.0,4.0,３ＬＤＫ,60.0,2023.0,26.0,ＳＲＣ,準工業,未改装,2100.0
1815,西宮(阪神),18.0,4.0,３ＬＤＫ,65.0,2023.0,26.0,ＲＣ,準工業,改装済み,2500.0
1817,西宮(阪神),15.0,5.0,４ＬＤＫ,85.0,2022.0,16.0,ＲＣ,準工業,未改装,3500.0
1818,西宮(阪神),19.0,4.0,３ＬＤＫ,65.0,2022.0,25.0,ＳＲＣ,準工業,改装済み,2900.0
1819,西宮(阪神),15.0,3.0,２ＬＤＫ,70.0,2022.0,17.0,ＲＣ,準工業,未改装,2900.0
1820,西宮(阪神),19.0,4.0,３ＬＤＫ,60.0,2022.0,26.0,ＲＣ,準工業,未改装,2300.0
1821,西宮(阪神),19.0,4.0,３ＬＤＫ,60.0,2022.0,25.0,ＲＣ,準工業,改装済み,2600.0
1822,西宮(阪神),18.0,4.0,３ＬＤＫ,55.0,2021.0,24.0,ＲＣ,準工業,改装済み,2700.0
1823,西宮(阪神),18.0,5.0,４ＬＤＫ,80.0,2021.0,34.0,ＲＣ,準工業,未改装,1000.0
1824,西宮(阪神),19.0,5.0,４ＬＤＫ,80.0,2020.0,23.0,ＳＲＣ,準工業,未改装,2300.0
1826,西宮(阪神),18.0,4.0,３ＬＤＫ,65.0,2020.0,16.0,ＲＣ,準工業,未改装,2600.0
1827,西宮(阪神),15.0,4.0,３ＬＤＫ,70.0,2019.0,23.0,ＲＣ,準工業,未改装,1500.0
1828,西宮(阪神),15.0,4.0,３ＬＤＫ,65.0,2019.0,15.0,ＲＣ,準工業,未改装,2700.0
1830,西宮名塩,8.0,4.0,３ＬＤＫ,90.0,2024.0,30.0,ＲＣ,１中住専,未改装,1200.0
1831,西宮名塩,16.0,4.0,３ＬＤＫ,75.0,2024.0,21.0,ＲＣ,１種住居,未改装,2300.0
1832,西宮名塩,7.0,4.0,３ＬＤＫ,80.0,2023.0,30.0,ＲＣ,１中住専,未改装,1600.0
1833,西宮名塩,15.0,4.0,３ＬＤＫ,75.0,2023.0,26.0,ＲＣ,１中住専,改装済み,2000.0
1834,西宮名塩,15.0,4.0,３ＬＤＫ,75.0,2023.0,26.0,ＲＣ,１中住専,未改装,1000.0
1835,西宮名塩,11.0,4.0,３ＬＤＫ,95.0,2023.0,29.0,ＲＣ,１中住専,改装済み,2300.0
1837,西宮名塩,11.0,4.0,３ＬＤＫ,70.0,2022.0,25.0,ＲＣ,１中住専,未改装,1500.0
1838,西宮名塩,6.0,4.0,３ＬＤＫ,80.0,2022.0,19.0,ＲＣ,１中住専,未改装,2300.0
1839,西宮名塩,9.0,5.0,４ＬＤＫ,100.0,2022.0,28.0,ＲＣ,１中住専,未改装,1700.0
1841,西宮名塩,6.0,5.0,４ＬＤＫ,100.0,2022.0,19.0,ＲＣ,１中住専,未改装,3000.0
1842,西宮名塩,8.0,4.0,３ＬＤＫ,80.0,2021.0,27.0,ＲＣ,１中住専,改装済み,1500.0
1843,西宮名塩,19.0,4.0,３ＬＤＫ,75.0,2021.0,27.0,ＲＣ,１中住専,改装済み,1600.0
1844,西宮名塩,8.0,4.0,３ＬＤＫ,80.0,2021.0,27.0,ＲＣ,１中住専,改装済み,1800.0
1845,西宮名塩,5.0,4.0,３ＬＤＫ,75.0,2021.0,29.0,ＲＣ,１中住専,改装済み,1500.0
1846,西宮名塩,6.0,4.0,３ＬＤＫ,80.0,2021.0,27.0,ＲＣ,１中住専,改装済み,1400.0
1848,西宮名塩,13.0,4.0,３ＬＤＫ,80.0,2020.0,28.0,ＲＣ,１中住専,改装済み,1600.0
1849,西宮名塩,7.0,4.0,３ＬＤＫ,80.0,2020.0,28.0,ＲＣ,１中住専,未改装,1300.0
1850,西宮名塩,8.0,4.0,３ＬＤＫ,85.0,2020.0,17.0,ＲＣ,１中住専,未改装,1900.0
1851,西宮名塩,15.0,4.0,３ＬＤＫ,85.0,2020.0,23.0,ＲＣ,１中住専,改装済み,1600.0
1853,西宮名塩,4.0,4.0,３ＬＤＫ,80.0,2020.0,24.0,ＲＣ,１中住専,未改装,1400.0
1854,西宮名塩,11.0,4.0,３ＬＤＫ,80.0,2020.0,28.0,ＲＣ,１中住専,改装済み,1800.0
1855,西宮名塩,7.0,4.0,３ＬＤＫ,85.0,2019.0,25.0,ＲＣ,１中住専,改装済み,1800.0
1856,西宮名塩,9.0,4.0,３ＬＤＫ,95.0,2019.0,25.0,ＲＣ,１中住専,未改装,1800.0
1859,西宮名塩,8.0,4.0,３ＬＤＫ,75.0,2019.0,17.0,ＲＣ,１中住専,未改装,210.0
1860,西宮名塩,6.0,4.0,３ＬＤＫ,80.0,2019.0,16.0,ＲＣ,１中住専,未改装,1700.0
1861,西宮名塩,13.0,4.0,３ＬＤＫ,85.0,2019.0,26.0,ＲＣ,１中住専,改装済み,1800.0
1862,苦楽園口,12.0,4.0,３ＬＤＫ,65.0,2024.0,24.0,ＲＣ,１中住専,未改装,3100.0
1863,苦楽園口,8.0,4.0,３ＬＤＫ,65.0,2024.0,13.0,ＲＣ,１種住居,未改装,3900.0
1864,苦楽園口,14.0,4.0,３ＬＤＫ,75.0,2024.0,17.0,ＲＣ,１中住専,未改装,4200.0
1865,苦楽園口,9.0,3.0,２ＬＤＫ,75.0,2023.0,49.0,ＲＣ,１種住居,改装済み,2500.0
1867,苦楽園口,14.0,4.0,３ＬＤＫ,70.0,2023.0,25.0,ＲＣ,１中住専,改装済み,3800.0
1868,苦楽園口,15.0,4.0,３ＬＤＫ,75.0,2022.0,25.0,ＲＣ,１中住専,未改装,3400.0
1870,苦楽園口,15.0,4.0,３ＬＤＫ,90.0,2022.0,20.0,ＲＣ,１中住専,改装済み,4200.0
1871,苦楽園口,8.0,5.0,４ＬＤＫ,95.0,2022.0,11.0,ＲＣ,１種住居,未改装,4300.0
1873,苦楽園口,12.0,4.0,３ＬＤＫ,70.0,2021.0,21.0,ＲＣ,１中住専,未改装,3800.0
1876,苦楽園口,15.0,4.0,３ＬＤＫ,75.0,2021.0,13.0,ＲＣ,１低住専,未改装,4000.0
1877,苦楽園口,15.0,4.0,３ＬＤＫ,80.0,2020.0,38.0,ＲＣ,１中住専,改装済み,3100.0
1880,苦楽園口,15.0,4.0,３ＬＤＫ,90.0,2020.0,18.0,ＲＣ,１中住専,改装済み,3600.0
1882,苦楽園口,14.0,3.0,２ＬＤＫ,60.0,2019.0,47.0,ＲＣ,１中住専,未改装,560.0
1883,苦楽園口,8.0,4.0,３ＬＤＫ,80.0,2019.0,8.0,ＲＣ,１種住居,未改装,5200.0
1885,苦楽園口,15.0,4.0,３ＬＤＫ,85.0,2019.0,37.0,ＲＣ,１中住専,未改装,2400.0
1890,苦楽園口,12.0,5.0,４ＤＫ,85.0,2019.0,19.0,ＲＣ,１中住専,未改装,4500.0
1893,門戸厄神,16.0,3.0,１ＬＤＫ＋Ｓ,60.0,2023.0,20.0,ＲＣ,１中住専,改装済み,3300.0
1895,門戸厄神,15.0,5.0,４ＬＤＫ,95.0,2022.0,2.0,ＲＣ,１中住専,未改装,6500.0
1896,門戸厄神,18.0,4.0,３ＬＤＫ,75.0,2021.0,26.0,ＲＣ,１中住専,未改装,2600.0
1897,門戸厄神,15.0,4.0,３ＬＤＫ,70.0,2021.0,1.0,ＲＣ,１中住専,未改装,4500.0
1898,門戸厄神,14.0,5.0,４ＬＤＫ,90.0,2021.0,1.0,ＲＣ,１中住専,改装済み,6100.0
1899,門戸厄神,16.0,4.0,３ＬＤＫ,70.0,2021.0,1.0,ＲＣ,１中住専,未改装,4800.0
1900,門戸厄神,14.0,5.0,４ＬＤＫ,80.0,2021.0,1.0,ＲＣ,１中住専,未改装,5000.0
1901,門戸厄神,14.0,4.0,３ＬＤＫ,80.0,2021.0,6.0,ＲＣ,１中住専,未改装,4600.0
1902,門戸厄神,14.0,5.0,４ＬＤＫ,85.0,2021.0,1.0,ＲＣ,１中住専,未改装,5100.0
1903,門戸厄神,16.0,4.0,３ＬＤＫ,70.0,2021.0,1.0,ＲＣ,１中住専,未改装,4900.0
1904,門戸厄神,14.0,4.0,３ＬＤＫ,75.0,2021.0,1.0,ＲＣ,１中住専,未改装,5000.0
1906,門戸厄神,16.0,4.0,３ＬＤＫ,75.0,2020.0,0.0,ＲＣ,１中住専,未改装,5100.0
1907,門戸厄神,18.0,4.0,３ＬＤＫ,75.0,2020.0,25.0,ＲＣ,１中住専,未改装,2800.0
1909,門戸厄神,14.0,4.0,３ＬＤＫ,80.0,2020.0,0.0,ＲＣ,１中住専,未改装,5400.0
1911,門戸厄神,14.0,4.0,３ＬＤＫ,90.0,2020.0,0.0,ＲＣ,１中住専,未改装,5700.0
1912,門戸厄神,18.0,3.0,２ＬＤＫ,80.0,2020.0,26.0,ＲＣ,１中住専,改装済み,2900.0
1913,門戸厄神,18.0,4.0,３ＬＤＫ,70.0,2019.0,24.0,ＲＣ,１中住専,未改装,2500.0
1914,西宮北口,9.0,1.0,１Ｒ,15.0,2024.0,28.0,ＲＣ,１種住居,未改装,6800.0
1915,西宮北口,8.0,4.0,３ＬＤＫ,75.0,2020.0,22.0,ＲＣ,１中住専,改装済み,4000.0
1917,西宮(阪神),6.0,4.0,３ＬＤＫ,60.0,2019.0,22.0,ＳＲＣ,近隣商業,未改装,2700.0
1918,西宮北口,19.0,4.0,３ＬＤＫ,105.0,2020.0,32.0,ＲＣ,１中住専,改装済み,2700.0
1919,西宮北口,19.0,2.0,１Ｋ,15.0,2019.0,33.0,ＲＣ,１中住専,未改装,310.0
1920,西宮北口,18.0,2.0,１Ｋ,15.0,2019.0,33.0,ＲＣ,１中住専,未改装,280.0
1922,夙川,16.0,4.0,３ＬＤＫ,75.0,2020.0,19.0,ＲＣ,１低住専,未改装,2800.0
1925,西宮北口,10.0,2.0,１Ｋ,20.0,2023.0,14.0,ＲＣ,２種住居,未改装,1400.0
1926,西宮北口,9.0,2.0,１Ｋ,20.0,2023.0,14.0,ＲＣ,準工業,改装済み,1600.0
1929,西宮北口,10.0,4.0,３ＬＤＫ,60.0,2022.0,12.0,ＲＣ,工業,未改装,3600.0
1930,西宮北口,10.0,2.0,１Ｋ,25.0,2022.0,13.0,ＲＣ,２種住居,未改装,1300.0
1931,西宮北口,9.0,2.0,１Ｋ,25.0,2022.0,13.0,ＲＣ,準工業,未改装,1500.0
1933,西宮北口,7.0,2.0,１Ｋ,15.0,2022.0,34.0,ＲＣ,２種住居,未改装,370.0
1934,西宮北口,10.0,2.0,１Ｋ,20.0,2022.0,13.0,ＲＣ,２種住居,改装済み,1600.0
1935,西宮北口,9.0,2.0,１Ｋ,20.0,2022.0,13.0,ＲＣ,準工業,改装済み,1500.0
1937,西宮北口,10.0,2.0,１Ｋ,20.0,2021.0,12.0,ＲＣ,２種住居,未改装,1600.0
1939,西宮北口,9.0,2.0,１Ｋ,25.0,2020.0,11.0,ＲＣ,準工業,未改装,1600.0
1940,西宮北口,6.0,2.0,１Ｋ,15.0,2020.0,33.0,ＲＣ,近隣商業,未改装,450.0
1941,西宮北口,8.0,2.0,１Ｋ,15.0,2019.0,31.0,ＲＣ,２種住居,未改装,520.0
1942,西宮北口,9.0,4.0,３ＬＤＫ,75.0,2019.0,38.0,ＲＣ,２種住居,未改装,1000.0
1943,西宮北口,9.0,4.0,３ＬＤＫ,70.0,2019.0,38.0,ＲＣ,２種住居,改装済み,2700.0
1946,阪神国道,4.0,4.0,２ＬＤＫ＋Ｓ,70.0,2020.0,11.0,ＲＣ,工業,未改装,4000.0
1947,阪神国道,5.0,4.0,３ＬＤＫ,65.0,2019.0,9.0,ＲＣ,工業,未改装,3600.0
1949,門戸厄神,6.0,2.0,１ＬＤＫ,40.0,2024.0,27.0,ＲＣ,１中住専,未改装,750.0
1950,門戸厄神,8.0,4.0,３ＬＤＫ,85.0,2024.0,1.0,ＲＣ,１中住専,改装済み,6200.0
1952,門戸厄神,7.0,4.0,３ＬＤＫ,75.0,2023.0,11.0,ＲＣ,１中住専,未改装,5200.0
1953,門戸厄神,5.0,4.0,３ＬＤＫ,70.0,2022.0,16.0,ＲＣ,１中住専,未改装,4000.0
1954,門戸厄神,6.0,4.0,３ＬＤＫ,70.0,2021.0,15.0,ＲＣ,１中住専,未改装,4200.0
1956,門戸厄神,8.0,4.0,３ＬＤＫ,70.0,2019.0,16.0,ＲＣ,１中住専,未改装,4400.0
1957,門戸厄神,8.0,5.0,４ＬＤＫ,90.0,2019.0,16.0,ＲＣ,１中住専,未改装,5500.0
1958,甲子園口,4.0,5.0,４ＬＤＫ,95.0,2022.0,21.0,ＲＣ,１中住専,未改装,5100.0
1959,甲子園口,6.0,5.0,４ＬＤＫ,120.0,2022.0,54.0,ＲＣ,１中住専,改装済み,3900.0
1960,甲子園口,6.0,4.0,３ＬＤＫ,100.0,2022.0,54.0,ＲＣ,１中住専,未改装,3500.0
1961,甲子園口,6.0,4.0,３ＬＤＫ,70.0,2021.0,18.0,ＲＣ,１中住専,未改装,4000.0
1962,甲子園口,6.0,4.0,３ＬＤＫ,90.0,2020.0,17.0,ＲＣ,１中住専,改装済み,4700.0
1963,鳴尾・武庫川女子大前,12.0,3.0,２ＬＤＫ,65.0,2024.0,45.0,ＳＲＣ,１中住専,改装済み,2000.0
1964,鳴尾・武庫川女子大前,12.0,5.0,４ＬＤＫ,80.0,2022.0,43.0,ＳＲＣ,１中住専,未改装,1100.0
1965,鳴尾・武庫川女子大前,10.0,5.0,４ＬＤＫ,80.0,2021.0,42.0,ＳＲＣ,１中住専,改装済み,2000.0
1967,西宮(阪神),9.0,5.0,４ＬＤＫ,80.0,2022.0,22.0,ＲＣ,近隣商業,未改装,4700.0
1969,西宮(阪神),9.0,4.0,３ＬＤＫ,70.0,2021.0,21.0,ＲＣ,近隣商業,未改装,3700.0
1971,苦楽園口,9.0,4.0,３ＤＫ,40.0,2022.0,52.0,鉄骨造,１低住専,未改装,900.0
1973,苦楽園口,9.0,3.0,２ＬＤＫ,55.0,2020.0,50.0,鉄骨造,１低住専,未改装,960.0
1975,香櫨園,11.0,4.0,３ＬＤＫ,80.0,2023.0,26.0,ＲＣ,１中住専,未改装,2700.0
1976,香櫨園,11.0,4.0,３ＬＤＫ,70.0,2021.0,24.0,ＲＣ,１中住専,未改装,2300.0
1979,西宮(阪神),9.0,3.0,２ＬＤＫ,55.0,2022.0,26.0,ＲＣ,近隣商業,改装済み,2700.0
1980,香櫨園,18.0,5.0,４ＬＤＫ,85.0,2022.0,9.0,ＲＣ,準工業,未改装,4400.0
1982,香櫨園,11.0,4.0,３ＬＤＫ,70.0,2019.0,18.0,ＲＣ,１種住居,未改装,2500.0
1983,西宮(阪神),17.0,4.0,３ＬＤＫ,70.0,2022.0,9.0,ＲＣ,準工業,未改装,3800.0
1984,西宮(阪神),15.0,3.0,２ＬＤＫ,80.0,2022.0,10.0,ＲＣ,準工業,未改装,4200.0
1987,西宮(阪神),16.0,4.0,３ＬＤＫ,70.0,2020.0,7.0,ＲＣ,準工業,未改装,3600.0
1988,西宮(阪神),15.0,4.0,３ＬＤＫ,70.0,2020.0,7.0,ＲＣ,準工業,未改装,3300.0
1989,夙川,5.0,4.0,３ＬＤＫ,70.0,2020.0,23.0,ＲＣ,１中住専,改装済み,3700.0
1991,苦楽園口,6.0,4.0,３ＬＤＫ,65.0,2022.0,20.0,ＲＣ,１中住専,未改装,3300.0
1992,香櫨園,6.0,4.0,３ＬＤＫ,70.0,2023.0,11.0,ＲＣ、鉄骨造,近隣商業,未改装,6200.0
1993,香櫨園,3.0,4.0,３ＬＤＫ,75.0,2023.0,8.0,ＲＣ,１種住居,未改装,4600.0
1994,香櫨園,4.0,4.0,３ＬＤＫ,75.0,2023.0,40.0,ＲＣ,１中住専,未改装,2600.0
1995,香櫨園,3.0,5.0,４ＬＤＫ,80.0,2023.0,8.0,ＲＣ,１種住居,未改装,6200.0
1996,香櫨園,6.0,4.0,２ＬＤＫ＋Ｓ,70.0,2021.0,9.0,ＲＣ、鉄骨造,近隣商業,未改装,5700.0
1998,香櫨園,5.0,4.0,３ＬＤＫ,75.0,2019.0,7.0,ＲＣ,近隣商業,未改装,4900.0
2000,さくら夙川,7.0,4.0,３ＬＤＫ,110.0,2020.0,31.0,ＲＣ,１中住専,未改装,4000.0
2003,さくら夙川,13.0,4.0,３ＬＤＫ,70.0,2020.0,21.0,ＲＣ,１中住専,改装済み,4000.0
2004,夙川,9.0,4.0,３ＬＤＫ,70.0,2023.0,24.0,ＲＣ,１中住専,改装済み,3900.0
2005,夙川,8.0,3.0,２ＬＤＫ,80.0,2022.0,17.0,ＲＣ,１中住専,未改装,5500.0
2006,夙川,7.0,3.0,２ＬＤＫ,85.0,2022.0,10.0,ＲＣ,１中住専,未改装,6300.0
2007,夙川,8.0,4.0,３ＬＤＫ,140.0,2020.0,12.0,ＲＣ,１中住専,未改装,8700.0
2008,夙川,8.0,4.0,３ＬＤＫ,90.0,2019.0,14.0,ＲＣ,１中住専,未改装,4900.0
2009,夙川,7.0,3.0,２ＬＤＫ,75.0,2019.0,7.0,ＲＣ,１中住専,未改装,5800.0
2010,甲子園口,7.0,4.0,３ＬＤＫ,80.0,2024.0,17.0,ＲＣ,１中住専,未改装,5300.0
2012,甲子園口,7.0,4.0,３ＬＤＫ,80.0,2024.0,17.0,ＲＣ,１中住専,未改装,4900.0
2014,甲子園口,9.0,4.0,３ＬＤＫ,60.0,2023.0,46.0,ＲＣ,１中住専,未改装,1700.0
2015,甲子園口,7.0,4.0,３ＬＤＫ,80.0,2023.0,35.0,ＲＣ,１中住専,改装済み,3500.0
2017,甲子園口,8.0,5.0,４ＬＤＫ,85.0,2023.0,19.0,ＲＣ,１中住専,未改装,5500.0
2018,甲子園口,8.0,4.0,３ＬＤＫ,65.0,2023.0,28.0,ＲＣ,１中住専,改装済み,3300.0
2019,甲子園口,8.0,4.0,３ＬＤＫ,75.0,2022.0,18.0,ＲＣ,１中住専,未改装,5000.0
2020,甲子園口,8.0,4.0,３ＬＤＫ,75.0,2022.0,18.0,ＲＣ,１中住専,未改装,4700.0
2021,甲子園口,7.0,4.0,３ＬＤＫ,70.0,2022.0,15.0,ＲＣ,１中住専,未改装,4500.0
2022,甲子園口,8.0,4.0,３ＬＤＫ,65.0,2020.0,25.0,ＲＣ,１中住専,未改装,2800.0
2023,甲子園口,8.0,4.0,３ＬＤＫ,80.0,2020.0,32.0,ＲＣ,１中住専,改装済み,3200.0
2025,甲子園口,9.0,4.0,３ＬＤＫ,65.0,2019.0,42.0,ＲＣ,１中住専,未改装,1300.0
2026,甲子園口,5.0,4.0,３ＬＤＫ,105.0,2019.0,26.0,ＲＣ,１中住専,未改装,4200.0
2027,西宮(ＪＲ),3.0,4.0,３ＬＤＫ,60.0,2023.0,21.0,ＲＣ,近隣商業,未改装,3500.0
2028,西宮(ＪＲ),4.0,3.0,２ＬＤＫ,50.0,2023.0,35.0,ＲＣ,近隣商業,改装済み,2200.0
2030,西宮(ＪＲ),4.0,3.0,２ＬＤＫ,50.0,2022.0,16.0,ＲＣ,近隣商業,未改装,2700.0
2035,西宮(ＪＲ),5.0,4.0,３ＬＤＫ,75.0,2019.0,4.0,ＲＣ,近隣商業,未改装,5500.0
2037,甲子園口,14.0,4.0,３ＬＤＫ,70.0,2023.0,21.0,ＲＣ,１中住専,未改装,4000.0
2038,甲子園口,14.0,5.0,４ＬＤＫ,105.0,2022.0,5.0,ＲＣ,１中住専,未改装,6900.0
2039,甲子園口,13.0,4.0,３ＬＤＫ,70.0,2021.0,1.0,ＲＣ,１中住専,改装済み,3400.0
2040,甲子園口,14.0,4.0,３ＬＤＫ,70.0,2021.0,25.0,ＲＣ,１中住専,改装済み,4100.0
2041,甲子園口,13.0,4.0,３ＬＤＫ,70.0,2021.0,0.0,ＲＣ,１中住専,改装済み,4000.0
2042,甲子園口,13.0,4.0,３ＬＤＫ,70.0,2019.0,16.0,ＲＣ,１中住専,未改装,3700.0
2043,西宮北口,15.0,4.0,３ＬＤＫ,65.0,2023.0,50.0,ＲＣ,１中住専,改装済み,2000.0
2044,西宮北口,16.0,3.0,２ＬＤＫ,105.0,2022.0,5.0,ＲＣ,１中住専,未改装,6500.0
2045,西宮北口,15.0,4.0,３ＬＤＫ,65.0,2021.0,48.0,ＲＣ,１中住専,未改装,1400.0
2047,西宮北口,16.0,4.0,３ＬＤＫ,70.0,2021.0,25.0,ＲＣ,１中住専,改装済み,4500.0
2048,西宮北口,16.0,4.0,３ＬＤＫ,70.0,2021.0,25.0,ＲＣ,１中住専,改装済み,4100.0
2050,西宮北口,16.0,4.0,３ＬＤＫ,70.0,2021.0,25.0,ＲＣ,１中住専,改装済み,4100.0
2051,西宮北口,16.0,4.0,３ＬＤＫ,70.0,2020.0,24.0,ＲＣ,１中住専,改装済み,4200.0
2053,西宮北口,8.0,4.0,３ＬＤＫ,65.0,2023.0,27.0,ＲＣ,１中住専,改装済み,4500.0
2054,西宮北口,11.0,4.0,３ＬＤＫ,70.0,2022.0,5.0,ＲＣ,１中住専,改装済み,5300.0
2056,西宮北口,8.0,4.0,３ＬＤＫ,70.0,2021.0,21.0,ＲＣ,１中住専,未改装,4000.0
2059,西宮北口,11.0,4.0,３ＬＤＫ,65.0,2021.0,4.0,ＲＣ,１中住専,未改装,5300.0
2060,西宮北口,9.0,4.0,３ＬＤＫ,75.0,2020.0,19.0,ＲＣ,１中住専,未改装,3700.0
2062,西宮北口,11.0,4.0,３ＬＤＫ,65.0,2020.0,3.0,ＲＣ,１中住専,未改装,5500.0
2064,西宮北口,11.0,5.0,４ＬＤＫ,80.0,2019.0,17.0,ＲＣ,１中住専,改装済み,4800.0
2065,西宮北口,9.0,4.0,３ＬＤＫ,65.0,2019.0,2.0,ＲＣ,１中住専,未改装,4700.0
2066,西宮北口,11.0,4.0,３ＬＤＫ,65.0,2019.0,2.0,ＲＣ,１中住専,未改装,4900.0
2067,門戸厄神,6.0,4.0,３ＬＤＫ,70.0,2023.0,24.0,ＲＣ,２中住専,未改装,2100.0
2068,門戸厄神,6.0,4.0,３ＬＤＫ,75.0,2022.0,23.0,ＲＣ,２中住専,未改装,3400.0
2069,門戸厄神,8.0,4.0,３ＬＤＫ,95.0,2022.0,23.0,ＲＣ,２中住専,改装済み,5000.0
2072,苦楽園口,13.0,4.0,３ＬＤＫ,75.0,2021.0,50.0,ＲＣ,１中住専,改装済み,1800.0
2073,苦楽園口,11.0,5.0,４ＬＤＫ,75.0,2021.0,50.0,ＲＣ,１中住専,未改装,930.0
2075,夙川,12.0,3.0,２ＬＤＫ,75.0,2024.0,53.0,ＲＣ,１中住専,改装済み,1900.0
2076,夙川,12.0,4.0,３ＬＤＫ,75.0,2024.0,53.0,ＲＣ,１中住専,改装済み,2000.0
2077,夙川,12.0,4.0,３ＬＤＫ,75.0,2023.0,52.0,ＲＣ,１中住専,改装済み,2200.0
2078,夙川,12.0,4.0,３ＬＤＫ,75.0,2023.0,52.0,ＲＣ,１中住専,改装済み,2500.0
2081,甲子園,13.0,3.0,２ＬＤＫ,60.0,2024.0,19.0,ＲＣ,１中住専,改装済み,2700.0
2083,甲子園,14.0,4.0,３ＬＤＫ,120.0,2024.0,19.0,ＲＣ,２種住居,未改装,5900.0
2085,甲子園,14.0,3.0,２ＬＤＫ,80.0,2024.0,19.0,ＲＣ,２種住居,未改装,4300.0
2086,甲子園,13.0,4.0,３ＬＤＫ,75.0,2023.0,18.0,ＲＣ,２種住居,未改装,3900.0
2088,甲子園,14.0,3.0,２ＬＤＫ,80.0,2023.0,18.0,ＲＣ,２種住居,未改装,3200.0
2091,甲子園,12.0,4.0,３ＬＤＫ,95.0,2023.0,18.0,ＲＣ,２種住居,改装済み,5400.0
2092,甲子園,13.0,4.0,３ＬＤＫ,85.0,2023.0,18.0,ＲＣ,２種住居,未改装,3300.0
2093,甲子園,13.0,5.0,４ＬＤＫ,100.0,2023.0,18.0,ＲＣ,２種住居,改装済み,5300.0
2094,甲子園,14.0,4.0,３ＬＤＫ,85.0,2022.0,17.0,ＲＣ,２種住居,未改装,3900.0
2095,甲子園,13.0,4.0,３ＬＤＫ,100.0,2022.0,17.0,ＲＣ,２種住居,未改装,4000.0
2097,甲子園,15.0,4.0,３ＬＤＫ,70.0,2022.0,6.0,ＲＣ,１中住専,未改装,4000.0
2098,甲子園,14.0,4.0,３ＬＤＫ,95.0,2022.0,17.0,ＲＣ,２種住居,未改装,4100.0
2102,甲子園,11.0,4.0,３ＬＤＫ,70.0,2020.0,18.0,ＲＣ,２中住専,未改装,3400.0
2103,甲子園,13.0,2.0,１ＬＤＫ,60.0,2020.0,15.0,ＲＣ,１中住専,未改装,2500.0
2106,甲子園,11.0,3.0,２ＬＤＫ,80.0,2020.0,15.0,ＲＣ,２種住居,未改装,3900.0
2107,甲子園,15.0,5.0,４ＬＤＫ,80.0,2019.0,18.0,ＲＣ,１中住専,改装済み,3400.0
2108,甲子園,14.0,4.0,３ＬＤＫ,85.0,2019.0,14.0,ＲＣ,２種住居,未改装,4000.0
2109,甲子園,13.0,3.0,２ＬＤＫ,80.0,2019.0,14.0,ＲＣ,２種住居,未改装,3800.0
2110,甲子園,13.0,5.0,４ＬＤＫ,95.0,2019.0,14.0,ＲＣ,２低住専,未改装,4600.0
2111,甲子園,14.0,5.0,４ＬＤＫ,80.0,2019.0,14.0,ＲＣ,２種住居,未改装,4400.0
2112,苦楽園口,3.0,3.0,２ＬＤＫ,70.0,2021.0,13.0,ＲＣ,１中住専,未改装,5400.0
2113,苦楽園口,3.0,4.0,３ＬＤＫ,100.0,2020.0,12.0,ＲＣ,１中住専,未改装,5300.0
2115,苦楽園口,3.0,4.0,３ＬＤＫ,100.0,2020.0,12.0,ＲＣ,１中住専,未改装,8300.0
2116,西宮北口,5.0,2.0,１ＬＤＫ,50.0,2024.0,23.0,ＲＣ,１種住居,未改装,3600.0
2118,西宮北口,5.0,3.0,２ＬＤＫ,55.0,2023.0,22.0,ＲＣ,１種住居,未改装,3300.0
2119,西宮北口,5.0,2.0,１ＬＤＫ,50.0,2023.0,22.0,ＲＣ,１種住居,改装済み,3100.0
2120,西宮北口,4.0,4.0,３ＬＤＫ,70.0,2023.0,25.0,ＲＣ,１種住居,未改装,3700.0
2121,西宮北口,6.0,4.0,３ＬＤＫ,75.0,2023.0,9.0,ＲＣ,１種住居,未改装,5500.0
2123,西宮北口,5.0,2.0,１ＬＤＫ,55.0,2022.0,24.0,ＲＣ,１種住居,未改装,3000.0
2124,西宮北口,6.0,3.0,２ＬＤＫ,70.0,2022.0,13.0,ＲＣ,１中住専,改装済み,5000.0
2126,西宮北口,5.0,2.0,１ＬＤＫ,50.0,2021.0,20.0,ＲＣ,１種住居,未改装,2700.0
2127,西宮北口,6.0,3.0,２ＬＤＫ,65.0,2021.0,7.0,ＲＣ,１種住居,未改装,5000.0
2128,西宮北口,6.0,4.0,３ＬＤＫ,70.0,2021.0,23.0,ＲＣ,１中住専,改装済み,2900.0
2130,西宮北口,6.0,3.0,２ＤＫ,50.0,2021.0,23.0,ＳＲＣ,１中住専,未改装,2800.0
2131,西宮北口,6.0,3.0,２ＬＤＫ,65.0,2021.0,7.0,ＲＣ,１種住居,未改装,4000.0
2132,西宮北口,6.0,4.0,３ＬＤＫ,65.0,2021.0,23.0,ＳＲＣ,１中住専,改装済み,4000.0
2133,西宮北口,6.0,3.0,２ＤＫ,50.0,2021.0,23.0,ＳＲＣ,１中住専,未改装,2000.0
2136,西宮北口,9.0,3.0,２ＬＤＫ,60.0,2020.0,19.0,ＲＣ,１種住居,改装済み,2800.0
2137,西宮北口,5.0,4.0,３ＬＤＫ,90.0,2020.0,11.0,ＲＣ,１中住専,未改装,5800.0
2140,香櫨園,4.0,5.0,４ＬＤＫ,70.0,2022.0,25.0,ＲＣ,１種住居,未改装,4000.0
2141,香櫨園,4.0,4.0,３ＬＤＫ,70.0,2020.0,23.0,ＲＣ,１種住居,未改装,3700.0
2142,香櫨園,9.0,4.0,３ＬＤＫ,65.0,2023.0,22.0,ＲＣ,１種住居,未改装,3500.0
2143,香櫨園,10.0,4.0,３ＬＤＫ,65.0,2021.0,36.0,ＲＣ,１種住居,未改装,1100.0
2144,香櫨園,9.0,4.0,３ＬＤＫ,65.0,2019.0,18.0,ＲＣ,１種住居,改装済み,3200.0
2145,西宮(ＪＲ),18.0,4.0,３ＬＤＫ,85.0,2023.0,10.0,ＲＣ,１種住居,未改装,5200.0
2146,西宮(ＪＲ),13.0,4.0,３ＬＤＫ,75.0,2022.0,9.0,ＲＣ,準工業,未改装,4500.0
2147,西宮(ＪＲ),12.0,4.0,３ＬＤＫ,65.0,2021.0,8.0,ＲＣ,１種住居,未改装,3900.0
2148,西宮(ＪＲ),12.0,3.0,２ＬＤＫ,70.0,2019.0,6.0,ＲＣ,１種住居,未改装,4000.0
2149,門戸厄神,13.0,4.0,３ＬＤＫ,65.0,2024.0,4.0,ＲＣ,１中住専,未改装,5000.0
2150,門戸厄神,11.0,4.0,３ＬＤＫ,70.0,2022.0,27.0,ＲＣ,１中住専,未改装,4000.0
2151,門戸厄神,10.0,4.0,３ＬＤＫ,70.0,2022.0,27.0,ＲＣ,１中住専,未改装,3300.0
2152,門戸厄神,11.0,4.0,３ＬＤＫ,70.0,2020.0,6.0,ＲＣ,１中住専,未改装,4000.0
2154,門戸厄神,6.0,4.0,３ＬＤＫ,75.0,2023.0,23.0,ＲＣ,１中住専,改装済み,4000.0
2155,門戸厄神,6.0,4.0,３ＬＤＫ,75.0,2022.0,25.0,ＲＣ,１中住専,改装済み,4500.0
2156,門戸厄神,11.0,4.0,３ＬＤＫ,95.0,2022.0,24.0,ＲＣ,１低住専,改装済み,3900.0
2157,門戸厄神,6.0,4.0,３ＬＤＫ,70.0,2021.0,21.0,ＲＣ,１中住専,未改装,3200.0
2160,門戸厄神,9.0,4.0,３ＬＤＫ,75.0,2020.0,16.0,ＲＣ,１中住専,未改装,3800.0
2161,門戸厄神,6.0,5.0,４ＬＤＫ,90.0,2019.0,22.0,ＲＣ,１中住専,未改装,4200.0
2162,門戸厄神,5.0,4.0,３ＬＤＫ,65.0,2024.0,27.0,ＳＲＣ,１中住専,未改装,3600.0
2163,門戸厄神,6.0,4.0,３ＬＤＫ,65.0,2022.0,25.0,ＳＲＣ,１中住専,未改装,3100.0
2164,門戸厄神,3.0,4.0,３ＬＤＫ,60.0,2021.0,24.0,ＳＲＣ,１中住専,未改装,3000.0
2165,門戸厄神,3.0,4.0,３ＬＤＫ,65.0,2021.0,24.0,ＳＲＣ,１中住専,改装済み,3500.0
2167,門戸厄神,3.0,4.0,３ＬＤＫ,60.0,2020.0,23.0,ＳＲＣ,１中住専,未改装,3200.0
2168,門戸厄神,3.0,4.0,３ＬＤＫ,65.0,2020.0,23.0,ＳＲＣ,１中住専,改装済み,3400.0
2170,甲東園,14.0,4.0,３ＬＤＫ,70.0,2024.0,25.0,ＲＣ,１中住専,未改装,2100.0
2171,甲東園,13.0,4.0,３ＬＤＫ,75.0,2021.0,22.0,ＲＣ,１中住専,未改装,3000.0
2172,門戸厄神,4.0,4.0,３ＬＤＫ,55.0,2021.0,22.0,ＲＣ,１中住専,改装済み,3300.0
2173,門戸厄神,4.0,3.0,２ＬＤＫ,55.0,2020.0,21.0,ＲＣ,１中住専,未改装,2700.0
2174,門戸厄神,4.0,4.0,３ＬＤＫ,70.0,2020.0,21.0,ＲＣ,１中住専,改装済み,3200.0
2175,門戸厄神,7.0,5.0,４ＬＤＫ,80.0,2019.0,17.0,ＲＣ,１中住専,未改装,4200.0
2176,門戸厄神,7.0,4.0,３ＬＤＫ,70.0,2019.0,18.0,ＲＣ,１中住専,未改装,3400.0
2177,門戸厄神,4.0,4.0,２ＬＤＫ＋Ｓ,70.0,2019.0,20.0,ＲＣ,１中住専,改装済み,3900.0
2179,西宮北口,15.0,5.0,４ＬＤＫ,85.0,2023.0,7.0,ＲＣ,１中住専,未改装,6500.0
2180,西宮北口,14.0,5.0,４ＬＤＫ,75.0,2022.0,22.0,ＲＣ,１中住専,未改装,5500.0
2181,門戸厄神,11.0,5.0,３ＬＤＫ＋Ｓ,80.0,2023.0,21.0,ＲＣ,１中住専,未改装,4700.0
2182,門戸厄神,10.0,2.0,１ＤＫ,35.0,2023.0,3.0,ＲＣ,１中住専,未改装,2800.0
2183,門戸厄神,11.0,5.0,４ＬＤＫ,90.0,2023.0,3.0,ＲＣ,１中住専,未改装,6600.0
2184,門戸厄神,10.0,4.0,３ＬＤＫ,75.0,2023.0,6.0,ＲＣ,２中住専,未改装,5600.0
2185,門戸厄神,9.0,4.0,３ＬＤＫ,70.0,2022.0,18.0,ＲＣ,２中住専,改装済み,4900.0
2186,門戸厄神,9.0,4.0,３ＬＤＫ,70.0,2022.0,18.0,ＲＣ,２中住専,改装済み,3900.0
2188,門戸厄神,11.0,4.0,３ＬＤＫ,70.0,2021.0,1.0,ＲＣ,１中住専,未改装,5000.0
2189,門戸厄神,11.0,2.0,１ＬＤＫ,35.0,2021.0,1.0,ＲＣ,１中住専,未改装,3100.0
2190,門戸厄神,11.0,4.0,３ＬＤＫ,70.0,2021.0,1.0,ＲＣ,１中住専,未改装,4600.0
2192,門戸厄神,8.0,3.0,２ＬＤＫ,70.0,2020.0,16.0,ＲＣ,１中住専,改装済み,3800.0
2193,門戸厄神,9.0,3.0,２ＬＤＫ,65.0,2020.0,16.0,ＲＣ,２中住専,未改装,4000.0
2194,香櫨園,6.0,4.0,３ＬＤＫ,55.0,2023.0,23.0,ＲＣ,近隣商業,未改装,3200.0
2195,香櫨園,7.0,4.0,３ＬＤＫ,55.0,2023.0,23.0,ＲＣ,近隣商業,改装済み,3300.0
2197,さくら夙川,8.0,4.0,３ＬＤＫ,75.0,2023.0,24.0,ＲＣ,近隣商業,未改装,3900.0
2198,さくら夙川,2.0,5.0,４ＬＤＫ,85.0,2022.0,25.0,ＲＣ,１中住専,未改装,4200.0
2201,さくら夙川,4.0,3.0,２ＬＤＫ,70.0,2021.0,1.0,ＲＣ,１中住専,改装済み,7000.0
2202,さくら夙川,4.0,3.0,２ＬＤＫ,70.0,2021.0,1.0,ＲＣ,１中住専,未改装,6500.0
2203,さくら夙川,3.0,4.0,３ＬＤＫ,90.0,2020.0,0.0,ＲＣ,１中住専,未改装,9100.0
2204,さくら夙川,3.0,4.0,３ＬＤＫ,90.0,2020.0,0.0,ＲＣ,１中住専,未改装,10000.0
2206,西宮北口,21.0,4.0,３ＬＤＫ,70.0,2024.0,26.0,ＲＣ,１種住居,未改装,3200.0
2207,西宮北口,20.0,4.0,３ＬＤＫ,65.0,2023.0,25.0,ＲＣ,１種住居,改装済み,3400.0
2208,有馬温泉,26.0,4.0,３ＬＤＫ,60.0,2023.0,24.0,ＲＣ,１中住専,未改装,550.0
2213,打出,9.0,3.0,１ＬＤＫ＋Ｓ,110.0,2019.0,29.0,ＲＣ,１中住専,改装済み,3900.0
2214,香櫨園,8.0,5.0,４ＬＤＫ,150.0,2023.0,32.0,ＲＣ,１種住居,未改装,4900.0
2215,香櫨園,8.0,4.0,３ＬＤＫ,85.0,2023.0,17.0,ＲＣ,１種住居,改装済み,4900.0
2216,香櫨園,8.0,3.0,２ＬＤＫ,65.0,2022.0,31.0,ＲＣ,１種住居,未改装,2100.0
2217,香櫨園,8.0,4.0,３ＬＤＫ,110.0,2022.0,31.0,ＲＣ,１種住居,未改装,3600.0
2218,香櫨園,8.0,5.0,４ＬＤＫ,145.0,2022.0,31.0,ＲＣ,１種住居,未改装,3600.0
2219,香櫨園,8.0,3.0,２ＬＤＫ,85.0,2021.0,30.0,ＲＣ,１種住居,未改装,2300.0
2220,香櫨園,8.0,3.0,２ＬＤＫ,85.0,2020.0,29.0,ＲＣ,１種住居,改装済み,3200.0
2222,香櫨園,10.0,4.0,３ＬＤＫ,120.0,2019.0,29.0,ＲＣ,１中住専,改装済み,4300.0
2223,さくら夙川,13.0,4.0,３ＬＤＫ,65.0,2022.0,20.0,ＲＣ,近隣商業,未改装,3300.0
2227,西宮(阪神),5.0,2.0,１ＤＫ,30.0,2024.0,15.0,ＲＣ,近隣商業,未改装,1800.0
2229,西宮北口,5.0,4.0,３ＬＤＫ,80.0,2024.0,24.0,ＳＲＣ,２種住居,未改装,4300.0
2230,西宮北口,5.0,4.0,３ＬＤＫ,80.0,2024.0,19.0,ＲＣ,２種住居,改装済み,9000.0
2231,西宮北口,8.0,3.0,２ＤＫ,90.0,2024.0,7.0,ＲＣ,２種住居,未改装,7700.0
2232,西宮北口,4.0,3.0,２ＬＤＫ,75.0,2023.0,23.0,ＳＲＣ,２種住居,未改装,4400.0
2233,西宮北口,8.0,4.0,３ＬＤＫ,75.0,2023.0,41.0,ＲＣ,２種住居,改装済み,4000.0
2234,西宮北口,3.0,4.0,３ＬＤＫ,80.0,2023.0,23.0,ＳＲＣ,２種住居,未改装,4400.0
2235,西宮北口,8.0,4.0,３ＬＤＫ,75.0,2023.0,41.0,ＲＣ,２種住居,改装済み,3400.0
2236,西宮北口,4.0,4.0,３ＬＤＫ,80.0,2023.0,23.0,ＳＲＣ,２種住居,未改装,5300.0
2237,西宮北口,8.0,4.0,３ＬＤＫ,80.0,2023.0,41.0,ＲＣ,２種住居,未改装,3500.0
2238,西宮北口,8.0,4.0,３ＬＤＫ,95.0,2023.0,6.0,ＲＣ,２種住居,未改装,7400.0
2239,西宮北口,8.0,4.0,３ＬＤＫ,75.0,2023.0,4.0,ＲＣ,２種住居,未改装,6800.0
2240,西宮北口,4.0,4.0,３ＬＤＫ,80.0,2023.0,23.0,ＳＲＣ,２種住居,未改装,5500.0
2241,西宮北口,8.0,3.0,２ＬＤＫ,75.0,2022.0,5.0,ＲＣ,２種住居,未改装,6000.0
2242,西宮北口,8.0,4.0,３ＬＤＫ,75.0,2022.0,3.0,ＲＣ,２種住居,未改装,6400.0
2243,西宮北口,6.0,3.0,２ＬＤＫ,95.0,2022.0,22.0,ＳＲＣ,２種住居,改装済み,9500.0
2245,西宮北口,6.0,4.0,３ＬＤＫ,80.0,2022.0,22.0,ＳＲＣ,２種住居,未改装,4700.0
2247,西宮北口,7.0,4.0,２ＬＤＫ＋Ｓ,80.0,2022.0,40.0,ＲＣ,２種住居,改装済み,4000.0
2248,西宮北口,5.0,4.0,３ＬＤＫ,80.0,2022.0,22.0,ＳＲＣ,２低住専,未改装,4800.0
2249,西宮北口,3.0,4.0,３ＬＤＫ,80.0,2022.0,22.0,ＳＲＣ,２種住居,未改装,4800.0
2250,西宮北口,5.0,4.0,３ＬＤＫ,65.0,2022.0,17.0,ＲＣ,２種住居,改装済み,5400.0
2251,西宮北口,4.0,4.0,３ＬＤＫ,80.0,2022.0,22.0,ＳＲＣ,２種住居,未改装,4400.0
2253,西宮北口,7.0,5.0,４ＬＤＫ,100.0,2021.0,39.0,ＲＣ,１種住居,未改装,3700.0
2254,西宮北口,5.0,2.0,１ＬＤＫ,60.0,2021.0,21.0,ＳＲＣ,２種住居,改装済み,4000.0
2255,西宮北口,9.0,5.0,４ＬＤＫ,100.0,2021.0,39.0,ＲＣ,２種住居,未改装,3800.0
2256,西宮北口,8.0,6.0,５ＬＤＫ,120.0,2021.0,39.0,ＲＣ,２種住居,未改装,3900.0
2257,西宮北口,5.0,3.0,２ＤＫ,75.0,2021.0,21.0,ＳＲＣ,２種住居,未改装,4100.0
2258,西宮北口,6.0,4.0,３ＬＤＫ,65.0,2021.0,10.0,ＲＣ,２種住居,未改装,4500.0
2260,西宮北口,5.0,3.0,２ＬＤＫ,65.0,2020.0,15.0,ＲＣ,２種住居,未改装,4400.0
2261,西宮北口,8.0,4.0,３ＬＤＫ,105.0,2020.0,3.0,ＲＣ,２種住居,改装済み,8700.0
2266,西宮北口,3.0,2.0,１ＤＫ,60.0,2020.0,20.0,ＳＲＣ,２種住居,改装済み,3700.0
2267,西宮北口,5.0,4.0,３ＬＤＫ,70.0,2020.0,15.0,ＲＣ,２種住居,未改装,4800.0
2268,西宮北口,3.0,4.0,３ＬＤＫ,80.0,2020.0,20.0,ＳＲＣ,２種住居,改装済み,5300.0
2269,西宮北口,8.0,3.0,２ＬＤＫ,95.0,2020.0,38.0,ＲＣ,２種住居,未改装,2500.0
2270,西宮北口,7.0,4.0,３ＬＤＫ,80.0,2020.0,38.0,ＲＣ,２種住居,未改装,2200.0
2271,西宮北口,6.0,4.0,３ＬＤＫ,85.0,2020.0,9.0,ＲＣ,２種住居,未改装,3400.0
2272,西宮北口,8.0,4.0,３ＬＤＫ,80.0,2019.0,0.0,ＲＣ,２種住居,未改装,7000.0
2275,西宮北口,9.0,5.0,４ＬＤＫ,80.0,2019.0,37.0,ＲＣ,２種住居,未改装,2500.0
2276,西宮北口,8.0,6.0,５ＬＤＫ,120.0,2019.0,37.0,ＲＣ,２種住居,改装済み,4200.0
2277,西宮北口,5.0,4.0,３ＬＤＫ,70.0,2019.0,14.0,ＲＣ,２種住居,未改装,5300.0
2280,西宮(ＪＲ),7.0,5.0,４ＬＤＫ,105.0,2024.0,26.0,ＳＲＣ,近隣商業,改装済み,6000.0
2281,西宮(ＪＲ),7.0,4.0,３ＬＤＫ,85.0,2023.0,25.0,ＳＲＣ,近隣商業,未改装,5000.0
2282,西宮(ＪＲ),7.0,4.0,３ＬＤＫ,105.0,2019.0,21.0,ＳＲＣ,近隣商業,未改装,5600.0
2284,西宮(阪神),8.0,4.0,３ＬＤＫ,80.0,2022.0,24.0,ＳＲＣ,近隣商業,改装済み,5200.0
2286,西宮(阪神),7.0,4.0,３ＬＤＫ,80.0,2021.0,23.0,ＳＲＣ,近隣商業,改装済み,4000.0
2287,西宮(阪神),7.0,4.0,３ＬＤＫ,95.0,2019.0,21.0,ＳＲＣ,近隣商業,未改装,5200.0
2288,甲陽園,16.0,4.0,３ＬＤＫ,60.0,2020.0,44.0,ＲＣ,１中住専,改装済み,950.0
2289,甲陽園,13.0,4.0,３ＬＤＫ,60.0,2020.0,44.0,ＲＣ,１中住専,改装済み,1000.0
2290,甲陽園,16.0,4.0,３ＬＤＫ,60.0,2019.0,43.0,ＲＣ,１中住専,改装済み,930.0
2291,甲子園,18.0,4.0,３ＬＤＫ,85.0,2019.0,17.0,ＲＣ,１中住専,未改装,4100.0
2292,甲子園口,16.0,4.0,３ＬＤＫ,75.0,2023.0,23.0,ＲＣ,１種住居,未改装,3400.0
2293,甲子園口,15.0,4.0,３ＬＤＫ,65.0,2023.0,23.0,ＲＣ,１種住居,改装済み,3000.0
2295,甲子園口,16.0,4.0,３ＬＤＫ,75.0,2022.0,6.0,ＲＣ,１中住専,未改装,4700.0
2296,甲子園口,18.0,4.0,３ＬＤＫ,85.0,2020.0,4.0,ＲＣ,１中住専,未改装,5200.0
2297,甲子園口,15.0,5.0,４ＬＤＫ,90.0,2020.0,22.0,ＲＣ,１中住専,改装済み,4900.0
2298,鳴尾・武庫川女子大前,13.0,4.0,３ＬＤＫ,75.0,2022.0,20.0,ＲＣ,１中住専,改装済み,4400.0
2299,鳴尾・武庫川女子大前,14.0,4.0,３ＬＤＫ,75.0,2020.0,26.0,ＲＣ,１中住専,未改装,2900.0
2300,鳴尾・武庫川女子大前,13.0,4.0,３ＬＤＫ,75.0,2020.0,4.0,ＲＣ,１中住専,改装済み,4800.0
2301,鳴尾・武庫川女子大前,13.0,4.0,３ＬＤＫ,75.0,2019.0,3.0,ＲＣ,１中住専,未改装,4100.0
2302,鳴尾・武庫川女子大前,13.0,4.0,３ＬＤＫ,80.0,2019.0,17.0,ＲＣ,１中住専,未改装,3600.0
2303,夙川,8.0,4.0,３ＬＤＫ,80.0,2023.0,26.0,ＲＣ,１中住専,未改装,5400.0
2304,夙川,6.0,5.0,４ＬＤＫ,90.0,2021.0,17.0,ＲＣ,１中住専,未改装,4300.0
2305,夙川,8.0,3.0,２ＬＤＫ,105.0,2021.0,24.0,ＲＣ,１中住専,改装済み,5400.0
2306,夙川,7.0,5.0,４ＬＤＫ,90.0,2020.0,21.0,ＲＣ,１中住専,未改装,4600.0
2307,夙川,6.0,4.0,３ＬＤＫ,75.0,2020.0,21.0,ＲＣ,１中住専,未改装,3300.0
2308,夙川,8.0,4.0,３ＬＤＫ,75.0,2020.0,23.0,ＲＣ,１中住専,未改装,4200.0
2311,夙川,6.0,4.0,３ＬＤＫ,70.0,2019.0,15.0,ＲＣ,１中住専,改装済み,5000.0
2312,門戸厄神,12.0,4.0,３ＬＤＫ,65.0,2023.0,5.0,ＲＣ,１中住専,未改装,4100.0
2313,門戸厄神,11.0,4.0,３ＬＤＫ,70.0,2022.0,22.0,ＲＣ,１中住専,未改装,2900.0
2314,門戸厄神,9.0,4.0,３ＬＤＫ,70.0,2022.0,4.0,ＲＣ,１中住専,未改装,4300.0
2316,門戸厄神,9.0,5.0,４ＬＤＫ,80.0,2021.0,3.0,ＲＣ,１中住専,未改装,4900.0
2317,門戸厄神,11.0,4.0,３ＬＤＫ,90.0,2020.0,20.0,ＲＣ,１中住専,改装済み,4400.0
2318,西宮(阪神),3.0,2.0,１Ｋ,20.0,2023.0,18.0,ＲＣ,商業,未改装,1200.0
2319,西宮(阪神),3.0,3.0,２ＬＤＫ,60.0,2023.0,15.0,ＲＣ,商業,改装済み,4900.0
2320,西宮(阪神),3.0,2.0,１Ｋ,20.0,2023.0,18.0,ＲＣ,商業,未改装,1400.0
2321,西宮(阪神),3.0,3.0,２ＬＤＫ,60.0,2023.0,15.0,ＲＣ,商業,未改装,4100.0
2323,西宮(阪神),5.0,4.0,３ＬＤＫ,60.0,2022.0,22.0,ＲＣ,商業,改装済み,3300.0
2324,西宮(阪神),3.0,2.0,１Ｋ,15.0,2022.0,26.0,ＳＲＣ,商業,未改装,580.0
2328,西宮(阪神),3.0,4.0,３ＬＤＫ,85.0,2020.0,12.0,ＲＣ,商業,未改装,3000.0
2333,鳴尾・武庫川女子大前,4.0,4.0,３ＬＤＫ,60.0,2018.0,21.0,ＲＣ,１種住居,未改装,2700.0
2334,西宮北口,7.0,4.0,３ＬＤＫ,85.0,2018.0,6.0,ＲＣ,近隣商業,未改装,5200.0
2336,香櫨園,8.0,4.0,３ＬＤＫ,55.0,2018.0,20.0,ＲＣ,１種住居,改装済み,2600.0
2342,西宮(ＪＲ),4.0,4.0,３ＬＤＫ,60.0,2018.0,42.0,ＳＲＣ,近隣商業,未改装,1600.0
2343,今津(阪神),21.0,4.0,３ＬＤＫ,75.0,2018.0,16.0,ＲＣ,準工業,未改装,3100.0
2345,香櫨園,15.0,2.0,１ＬＤＫ,60.0,2018.0,46.0,ＲＣ,１種住居,改装済み,4400.0
2347,香櫨園,14.0,2.0,１ＬＤＫ,60.0,2018.0,46.0,ＲＣ,１種住居,改装済み,1000.0
2348,香櫨園,15.0,4.0,３ＬＤＫ,95.0,2018.0,25.0,ＲＣ,１種住居,改装済み,3000.0
2349,西宮(阪神),16.0,4.0,３ＬＤＫ,85.0,2018.0,39.0,ＳＲＣ,準工業,未改装,2100.0
2351,久寿川,5.0,4.0,３ＬＤＫ,65.0,2018.0,33.0,ＳＲＣ、ＲＣ,近隣商業,改装済み,1800.0
2354,久寿川,10.0,5.0,４ＬＤＫ,75.0,2018.0,21.0,ＳＲＣ,１種住居,改装済み,3000.0
2355,久寿川,10.0,4.0,３ＬＤＫ,60.0,2018.0,22.0,ＲＣ,１種住居,未改装,1900.0
2357,甲陽園,16.0,4.0,３ＬＤＫ,85.0,2018.0,24.0,ＲＣ,１中住専,改装済み,2600.0
2359,甲陽園,17.0,4.0,３ＬＤＫ,80.0,2018.0,24.0,ＲＣ,１中住専,改装済み,2500.0
2362,甲陽園,16.0,4.0,３ＬＤＫ,60.0,2018.0,40.0,ＲＣ,１中住専,改装済み,980.0
2363,洲先,5.0,5.0,４ＬＤＫ,85.0,2018.0,13.0,ＲＣ,１種住居,未改装,2800.0
2364,鳴尾・武庫川女子大前,15.0,4.0,３ＬＤＫ,75.0,2018.0,32.0,ＲＣ,１種住居,未改装,1700.0
2365,武庫川団地前,5.0,5.0,４ＬＤＫ,70.0,2018.0,43.0,ＲＣ,１種住居,未改装,500.0
2366,苦楽園口,15.0,4.0,３ＬＤＫ,65.0,2018.0,13.0,ＲＣ,１中住専,改装済み,2900.0
2371,夙川,14.0,5.0,４ＬＤＫ,90.0,2018.0,44.0,ＲＣ,１中住専,改装済み,2500.0
2372,西宮北口,10.0,4.0,３ＬＤＫ,75.0,2018.0,7.0,ＲＣ,１中住専,未改装,4800.0
2373,西宮北口,9.0,3.0,２ＬＤＫ,65.0,2018.0,26.0,ＲＣ,１中住専,未改装,2400.0
2374,西宮北口,10.0,4.0,３ＬＤＫ,70.0,2018.0,22.0,ＲＣ,１中住専,改装済み,3400.0
2375,西宮北口,11.0,4.0,３ＬＤＫ,85.0,2018.0,22.0,ＲＣ,１中住専,未改装,3500.0
2377,苦楽園口,14.0,4.0,３ＬＤＫ,70.0,2018.0,21.0,ＲＣ,１中住専,未改装,2400.0
2378,苦楽園口,12.0,5.0,４ＬＤＫ,85.0,2018.0,21.0,ＲＣ,１中住専,未改装,2700.0
2379,鳴尾・武庫川女子大前,8.0,4.0,３ＬＤＫ,70.0,2018.0,21.0,ＲＣ,１中住専,未改装,2600.0
2380,さくら夙川,4.0,3.0,２ＬＤＫ,65.0,2018.0,39.0,ＳＲＣ,近隣商業,改装済み,2500.0
2381,さくら夙川,3.0,4.0,３ＬＤＫ,60.0,2018.0,21.0,ＲＣ,１種住居,未改装,3400.0
2382,さくら夙川,2.0,4.0,３ＬＤＫ,70.0,2018.0,39.0,ＳＲＣ,近隣商業,未改装,1600.0
2384,東鳴尾,7.0,4.0,３ＬＤＫ,80.0,2018.0,21.0,ＲＣ,近隣商業,改装済み,3000.0
2385,東鳴尾,5.0,4.0,３ＬＤＫ,75.0,2018.0,27.0,ＳＲＣ,１種住居,改装済み,2300.0
2386,東鳴尾,7.0,4.0,３ＬＤＫ,75.0,2018.0,21.0,ＲＣ,近隣商業,未改装,2000.0
2388,苦楽園口,14.0,3.0,２ＬＤＫ,90.0,2018.0,31.0,ＲＣ,１中住専,改装済み,4500.0
2389,苦楽園口,15.0,4.0,３ＬＤＫ,75.0,2018.0,11.0,ＲＣ,１中住専,未改装,2700.0
2390,苦楽園口,14.0,4.0,３ＬＤＫ,85.0,2018.0,31.0,ＲＣ,１中住専,改装済み,3900.0
2392,久寿川,11.0,5.0,４ＬＤＫ,95.0,2018.0,9.0,ＲＣ,準工業,未改装,4100.0
2393,久寿川,10.0,4.0,３ＬＤＫ,70.0,2018.0,9.0,ＲＣ,準工業,改装済み,3300.0
2394,甲子園,13.0,2.0,１Ｋ,15.0,2018.0,23.0,ＲＣ,１中住専,未改装,500.0
2396,甲子園口,13.0,2.0,１ＤＫ,25.0,2018.0,30.0,ＲＣ,１中住専,未改装,630.0
2399,甲子園口,16.0,4.0,３ＬＤＫ,75.0,2018.0,19.0,ＲＣ,１中住専,改装済み,3500.0
2401,甲東園,13.0,4.0,３ＬＤＫ,75.0,2018.0,12.0,ＳＲＣ,１低住専,未改装,4300.0
2402,甲東園,4.0,4.0,３ＬＤＫ,75.0,2018.0,17.0,ＲＣ,１中住専,未改装,3900.0
2404,苦楽園口,7.0,4.0,３ＬＤＫ,75.0,2018.0,5.0,ＲＣ,１中住専,未改装,4000.0
2406,香櫨園,9.0,5.0,４ＬＤＫ,95.0,2018.0,34.0,ＲＣ,１中住専,未改装,2100.0
2407,西宮北口,13.0,4.0,３ＬＤＫ,70.0,2018.0,7.0,ＲＣ,１中住専,未改装,4300.0
2408,西宮北口,14.0,4.0,３ＬＤＫ,70.0,2018.0,7.0,ＲＣ,１中住専,改装済み,4300.0
2410,西宮北口,14.0,5.0,４ＬＤＫ,85.0,2018.0,5.0,ＲＣ,１中住専,未改装,5100.0
2413,苦楽園口,5.0,3.0,２ＬＤＫ,75.0,2018.0,17.0,ＲＣ,１低住専,未改装,4900.0
2415,西宮北口,6.0,2.0,１ＤＫ,35.0,2018.0,20.0,ＳＲＣ,１中住専,未改装,1700.0
2416,西宮(阪神),12.0,5.0,４ＬＤＫ,70.0,2018.0,44.0,ＳＲＣ,準工業,改装済み,1700.0
2417,西宮(阪神),12.0,3.0,２ＬＤＫ,75.0,2018.0,44.0,ＳＲＣ,準工業,改装済み,1500.0
2418,西宮(阪神),14.0,4.0,３ＬＤＫ,65.0,2018.0,44.0,ＳＲＣ,準工業,未改装,1000.0
2420,西宮(阪神),18.0,4.0,３ＬＤＫ,65.0,2018.0,22.0,ＲＣ,準工業,未改装,1800.0
2421,甲子園口,6.0,4.0,３ＬＤＫ,70.0,2018.0,17.0,ＲＣ,１中住専,未改装,2700.0
2424,甲子園口,7.0,4.0,３ＬＤＫ,70.0,2018.0,11.0,ＲＣ,１中住専,未改装,4100.0
2426,西宮(ＪＲ),7.0,4.0,３ＬＤＫ,75.0,2018.0,11.0,ＲＣ,１中住専,未改装,4200.0
2427,苦楽園口,12.0,4.0,３ＬＤＫ,75.0,2018.0,44.0,ＲＣ,１低住専,未改装,1400.0
2429,苦楽園口,15.0,4.0,３ＬＤＫ,90.0,2018.0,10.0,ＳＲＣ,１低住専,改装済み,4100.0
2430,夙川,10.0,4.0,３ＬＤＫ,55.0,2018.0,19.0,ＲＣ,１中住専,未改装,3000.0
2431,夙川,7.0,4.0,３ＬＤＫ,75.0,2018.0,20.0,ＲＣ,１中住専,未改装,4500.0
2432,甲子園,10.0,4.0,３ＤＫ,75.0,2018.0,49.0,ＲＣ,２中住専,改装済み,1700.0
2435,甲子園,7.0,4.0,３ＬＤＫ,75.0,2018.0,16.0,ＲＣ,２種住居,未改装,3000.0
2437,甲子園,2.0,3.0,２ＬＤＫ,60.0,2018.0,28.0,ＲＣ,１種住居,未改装,1000.0
2438,甲子園,6.0,3.0,２ＬＤＫ,55.0,2018.0,49.0,ＲＣ,近隣商業,未改装,910.0
2439,甲子園,5.0,4.0,３ＬＤＫ,60.0,2018.0,44.0,ＲＣ,１種住居,改装済み,1400.0
2440,甲子園,11.0,4.0,３ＬＤＫ,70.0,2018.0,12.0,ＲＣ,２種住居,未改装,3300.0
2442,鳴尾・武庫川女子大前,14.0,4.0,３ＬＤＫ,80.0,2018.0,12.0,ＲＣ,２種住居,未改装,3600.0
2444,甲子園,2.0,4.0,３ＬＤＫ,75.0,2018.0,15.0,ＲＣ,２中住専,改装済み,5400.0
2446,甲子園口,2.0,3.0,２ＬＤＫ,55.0,2018.0,18.0,ＲＣ,近隣商業,未改装,2400.0
2447,甲子園口,6.0,2.0,１Ｋ,15.0,2018.0,34.0,ＲＣ,近隣商業,未改装,300.0
2448,甲子園口,9.0,4.0,３ＬＤＫ,70.0,2018.0,46.0,ＲＣ,１中住専,未改装,1500.0
2449,甲子園口,16.0,4.0,３ＬＤＫ,65.0,2018.0,18.0,ＲＣ,近隣商業,未改装,2200.0
2451,甲子園口,3.0,4.0,３ＬＤＫ,75.0,2018.0,20.0,ＲＣ,近隣商業,未改装,3400.0
2454,甲子園口,4.0,4.0,３ＬＤＫ,65.0,2018.0,18.0,ＲＣ,１中住専,未改装,3000.0
2455,甲子園口,4.0,4.0,３ＬＤＫ,80.0,2018.0,20.0,ＲＣ,１中住専,未改装,3400.0
2456,甲子園口,3.0,4.0,３ＬＤＫ,110.0,2018.0,11.0,ＲＣ,１中住専,未改装,6000.0
2457,甲子園口,5.0,4.0,３ＬＤＫ,80.0,2018.0,40.0,ＲＣ,１中住専,未改装,2100.0
2461,甲子園,8.0,4.0,３ＬＤＫ,55.0,2018.0,22.0,ＲＣ,１種住居,未改装,1600.0
2464,甲子園,9.0,3.0,２ＤＫ,55.0,2018.0,14.0,ＲＣ,近隣商業,未改装,2100.0
2468,甲子園,11.0,2.0,１ＬＤＫ,50.0,2018.0,14.0,ＲＣ,近隣商業,未改装,1900.0
2469,甲東園,3.0,4.0,３ＬＤＫ,70.0,2018.0,45.0,ＳＲＣ,近隣商業,未改装,1600.0
2470,甲東園,1.0,4.0,３ＬＤＫ,65.0,2018.0,12.0,ＲＣ,近隣商業,改装済み,4300.0
2471,甲東園,3.0,4.0,３ＤＫ,55.0,2018.0,21.0,ＲＣ,近隣商業,未改装,2200.0
2472,甲東園,3.0,4.0,３ＬＤＫ,60.0,2018.0,20.0,ＲＣ,近隣商業,未改装,2600.0
2473,甲東園,3.0,4.0,３ＬＤＫ,75.0,2018.0,45.0,ＳＲＣ,近隣商業,改装済み,2400.0
2474,香櫨園,12.0,4.0,３ＬＤＫ,85.0,2018.0,4.0,ＲＣ,近隣商業,未改装,4400.0
2475,甲陽園,3.0,5.0,４ＬＤＫ,90.0,2018.0,20.0,ＲＣ,２低住専,未改装,4500.0
2476,甲陽園,14.0,4.0,３ＬＤＫ,95.0,2018.0,5.0,ＲＣ,１中住専,改装済み,3300.0
2478,甲陽園,1.0,2.0,１ＬＤＫ,50.0,2018.0,47.0,ＲＣ,近隣商業,改装済み,1600.0
2480,甲陽園,2.0,3.0,２ＬＤＫ,60.0,2018.0,47.0,ＲＣ,近隣商業,改装済み,1400.0
2482,甲陽園,2.0,3.0,２ＤＫ,55.0,2018.0,47.0,ＲＣ,近隣商業,未改装,1000.0
2483,甲陽園,3.0,4.0,３ＬＤＫ,65.0,2018.0,41.0,ＳＲＣ,近隣商業,未改装,1400.0
2484,甲陽園,1.0,3.0,２ＬＤＫ,60.0,2018.0,47.0,ＲＣ,近隣商業,改装済み,1800.0
2486,甲陽園,1.0,3.0,２ＬＤＫ,50.0,2018.0,47.0,ＲＣ,近隣商業,改装済み,1400.0
2487,甲陽園,1.0,3.0,２ＬＤＫ,85.0,2018.0,3.0,ＲＣ,１中住専,未改装,6000.0
2490,甲子園口,14.0,4.0,３ＬＤＫ,75.0,2018.0,14.0,ＲＣ,２中住専,未改装,3200.0
2492,武庫川,13.0,5.0,４ＬＤＫ,75.0,2018.0,21.0,ＲＣ,２中住専,改装済み,3900.0
2493,武庫川,15.0,4.0,３ＬＤＫ,75.0,2018.0,3.0,ＲＣ,２中住専,改装済み,4000.0
2494,武庫川,13.0,4.0,３ＬＤＫ,75.0,2018.0,21.0,ＲＣ,２中住専,改装済み,4000.0
2495,武庫川,13.0,3.0,２ＬＤＫ,75.0,2018.0,21.0,ＲＣ,２中住専,改装済み,3800.0
2496,武庫川,12.0,5.0,４ＬＤＫ,75.0,2018.0,3.0,ＲＣ,２中住専,改装済み,4000.0
2497,武庫川,11.0,4.0,３ＬＤＫ,75.0,2018.0,21.0,ＲＣ,２中住専,改装済み,3700.0
2498,武庫川,12.0,4.0,３ＬＤＫ,75.0,2018.0,21.0,ＲＣ,１中住専,改装済み,4000.0
2499,武庫川,12.0,4.0,３ＬＤＫ,75.0,2018.0,3.0,ＲＣ,２中住専,改装済み,4300.0
2503,鳴尾・武庫川女子大前,8.0,3.0,２ＬＤＫ,55.0,2018.0,46.0,ＳＲＣ,１種住居,改装済み,1500.0
2506,苦楽園口,9.0,4.0,３ＬＤＫ,80.0,2018.0,18.0,ＲＣ,１低住専,未改装,3900.0
2508,西宮(阪神),5.0,2.0,１Ｋ,20.0,2018.0,11.0,ＲＣ,近隣商業,未改装,1600.0
2511,西宮名塩,8.0,4.0,３ＬＤＫ,65.0,2018.0,19.0,ＲＣ,１中住専,未改装,1000.0
2512,西宮名塩,8.0,4.0,３ＬＤＫ,75.0,2018.0,19.0,ＲＣ,１中住専,未改装,1400.0
2514,香櫨園,11.0,4.0,３ＬＤＫ,80.0,2018.0,21.0,ＲＣ,１中住専,未改装,3100.0
2517,甲東園,2.0,4.0,３ＬＤＫ,70.0,2018.0,19.0,ＲＣ,近隣商業,未改装,4000.0
2519,苦楽園口,10.0,3.0,２ＬＤＫ,85.0,2018.0,12.0,ＲＣ,１低住専,未改装,5000.0
2521,甲陽園,12.0,4.0,３ＬＤＫ,75.0,2018.0,18.0,ＲＣ,１低住専,未改装,2700.0
2522,甲陽園,11.0,4.0,３ＬＤＫ,65.0,2018.0,18.0,ＲＣ,１低住専,未改装,2400.0
2524,苦楽園口,18.0,5.0,４ＬＤＫ,95.0,2018.0,15.0,ＲＣ,１低住専,未改装,3500.0
2525,苦楽園口,16.0,5.0,４ＬＤＫ,100.0,2018.0,13.0,ＲＣ,１中住専,未改装,3100.0
2527,苦楽園口,15.0,4.0,３ＬＤＫ,65.0,2018.0,41.0,ＲＣ,１中住専,改装済み,1300.0
2528,苦楽園口,14.0,4.0,３ＬＤＫ,70.0,2018.0,22.0,ＲＣ,１中住専,改装済み,3000.0
2531,甲陽園,23.0,3.0,２ＬＤＫ,65.0,2018.0,29.0,ＲＣ,１中住専,改装済み,2000.0
2535,甲陽園,23.0,4.0,３ＬＤＫ,65.0,2018.0,29.0,ＲＣ,１中住専,未改装,1500.0
2537,西宮(ＪＲ),29.0,4.0,３ＬＤＫ,75.0,2018.0,22.0,ＲＣ,１中住専,未改装,2000.0
2540,武庫川団地前,11.0,5.0,４ＬＤＫ,95.0,2018.0,28.0,ＳＲＣ,１中住専,未改装,1500.0
2541,武庫川団地前,6.0,5.0,４ＬＤＫ,95.0,2018.0,14.0,ＲＣ,１中住専,未改装,2900.0
2543,武庫川団地前,14.0,4.0,３ＬＤＫ,95.0,2018.0,33.0,ＳＲＣ,１中住専,未改装,2100.0
2544,武庫川団地前,5.0,3.0,２ＬＤＫ,60.0,2018.0,29.0,ＳＲＣ,１中住専,改装済み,1300.0
2545,武庫川団地前,12.0,5.0,４ＬＤＫ,95.0,2018.0,33.0,ＳＲＣ,１中住専,未改装,1600.0
2547,夙川,12.0,3.0,２ＬＤＫ,60.0,2018.0,50.0,ＲＣ,１中住専,改装済み,1200.0
2549,西宮北口,10.0,3.0,２ＬＤＫ,60.0,2018.0,43.0,ＳＲＣ,準工業,未改装,1200.0
2550,西宮北口,3.0,4.0,３ＬＤＫ,65.0,2018.0,18.0,ＳＲＣ,商業,未改装,3700.0
2551,西宮北口,3.0,3.0,２ＬＤＫ,75.0,2018.0,10.0,ＲＣ,商業,改装済み,6900.0
2552,西宮北口,10.0,4.0,３ＬＤＫ,85.0,2018.0,4.0,ＲＣ,１種住居,未改装,4700.0
2556,香櫨園,10.0,4.0,３ＬＤＫ,70.0,2018.0,17.0,ＲＣ,１種住居,未改装,2800.0
2557,香櫨園,10.0,4.0,２ＬＤＫ＋Ｓ,60.0,2018.0,21.0,ＲＣ,１種住居,未改装,2100.0
2558,香櫨園,12.0,4.0,３ＬＤＫ,65.0,2018.0,21.0,ＲＣ,１種住居,未改装,2600.0
2560,西宮(阪神),3.0,3.0,２ＬＤＫ,55.0,2018.0,12.0,ＲＣ,商業,未改装,3100.0
2561,仁川,11.0,4.0,３ＬＤＫ,70.0,2018.0,15.0,ＲＣ,１中住専,未改装,3000.0
2562,仁川,8.0,2.0,１ＬＤＫ,60.0,2018.0,10.0,ＲＣ,２中住専,未改装,2600.0
2565,阪神国道,4.0,4.0,３ＬＤＫ,65.0,2018.0,3.0,ＲＣ,１種住居,未改装,3300.0
2566,阪神国道,6.0,4.0,３ＬＤＫ,70.0,2018.0,20.0,ＲＣ,準工業,改装済み,2900.0
2571,西宮(ＪＲ),3.0,3.0,２ＬＤＫ,60.0,2018.0,11.0,ＲＣ,２種住居,未改装,3200.0
2572,西宮(ＪＲ),8.0,4.0,３ＬＤＫ,65.0,2018.0,17.0,ＲＣ,準工業,未改装,3100.0
2573,今津(阪神),3.0,4.0,３ＬＤＫ,60.0,2018.0,4.0,ＲＣ,近隣商業,未改装,3000.0
2575,今津(阪神),2.0,4.0,３ＬＤＫ,70.0,2018.0,13.0,ＲＣ,近隣商業,未改装,3400.0
2577,今津(阪神),9.0,4.0,３ＬＤＫ,60.0,2018.0,22.0,ＳＲＣ,１種住居,未改装,2200.0
2580,甲子園口,7.0,4.0,３ＬＤＫ,65.0,2018.0,46.0,ＲＣ,１中住専,未改装,1600.0
2582,夙川,9.0,3.0,２ＬＤＫ,55.0,2018.0,21.0,ＲＣ,１低住専,未改装,2700.0
2583,甲子園口,10.0,4.0,３ＬＤＫ,70.0,2018.0,14.0,ＲＣ,１種住居,未改装,3100.0
2584,甲子園口,12.0,3.0,２ＬＤＫ,35.0,2018.0,30.0,ＲＣ,１種住居,未改装,420.0
2585,西宮(ＪＲ),12.0,4.0,３ＬＤＫ,65.0,2018.0,20.0,ＲＣ,１種住居,未改装,2600.0
2586,甲子園口,12.0,4.0,３ＬＤＫ,70.0,2018.0,20.0,ＳＲＣ,近隣商業,未改装,2000.0
2587,西宮(ＪＲ),9.0,4.0,３ＬＤＫ,65.0,2018.0,14.0,ＲＣ,１種住居,未改装,3300.0
2588,西宮(ＪＲ),9.0,4.0,３ＬＤＫ,70.0,2018.0,14.0,ＲＣ,１種住居,未改装,3500.0
2589,西宮(ＪＲ),9.0,3.0,２ＬＤＫ,55.0,2018.0,14.0,ＳＲＣ,１種住居,改装済み,2700.0
2592,西宮名塩,9.0,4.0,３ＬＤＫ,70.0,2018.0,22.0,ＲＣ,２中住専,未改装,950.0
2594,西宮名塩,5.0,4.0,３ＬＤＫ,70.0,2018.0,22.0,ＲＣ,２中住専,未改装,950.0
2595,西宮名塩,1.0,5.0,４ＬＤＫ,95.0,2018.0,10.0,ＲＣ,商業,未改装,2800.0
2597,西宮名塩,1.0,4.0,３ＬＤＫ,75.0,2018.0,10.0,ＲＣ,商業,未改装,2100.0
2598,西宮名塩,5.0,5.0,４ＬＤＫ,85.0,2018.0,12.0,ＲＣ,１中住専,未改装,2100.0
2601,生瀬,12.0,4.0,３ＬＤＫ,75.0,2018.0,19.0,ＳＲＣ,２中住専,改装済み,2100.0
2602,生瀬,12.0,5.0,４ＬＤＫ,75.0,2018.0,19.0,ＳＲＣ,２中住専,未改装,1300.0
2603,生瀬,13.0,4.0,３ＬＤＫ,75.0,2018.0,21.0,ＳＲＣ,２中住専,未改装,1100.0
2605,鳴尾・武庫川女子大前,7.0,4.0,３ＬＤＫ,70.0,2018.0,7.0,ＳＲＣ,１種住居,未改装,3600.0
2607,鳴尾・武庫川女子大前,6.0,4.0,３ＤＫ,40.0,2018.0,47.0,鉄骨造,１種住居,未改装,420.0
2610,鳴尾・武庫川女子大前,4.0,4.0,３ＬＤＫ,80.0,2018.0,14.0,ＲＣ,近隣商業,未改装,3500.0
2612,仁川,5.0,4.0,３ＬＤＫ,70.0,2018.0,3.0,ＲＣ,２低住専,未改装,4100.0
2614,仁川,15.0,4.0,３ＬＤＫ,65.0,2018.0,17.0,ＲＣ,１低住専,未改装,1800.0
2615,西宮(阪神),10.0,2.0,１Ｋ,25.0,2018.0,10.0,ＲＣ,近隣商業,改装済み,990.0
2616,西宮(阪神),10.0,2.0,１Ｋ,25.0,2018.0,10.0,ＲＣ,近隣商業,未改装,1500.0
2619,西宮(阪神),30.0,4.0,３ＬＤＫ,75.0,2018.0,20.0,ＳＲＣ,１中住専,改装済み,1900.0
2621,西宮(阪神),30.0,5.0,４ＬＤＫ,85.0,2018.0,20.0,ＳＲＣ、ＲＣ,１中住専,改装済み,2400.0
2623,西宮(阪神),30.0,3.0,２ＬＤＫ,70.0,2018.0,20.0,ＳＲＣ,１中住専,未改装,1400.0
2625,西宮(阪神),30.0,4.0,３ＬＤＫ,70.0,2018.0,20.0,ＳＲＣ,１中住専,未改装,1200.0
2626,甲陽園,13.0,4.0,３ＬＤＫ,85.0,2018.0,11.0,ＲＣ,１中住専,改装済み,4100.0
2628,門戸厄神,4.0,4.0,３ＬＤＫ,70.0,2018.0,23.0,ＲＣ,１中住専,改装済み,4700.0
2629,門戸厄神,5.0,5.0,４ＬＤＫ,85.0,2018.0,32.0,ＲＣ,１中住専,未改装,2700.0
2632,門戸厄神,4.0,4.0,３ＬＤＫ,70.0,2018.0,2.0,ＲＣ,１中住専,改装済み,4500.0
2633,夙川,4.0,4.0,３ＬＤＫ,90.0,2018.0,22.0,ＲＣ,１中住専,未改装,6200.0
2635,西宮(ＪＲ),7.0,3.0,２ＬＤＫ,65.0,2018.0,17.0,ＲＣ,１種住居,改装済み,2800.0
2636,西宮(ＪＲ),8.0,4.0,３ＬＤＫ,70.0,2018.0,5.0,ＲＣ,１種住居,未改装,4200.0
2637,西宮(ＪＲ),8.0,4.0,３ＬＤＫ,65.0,2018.0,7.0,ＲＣ,近隣商業,未改装,3500.0
2638,西宮(ＪＲ),8.0,4.0,３ＬＤＫ,65.0,2018.0,5.0,ＲＣ,近隣商業,未改装,3400.0
2641,西宮(阪神),5.0,3.0,２ＬＤＫ,85.0,2018.0,12.0,ＲＣ,商業,未改装,4400.0
2643,西宮(阪神),4.0,4.0,３ＬＤＫ,70.0,2018.0,17.0,ＳＲＣ,商業,改装済み,3900.0
2645,甲子園,19.0,4.0,３ＬＤＫ,75.0,2018.0,19.0,ＲＣ,１中住専,改装済み,2500.0
2647,甲子園,16.0,4.0,３ＬＤＫ,95.0,2018.0,16.0,ＳＲＣ,１種住居,改装済み,3400.0
2648,今津(阪神),13.0,5.0,４ＬＤＫ,80.0,2018.0,7.0,ＲＣ,準工業,未改装,3900.0
2649,東鳴尾,6.0,4.0,３ＬＤＫ,60.0,2018.0,41.0,ＲＣ,１種住居,改装済み,1600.0
2650,東鳴尾,4.0,4.0,３ＬＤＫ,60.0,2018.0,39.0,ＳＲＣ,１種住居,未改装,900.0
2652,西宮(阪神),18.0,4.0,３ＬＤＫ,75.0,2018.0,14.0,ＲＣ,準工業,未改装,2800.0
2654,西宮(阪神),15.0,4.0,３ＬＤＫ,75.0,2018.0,14.0,ＲＣ,準工業,未改装,3000.0
2655,西宮(阪神),19.0,4.0,３ＬＤＫ,60.0,2018.0,22.0,ＲＣ,準工業,未改装,1700.0
2656,西宮(阪神),19.0,4.0,３ＬＤＫ,60.0,2018.0,21.0,ＳＲＣ,準工業,改装済み,2000.0
2657,西宮(阪神),19.0,4.0,３ＬＤＫ,60.0,2018.0,21.0,ＳＲＣ,準工業,未改装,1200.0
2658,西宮(阪神),19.0,4.0,３ＬＤＫ,65.0,2018.0,21.0,ＳＲＣ,準工業,未改装,1900.0
2659,西宮名塩,12.0,4.0,３ＬＤＫ,100.0,2018.0,25.0,ＲＣ,１中住専,未改装,1600.0
2660,西宮名塩,14.0,4.0,３ＬＤＫ,80.0,2018.0,24.0,ＲＣ,１中住専,未改装,800.0
2663,苦楽園口,12.0,5.0,４ＬＤＫ,85.0,2018.0,21.0,ＲＣ,１中住専,未改装,4000.0
2668,門戸厄神,12.0,4.0,３ＬＤＫ,75.0,2018.0,23.0,ＲＣ,１中住専,未改装,2400.0
2669,門戸厄神,15.0,4.0,３ＬＤＫ,60.0,2018.0,15.0,ＲＣ,１中住専,未改装,2600.0
2670,西宮北口,7.0,4.0,３ＬＤＫ,70.0,2018.0,20.0,ＲＣ,１中住専,未改装,3200.0
2671,西宮北口,16.0,2.0,１Ｋ,15.0,2018.0,32.0,ＲＣ,１中住専,未改装,310.0
2672,西宮北口,16.0,4.0,３ＬＤＫ,55.0,2018.0,15.0,ＲＣ,２中住専,改装済み,2600.0
2673,西宮北口,20.0,4.0,３ＬＤＫ,70.0,2018.0,19.0,ＲＣ,１中住専,未改装,2600.0
2675,夙川,16.0,5.0,４ＬＤＫ,80.0,2018.0,17.0,ＲＣ,１低住専,改装済み,3200.0
2676,西宮北口,9.0,3.0,２ＬＤＫ,60.0,2018.0,8.0,ＲＣ,工業,未改装,3300.0
2677,西宮北口,9.0,2.0,１Ｋ,20.0,2018.0,9.0,ＲＣ,準工業,未改装,1200.0
2678,門戸厄神,6.0,3.0,２ＬＤＫ,50.0,2018.0,21.0,ＲＣ,１中住専,改装済み,2200.0
2679,甲子園口,4.0,3.0,２ＬＤＫ,85.0,2018.0,17.0,ＲＣ,１中住専,改装済み,4700.0
2681,苦楽園口,8.0,2.0,１ＬＤＫ,35.0,2018.0,48.0,鉄骨造,１低住専,未改装,300.0
2682,苦楽園口,8.0,2.0,１ＤＫ,45.0,2018.0,48.0,鉄骨造,１低住専,未改装,300.0
2685,香櫨園,11.0,4.0,３ＬＤＫ,75.0,2018.0,17.0,ＲＣ,１種住居,改装済み,2100.0
2687,さくら夙川,7.0,4.0,３ＬＤＫ,115.0,2018.0,29.0,ＲＣ,１中住専,未改装,4700.0
2690,夙川,8.0,4.0,３ＬＤＫ,145.0,2018.0,13.0,ＲＣ,１中住専,未改装,10000.0
2691,甲子園口,7.0,4.0,３ＬＤＫ,75.0,2018.0,11.0,ＲＣ,１中住専,改装済み,4100.0
2692,甲子園口,7.0,4.0,３ＬＤＫ,75.0,2018.0,11.0,ＲＣ,１中住専,未改装,4400.0
2693,甲子園口,8.0,4.0,３ＬＤＫ,75.0,2018.0,14.0,ＲＣ,１中住専,未改装,5100.0
2694,西宮(ＪＲ),3.0,2.0,１ＬＤＫ,65.0,2018.0,5.0,ＲＣ,近隣商業,未改装,4300.0
2695,西宮(ＪＲ),5.0,3.0,２ＬＤＫ,75.0,2018.0,12.0,ＲＣ,近隣商業,未改装,3800.0
2696,西宮北口,11.0,4.0,３ＬＤＫ,65.0,2018.0,16.0,ＲＣ,１中住専,未改装,2400.0
2698,西宮北口,8.0,4.0,３ＬＤＫ,70.0,2018.0,18.0,ＲＣ,１中住専,改装済み,4000.0
2701,夙川,12.0,4.0,３ＬＤＫ,75.0,2018.0,47.0,ＲＣ,１中住専,改装済み,1500.0
2703,甲子園,13.0,4.0,３ＬＤＫ,80.0,2018.0,13.0,ＲＣ,２種住居,未改装,4300.0
2704,甲子園,10.0,4.0,３ＬＤＫ,75.0,2018.0,16.0,ＲＣ,２中住専,未改装,3300.0
2706,苦楽園口,3.0,3.0,２ＬＤＫ,80.0,2018.0,10.0,ＲＣ,１中住専,未改装,6900.0
2708,西宮(ＪＲ),12.0,5.0,４ＬＤＫ,85.0,2018.0,5.0,ＲＣ,１種住居,改装済み,5200.0
2709,甲東園,13.0,4.0,３ＬＤＫ,75.0,2018.0,19.0,ＲＣ,１中住専,改装済み,2900.0
2710,甲東園,13.0,4.0,３ＬＤＫ,75.0,2018.0,19.0,ＲＣ,１中住専,未改装,2100.0
2711,門戸厄神,9.0,5.0,４ＬＤＫ,80.0,2018.0,14.0,ＲＣ,１中住専,未改装,4300.0
2712,門戸厄神,9.0,4.0,３ＬＤＫ,70.0,2018.0,14.0,ＲＣ,１中住専,未改装,3200.0
2714,さくら夙川,8.0,4.0,３ＬＤＫ,75.0,2018.0,19.0,ＲＣ,近隣商業,改装済み,4600.0
2715,さくら夙川,2.0,4.0,３ＬＤＫ,75.0,2018.0,21.0,ＳＲＣ,１中住専,改装済み,5400.0
2716,有馬温泉,25.0,3.0,２ＬＤＫ,60.0,2018.0,19.0,ＲＣ,１低住専,改装済み,800.0
2719,香櫨園,8.0,5.0,４ＬＤＫ,145.0,2018.0,27.0,ＲＣ,１種住居,未改装,3700.0
2722,西宮(阪神),4.0,2.0,１Ｋ,25.0,2018.0,9.0,ＲＣ,近隣商業,未改装,1800.0
2723,西宮(阪神),3.0,3.0,２ＤＫ,55.0,2018.0,5.0,ＲＣ,近隣商業,未改装,3000.0
2724,西宮北口,3.0,4.0,３ＬＤＫ,80.0,2018.0,18.0,ＳＲＣ,２種住居,改装済み,5200.0
2725,西宮北口,5.0,4.0,３ＬＤＫ,80.0,2018.0,18.0,ＳＲＣ,２種住居,改装済み,4900.0
2727,西宮北口,6.0,4.0,３ＬＤＫ,80.0,2018.0,7.0,ＲＣ,２種住居,未改装,5000.0
2728,西宮(ＪＲ),7.0,3.0,２ＬＤＫ,65.0,2018.0,20.0,ＳＲＣ,近隣商業,改装済み,3900.0
2729,西宮(ＪＲ),7.0,4.0,３ＬＤＫ,105.0,2018.0,20.0,ＳＲＣ,近隣商業,未改装,4700.0
2733,鳴尾・武庫川女子大前,13.0,5.0,４ＬＤＫ,140.0,2018.0,16.0,ＲＣ,１中住専,未改装,7300.0
2734,夙川,8.0,4.0,３ＬＤＫ,65.0,2018.0,21.0,ＲＣ,１中住専,未改装,3900.0
2735,夙川,6.0,4.0,３ＬＤＫ,65.0,2018.0,7.0,ＲＣ,１中住専,未改装,4200.0
2736,夙川,8.0,4.0,３ＬＤＫ,80.0,2018.0,21.0,ＲＣ,１中住専,改装済み,4500.0
2738,甲子園,10.0,4.0,３ＬＤＫ,75.0,2014.0,43.0,ＲＣ,１中住専,未改装,1500.0
2739,西宮(ＪＲ),1.0,4.0,３ＬＤＫ,75.0,2014.0,19.0,ＳＲＣ,近隣商業,未改装,3000.0
2740,西宮(ＪＲ),2.0,4.0,３ＬＤＫ,90.0,2014.0,21.0,ＳＲＣ,近隣商業,未改装,3300.0
2741,西宮(ＪＲ),1.0,4.0,３ＬＤＫ,100.0,2014.0,21.0,ＳＲＣ,近隣商業,改装済み,3400.0
2742,西宮(ＪＲ),1.0,4.0,３ＬＤＫ,75.0,2014.0,19.0,ＳＲＣ,近隣商業,未改装,2800.0
2743,香櫨園,14.0,4.0,３ＬＤＫ,60.0,2014.0,42.0,ＲＣ,１種住居,改装済み,850.0
2744,香櫨園,15.0,4.0,３ＬＤＫ,60.0,2014.0,36.0,ＳＲＣ,準工業,改装済み,1300.0
2745,香櫨園,16.0,5.0,４ＬＤＫ,75.0,2014.0,9.0,ＲＣ,準工業,未改装,2500.0
2746,香櫨園,15.0,5.0,４ＬＤＫ,150.0,2014.0,22.0,ＲＣ,１種住居,未改装,3700.0
2747,西宮(阪神),21.0,4.0,３ＬＤＫ,75.0,2014.0,9.0,ＲＣ,準工業,未改装,2600.0
2748,甲陽園,18.0,4.0,３ＬＤＫ,75.0,2014.0,15.0,ＲＣ,１中住専,未改装,2000.0
2749,甲陽園,20.0,4.0,３ＬＤＫ,70.0,2014.0,15.0,ＲＣ,１中住専,未改装,2000.0
2750,西宮北口,30.0,4.0,３ＬＤＫ,70.0,2014.0,34.0,ＲＣ,１中住専,未改装,900.0
2751,門戸厄神,30.0,4.0,３ＬＤＫ,75.0,2014.0,15.0,ＲＣ,１中住専,未改装,2200.0
2753,仁川,20.0,3.0,２ＬＤＫ,55.0,2014.0,16.0,ＲＣ,１中住専,改装済み,2000.0
2754,仁川,23.0,4.0,３ＬＤＫ,75.0,2014.0,13.0,ＲＣ,１中住専,未改装,2400.0
2756,久寿川,13.0,5.0,４ＬＤＫ,80.0,2014.0,16.0,ＳＲＣ,１種住居,未改装,2300.0
2758,久寿川,18.0,4.0,３ＬＤＫ,75.0,2014.0,31.0,ＲＣ,１種住居,改装済み,930.0
2759,西宮北口,30.0,4.0,３ＬＤＫ,60.0,2014.0,16.0,ＲＣ,１中住専,改装済み,1500.0
2760,甲東園,25.0,3.0,２ＬＤＫ,70.0,2014.0,17.0,ＲＣ,１中住専,未改装,1900.0
2761,甲東園,26.0,5.0,４ＬＤＫ,85.0,2014.0,17.0,ＲＣ,１中住専,改装済み,2400.0
2762,甲陽園,23.0,4.0,３ＬＤＫ,80.0,2014.0,20.0,ＲＣ,１中住専,改装済み,2300.0
2763,甲陽園,18.0,4.0,３ＬＤＫ,75.0,2014.0,20.0,ＲＣ,１中住専,未改装,2200.0
2765,甲陽園,15.0,4.0,３ＬＤＫ,65.0,2014.0,36.0,ＳＲＣ,１中住専,未改装,990.0
2766,甲陽園,16.0,4.0,３ＬＤＫ,65.0,2014.0,36.0,ＳＲＣ,１中住専,改装済み,1100.0
2767,洲先,4.0,4.0,３ＬＤＫ,75.0,2014.0,9.0,ＲＣ,１種住居,未改装,2600.0
2768,武庫川団地前,9.0,5.0,４ＬＤＫ,80.0,2014.0,30.0,ＳＲＣ,１種住居,未改装,1400.0
2771,苦楽園口,19.0,3.0,２ＬＤＫ,55.0,2014.0,39.0,鉄骨造,１低住専,未改装,360.0
2772,夙川,14.0,5.0,４ＬＤＫ,90.0,2014.0,40.0,ＲＣ,１中住専,未改装,2500.0
2773,夙川,14.0,4.0,３ＬＤＫ,85.0,2014.0,40.0,ＲＣ,１中住専,未改装,1100.0
2774,夙川,14.0,4.0,２ＬＤＫ＋Ｓ,85.0,2014.0,40.0,ＲＣ,１中住専,未改装,1200.0
2776,香櫨園,12.0,4.0,３ＬＤＫ,90.0,2014.0,3.0,ＲＣ,１種住居,未改装,4000.0
2777,香櫨園,11.0,4.0,３ＬＤＫ,70.0,2014.0,8.0,ＲＣ,１種住居,未改装,2600.0
2778,香櫨園,15.0,3.0,２ＬＤＫ,75.0,2014.0,30.0,ＲＣ,１種住居,未改装,2600.0
2779,香櫨園,13.0,4.0,３ＬＤＫ,70.0,2014.0,3.0,ＲＣ,１種住居,未改装,2700.0
2780,西宮北口,20.0,4.0,３ＬＤＫ,70.0,2014.0,19.0,ＲＣ,１中住専,未改装,2500.0
2782,苦楽園口,13.0,4.0,３ＬＤＫ,70.0,2014.0,17.0,ＲＣ,１中住専,未改装,2300.0
2783,苦楽園口,15.0,4.0,３ＬＤＫ,70.0,2014.0,16.0,ＳＲＣ,１種住居,未改装,2400.0
2784,鳴尾・武庫川女子大前,7.0,5.0,４ＬＤＫ,85.0,2014.0,12.0,ＲＣ,１中住専,未改装,3500.0
2785,鳴尾・武庫川女子大前,8.0,4.0,３ＬＤＫ,75.0,2014.0,17.0,ＲＣ,１中住専,改装済み,2000.0
2786,鳴尾・武庫川女子大前,8.0,4.0,３ＬＤＫ,70.0,2014.0,17.0,ＲＣ,１中住専,未改装,2300.0
2787,さくら夙川,3.0,4.0,３ＬＤＫ,70.0,2014.0,35.0,ＲＣ,近隣商業,未改装,1800.0
2788,東鳴尾,5.0,4.0,３ＬＤＫ,80.0,2014.0,23.0,ＳＲＣ,１種住居,未改装,2200.0
2789,夙川,7.0,2.0,１Ｋ,15.0,2014.0,30.0,ＲＣ,１中住専,未改装,400.0
2790,苦楽園口,13.0,3.0,２ＬＤＫ,80.0,2014.0,40.0,ＲＣ,１中住専,改装済み,1700.0
2791,苦楽園口,14.0,4.0,３ＬＤＫ,65.0,2014.0,40.0,ＲＣ,１中住専,未改装,980.0
2792,苦楽園口,15.0,4.0,３ＬＤＫ,105.0,2014.0,11.0,ＲＣ,１中住専,未改装,4100.0
2793,苦楽園口,18.0,4.0,３ＬＤＫ,80.0,2014.0,7.0,ＲＣ,１中住専,未改装,3000.0
2794,夙川,20.0,5.0,４ＬＤＫ,90.0,2014.0,28.0,ＲＣ,１中住専,未改装,2000.0
2795,西宮(ＪＲ),23.0,4.0,３ＬＤＫ,90.0,2014.0,28.0,ＲＣ,１中住専,未改装,2200.0
2796,久寿川,11.0,4.0,３ＬＤＫ,70.0,2014.0,5.0,ＲＣ,準工業,未改装,3000.0
2797,甲子園,11.0,4.0,３ＬＤＫ,70.0,2014.0,4.0,ＲＣ,１中住専,未改装,3800.0
2798,甲子園,13.0,2.0,１ＤＫ,25.0,2014.0,19.0,ＲＣ,１中住専,未改装,550.0
2799,甲子園,14.0,4.0,３ＬＤＫ,75.0,2014.0,16.0,ＲＣ,２中住専,改装済み,3000.0
2800,阪神国道,12.0,4.0,３ＬＤＫ,60.0,2014.0,12.0,ＲＣ,準工業,改装済み,2500.0
2801,甲東園,11.0,4.0,３ＬＤＫ,75.0,2014.0,8.0,ＲＣ,１中住専,未改装,370.0
2802,仁川,8.0,4.0,３ＬＤＫ,65.0,2014.0,14.0,ＲＣ,１中住専,未改装,2400.0
2803,香櫨園,6.0,1.0,１Ｒ,15.0,2010.0,21.0,ＲＣ,１種住居,未改装,2800.0
2804,甲陽園,4.0,4.0,３ＬＤＫ,110.0,2014.0,8.0,ＲＣ,１低住専,未改装,5000.0
2805,西宮(ＪＲ),1.0,3.0,２ＬＤＫ,65.0,2010.0,17.0,ＳＲＣ,近隣商業,改装済み,2500.0
2806,西宮(ＪＲ),2.0,4.0,３ＬＤＫ,100.0,2010.0,17.0,ＳＲＣ,近隣商業,改装済み,4000.0
2807,香櫨園,9.0,4.0,３ＬＤＫ,65.0,2014.0,14.0,ＲＣ,１中住専,未改装,2400.0
2808,香櫨園,15.0,4.0,３ＬＤＫ,65.0,2010.0,8.0,ＲＣ,準工業,未改装,2400.0
2809,香櫨園,16.0,4.0,３ＬＤＫ,70.0,2010.0,5.0,ＲＣ,準工業,未改装,2400.0
2810,香櫨園,10.0,4.0,３ＬＤＫ,75.0,2014.0,8.0,ＲＣ,１中住専,未改装,3100.0
2811,香櫨園,10.0,4.0,３ＬＤＫ,65.0,2014.0,8.0,ＲＣ,１中住専,未改装,3000.0
2812,香櫨園,9.0,4.0,３ＬＤＫ,75.0,2014.0,11.0,ＲＣ,１中住専,未改装,2900.0
2813,西宮北口,23.0,3.0,２ＬＤＫ,65.0,2010.0,30.0,ＲＣ,１中住専,未改装,1200.0
2816,香櫨園,2.0,4.0,３ＬＤＫ,80.0,2014.0,16.0,ＳＲＣ,１中住専,未改装,2800.0
2817,久寿川,13.0,4.0,３ＬＤＫ,70.0,2010.0,13.0,ＳＲＣ,１種住居,未改装,1800.0
2818,甲陽園,8.0,4.0,３ＬＤＫ,70.0,2014.0,14.0,ＲＣ,１種住居,未改装,2900.0
2820,西宮北口,6.0,4.0,３ＬＤＫ,70.0,2014.0,15.0,ＲＣ,１中住専,未改装,3800.0
2823,甲東園,25.0,4.0,３ＬＤＫ,70.0,2010.0,13.0,ＲＣ,１中住専,改装済み,2100.0
2824,甲東園,26.0,4.0,３ＬＤＫ,75.0,2010.0,12.0,ＲＣ,１中住専,改装済み,1500.0
2825,苦楽園口,7.0,4.0,３ＬＤＫ,90.0,2014.0,7.0,ＲＣ,１低住専,未改装,6300.0
2826,鳴尾・武庫川女子大前,4.0,4.0,３ＬＤＫ,70.0,2017.0,20.0,ＲＣ,１種住居,改装済み,3500.0
2827,甲陽園,24.0,4.0,３ＬＤＫ,70.0,2010.0,13.0,ＲＣ,１中住専,未改装,2000.0
2829,甲陽園,15.0,4.0,３ＬＤＫ,75.0,2010.0,16.0,ＲＣ,１中住専,改装済み,2000.0
2830,洲先,4.0,4.0,３ＬＤＫ,75.0,2010.0,5.0,ＲＣ,１種住居,未改装,2800.0
2831,甲子園口,10.0,4.0,３ＬＤＫ,65.0,2014.0,37.0,ＲＣ,１中住専,未改装,1400.0
2832,甲子園口,8.0,4.0,３ＬＤＫ,75.0,2014.0,7.0,ＲＣ,１中住専,未改装,4100.0
2833,甲子園口,8.0,4.0,３ＬＤＫ,70.0,2014.0,7.0,ＲＣ,１中住専,未改装,4100.0
2834,甲子園口,7.0,4.0,３ＬＤＫ,70.0,2014.0,7.0,ＲＣ,１中住専,未改装,4100.0
2835,甲子園口,9.0,4.0,３ＬＤＫ,70.0,2014.0,3.0,ＲＣ,１中住専,未改装,3600.0
2836,甲子園口,11.0,4.0,３ＬＤＫ,70.0,2014.0,3.0,ＲＣ,１中住専,未改装,3700.0
2837,西宮(ＪＲ),4.0,1.0,１Ｒ,20.0,2017.0,33.0,ＲＣ,近隣商業,改装済み,550.0
2839,西宮(ＪＲ),2.0,3.0,２ＬＤＫ,75.0,2017.0,24.0,ＳＲＣ,近隣商業,未改装,2800.0
2840,武庫川,4.0,4.0,３ＬＤＫ,65.0,2017.0,33.0,ＲＣ,１種住居,未改装,1600.0
2841,苦楽園口,16.0,4.0,３ＬＤＫ,80.0,2014.0,6.0,ＲＣ,１低住専,未改装,4000.0
2842,洲先,10.0,4.0,３ＬＤＫ,70.0,2010.0,9.0,ＲＣ,１種住居,未改装,2300.0
2843,西宮(阪神),6.0,3.0,２ＬＤＫ,65.0,2010.0,9.0,ＲＣ,近隣商業,改装済み,2500.0
2844,香櫨園,16.0,4.0,３ＬＤＫ,90.0,2017.0,15.0,ＲＣ,準工業,未改装,3400.0
2846,苦楽園口,23.0,5.0,４ＬＤＫ,105.0,2017.0,14.0,ＲＣ,１中住専,未改装,3600.0
2847,苦楽園口,18.0,4.0,３ＬＤＫ,60.0,2010.0,35.0,鉄骨造,１低住専,改装済み,940.0
2848,苦楽園口,16.0,4.0,３ＬＤＫ,75.0,2010.0,0.0,ＲＣ,１中住専,未改装,4800.0
2849,苦楽園口,17.0,3.0,２ＬＤＫ,65.0,2010.0,0.0,ＲＣ,１中住専,未改装,3700.0
2850,苦楽園口,19.0,4.0,３ＬＤＫ,90.0,2010.0,0.0,ＲＣ,１中住専,未改装,5900.0
2852,甲陽園,20.0,4.0,３ＬＤＫ,75.0,2017.0,6.0,ＲＣ,１中住専,未改装,2700.0
2853,甲陽園,21.0,4.0,３ＬＤＫ,70.0,2017.0,37.0,ＲＣ,１中住専,未改装,1200.0
2856,夙川,9.0,4.0,３ＬＤＫ,75.0,2014.0,15.0,ＲＣ,１中住専,改装済み,3400.0
2857,夙川,8.0,4.0,３ＬＤＫ,75.0,2014.0,12.0,ＲＣ,１中住専,未改装,3500.0
2859,甲東園,24.0,3.0,２ＤＫ,45.0,2017.0,40.0,ＲＣ,１中住専,改装済み,850.0
2860,甲子園口,10.0,4.0,３ＬＤＫ,70.0,2014.0,13.0,ＲＣ,近隣商業,改装済み,2800.0
2861,久寿川,5.0,5.0,４ＬＤＫ,75.0,2017.0,32.0,ＳＲＣ、ＲＣ,近隣商業,改装済み,2100.0
2862,久寿川,5.0,4.0,３ＬＤＫ,65.0,2017.0,32.0,ＳＲＣ,近隣商業,改装済み,1600.0
2863,甲子園,15.0,4.0,３ＬＤＫ,70.0,2014.0,45.0,ＲＣ,２中住専,改装済み,1700.0
2864,甲子園,15.0,4.0,３ＬＤＫ,65.0,2014.0,18.0,ＲＣ,１中住専,未改装,2500.0
2865,夙川,11.0,2.0,１ＤＫ,50.0,2010.0,2.0,ＲＣ,１中住専,未改装,2400.0
2866,夙川,11.0,4.0,３ＬＤＫ,75.0,2010.0,2.0,ＲＣ,１中住専,未改装,3600.0
2867,夙川,11.0,4.0,３ＬＤＫ,75.0,2010.0,2.0,ＲＣ,１中住専,未改装,3200.0
2868,夙川,13.0,2.0,１ＬＤＫ,50.0,2010.0,2.0,ＲＣ,１中住専,未改装,2700.0
2869,夙川,13.0,5.0,４ＬＤＫ,85.0,2010.0,36.0,ＲＣ,１中住専,改装済み,1700.0
2870,久寿川,11.0,4.0,３ＬＤＫ,60.0,2017.0,21.0,ＲＣ,１種住居,改装済み,2100.0
2871,久寿川,11.0,4.0,３ＬＤＫ,85.0,2017.0,20.0,ＳＲＣ,１種住居,未改装,3000.0
2872,久寿川,14.0,4.0,３ＬＤＫ,60.0,2017.0,21.0,ＳＲＣ,１種住居,未改装,1800.0
2873,久寿川,15.0,5.0,３ＬＤＫ＋Ｓ,90.0,2017.0,5.0,ＲＣ,準工業,未改装,2900.0
2874,西宮北口,11.0,4.0,３ＬＤＫ,65.0,2010.0,10.0,ＲＣ,１中住専,未改装,2300.0
2875,久寿川,12.0,4.0,３ＬＤＫ,90.0,2017.0,5.0,ＲＣ,準工業,未改装,3000.0
2876,西宮北口,11.0,4.0,３ＬＤＫ,60.0,2010.0,13.0,ＲＣ,準住居,未改装,1900.0
2877,香櫨園,14.0,2.0,１ＬＤＫ,65.0,2010.0,26.0,ＲＣ,１種住居,改装済み,2300.0
2878,香櫨園,11.0,3.0,２ＬＤＫ,60.0,2010.0,4.0,ＲＣ,１種住居,未改装,1900.0
2879,香櫨園,12.0,5.0,４ＬＤＫ,85.0,2010.0,4.0,ＲＣ,１種住居,未改装,3700.0
2880,香櫨園,13.0,4.0,３ＬＤＫ,80.0,2010.0,4.0,ＲＣ,１種住居,未改装,3500.0
2881,香櫨園,14.0,5.0,４ＬＤＫ,85.0,2010.0,10.0,ＲＣ,１種住居,未改装,2500.0
2882,久寿川,15.0,4.0,３ＬＤＫ,75.0,2017.0,34.0,ＲＣ,１種住居,改装済み,1600.0
2884,甲子園,21.0,5.0,４ＬＤＫ,90.0,2017.0,34.0,ＲＣ,１種住居,未改装,1400.0
2885,今津(阪神),4.0,4.0,３ＬＤＫ,65.0,2017.0,7.0,ＲＣ,近隣商業,未改装,3000.0
2887,西宮北口,15.0,4.0,３ＬＤＫ,75.0,2010.0,13.0,ＲＣ,１中住専,未改装,2700.0
2888,西宮北口,16.0,4.0,３ＬＤＫ,70.0,2010.0,14.0,ＲＣ,１中住専,未改装,2800.0
2889,甲子園,11.0,4.0,３ＬＤＫ,60.0,2014.0,16.0,ＲＣ,１中住専,改装済み,2000.0
2890,甲子園,8.0,4.0,３ＬＤＫ,70.0,2014.0,14.0,ＲＣ,２中住専,未改装,1900.0
2891,西宮北口,9.0,4.0,３ＬＤＫ,65.0,2010.0,13.0,ＲＣ,１種住居,未改装,2700.0
2892,甲子園,11.0,3.0,２ＬＤＫ,55.0,2014.0,14.0,ＲＣ,２中住専,未改装,1900.0
2893,西宮北口,9.0,4.0,３ＬＤＫ,70.0,2010.0,13.0,ＲＣ,１種住居,未改装,2700.0
2894,鳴尾・武庫川女子大前,11.0,5.0,４ＬＤＫ,80.0,2014.0,8.0,ＲＣ,２種住居,未改装,3700.0
2896,苦楽園口,15.0,4.0,３ＬＤＫ,70.0,2010.0,12.0,ＳＲＣ,１種住居,未改装,2400.0
2897,久寿川,3.0,4.0,３ＬＤＫ,60.0,2014.0,24.0,ＲＣ,１種住居,未改装,1800.0
2898,甲子園,4.0,4.0,３ＬＤＫ,90.0,2014.0,9.0,ＲＣ,２中住専,未改装,5500.0
2899,さくら夙川,3.0,4.0,３ＬＤＫ,70.0,2010.0,31.0,ＲＣ,近隣商業,改装済み,2600.0
2900,さくら夙川,3.0,3.0,２ＬＤＫ,60.0,2010.0,31.0,ＳＲＣ,近隣商業,未改装,2000.0
2901,さくら夙川,3.0,5.0,４ＬＤＫ,90.0,2010.0,31.0,ＳＲＣ,近隣商業,改装済み,2600.0
2902,東鳴尾,4.0,5.0,４ＬＤＫ,90.0,2010.0,17.0,ＲＣ,１種住居,改装済み,2700.0
2903,東鳴尾,7.0,3.0,２ＬＤＫ,60.0,2010.0,9.0,ＲＣ,近隣商業,改装済み,1900.0
2904,甲陽園,16.0,5.0,４ＬＤＫ,90.0,2017.0,39.0,ＳＲＣ,１中住専,改装済み,2000.0
2906,夙川,6.0,3.0,２ＬＤＫ,90.0,2010.0,11.0,ＲＣ,１中住専,未改装,3900.0
2907,甲陽園,16.0,3.0,２ＬＤＫ,65.0,2017.0,39.0,ＳＲＣ,１中住専,改装済み,970.0
2908,洲先,5.0,3.0,２ＬＤＫ,70.0,2017.0,12.0,ＲＣ,１種住居,改装済み,3000.0
2909,甲子園口,14.0,5.0,４ＬＤＫ,75.0,2014.0,11.0,ＲＣ,１種住居,未改装,3200.0
2911,甲子園口,6.0,3.0,１ＬＤＫ＋Ｓ,60.0,2014.0,18.0,ＲＣ,近隣商業,未改装,1600.0
2912,甲子園口,5.0,5.0,４ＬＤＫ,80.0,2014.0,16.0,ＲＣ,近隣商業,未改装,3400.0
2913,甲子園口,7.0,4.0,３ＬＤＫ,75.0,2014.0,11.0,ＲＣ,１中住専,改装済み,3900.0
2914,武庫川団地前,2.0,5.0,４ＬＤＫ,80.0,2017.0,36.0,ＳＲＣ,準工業,改装済み,2000.0
2915,甲子園口,5.0,3.0,２ＬＤＫ,65.0,2014.0,16.0,ＲＣ,近隣商業,未改装,2300.0
2916,甲子園口,8.0,4.0,３ＬＤＫ,85.0,2014.0,10.0,ＲＣ,１中住専,未改装,4000.0
2917,甲子園口,11.0,5.0,４ＬＤＫ,85.0,2014.0,8.0,ＲＣ,近隣商業,未改装,3600.0
2918,甲子園口,10.0,4.0,３ＬＤＫ,70.0,2014.0,8.0,ＲＣ,近隣商業,未改装,2900.0
2919,甲子園口,7.0,3.0,２ＬＤＫ,105.0,2014.0,24.0,ＲＣ,１中住専,未改装,2500.0
2920,西宮(ＪＲ),15.0,5.0,４ＬＤＫ,75.0,2014.0,14.0,ＲＣ,近隣商業,未改装,2500.0
2921,武庫川団地前,4.0,4.0,３ＬＤＫ,70.0,2017.0,42.0,ＲＣ,１種住居,未改装,540.0
2922,甲子園口,2.0,5.0,４ＬＤＫ,95.0,2014.0,18.0,ＲＣ,近隣商業,未改装,4000.0
2923,甲子園口,4.0,4.0,３ＬＤＫ,110.0,2014.0,7.0,ＲＣ,１中住専,未改装,4300.0
2924,苦楽園口,16.0,3.0,２ＬＤＫ,75.0,2010.0,3.0,ＲＣ,１中住専,未改装,2900.0
2926,甲子園,8.0,4.0,３ＬＤＫ,70.0,2014.0,14.0,ＳＲＣ,１種住居,改装済み,2500.0
2927,甲子園,4.0,3.0,２ＬＤＫ,60.0,2014.0,8.0,ＲＣ,近隣商業,未改装,2700.0
2928,久寿川,10.0,4.0,３ＬＤＫ,65.0,2010.0,12.0,ＲＣ,準工業,未改装,2400.0
2929,甲子園,4.0,4.0,３ＬＤＫ,70.0,2014.0,8.0,ＲＣ,近隣商業,改装済み,3500.0
2930,甲子園,8.0,4.0,３ＬＤＫ,75.0,2014.0,3.0,ＲＣ,１中住専,未改装,3700.0
2931,甲子園,10.0,4.0,３ＤＫ,50.0,2014.0,41.0,ＲＣ,近隣商業,未改装,1200.0
2932,甲子園,9.0,4.0,３ＬＤＫ,65.0,2014.0,8.0,ＲＣ,１種住居,未改装,3000.0
2933,苦楽園口,15.0,4.0,３ＬＤＫ,80.0,2017.0,43.0,ＲＣ,１中住専,未改装,860.0
2934,苦楽園口,18.0,5.0,４ＬＤＫ,80.0,2017.0,43.0,ＲＣ,１中住専,改装済み,900.0
2935,苦楽園口,18.0,5.0,４ＬＤＫ,85.0,2017.0,20.0,ＲＣ,１中住専,改装済み,3300.0
2936,今津(阪急),1.0,4.0,３ＬＤＫ,70.0,2014.0,15.0,ＳＲＣ,近隣商業,未改装,3100.0
2938,甲東園,3.0,4.0,３ＬＤＫ,60.0,2014.0,41.0,ＳＲＣ,近隣商業,未改装,1100.0
2939,甲東園,3.0,3.0,２ＬＤＫ,60.0,2014.0,16.0,ＲＣ,近隣商業,改装済み,2500.0
2940,甲東園,3.0,4.0,３ＬＤＫ,75.0,2014.0,41.0,ＳＲＣ,近隣商業,未改装,2800.0
2941,さくら夙川,9.0,4.0,３ＬＤＫ,75.0,2014.0,8.0,ＲＣ,１中住専,未改装,3900.0
2942,夙川,13.0,4.0,３ＬＤＫ,75.0,2017.0,7.0,ＲＣ,１中住専,未改装,4200.0
2943,夙川,13.0,3.0,２ＬＤＫ,75.0,2017.0,5.0,ＲＣ,１中住専,未改装,3700.0
2944,夙川,10.0,2.0,１ＤＫ,50.0,2017.0,9.0,ＲＣ,１中住専,未改装,2200.0
2946,甲東園,10.0,4.0,３ＬＤＫ,75.0,2010.0,10.0,ＲＣ,１低住専,未改装,3500.0
2947,西宮北口,9.0,3.0,２ＬＤＫ,55.0,2017.0,23.0,ＲＣ,１中住専,改装済み,2700.0
2949,西宮北口,9.0,4.0,３ＬＤＫ,75.0,2017.0,6.0,ＲＣ,１中住専,未改装,4700.0
2950,西宮北口,14.0,3.0,２ＬＤＫ,60.0,2017.0,17.0,ＲＣ,準住居,未改装,2400.0
2951,甲東園,9.0,4.0,３ＬＤＫ,80.0,2010.0,10.0,ＲＣ,２低住専,未改装,3200.0
2952,甲東園,7.0,3.0,２ＬＤＫ,70.0,2010.0,10.0,ＲＣ,１低住専,未改装,2800.0
2953,甲陽園,2.0,5.0,４ＬＤＫ,90.0,2014.0,14.0,ＲＣ,２低住専,未改装,3300.0
2954,甲陽園,10.0,4.0,３ＬＤＫ,95.0,2014.0,14.0,ＲＣ,１低住専,改装済み,2600.0
2955,甲陽園,3.0,4.0,３ＬＤＫ,70.0,2014.0,14.0,ＲＣ,２低住専,未改装,2900.0
2956,仁川,7.0,5.0,４ＬＤＫ,85.0,2010.0,10.0,ＲＣ,１低住専,未改装,3800.0
2957,甲陽園,10.0,5.0,４ＬＤＫ,95.0,2014.0,16.0,ＲＣ,１低住専,未改装,2400.0
2958,香櫨園,12.0,4.0,３ＬＤＫ,70.0,2017.0,7.0,ＲＣ,１種住居,未改装,3400.0
2960,香櫨園,14.0,4.0,３ＬＤＫ,95.0,2017.0,33.0,ＲＣ,１種住居,未改装,1500.0
2961,甲陽園,5.0,4.0,３ＬＤＫ,85.0,2010.0,12.0,ＲＣ,１中住専,未改装,3300.0
2963,甲陽園,15.0,4.0,３ＬＤＫ,75.0,2014.0,16.0,ＲＣ,１中住専,未改装,2200.0
2964,苦楽園口,14.0,4.0,３ＬＤＫ,70.0,2017.0,19.0,ＳＲＣ,１種住居,改装済み,2800.0
2965,甲陽園,4.0,5.0,４ＬＤＫ,90.0,2014.0,15.0,ＲＣ,近隣商業,未改装,3900.0
2966,夙川,7.0,4.0,３ＬＤＫ,65.0,2017.0,21.0,ＲＣ,１中住専,改装済み,3000.0
2967,香櫨園,10.0,4.0,３ＬＤＫ,60.0,2010.0,10.0,ＲＣ,１中住専,未改装,2400.0
2968,香櫨園,12.0,4.0,３ＬＤＫ,85.0,2010.0,3.0,ＲＣ,１中住専,未改装,4000.0
2969,香櫨園,9.0,4.0,２ＬＤＫ＋Ｓ,75.0,2010.0,3.0,ＲＣ,１中住専,未改装,4100.0
2970,香櫨園,10.0,4.0,３ＬＤＫ,65.0,2010.0,10.0,ＲＣ,１中住専,未改装,2600.0
2971,甲陽園,1.0,3.0,２ＤＫ,50.0,2014.0,43.0,ＲＣ,近隣商業,未改装,650.0
2972,さくら夙川,4.0,4.0,３ＬＤＫ,70.0,2017.0,38.0,ＳＲＣ,近隣商業,改装済み,2700.0
2973,甲陽園,2.0,4.0,３ＬＤＫ,60.0,2014.0,43.0,ＲＣ,近隣商業,未改装,820.0
2974,甲陽園,3.0,5.0,４ＬＤＫ,70.0,2014.0,37.0,ＳＲＣ,近隣商業,改装済み,2300.0
2975,香櫨園,12.0,4.0,３ＬＤＫ,90.0,2010.0,26.0,ＲＣ,１中住専,未改装,1800.0
2976,香櫨園,10.0,4.0,３ＬＤＫ,70.0,2010.0,4.0,ＲＣ,１中住専,未改装,3200.0
2977,香櫨園,9.0,4.0,３ＬＤＫ,65.0,2010.0,4.0,ＲＣ,１中住専,未改装,3100.0
2978,東鳴尾,5.0,4.0,３ＬＤＫ,80.0,2017.0,26.0,ＳＲＣ,１種住居,改装済み,2500.0
2980,甲陽園,4.0,5.0,４ＬＤＫ,85.0,2014.0,14.0,ＲＣ,１中住専,未改装,2900.0
2981,夙川,6.0,2.0,１Ｋ,25.0,2017.0,33.0,ＲＣ,１中住専,改装済み,500.0
2982,夙川,6.0,4.0,３ＬＤＫ,90.0,2017.0,19.0,ＲＣ,１中住専,未改装,5300.0
2983,夙川,6.0,2.0,１Ｋ,15.0,2017.0,33.0,ＲＣ,１種住居,未改装,420.0
2984,夙川,6.0,2.0,１Ｋ,15.0,2017.0,33.0,ＲＣ,１中住専,改装済み,600.0
2986,甲子園口,13.0,4.0,３ＬＤＫ,80.0,2014.0,10.0,ＲＣ,１種住居,未改装,3300.0
2987,甲子園口,13.0,5.0,４ＬＤＫ,80.0,2014.0,10.0,ＲＣ,１種住居,未改装,3200.0
2988,甲陽園,10.0,5.0,４ＬＤＫ,80.0,2010.0,6.0,ＲＣ,近隣商業,未改装,2500.0
2990,夙川,3.0,4.0,３ＬＤＫ,80.0,2014.0,14.0,ＲＣ,１中住専,未改装,5100.0
2991,西宮北口,0.0,4.0,３ＤＫ,60.0,2010.0,9.0,ＳＲＣ,商業,未改装,3400.0
2992,西宮北口,2.0,5.0,４ＬＤＫ,95.0,2010.0,9.0,ＳＲＣ,商業,未改装,6100.0
2993,苦楽園口,14.0,3.0,２ＬＤＫ,85.0,2017.0,28.0,ＲＣ,１中住専,改装済み,4000.0
2994,苦楽園口,14.0,4.0,３ＬＤＫ,150.0,2017.0,2.0,ＲＣ,１中住専,改装済み,6100.0
2995,西宮北口,6.0,2.0,１ＬＤＫ,35.0,2010.0,12.0,ＳＲＣ,１中住専,改装済み,1100.0
2996,久寿川,11.0,4.0,３ＬＤＫ,70.0,2017.0,8.0,ＲＣ,準工業,未改装,3300.0
2997,鳴尾・武庫川女子大前,9.0,3.0,２ＬＤＫ,70.0,2014.0,42.0,ＳＲＣ,１種住居,未改装,800.0
2998,鳴尾・武庫川女子大前,8.0,3.0,２ＬＤＫ,55.0,2014.0,42.0,ＳＲＣ,１種住居,未改装,1300.0
2999,鳴尾・武庫川女子大前,9.0,3.0,２ＬＤＫ,65.0,2014.0,27.0,ＳＲＣ,１種住居,改装済み,1200.0
3000,甲子園,10.0,4.0,３ＬＤＫ,70.0,2017.0,7.0,ＲＣ,１中住専,未改装,4100.0
3001,甲子園,9.0,4.0,３ＬＤＫ,70.0,2017.0,7.0,ＲＣ,１中住専,改装済み,4100.0
3002,武庫川,6.0,4.0,３ＬＤＫ,70.0,2014.0,6.0,ＲＣ,２中住専,未改装,3000.0
3003,甲子園口,16.0,4.0,３ＤＫ,50.0,2017.0,20.0,ＳＲＣ,近隣商業,改装済み,1600.0
3005,西宮(阪神),14.0,4.0,３ＬＤＫ,65.0,2010.0,36.0,ＳＲＣ,準工業,改装済み,1200.0
3006,西宮(阪神),12.0,4.0,３ＬＤＫ,55.0,2010.0,36.0,ＳＲＣ,準工業,改装済み,1200.0
3007,西宮(阪神),11.0,4.0,３ＬＤＫ,55.0,2010.0,36.0,ＳＲＣ,準工業,未改装,580.0
3008,苦楽園口,11.0,4.0,３ＬＤＫ,75.0,2014.0,16.0,ＲＣ,１低住専,未改装,3500.0
3009,苦楽園口,9.0,3.0,２ＬＤＫ,85.0,2014.0,10.0,ＲＣ,１低住専,未改装,5200.0
3010,甲東園,4.0,4.0,３ＬＤＫ,70.0,2017.0,16.0,ＲＣ,１中住専,未改装,3800.0
3011,甲東園,10.0,4.0,３ＬＤＫ,80.0,2017.0,17.0,ＲＣ,２低住専,未改装,3300.0
3012,甲子園口,8.0,4.0,３ＬＤＫ,75.0,2010.0,3.0,ＲＣ,１中住専,未改装,3900.0
3014,西宮(阪神),5.0,4.0,３ＬＤＫ,65.0,2014.0,16.0,ＳＲＣ,近隣商業,改装済み,2700.0
3015,西宮(阪神),5.0,4.0,３ＬＤＫ,65.0,2014.0,16.0,ＳＲＣ,近隣商業,未改装,2600.0
3016,生瀬,16.0,4.0,３ＬＤＫ,80.0,2014.0,22.0,ＲＣ,１中住専,未改装,820.0
3018,甲陽園,10.0,4.0,３ＬＤＫ,70.0,2014.0,13.0,ＲＣ,１中住専,未改装,2900.0
3019,甲陽園,9.0,5.0,４ＬＤＫ,85.0,2014.0,10.0,ＲＣ,１中住専,未改装,3700.0
3020,夙川,9.0,4.0,３ＬＤＫ,95.0,2014.0,18.0,ＲＣ,１中住専,未改装,4100.0
3021,夙川,9.0,4.0,３ＬＤＫ,75.0,2014.0,18.0,ＲＣ,１中住専,未改装,3600.0
3022,夙川,9.0,4.0,３ＬＤＫ,70.0,2014.0,18.0,ＲＣ,１中住専,未改装,3200.0
3023,夙川,9.0,4.0,３ＬＤＫ,80.0,2010.0,14.0,ＲＣ,１中住専,未改装,3500.0
3024,夙川,8.0,4.0,３ＬＤＫ,85.0,2010.0,8.0,ＲＣ,１中住専,改装済み,4500.0
3025,香櫨園,11.0,4.0,３ＬＤＫ,70.0,2014.0,7.0,ＲＣ,１中住専,未改装,3100.0
3026,香櫨園,9.0,4.0,３ＬＤＫ,80.0,2017.0,1.0,ＲＣ,１中住専,未改装,5600.0
3027,香櫨園,8.0,3.0,２ＬＤＫ,75.0,2017.0,9.0,ＲＣ,１中住専,未改装,3700.0
3028,甲子園口,14.0,5.0,４ＬＤＫ,90.0,2010.0,13.0,ＲＣ,１中住専,未改装,2800.0
3029,香櫨園,6.0,5.0,４ＬＤＫ,115.0,2017.0,33.0,ＲＣ,１中住専,未改装,3400.0
3030,香櫨園,5.0,4.0,３ＬＤＫ,90.0,2017.0,33.0,ＲＣ,１中住専,改装済み,3400.0
3031,甲子園,11.0,5.0,４ＤＫ,70.0,2010.0,41.0,ＲＣ,２中住専,未改装,1400.0
3032,香櫨園,2.0,4.0,３ＬＤＫ,80.0,2017.0,19.0,ＳＲＣ,準工業,改装済み,3400.0
3033,香櫨園,2.0,4.0,３ＬＤＫ,80.0,2017.0,19.0,ＳＲＣ,準住居,未改装,2900.0
3034,香櫨園,2.0,4.0,３ＬＤＫ,75.0,2017.0,19.0,ＳＲＣ,準住居,改装済み,3900.0
3035,苦楽園口,11.0,4.0,３ＬＤＫ,80.0,2014.0,12.0,ＲＣ,１低住専,未改装,3900.0
3036,苦楽園口,13.0,4.0,３ＬＤＫ,80.0,2014.0,9.0,ＲＣ,１低住専,未改装,3300.0
3037,西宮(ＪＲ),8.0,4.0,３ＬＤＫ,70.0,2014.0,0.0,ＲＣ,準工業,未改装,4100.0
3038,西宮(ＪＲ),9.0,4.0,３ＬＤＫ,70.0,2014.0,0.0,ＲＣ,準工業,未改装,4000.0
3039,西宮北口,9.0,4.0,３ＬＤＫ,70.0,2014.0,0.0,ＲＣ,準工業,未改装,4000.0
3040,西宮北口,9.0,3.0,２ＬＤＫ,75.0,2014.0,0.0,ＲＣ,準工業,未改装,4200.0
3041,西宮北口,8.0,4.0,３ＬＤＫ,70.0,2014.0,0.0,ＲＣ,工業,未改装,4100.0
3043,西宮北口,9.0,4.0,３ＬＤＫ,70.0,2014.0,0.0,ＲＣ,準工業,改装済み,4300.0
3044,西宮北口,10.0,4.0,３ＬＤＫ,75.0,2014.0,0.0,ＲＣ,準工業,未改装,4300.0
3046,夙川,10.0,2.0,１Ｋ,15.0,2014.0,30.0,ＲＣ,１種住居,未改装,640.0
3047,苦楽園口,16.0,3.0,２ＬＤＫ,110.0,2014.0,24.0,ＲＣ,１低住専,改装済み,2000.0
3048,苦楽園口,18.0,4.0,３ＬＤＫ,85.0,2014.0,11.0,ＲＣ,１低住専,改装済み,3500.0
3049,甲子園,14.0,5.0,４ＬＤＫ,75.0,2010.0,4.0,ＲＣ,２種住居,未改装,3300.0
3050,甲子園,14.0,4.0,３ＬＤＫ,75.0,2010.0,4.0,ＲＣ,２種住居,未改装,3500.0
3051,甲子園,11.0,4.0,３ＬＤＫ,55.0,2010.0,10.0,ＲＣ,２中住専,未改装,1000.0
3052,甲子園,14.0,5.0,４ＬＤＫ,90.0,2010.0,4.0,ＲＣ,２種住居,未改装,3900.0
3053,苦楽園口,13.0,4.0,３ＬＤＫ,75.0,2014.0,18.0,ＲＣ,１中住専,未改装,2600.0
3054,苦楽園口,15.0,4.0,３ＬＤＫ,65.0,2014.0,37.0,ＲＣ,１中住専,未改装,880.0
3055,鳴尾・武庫川女子大前,12.0,3.0,２ＬＤＫ,70.0,2010.0,4.0,ＲＣ,２種住居,未改装,3300.0
3056,鳴尾・武庫川女子大前,13.0,5.0,４ＬＤＫ,90.0,2010.0,4.0,ＲＣ,２種住居,未改装,3000.0
3057,西宮北口,11.0,3.0,２ＬＤＫ,75.0,2014.0,38.0,ＲＣ,１中住専,改装済み,1700.0
3058,西宮北口,15.0,4.0,２ＬＤＫ＋Ｓ,55.0,2014.0,12.0,ＲＣ,１中住専,未改装,2500.0
3059,西宮北口,13.0,4.0,３ＬＤＫ,70.0,2014.0,11.0,ＲＣ,１中住専,未改装,4400.0
3060,甲子園,2.0,5.0,４ＬＤＫ,110.0,2010.0,7.0,ＲＣ,２中住専,未改装,5700.0
3061,甲陽園,23.0,3.0,２ＬＤＫ,50.0,2014.0,25.0,ＲＣ,１中住専,未改装,920.0
3063,武庫川団地前,7.0,3.0,２ＬＤＫ,60.0,2014.0,23.0,ＲＣ,１中住専,未改装,1300.0
3064,武庫川団地前,8.0,4.0,３ＬＤＫ,85.0,2014.0,14.0,ＲＣ,１中住専,未改装,2200.0
3065,武庫川団地前,11.0,4.0,３ＬＤＫ,65.0,2014.0,29.0,ＳＲＣ,１中住専,未改装,1400.0
3067,武庫川団地前,8.0,4.0,３ＬＤＫ,85.0,2014.0,14.0,ＲＣ,１中住専,未改装,2300.0
3068,甲子園口,7.0,4.0,３ＬＤＫ,70.0,2017.0,3.0,ＲＣ,１中住専,未改装,4900.0
3069,武庫川団地前,7.0,4.0,３ＬＤＫ,85.0,2014.0,12.0,ＲＣ,１中住専,未改装,2400.0
3070,武庫川団地前,7.0,5.0,４ＬＤＫ,95.0,2014.0,25.0,ＳＲＣ,１中住専,未改装,1700.0
3071,武庫川団地前,5.0,4.0,３ＬＤＫ,95.0,2014.0,10.0,ＲＣ,１中住専,未改装,2400.0
3072,武庫川団地前,10.0,4.0,３ＬＤＫ,95.0,2014.0,29.0,ＳＲＣ,１中住専,改装済み,1900.0
3073,武庫川団地前,6.0,5.0,４ＬＤＫ,85.0,2014.0,10.0,ＲＣ,１中住専,未改装,2800.0
3074,武庫川団地前,8.0,5.0,４ＬＤＫ,95.0,2014.0,31.0,ＳＲＣ,１中住専,改装済み,1700.0
3075,苦楽園口,12.0,3.0,２ＬＤＫ,75.0,2017.0,43.0,ＲＣ,１低住専,改装済み,1700.0
3076,苦楽園口,14.0,5.0,４ＤＫ,75.0,2017.0,43.0,ＲＣ,１低住専,未改装,750.0
3077,甲子園口,2.0,4.0,３ＬＤＫ,60.0,2010.0,10.0,ＲＣ,１中住専,未改装,2800.0
3078,甲子園口,3.0,4.0,３ＬＤＫ,105.0,2010.0,19.0,ＲＣ,近隣商業,未改装,2500.0
3079,甲子園口,7.0,5.0,４ＬＤＫ,85.0,2010.0,6.0,ＲＣ,１中住専,未改装,4100.0
3080,甲子園口,5.0,4.0,３ＬＤＫ,60.0,2010.0,13.0,ＲＣ,近隣商業,改装済み,2300.0
3081,西宮北口,3.0,5.0,４ＬＤＫ,85.0,2014.0,6.0,ＲＣ,商業,未改装,5900.0
3082,西宮北口,10.0,3.0,２ＤＫ,45.0,2014.0,15.0,ＳＲＣ,１種住居,未改装,2000.0
3083,西宮北口,10.0,4.0,３ＬＤＫ,70.0,2014.0,9.0,ＲＣ,１種住居,未改装,3100.0
3084,西宮北口,9.0,3.0,２ＬＤＫ,70.0,2014.0,9.0,ＲＣ,１種住居,未改装,2700.0
3085,甲子園口,4.0,4.0,３ＬＤＫ,85.0,2010.0,3.0,ＲＣ,１中住専,未改装,4600.0
3086,甲子園口,6.0,5.0,４ＬＤＫ,85.0,2010.0,32.0,ＲＣ,１中住専,未改装,1700.0
3087,甲子園口,5.0,4.0,３ＬＤＫ,70.0,2010.0,12.0,ＲＣ,１中住専,改装済み,2900.0
3088,苦楽園口,6.0,3.0,２ＬＤＫ,60.0,2017.0,18.0,ＲＣ,１中住専,未改装,3100.0
3089,香櫨園,11.0,4.0,３ＬＤＫ,60.0,2014.0,17.0,ＲＣ,１種住居,未改装,2000.0
3090,甲子園,8.0,4.0,３ＬＤＫ,70.0,2010.0,12.0,ＳＲＣ,近隣商業,未改装,2700.0
3091,甲子園,7.0,4.0,３ＬＤＫ,65.0,2010.0,12.0,ＳＲＣ,近隣商業,未改装,2100.0
3092,夙川,9.0,4.0,３ＬＤＫ,95.0,2017.0,6.0,ＲＣ,１中住専,未改装,6000.0
3093,甲子園,7.0,4.0,３ＬＤＫ,70.0,2010.0,12.0,ＳＲＣ,近隣商業,未改装,2200.0
3094,夙川,7.0,5.0,４ＬＤＫ,85.0,2017.0,19.0,ＲＣ,１中住専,未改装,4700.0
3096,西宮(阪神),2.0,4.0,３ＬＤＫ,80.0,2014.0,11.0,ＳＲＣ,商業,未改装,4100.0
3097,西宮(阪神),2.0,4.0,３ＬＤＫ,75.0,2014.0,11.0,ＳＲＣ,商業,未改装,3700.0
3098,西宮(阪神),2.0,3.0,２ＬＤＫ,75.0,2014.0,11.0,ＲＣ,商業,未改装,3100.0
3099,甲子園,10.0,4.0,３ＬＤＫ,50.0,2010.0,37.0,ＲＣ,近隣商業,未改装,890.0
3100,甲子園,9.0,3.0,２ＬＤＫ,65.0,2010.0,37.0,ＲＣ,２種住居,未改装,1200.0
3101,甲子園,9.0,4.0,３ＬＤＫ,65.0,2010.0,37.0,ＲＣ,２種住居,改装済み,1500.0
3102,甲東園,19.0,4.0,３ＬＤＫ,75.0,2014.0,35.0,ＲＣ,１中住専,改装済み,1500.0
3103,甲子園,9.0,4.0,３ＬＤＫ,85.0,2017.0,16.0,ＲＣ,１中住専,未改装,4300.0
3104,甲子園,5.0,4.0,３ＬＤＫ,70.0,2017.0,12.0,ＲＣ,１中住専,未改装,4000.0
3105,甲子園,11.0,5.0,３ＬＤＫ＋Ｓ,90.0,2010.0,11.0,ＲＣ,１中住専,未改装,3800.0
3106,甲子園,10.0,4.0,３ＬＤＫ,90.0,2010.0,11.0,ＲＣ,２中住専,未改装,3600.0
3107,甲子園,10.0,5.0,４ＬＤＫ,130.0,2010.0,11.0,ＲＣ,１中住専,改装済み,4500.0
3108,仁川,8.0,4.0,３ＬＤＫ,65.0,2014.0,8.0,ＲＣ,１中住専,未改装,2800.0
3109,仁川,5.0,5.0,４ＬＤＫ,85.0,2014.0,4.0,ＲＣ,１中住専,未改装,4500.0
3110,仁川,8.0,4.0,３ＬＤＫ,80.0,2014.0,4.0,ＲＣ,１中住専,未改装,4200.0
3112,仁川,7.0,4.0,３ＬＤＫ,75.0,2014.0,4.0,ＲＣ,１中住専,未改装,4100.0
3113,甲子園,5.0,3.0,２ＤＫ,40.0,2017.0,48.0,ＲＣ,近隣商業,未改装,800.0
3114,甲子園,4.0,4.0,３ＬＤＫ,60.0,2017.0,43.0,ＲＣ,１種住居,未改装,900.0
3115,甲東園,1.0,3.0,２ＤＫ,40.0,2010.0,11.0,ＳＲＣ,近隣商業,未改装,1500.0
3116,甲東園,1.0,3.0,２ＬＤＫ,65.0,2010.0,22.0,ＲＣ,近隣商業,改装済み,2100.0
3117,甲子園,6.0,3.0,２ＬＤＫ,55.0,2017.0,48.0,ＲＣ,近隣商業,未改装,700.0
3118,甲子園,4.0,2.0,１ＬＤＫ,40.0,2017.0,48.0,ＲＣ,近隣商業,未改装,750.0
3119,甲東園,1.0,3.0,２ＤＫ,40.0,2010.0,11.0,ＳＲＣ,近隣商業,未改装,820.0
3120,甲子園,6.0,4.0,３ＬＤＫ,85.0,2017.0,44.0,ＲＣ,１種住居,改装済み,2400.0
3121,甲東園,1.0,4.0,３ＬＤＫ,60.0,2010.0,11.0,ＳＲＣ,近隣商業,未改装,2700.0
3122,甲子園,6.0,4.0,３ＬＤＫ,75.0,2017.0,44.0,ＲＣ,２種住居,改装済み,2100.0
3123,甲東園,1.0,4.0,３ＬＤＫ,60.0,2010.0,11.0,ＳＲＣ,近隣商業,未改装,3100.0
3124,さくら夙川,3.0,4.0,３ＬＤＫ,80.0,2014.0,16.0,ＲＣ,１中住専,未改装,4300.0
3125,甲子園,12.0,5.0,４ＬＤＫ,65.0,2017.0,11.0,ＲＣ,２種住居,未改装,3200.0
3126,鳴尾・武庫川女子大前,12.0,5.0,４ＬＤＫ,75.0,2017.0,11.0,ＲＣ,２種住居,未改装,3600.0
3127,鳴尾・武庫川女子大前,12.0,4.0,３ＬＤＫ,75.0,2017.0,11.0,ＲＣ,２種住居,未改装,3100.0
3128,阪神国道,5.0,4.0,３ＬＤＫ,70.0,2014.0,16.0,ＲＣ,準工業,改装済み,2500.0
3129,阪神国道,5.0,4.0,３ＬＤＫ,70.0,2014.0,16.0,ＲＣ,準工業,改装済み,2800.0
3130,阪神国道,5.0,4.0,３ＬＤＫ,70.0,2014.0,16.0,ＲＣ,準工業,改装済み,2300.0
3131,阪神国道,5.0,4.0,３ＬＤＫ,70.0,2014.0,16.0,ＲＣ,準工業,改装済み,2900.0
3133,阪神国道,6.0,4.0,３ＬＤＫ,70.0,2014.0,16.0,ＲＣ,準工業,改装済み,2600.0
3134,阪神国道,5.0,4.0,３ＬＤＫ,70.0,2014.0,15.0,ＲＣ,準工業,改装済み,2300.0
3135,阪神国道,6.0,4.0,３ＬＤＫ,70.0,2014.0,16.0,ＲＣ,準工業,改装済み,2700.0
3136,西宮(ＪＲ),6.0,3.0,２ＬＤＫ,60.0,2014.0,15.0,ＲＣ,近隣商業,未改装,2200.0
3137,西宮(ＪＲ),6.0,4.0,３ＬＤＫ,65.0,2014.0,15.0,ＲＣ,近隣商業,改装済み,2300.0
3139,西宮(ＪＲ),6.0,4.0,３ＬＤＫ,70.0,2014.0,15.0,ＲＣ,近隣商業,未改装,2800.0
3140,西宮(ＪＲ),7.0,4.0,３ＬＤＫ,65.0,2014.0,15.0,ＲＣ,近隣商業,未改装,2000.0
3141,西宮(ＪＲ),4.0,4.0,３ＬＤＫ,70.0,2014.0,19.0,ＲＣ,２種住居,未改装,2600.0
3142,西宮(ＪＲ),7.0,4.0,３ＬＤＫ,75.0,2014.0,15.0,ＲＣ,近隣商業,改装済み,3300.0
3144,西宮(ＪＲ),5.0,4.0,３ＬＤＫ,75.0,2014.0,15.0,ＲＣ,近隣商業,未改装,3200.0
3145,阪神国道,2.0,4.0,３ＬＤＫ,65.0,2014.0,6.0,ＲＣ,近隣商業,未改装,2800.0
3146,阪神国道,2.0,4.0,３ＬＤＫ,70.0,2014.0,6.0,ＲＣ,近隣商業,未改装,2800.0
3147,甲陽園,11.0,4.0,３ＬＤＫ,75.0,2010.0,5.0,ＲＣ,１中住専,改装済み,2700.0
3148,今津(阪神),2.0,4.0,３ＬＤＫ,70.0,2014.0,9.0,ＲＣ,近隣商業,未改装,2700.0
3149,甲陽園,7.0,4.0,３ＬＤＫ,70.0,2010.0,4.0,ＲＣ,１中住専,未改装,3200.0
3150,今津(阪急),8.0,4.0,３ＬＤＫ,55.0,2014.0,18.0,ＳＲＣ,１種住居,未改装,1700.0
3151,今津(阪神),6.0,4.0,３ＬＤＫ,60.0,2014.0,18.0,ＳＲＣ,１種住居,未改装,2000.0
3152,甲子園口,9.0,6.0,５ＬＤＫ,120.0,2017.0,45.0,ＲＣ,１中住専,未改装,2200.0
3154,甲陽園,1.0,2.0,１ＬＤＫ,50.0,2010.0,39.0,ＲＣ,近隣商業,未改装,400.0
3155,甲陽園,4.0,5.0,４ＬＤＫ,75.0,2010.0,33.0,ＳＲＣ,近隣商業,未改装,1300.0
3156,甲陽園,4.0,4.0,３ＬＤＫ,75.0,2010.0,33.0,ＳＲＣ,近隣商業,改装済み,1900.0
3157,甲陽園,3.0,4.0,３ＬＤＫ,155.0,2010.0,33.0,ＳＲＣ,近隣商業,改装済み,4200.0
3158,甲子園口,16.0,5.0,４ＬＤＫ,75.0,2017.0,17.0,ＲＣ,近隣商業,未改装,2800.0
3159,西宮(阪神),11.0,3.0,２ＬＤＫ,55.0,2014.0,25.0,ＳＲＣ,１種住居,改装済み,1500.0
3160,西宮(阪神),9.0,4.0,３ＬＤＫ,65.0,2014.0,25.0,ＳＲＣ,１種住居,未改装,1400.0
3161,甲子園口,4.0,3.0,２ＬＤＫ,50.0,2017.0,10.0,ＲＣ,近隣商業,未改装,1900.0
3162,甲子園口,8.0,5.0,４ＬＤＫ,80.0,2017.0,7.0,ＲＣ,近隣商業,未改装,4100.0
3163,甲子園口,7.0,3.0,２ＬＤＫ,60.0,2017.0,22.0,ＲＣ,１中住専,未改装,2600.0
3164,甲子園口,8.0,4.0,３ＬＤＫ,75.0,2017.0,16.0,ＲＣ,１中住専,未改装,3200.0
3165,甲子園口,7.0,4.0,３ＬＤＫ,75.0,2014.0,13.0,ＲＣ,１中住専,未改装,3400.0
3166,甲陽園,4.0,4.0,３ＬＤＫ,70.0,2010.0,10.0,ＲＣ,１中住専,未改装,2700.0
3167,甲陽園,4.0,4.0,３ＬＤＫ,70.0,2010.0,10.0,ＲＣ,１中住専,未改装,2600.0
3168,甲陽園,13.0,4.0,３ＬＤＫ,75.0,2010.0,14.0,ＲＣ,１中住専,改装済み,1600.0
3169,甲陽園,9.0,4.0,３ＬＤＫ,80.0,2010.0,1.0,ＲＣ,１中住専,未改装,3400.0
3170,甲陽園,14.0,5.0,４ＬＤＫ,75.0,2010.0,1.0,ＲＣ,１中住専,未改装,3400.0
3171,甲陽園,13.0,5.0,４ＬＤＫ,80.0,2010.0,1.0,ＲＣ,１中住専,未改装,3600.0
3172,甲陽園,13.0,5.0,４ＬＤＫ,75.0,2010.0,1.0,ＲＣ,１中住専,未改装,3300.0
3173,甲陽園,9.0,5.0,４ＬＤＫ,85.0,2010.0,1.0,ＲＣ,１中住専,未改装,3400.0
3174,甲子園口,5.0,4.0,３ＬＤＫ,70.0,2017.0,47.0,ＲＣ,１中住専,改装済み,2200.0
3175,甲陽園,9.0,4.0,３ＬＤＫ,75.0,2010.0,14.0,ＲＣ,１中住専,改装済み,1900.0
3176,甲子園口,2.0,5.0,４ＬＤＫ,90.0,2017.0,21.0,ＲＣ,近隣商業,未改装,4100.0
3177,甲子園口,5.0,4.0,３ＬＤＫ,75.0,2017.0,47.0,ＳＲＣ,１中住専,未改装,1500.0
3178,西宮(阪神),11.0,5.0,４ＬＤＫ,80.0,2010.0,4.0,ＲＣ,近隣商業,未改装,2700.0
3179,西宮(阪神),3.0,3.0,２ＬＤＫ,55.0,2014.0,8.0,ＲＣ,商業,未改装,2700.0
3180,西宮(阪神),11.0,4.0,３ＬＤＫ,70.0,2010.0,4.0,ＲＣ,近隣商業,未改装,2900.0
3182,甲子園,8.0,4.0,３ＬＤＫ,70.0,2017.0,17.0,ＳＲＣ,１種住居,改装済み,2900.0
3183,甲子園,8.0,3.0,２ＤＫ,60.0,2017.0,21.0,ＲＣ,１種住居,未改装,1800.0
3184,甲子園口,13.0,4.0,３ＬＤＫ,75.0,2010.0,6.0,ＲＣ,１種住居,未改装,3100.0
3185,甲子園口,15.0,5.0,４ＬＤＫ,85.0,2010.0,6.0,ＲＣ,２中住専,未改装,3400.0
3186,甲子園,8.0,3.0,２ＬＤＫ,70.0,2017.0,4.0,ＲＣ,１中住専,改装済み,3800.0
3187,夙川,5.0,4.0,３ＬＤＫ,70.0,2010.0,15.0,ＲＣ,１種住居,改装済み,3200.0
3188,夙川,2.0,4.0,３ＬＤＫ,75.0,2010.0,10.0,ＲＣ,１中住専,未改装,3900.0
3189,香櫨園,5.0,5.0,４ＬＤＫ,85.0,2014.0,12.0,ＲＣ,１中住専,未改装,3700.0
3190,西宮(ＪＲ),9.0,4.0,３ＬＤＫ,75.0,2014.0,10.0,ＲＣ,１種住居,未改装,3300.0
3191,鳴尾・武庫川女子大前,9.0,4.0,３ＬＤＫ,65.0,2010.0,38.0,ＳＲＣ,１種住居,未改装,1300.0
3192,西宮北口,19.0,4.0,３ＬＤＫ,70.0,2014.0,14.0,ＲＣ,１種住居,未改装,2500.0
3193,鳴尾・武庫川女子大前,8.0,4.0,３ＤＫ,65.0,2010.0,40.0,ＳＲＣ,１種住居,未改装,850.0
3194,西宮北口,23.0,4.0,３ＬＤＫ,70.0,2014.0,17.0,ＲＣ,１種住居,未改装,2500.0
3195,西宮北口,20.0,4.0,３ＬＤＫ,70.0,2014.0,17.0,ＲＣ,１種住居,未改装,2300.0
3197,鳴尾・武庫川女子大前,12.0,4.0,３ＬＤＫ,70.0,2010.0,6.0,ＲＣ,１種住居,未改装,140.0
3199,甲東園,3.0,4.0,３ＬＤＫ,55.0,2017.0,20.0,ＲＣ,近隣商業,改装済み,2400.0
3200,苦楽園口,12.0,4.0,３ＬＤＫ,95.0,2010.0,12.0,ＲＣ,１低住専,未改装,4500.0
3201,西宮名塩,30.0,4.0,３ＬＤＫ,65.0,2014.0,19.0,ＲＣ,１低住専,未改装,470.0
3202,甲陽園,2.0,4.0,３ＬＤＫ,70.0,2017.0,17.0,ＲＣ,２低住専,未改装,3800.0
3203,甲陽園,12.0,5.0,４ＬＤＫ,100.0,2010.0,19.0,ＲＣ,１中住専,未改装,2600.0
3204,甲陽園,10.0,4.0,３ＬＤＫ,75.0,2017.0,12.0,ＲＣ,１低住専,改装済み,2900.0
3206,苦楽園口,7.0,5.0,４ＬＤＫ,105.0,2014.0,16.0,ＲＣ,１中住専,未改装,3800.0
3207,甲陽園,13.0,4.0,３ＬＤＫ,80.0,2017.0,4.0,ＲＣ,１中住専,改装済み,3000.0
3208,西宮(阪神),6.0,2.0,１Ｋ,20.0,2010.0,3.0,ＲＣ,近隣商業,未改装,750.0
3209,西宮(阪神),3.0,3.0,２ＬＤＫ,55.0,2010.0,12.0,ＳＲＣ,近隣商業,未改装,2200.0
3210,甲陽園,6.0,5.0,４ＬＤＫ,75.0,2017.0,21.0,ＲＣ,１中住専,改装済み,2700.0
3211,甲陽園,11.0,4.0,３ＬＤＫ,70.0,2017.0,21.0,ＲＣ,１中住専,未改装,2300.0
3212,甲陽園,11.0,4.0,３ＬＤＫ,70.0,2017.0,21.0,ＲＣ,１中住専,未改装,2500.0
3213,西宮名塩,9.0,4.0,３ＬＤＫ,70.0,2010.0,11.0,ＲＣ,１中住専,改装済み,1500.0
3214,西宮名塩,9.0,4.0,３ＬＤＫ,75.0,2010.0,11.0,ＲＣ,１中住専,改装済み,1300.0
3215,西宮名塩,7.0,4.0,３ＬＤＫ,75.0,2010.0,11.0,ＲＣ,１中住専,改装済み,1400.0
3216,苦楽園口,9.0,4.0,３ＬＤＫ,65.0,2010.0,13.0,ＲＣ,１中住専,未改装,2600.0
3218,甲陽園,2.0,4.0,３ＬＤＫ,60.0,2017.0,46.0,ＲＣ,近隣商業,未改装,900.0
3219,甲陽園,4.0,4.0,３ＬＤＫ,65.0,2017.0,40.0,ＳＲＣ,近隣商業,改装済み,1700.0
3220,甲陽園,6.0,4.0,３ＬＤＫ,75.0,2010.0,10.0,ＲＣ,１中住専,未改装,2800.0
3221,甲陽園,8.0,4.0,３ＬＤＫ,90.0,2017.0,17.0,ＲＣ,１中住専,未改装,3600.0
3222,甲陽園,10.0,4.0,３ＬＤＫ,65.0,2010.0,9.0,ＲＣ,１中住専,改装済み,2500.0
3223,甲陽園,1.0,4.0,３ＬＤＫ,70.0,2017.0,46.0,ＲＣ,近隣商業,未改装,950.0
3224,宝塚,19.0,5.0,４ＬＤＫ,75.0,2014.0,17.0,ＳＲＣ,２中住専,未改装,1700.0
3225,宝塚,18.0,4.0,３ＬＤＫ,75.0,2014.0,15.0,ＳＲＣ,２中住専,改装済み,1700.0
3226,宝塚,15.0,4.0,３ＬＤＫ,75.0,2014.0,15.0,ＳＲＣ,２中住専,改装済み,1700.0
3227,生瀬,13.0,4.0,３ＬＤＫ,70.0,2014.0,17.0,ＳＲＣ,２中住専,未改装,1700.0
3228,甲陽園,1.0,4.0,３ＬＤＫ,85.0,2017.0,2.0,ＲＣ,１中住専,未改装,5700.0
3229,甲陽園,9.0,4.0,３ＬＤＫ,70.0,2017.0,21.0,ＲＣ,１中住専,未改装,1400.0
3230,西宮(阪神),10.0,5.0,４ＬＤＫ,85.0,2017.0,11.0,ＲＣ,近隣商業,未改装,3800.0
3231,香櫨園,10.0,4.0,３ＬＤＫ,75.0,2010.0,13.0,ＲＣ,１中住専,未改装,3000.0
3232,香櫨園,15.0,4.0,３ＬＤＫ,70.0,2010.0,3.0,ＲＣ,１中住専,未改装,3300.0
3233,甲子園口,11.0,4.0,３ＬＤＫ,65.0,2017.0,18.0,ＲＣ,２種住居,未改装,2800.0
3234,甲子園口,11.0,4.0,３ＬＤＫ,65.0,2017.0,18.0,ＲＣ,２種住居,未改装,2900.0
3235,鳴尾・武庫川女子大前,10.0,4.0,３ＬＤＫ,80.0,2014.0,19.0,ＲＣ,１種住居,未改装,2400.0
3236,鳴尾・武庫川女子大前,6.0,4.0,３ＬＤＫ,85.0,2014.0,17.0,ＲＣ,近隣商業,未改装,2800.0
3237,鳴尾・武庫川女子大前,13.0,4.0,３ＬＤＫ,80.0,2014.0,19.0,ＲＣ,１種住居,改装済み,2800.0
3238,鳴尾・武庫川女子大前,5.0,4.0,３ＬＤＫ,80.0,2014.0,17.0,ＲＣ,２種住居,未改装,2700.0
3239,鳴尾・武庫川女子大前,10.0,4.0,３ＬＤＫ,80.0,2014.0,19.0,ＲＣ,１種住居,未改装,2300.0
3240,苦楽園口,6.0,2.0,１ＬＤＫ,40.0,2014.0,6.0,ＲＣ,１中住専,未改装,1900.0
3241,武庫川,11.0,3.0,２ＬＤＫ,75.0,2017.0,20.0,ＲＣ,２中住専,改装済み,3800.0
3242,武庫川,11.0,3.0,２ＬＤＫ,75.0,2017.0,20.0,ＲＣ,１中住専,改装済み,4000.0
3243,武庫川,13.0,4.0,３ＬＤＫ,75.0,2017.0,20.0,ＲＣ,２中住専,改装済み,3800.0
3244,武庫川,11.0,4.0,３ＬＤＫ,75.0,2017.0,2.0,ＲＣ,２中住専,未改装,4000.0
3245,武庫川,12.0,4.0,３ＬＤＫ,75.0,2017.0,20.0,ＲＣ,２中住専,改装済み,4000.0
3247,苦楽園口,10.0,3.0,２ＬＤＫ,85.0,2010.0,4.0,ＲＣ,１低住専,未改装,4800.0
3248,武庫川,12.0,4.0,３ＬＤＫ,75.0,2017.0,19.0,ＲＣ,２低住専,改装済み,4000.0
3249,鳴尾・武庫川女子大前,9.0,3.0,２ＬＤＫ,70.0,2017.0,45.0,ＳＲＣ,１種住居,改装済み,1500.0
3250,甲陽園,12.0,4.0,３ＬＤＫ,65.0,2010.0,9.0,ＲＣ,１低住専,未改装,1700.0
3251,甲陽園,10.0,4.0,３ＬＤＫ,80.0,2010.0,23.0,ＲＣ,１低住専,未改装,1400.0
3252,仁川,2.0,5.0,４ＬＤＫ,85.0,2014.0,12.0,ＲＣ,１中住専,未改装,4700.0
3253,仁川,11.0,4.0,３ＬＤＫ,70.0,2014.0,26.0,ＲＣ,１低住専,改装済み,2100.0
3254,甲陽園,16.0,4.0,３ＬＤＫ,85.0,2010.0,7.0,ＲＣ,１低住専,未改装,3900.0
3255,仁川,10.0,4.0,３ＬＤＫ,75.0,2014.0,13.0,ＲＣ,１低住専,未改装,2800.0
3256,苦楽園口,15.0,4.0,３ＬＤＫ,65.0,2010.0,33.0,ＲＣ,１中住専,改装済み,850.0
3257,苦楽園口,23.0,4.0,３ＬＤＫ,70.0,2010.0,9.0,ＲＣ,１中住専,未改装,2300.0
3258,苦楽園口,16.0,4.0,３ＬＤＫ,75.0,2010.0,5.0,ＲＣ,１中住専,未改装,2800.0
3259,苦楽園口,15.0,4.0,３ＬＤＫ,65.0,2010.0,9.0,ＲＣ,１中住専,未改装,2100.0
3260,苦楽園口,17.0,4.0,３ＬＤＫ,80.0,2010.0,9.0,ＲＣ,１中住専,未改装,2700.0
3261,苦楽園口,14.0,3.0,２ＬＤＫ,60.0,2010.0,14.0,ＲＣ,１中住専,改装済み,1800.0
3262,甲陽園,11.0,4.0,３ＬＤＫ,80.0,2017.0,26.0,ＲＣ,１中住専,未改装,2000.0
3263,西宮(阪神),30.0,4.0,３ＬＤＫ,70.0,2014.0,16.0,ＳＲＣ,１中住専,未改装,1400.0
3264,西宮北口,15.0,5.0,４ＬＤＫ,75.0,2010.0,8.0,ＲＣ,１中住専,未改装,3800.0
3265,西宮(阪神),30.0,5.0,４ＬＤＫ,80.0,2014.0,16.0,ＳＲＣ,１中住専,未改装,1500.0
3266,西宮(阪神),30.0,4.0,３ＬＤＫ,65.0,2014.0,16.0,ＳＲＣ,１中住専,未改装,1700.0
3267,西宮(阪神),30.0,4.0,３ＬＤＫ,65.0,2014.0,16.0,ＳＲＣ,１中住専,未改装,1500.0
3268,西宮(阪神),30.0,4.0,３ＬＤＫ,75.0,2014.0,16.0,ＳＲＣ,１中住専,未改装,1600.0
3269,甲陽園,23.0,3.0,２ＤＫ,50.0,2010.0,21.0,ＲＣ,１中住専,未改装,970.0
3270,西宮(阪神),6.0,2.0,１Ｋ,20.0,2017.0,10.0,ＲＣ,近隣商業,未改装,1400.0
3271,西宮(阪神),4.0,4.0,３ＬＤＫ,80.0,2017.0,19.0,ＳＲＣ,近隣商業,未改装,3100.0
3272,生瀬,16.0,3.0,２ＬＤＫ,70.0,2017.0,25.0,ＲＣ,１中住専,改装済み,830.0
3275,門戸厄神,6.0,4.0,３ＬＤＫ,70.0,2014.0,12.0,ＲＣ,１中住専,未改装,3600.0
3276,門戸厄神,6.0,5.0,４ＬＤＫ,95.0,2014.0,12.0,ＲＣ,１中住専,未改装,4800.0
3277,武庫川団地前,6.0,5.0,４ＬＤＫ,100.0,2010.0,6.0,ＲＣ,１中住専,未改装,3000.0
3278,武庫川団地前,6.0,4.0,３ＬＤＫ,70.0,2010.0,21.0,ＳＲＣ,１中住専,未改装,1400.0
3279,武庫川団地前,6.0,4.0,３ＬＤＫ,70.0,2010.0,21.0,ＳＲＣ,１中住専,改装済み,87.0
3280,門戸厄神,4.0,4.0,３ＬＤＫ,70.0,2017.0,3.0,ＲＣ,１中住専,未改装,4200.0
3281,武庫川団地前,9.0,5.0,４ＬＤＫ,65.0,2010.0,27.0,ＳＲＣ,１中住専,未改装,1400.0
3282,武庫川団地前,6.0,4.0,３ＬＤＫ,85.0,2010.0,6.0,ＲＣ,１中住専,未改装,2100.0
3283,武庫川団地前,9.0,5.0,４ＬＤＫ,65.0,2010.0,27.0,ＳＲＣ,１中住専,未改装,1600.0
3284,武庫川団地前,10.0,4.0,３ＬＤＫ,65.0,2010.0,25.0,ＳＲＣ,１中住専,改装済み,1400.0
3285,武庫川団地前,5.0,4.0,３ＬＤＫ,75.0,2010.0,19.0,ＲＣ,１中住専,未改装,1900.0
3286,西宮(ＪＲ),7.0,4.0,３ＬＤＫ,70.0,2014.0,13.0,ＲＣ,１種住居,未改装,2800.0
3287,西宮(阪神),8.0,4.0,３ＬＤＫ,70.0,2014.0,10.0,ＲＣ,近隣商業,未改装,2900.0
3288,夙川,11.0,4.0,３ＬＤＫ,95.0,2010.0,23.0,ＲＣ,１中住専,改装済み,1500.0
3289,香櫨園,11.0,4.0,３ＬＤＫ,70.0,2017.0,10.0,ＲＣ,１中住専,改装済み,3400.0
3290,香櫨園,10.0,5.0,４ＬＤＫ,90.0,2017.0,10.0,ＲＣ,１中住専,改装済み,3900.0
3291,西宮北口,11.0,4.0,３ＬＤＫ,60.0,2010.0,35.0,ＳＲＣ,準工業,未改装,1100.0
3292,西宮北口,11.0,4.0,３ＬＤＫ,70.0,2010.0,11.0,ＲＣ,準工業,未改装,2100.0
3293,甲子園,11.0,4.0,３ＬＤＫ,65.0,2014.0,13.0,ＲＣ,１中住専,未改装,3200.0
3296,西宮(阪神),11.0,4.0,３ＬＤＫ,70.0,2017.0,19.0,ＲＣ,近隣商業,改装済み,3200.0
3297,西宮(阪神),11.0,4.0,３ＬＤＫ,70.0,2017.0,19.0,ＲＣ,近隣商業,改装済み,3200.0
3298,西宮(阪神),10.0,4.0,３ＬＤＫ,70.0,2017.0,19.0,ＲＣ,近隣商業,改装済み,3700.0
3299,西宮(阪神),2.0,4.0,３ＬＤＫ,65.0,2014.0,13.0,ＳＲＣ,商業,改装済み,2800.0
3300,西宮(阪神),5.0,4.0,２Ｌ＋Ｓ,65.0,2014.0,10.0,ＳＲＣ,商業,未改装,2600.0
3301,西宮(阪神),5.0,4.0,３ＬＤＫ,65.0,2014.0,10.0,ＳＲＣ,商業,改装済み,2800.0
3302,西宮北口,10.0,4.0,３ＬＤＫ,65.0,2010.0,11.0,ＳＲＣ,１種住居,改装済み,2600.0
3304,苦楽園口,12.0,5.0,４ＬＤＫ,90.0,2017.0,12.0,ＲＣ,１低住専,未改装,4400.0
3305,西宮(ＪＲ),9.0,4.0,３ＬＤＫ,70.0,2017.0,3.0,ＲＣ,準工業,未改装,4400.0
3306,香櫨園,9.0,4.0,３ＬＤＫ,60.0,2010.0,13.0,ＲＣ,準工業,未改装,2100.0
3307,西宮北口,9.0,5.0,４ＬＤＫ,85.0,2017.0,3.0,ＲＣ,準工業,未改装,5100.0
3308,西宮北口,10.0,3.0,２ＬＤＫ,60.0,2017.0,4.0,ＲＣ,工業,未改装,3200.0
3309,西宮(阪神),2.0,4.0,３ＬＤＫ,75.0,2010.0,4.0,ＲＣ,商業,未改装,3800.0
3310,西宮(阪神),2.0,3.0,２ＬＤＫ,80.0,2010.0,7.0,ＲＣ,商業,未改装,5000.0
3311,西宮(阪神),3.0,4.0,３ＬＤＫ,65.0,2010.0,4.0,ＲＣ,商業,改装済み,3600.0
3312,甲子園,18.0,3.0,２ＬＤＫ,95.0,2014.0,12.0,ＳＲＣ,１中住専,未改装,3100.0
3313,甲子園,18.0,4.0,３ＬＤＫ,95.0,2014.0,12.0,ＳＲＣ,１種住居,未改装,3200.0
3314,甲子園,16.0,4.0,３ＬＤＫ,85.0,2014.0,12.0,ＳＲＣ,１種住居,未改装,2800.0
3315,甲子園,20.0,5.0,４ＬＤＫ,80.0,2014.0,14.0,ＳＲＣ,２中住専,未改装,2900.0
3316,西宮(阪神),9.0,4.0,３ＬＤＫ,65.0,2017.0,19.0,ＲＣ,近隣商業,未改装,2900.0
3318,西宮(阪神),9.0,4.0,３ＬＤＫ,70.0,2014.0,11.0,ＳＲＣ,準工業,未改装,2700.0
3319,西宮(阪神),5.0,3.0,２ＬＤＫ,65.0,2014.0,14.0,ＳＲＣ,近隣商業,未改装,2400.0
3320,甲東園,16.0,3.0,２ＬＤＫ,65.0,2010.0,31.0,ＲＣ,１中住専,改装済み,1100.0
3321,甲東園,8.0,4.0,３ＬＤＫ,70.0,2010.0,7.0,ＲＣ,１中住専,未改装,3000.0
3323,甲東園,19.0,4.0,３ＬＤＫ,75.0,2010.0,31.0,ＲＣ,１中住専,未改装,1400.0
3324,洲先,4.0,4.0,３ＬＤＫ,70.0,2014.0,37.0,ＲＣ,１種住居,改装済み,1200.0
3326,苦楽園口,14.0,4.0,３ＬＤＫ,75.0,2017.0,21.0,ＲＣ,１中住専,未改装,1600.0
3327,苦楽園口,16.0,4.0,３ＬＤＫ,70.0,2017.0,16.0,ＲＣ,１中住専,未改装,2000.0
3328,苦楽園口,15.0,5.0,４ＬＤＫ,85.0,2017.0,12.0,ＲＣ,１中住専,未改装,2600.0
3329,苦楽園口,19.0,4.0,３ＬＤＫ,80.0,2017.0,16.0,ＲＣ,１中住専,未改装,2300.0
3330,西宮北口,25.0,4.0,３ＬＤＫ,65.0,2017.0,40.0,ＳＲＣ,１中住専,改装済み,1100.0
3331,東鳴尾,4.0,4.0,３ＤＫ,60.0,2014.0,35.0,ＳＲＣ,１種住居,未改装,400.0
3332,東鳴尾,5.0,4.0,３ＬＤＫ,70.0,2014.0,32.0,ＲＣ,１種住居,改装済み,1800.0
3333,今津(阪急),18.0,4.0,３ＬＤＫ,65.0,2014.0,10.0,ＲＣ,準工業,未改装,2400.0
3335,今津(阪神),15.0,4.0,３ＬＤＫ,70.0,2014.0,9.0,ＲＣ,準工業,未改装,2200.0
3336,今津(阪神),15.0,5.0,４ＬＤＫ,80.0,2014.0,8.0,ＲＣ,準工業,改装済み,2600.0
3337,仁川,10.0,4.0,３ＬＤＫ,65.0,2010.0,7.0,ＲＣ,１中住専,未改装,2600.0
3339,西宮北口,25.0,5.0,４ＬＤＫ,90.0,2017.0,28.0,ＲＣ,１中住専,未改装,2500.0
3340,西宮(阪神),15.0,5.0,４ＬＤＫ,80.0,2014.0,10.0,ＲＣ,準工業,未改装,2800.0
3342,西宮名塩,8.0,5.0,４ＬＤＫ,110.0,2014.0,22.0,ＲＣ,１中住専,改装済み,1800.0
3344,西宮名塩,13.0,5.0,４ＬＤＫ,85.0,2014.0,11.0,ＲＣ,１中住専,未改装,2400.0
3346,西宮名塩,20.0,5.0,４ＬＤＫ,85.0,2014.0,11.0,ＲＣ,１中住専,改装済み,1700.0
3347,西宮名塩,9.0,4.0,３ＬＤＫ,95.0,2014.0,20.0,ＲＣ,１中住専,未改装,1700.0
3348,西宮名塩,6.0,4.0,３ＬＤＫ,80.0,2014.0,11.0,ＲＣ,１中住専,未改装,1800.0
3349,西宮名塩,15.0,5.0,４ＬＤＫ,85.0,2014.0,17.0,ＲＣ,１中住専,改装済み,1700.0
3350,西宮名塩,7.0,4.0,３ＬＤＫ,90.0,2014.0,20.0,ＲＣ,１中住専,改装済み,1300.0
3351,西宮名塩,5.0,5.0,４ＬＤＫ,95.0,2014.0,18.0,ＲＣ,１中住専,未改装,1700.0
3352,西宮名塩,14.0,4.0,３ＬＤＫ,75.0,2014.0,17.0,ＲＣ,１中住専,改装済み,1400.0
3353,武庫川団地前,10.0,4.0,３ＬＤＫ,70.0,2017.0,34.0,ＳＲＣ,１中住専,改装済み,1500.0
3355,武庫川団地前,5.0,4.0,３ＬＤＫ,75.0,2017.0,26.0,ＲＣ,１中住専,未改装,1700.0
3356,武庫川団地前,4.0,4.0,３ＬＤＫ,70.0,2017.0,28.0,ＳＲＣ,１中住専,改装済み,1900.0
3358,武庫川団地前,4.0,4.0,３ＬＤＫ,70.0,2017.0,28.0,ＳＲＣ,１中住専,未改装,1000.0
3359,武庫川団地前,4.0,4.0,３ＬＤＫ,70.0,2017.0,28.0,ＳＲＣ,１中住専,未改装,1000.0
3360,武庫川団地前,8.0,4.0,３ＬＤＫ,90.0,2017.0,22.0,ＲＣ,１中住専,未改装,2200.0
3361,武庫川団地前,16.0,3.0,２ＬＤＫ,65.0,2017.0,27.0,ＳＲＣ,１中住専,未改装,1200.0
3362,武庫川団地前,9.0,5.0,４ＬＤＫ,95.0,2017.0,21.0,ＲＣ,１中住専,未改装,2000.0
3363,武庫川団地前,14.0,4.0,２ＬＤＫ＋Ｓ,65.0,2017.0,32.0,ＳＲＣ,１中住専,改装済み,1400.0
3365,夙川,13.0,4.0,３ＬＤＫ,85.0,2017.0,4.0,ＳＲＣ,１低住専,未改装,6400.0
3366,夙川,12.0,2.0,１ＬＤＫ,60.0,2017.0,49.0,ＲＣ,１中住専,未改装,870.0
3367,苦楽園口,12.0,3.0,２ＬＤＫ,70.0,2014.0,14.0,ＲＣ,１中住専,未改装,4000.0
3368,苦楽園口,12.0,4.0,３ＬＤＫ,70.0,2014.0,14.0,ＲＣ,１中住専,未改装,3500.0
3370,苦楽園口,12.0,4.0,３ＬＤＫ,85.0,2014.0,14.0,ＲＣ,１中住専,未改装,3700.0
3371,西宮北口,11.0,3.0,２ＬＤＫ,65.0,2017.0,42.0,ＳＲＣ,準工業,改装済み,1900.0
3373,今津(阪神),3.0,3.0,２ＬＤＫ,50.0,2010.0,13.0,ＲＣ,近隣商業,未改装,1600.0
3374,今津(阪急),1.0,4.0,３ＬＤＫ,65.0,2010.0,12.0,ＳＲＣ,商業,未改装,1600.0
3375,門戸厄神,14.0,4.0,３ＬＤＫ,70.0,2014.0,19.0,ＲＣ,１中住専,未改装,2400.0
3376,今津(阪神),8.0,4.0,３ＬＤＫ,70.0,2010.0,8.0,ＲＣ,１種住居,未改装,2500.0
3377,今津(阪神),4.0,2.0,１ＤＫ,25.0,2010.0,21.0,ＲＣ,商業,改装済み,3400.0
3378,門戸厄神,16.0,4.0,３ＬＤＫ,65.0,2014.0,20.0,ＲＣ,１中住専,改装済み,2400.0
3379,今津(阪神),7.0,3.0,２ＬＤＫ,55.0,2010.0,14.0,ＳＲＣ,１種住居,未改装,1400.0
3381,今津(阪神),8.0,4.0,３ＬＤＫ,60.0,2010.0,14.0,ＳＲＣ,１種住居,未改装,1900.0
3382,今津(阪神),7.0,3.0,２ＬＤＫ,60.0,2010.0,14.0,ＳＲＣ,１種住居,未改装,1500.0
3383,今津(阪神),6.0,4.0,３ＬＤＫ,60.0,2010.0,14.0,ＳＲＣ,１種住居,未改装,1500.0
3385,西宮(阪神),2.0,4.0,３ＬＤＫ,75.0,2017.0,14.0,ＳＲＣ,商業,未改装,4300.0
3389,甲東園,16.0,4.0,３ＬＤＫ,65.0,2017.0,38.0,ＲＣ,１中住専,改装済み,1700.0
3390,西宮(阪神),8.0,3.0,２ＬＤＫ,60.0,2010.0,12.0,ＲＣ,近隣商業,未改装,2000.0
3391,西宮(阪神),8.0,3.0,２ＬＤＫ,60.0,2010.0,12.0,ＲＣ,近隣商業,未改装,2400.0
3393,西宮北口,9.0,4.0,３ＬＤＫ,65.0,2014.0,4.0,ＲＣ,工業,未改装,3100.0
3394,西宮北口,6.0,1.0,１Ｒ,15.0,2014.0,27.0,ＲＣ,近隣商業,未改装,400.0
3395,甲子園口,7.0,4.0,３ＬＤＫ,65.0,2010.0,38.0,ＲＣ,１中住専,未改装,1500.0
3396,西宮北口,12.0,4.0,３ＬＤＫ,85.0,2014.0,8.0,ＲＣ,１中住専,未改装,4800.0
3397,西宮(阪神),3.0,4.0,３ＬＤＫ,65.0,2010.0,4.0,ＲＣ,商業,未改装,2800.0
3398,西宮(阪神),3.0,4.0,３ＬＤＫ,85.0,2010.0,4.0,ＲＣ,商業,未改装,3700.0
3400,甲子園口,6.0,4.0,３ＬＤＫ,100.0,2014.0,46.0,ＲＣ,１中住専,未改装,3000.0
3401,甲子園口,6.0,3.0,２ＬＤＫ,70.0,2014.0,46.0,ＲＣ,１中住専,未改装,1700.0
3402,夙川,9.0,3.0,２ＤＫ,40.0,2010.0,13.0,ＲＣ,１低住専,未改装,2000.0
3403,尼崎(ＪＲ),10.0,3.0,２ＬＤＫ,55.0,2010.0,13.0,ＲＣ,１種住居,改装済み,2000.0
3404,鳴尾・武庫川女子大前,10.0,5.0,４ＬＤＫ,80.0,2014.0,35.0,ＳＲＣ,１中住専,改装済み,2000.0
3405,夙川,13.0,4.0,３ＬＤＫ,60.0,2014.0,14.0,ＲＣ,近隣商業,未改装,2500.0
3406,甲子園口,11.0,3.0,２ＤＫ,35.0,2010.0,22.0,ＲＣ,１種住居,未改装,550.0
3407,西宮(阪神),8.0,4.0,３ＬＤＫ,60.0,2014.0,14.0,ＲＣ,近隣商業,未改装,2700.0
3408,甲子園口,11.0,3.0,２ＤＫ,35.0,2010.0,22.0,ＲＣ,１種住居,未改装,550.0
3409,甲子園口,10.0,4.0,３ＬＤＫ,80.0,2010.0,13.0,ＲＣ,１種住居,改装済み,2800.0
3410,仁川,7.0,4.0,３ＬＤＫ,70.0,2017.0,9.0,ＲＣ,２中住専,未改装,3700.0
3411,香櫨園,11.0,5.0,４ＬＤＫ,95.0,2014.0,17.0,ＲＣ,１中住専,未改装,2400.0
3412,今津(阪神),8.0,3.0,２ＬＤＫ,70.0,2017.0,2.0,ＲＣ,１種住居,未改装,3700.0
3413,西宮(阪神),18.0,4.0,３ＬＤＫ,70.0,2014.0,1.0,ＲＣ,準工業,未改装,2700.0
3414,西宮(阪神),16.0,4.0,３ＬＤＫ,70.0,2014.0,1.0,ＲＣ,準工業,未改装,2900.0
3416,西宮(ＪＲ),12.0,4.0,２ＬＤＫ＋Ｓ,70.0,2010.0,10.0,ＲＣ,近隣商業,未改装,2500.0
3417,今津(阪神),13.0,4.0,３ＬＤＫ,65.0,2017.0,16.0,ＲＣ,工業,改装済み,2600.0
3418,西宮北口,19.0,4.0,３ＬＤＫ,65.0,2010.0,13.0,ＲＣ,１種住居,改装済み,2000.0
3419,西宮北口,21.0,4.0,３ＬＤＫ,80.0,2010.0,16.0,ＲＣ,１種住居,未改装,2100.0
3420,香櫨園,4.0,4.0,３ＬＤＫ,100.0,2014.0,25.0,ＲＣ,１中住専,未改装,3800.0
3421,西宮(ＪＲ),6.0,3.0,２ＬＤＫ,55.0,2017.0,18.0,ＲＣ,２種住居,未改装,2300.0
3422,西宮(ＪＲ),3.0,4.0,３ＬＤＫ,65.0,2017.0,22.0,ＲＣ,２種住居,未改装,2800.0
3424,西宮(ＪＲ),7.0,4.0,３ＬＤＫ,75.0,2017.0,16.0,ＲＣ,準工業,未改装,3400.0
3425,さくら夙川,13.0,4.0,３ＬＤＫ,75.0,2014.0,15.0,ＲＣ,１中住専,改装済み,3100.0
3428,夙川,7.0,4.0,３ＬＤＫ,75.0,2014.0,2.0,ＲＣ,１中住専,未改装,5200.0
3429,夙川,8.0,4.0,３ＬＤＫ,95.0,2014.0,5.0,ＲＣ,１中住専,未改装,7900.0
3430,今津(阪神),3.0,4.0,３ＬＤＫ,65.0,2017.0,3.0,ＲＣ,近隣商業,未改装,2900.0
3432,今津(阪神),2.0,3.0,２ＬＤＫ,55.0,2017.0,13.0,ＲＣ,商業,改装済み,2700.0
3436,甲子園口,7.0,4.0,３ＬＤＫ,75.0,2014.0,10.0,ＲＣ,１中住専,未改装,4200.0
3438,甲子園口,7.0,4.0,３ＬＤＫ,65.0,2014.0,19.0,ＲＣ,１中住専,改装済み,2400.0
3440,西宮(ＪＲ),4.0,3.0,２ＬＤＫ,65.0,2014.0,19.0,ＲＣ,近隣商業,未改装,2600.0
3441,西宮(ＪＲ),4.0,4.0,３ＬＤＫ,65.0,2014.0,12.0,ＲＣ,近隣商業,未改装,3000.0
3442,甲子園口,13.0,4.0,３ＬＤＫ,80.0,2014.0,9.0,ＲＣ,１中住専,未改装,3200.0
3443,甲子園口,15.0,4.0,３ＬＤＫ,90.0,2014.0,11.0,ＲＣ,１中住専,未改装,3700.0
3444,西宮北口,8.0,3.0,２ＬＤＫ,75.0,2014.0,13.0,ＲＣ,１中住専,未改装,3700.0
3445,西宮北口,8.0,4.0,３ＬＤＫ,70.0,2014.0,18.0,ＲＣ,１中住専,未改装,2800.0
3446,西宮北口,8.0,4.0,３ＬＤＫ,65.0,2014.0,14.0,ＲＣ,１中住専,未改装,2800.0
3447,西宮北口,8.0,4.0,３ＬＤＫ,70.0,2014.0,18.0,ＲＣ,１中住専,未改装,3000.0
3448,西宮名塩,29.0,4.0,３ＬＤＫ,65.0,2010.0,15.0,ＲＣ,１低住専,未改装,260.0
3449,甲子園口,8.0,4.0,３ＬＤＫ,75.0,2017.0,16.0,ＲＣ,１中住専,未改装,3100.0
3450,門戸厄神,8.0,4.0,３ＬＤＫ,70.0,2014.0,15.0,ＲＣ,２中住専,未改装,2200.0
3452,夙川,13.0,4.0,３ＬＤＫ,75.0,2014.0,43.0,ＲＣ,１中住専,改装済み,1500.0
3453,夙川,12.0,4.0,３ＬＤＫ,75.0,2014.0,43.0,ＲＣ,１中住専,未改装,1300.0
3454,夙川,12.0,4.0,３ＬＤＫ,75.0,2014.0,43.0,ＲＣ,１中住専,未改装,1700.0
3455,甲子園口,9.0,4.0,３ＬＤＫ,85.0,2017.0,9.0,ＲＣ,１中住専,未改装,4000.0
3456,甲子園口,9.0,5.0,４ＬＤＫ,90.0,2017.0,9.0,ＲＣ,１中住専,未改装,4600.0
3457,西宮(阪神),3.0,4.0,３ＬＤＫ,60.0,2017.0,11.0,ＲＣ,商業,未改装,3000.0
3458,甲子園,13.0,5.0,４ＬＤＫ,105.0,2014.0,9.0,ＲＣ,２種住居,未改装,4500.0
3459,甲子園,10.0,4.0,３ＬＤＫ,75.0,2014.0,12.0,ＲＣ,２中住専,未改装,3100.0
3460,甲子園,11.0,4.0,３ＬＤＫ,80.0,2014.0,12.0,ＲＣ,２中住専,未改装,3300.0
3461,甲子園,13.0,3.0,２ＬＤＫ,75.0,2014.0,9.0,ＲＣ,２種住居,未改装,3300.0
3462,苦楽園口,2.0,3.0,２ＬＤＫ,80.0,2014.0,6.0,ＲＣ,１中住専,未改装,6000.0
3463,苦楽園口,3.0,4.0,３ＬＤＫ,80.0,2014.0,6.0,ＲＣ,１中住専,未改装,5200.0
3464,宝塚,15.0,4.0,３ＬＤＫ,75.0,2010.0,13.0,ＳＲＣ,２中住専,未改装,1500.0
3465,宝塚,15.0,4.0,３ＬＤＫ,75.0,2010.0,11.0,ＳＲＣ,２中住専,未改装,1700.0
3466,西宮北口,6.0,4.0,３ＬＤＫ,80.0,2014.0,16.0,ＲＣ,１中住専,未改装,3700.0
3467,西宮北口,6.0,4.0,３ＬＤＫ,75.0,2014.0,0.0,ＲＣ,１種住居,未改装,5300.0
3469,西宮北口,7.0,2.0,１Ｋ,25.0,2014.0,16.0,ＳＲＣ,１中住専,未改装,1300.0
3470,西宮北口,6.0,4.0,３ＬＤＫ,80.0,2014.0,0.0,ＲＣ,１種住居,未改装,5600.0
3471,香櫨園,4.0,4.0,３ＬＤＫ,85.0,2014.0,17.0,ＲＣ,１種住居,未改装,4200.0
3472,香櫨園,3.0,4.0,３ＬＤＫ,70.0,2014.0,20.0,ＲＣ,１種住居,改装済み,2700.0
3473,生瀬,12.0,4.0,３ＬＤＫ,75.0,2010.0,11.0,ＳＲＣ,２中住専,未改装,1500.0
3474,生瀬,11.0,4.0,３ＬＤＫ,75.0,2010.0,11.0,ＳＲＣ,２中住専,改装済み,1500.0
3475,夙川,3.0,4.0,３ＬＤＫ,70.0,2014.0,17.0,ＲＣ,１種住居,未改装,2800.0
3476,西宮(ＪＲ),11.0,4.0,３ＬＤＫ,70.0,2014.0,1.0,ＲＣ,１種住居,未改装,3500.0
3477,門戸厄神,13.0,5.0,４ＬＤＫ,85.0,2014.0,19.0,ＲＣ,１中住専,未改装,3300.0
3478,門戸厄神,10.0,4.0,３ＬＤＫ,65.0,2014.0,19.0,ＲＣ,１中住専,未改装,2400.0
3479,鳴尾・武庫川女子大前,7.0,3.0,２ＬＤＫ,40.0,2010.0,39.0,鉄骨造,１種住居,改装済み,850.0
3480,門戸厄神,6.0,4.0,３ＬＤＫ,70.0,2014.0,14.0,ＲＣ,１中住専,未改装,2900.0
3481,鳴尾・武庫川女子大前,3.0,4.0,３ＬＤＫ,70.0,2010.0,6.0,ＲＣ,近隣商業,未改装,2500.0
3482,鳴尾・武庫川女子大前,6.0,3.0,２ＤＫ,45.0,2010.0,39.0,鉄骨造,１種住居,未改装,700.0
3484,門戸厄神,15.0,4.0,３ＬＤＫ,70.0,2014.0,15.0,ＲＣ,１中住専,未改装,2000.0
3485,西宮名塩,28.0,4.0,３ＬＤＫ,65.0,2017.0,22.0,ＲＣ,１低住専,未改装,4000.0
3486,西宮名塩,8.0,5.0,４ＬＤＫ,95.0,2017.0,11.0,ＲＣ,１中住専,未改装,2200.0
3488,西宮北口,15.0,4.0,３ＬＤＫ,90.0,2014.0,8.0,ＲＣ,１中住専,未改装,5000.0
3489,さくら夙川,8.0,4.0,３ＬＤＫ,75.0,2014.0,15.0,ＲＣ,近隣商業,未改装,3500.0
3490,苦楽園口,5.0,5.0,４ＬＤＫ,80.0,2017.0,16.0,ＲＣ,１中住専,改装済み,4200.0
3491,仁川,9.0,5.0,４ＬＤＫ,85.0,2010.0,12.0,ＲＣ,１種住居,未改装,2700.0
3493,宝塚,15.0,5.0,４ＬＤＫ,95.0,2017.0,18.0,ＳＲＣ,２中住専,未改装,2100.0
3494,生瀬,10.0,4.0,３ＬＤＫ,70.0,2017.0,20.0,ＳＲＣ,２中住専,未改装,1400.0
3495,生瀬,13.0,4.0,３ＬＤＫ,75.0,2017.0,20.0,ＳＲＣ,２中住専,未改装,1600.0
3496,西宮(阪神),30.0,4.0,３ＬＤＫ,95.0,2010.0,6.0,ＳＲＣ,１中住専,未改装,4300.0
3497,西宮(阪神),30.0,4.0,３ＬＤＫ,70.0,2010.0,12.0,ＳＲＣ,１中住専,未改装,1600.0
3498,西宮(阪神),30.0,3.0,２ＬＤＫ,65.0,2010.0,12.0,ＳＲＣ,１中住専,改装済み,1200.0
3499,西宮(阪神),30.0,4.0,３ＬＤＫ,80.0,2010.0,6.0,ＲＣ,１中住専,未改装,2000.0
3500,西宮(阪神),30.0,3.0,２ＬＤＫ,120.0,2010.0,6.0,ＳＲＣ,１中住専,未改装,3800.0
3501,西宮(阪神),30.0,3.0,２ＬＤＫ,95.0,2010.0,6.0,ＳＲＣ,１中住専,未改装,4500.0
3502,西宮(阪神),30.0,5.0,４ＬＤＫ,80.0,2010.0,12.0,ＳＲＣ,１中住専,改装済み,1900.0
3503,西宮(阪神),30.0,4.0,３ＬＤＫ,70.0,2010.0,12.0,ＳＲＣ,１中住専,改装済み,1500.0
3504,西宮(阪神),30.0,4.0,３ＬＤＫ,75.0,2010.0,11.0,ＳＲＣ,近隣商業,未改装,2100.0
3505,西宮(阪神),30.0,4.0,３ＬＤＫ,70.0,2010.0,12.0,ＳＲＣ,１中住専,未改装,1600.0
3506,西宮(阪神),30.0,3.0,２ＬＤＫ,100.0,2010.0,6.0,ＲＣ,１中住専,未改装,5200.0
3507,西宮(阪神),30.0,5.0,４ＬＤＫ,90.0,2010.0,11.0,ＳＲＣ,近隣商業,未改装,3300.0
3508,西宮(阪神),30.0,4.0,３ＬＤＫ,80.0,2010.0,11.0,ＳＲＣ,近隣商業,未改装,2800.0
3509,西宮(阪神),30.0,4.0,３ＬＤＫ,70.0,2010.0,12.0,ＳＲＣ,１中住専,未改装,1700.0
3510,西宮(阪神),30.0,4.0,３ＬＤＫ,95.0,2010.0,6.0,ＲＣ,１中住専,未改装,3900.0
3511,西宮(阪神),30.0,4.0,３ＬＤＫ,70.0,2010.0,12.0,ＳＲＣ,１中住専,未改装,1300.0
3512,西宮(阪神),30.0,4.0,３ＬＤＫ,70.0,2010.0,12.0,ＳＲＣ,１中住専,未改装,1300.0
3513,西宮(阪神),30.0,4.0,３ＬＤＫ,70.0,2010.0,12.0,ＳＲＣ,１中住専,改装済み,1600.0
3514,苦楽園口,14.0,5.0,４ＬＤＫ,95.0,2010.0,3.0,ＲＣ,１中住専,未改装,4200.0
3515,苦楽園口,13.0,4.0,３ＬＤＫ,70.0,2010.0,25.0,ＲＣ,１中住専,未改装,1100.0
3516,苦楽園口,14.0,3.0,２ＬＤＫ,85.0,2010.0,3.0,ＲＣ,１中住専,未改装,2600.0
3517,苦楽園口,6.0,2.0,１ＬＤＫ,40.0,2017.0,9.0,ＲＣ,１中住専,未改装,2100.0
3518,夙川,16.0,4.0,３ＬＤＫ,140.0,2017.0,33.0,ＲＣ,１低住専,未改装,4200.0
3519,さくら夙川,13.0,4.0,３ＬＤＫ,60.0,2014.0,12.0,ＲＣ,近隣商業,未改装,2600.0
3520,さくら夙川,13.0,4.0,３ＬＤＫ,55.0,2014.0,12.0,ＲＣ,近隣商業,未改装,2400.0
3521,西宮(阪神),10.0,3.0,２ＬＤＫ,70.0,2014.0,29.0,ＳＲＣ,準工業,未改装,1500.0
3522,門戸厄神,6.0,4.0,３ＬＤＫ,70.0,2010.0,8.0,ＲＣ,１中住専,未改装,3000.0
3523,門戸厄神,7.0,4.0,３ＬＤＫ,75.0,2010.0,24.0,ＲＣ,１中住専,改装済み,2000.0
3524,西宮(阪神),3.0,2.0,１Ｋ,25.0,2014.0,5.0,ＲＣ,近隣商業,未改装,1400.0
3525,西宮(阪神),5.0,2.0,１Ｋ,25.0,2014.0,5.0,ＲＣ,近隣商業,未改装,1400.0
3526,夙川,3.0,2.0,１ＤＫ,50.0,2010.0,10.0,ＲＣ,近隣商業,改装済み,2300.0
3527,夙川,2.0,4.0,３ＬＤＫ,120.0,2010.0,24.0,ＲＣ,近隣商業,改装済み,4900.0
3528,西宮(ＪＲ),7.0,4.0,３ＬＤＫ,70.0,2010.0,9.0,ＲＣ,１種住居,未改装,2400.0
3529,西宮(阪神),8.0,2.0,１ＬＤＫ,55.0,2010.0,1.0,ＲＣ,近隣商業,未改装,2500.0
3530,西宮北口,3.0,4.0,３ＬＤＫ,75.0,2014.0,14.0,ＳＲＣ,２種住居,改装済み,4000.0
3531,西宮北口,3.0,4.0,２ＬＤＫ＋Ｓ,80.0,2014.0,14.0,ＳＲＣ,２種住居,改装済み,4000.0
3532,西宮北口,3.0,4.0,３ＬＤＫ,80.0,2014.0,14.0,ＳＲＣ,２種住居,未改装,4600.0
3533,西宮北口,5.0,5.0,４ＬＤＫ,85.0,2014.0,9.0,ＲＣ,２種住居,未改装,4700.0
3534,西宮北口,5.0,4.0,３ＬＤＫ,80.0,2014.0,14.0,ＳＲＣ,２種住居,改装済み,4900.0
3535,西宮北口,3.0,4.0,３ＬＤＫ,80.0,2014.0,14.0,ＳＲＣ,２種住居,未改装,3500.0
3537,西宮北口,3.0,3.0,２ＬＤＫ,60.0,2014.0,14.0,ＳＲＣ,２種住居,未改装,3600.0
3538,西宮(ＪＲ),7.0,3.0,２ＬＤＫ,65.0,2014.0,16.0,ＳＲＣ,近隣商業,改装済み,2700.0
3539,仁川,11.0,4.0,３ＬＤＫ,75.0,2017.0,20.0,ＲＣ,１中住専,未改装,3800.0
3540,西宮(阪神),4.0,4.0,３ＬＤＫ,70.0,2010.0,9.0,ＳＲＣ,商業,未改装,2800.0
3541,西宮(阪神),2.0,4.0,３ＬＤＫ,65.0,2010.0,4.0,ＲＣ,商業,未改装,3100.0
3542,西宮(阪神),3.0,5.0,４ＬＤＫ,100.0,2010.0,11.0,ＲＣ,商業,未改装,3500.0
3543,西宮(阪神),3.0,4.0,３ＬＤＫ,60.0,2010.0,4.0,ＲＣ,商業,未改装,2500.0
3544,西宮(阪神),4.0,4.0,３ＬＤＫ,70.0,2010.0,9.0,ＳＲＣ,商業,未改装,2700.0
3545,西宮(阪神),2.0,4.0,３ＬＤＫ,70.0,2010.0,9.0,ＳＲＣ,商業,未改装,2800.0
3546,西宮(阪神),3.0,4.0,３ＬＤＫ,70.0,2010.0,11.0,ＳＲＣ,商業,未改装,2100.0
3547,甲子園,15.0,3.0,１ＬＤＫ＋Ｓ,75.0,2014.0,8.0,ＲＣ,１中住専,未改装,3100.0
3548,甲子園口,14.0,4.0,３ＬＤＫ,75.0,2014.0,14.0,ＲＣ,１種住居,改装済み,3000.0
3549,甲子園口,19.0,4.0,３ＬＤＫ,70.0,2014.0,14.0,ＲＣ,１中住専,未改装,3200.0
3551,門戸厄神,8.0,4.0,３ＬＤＫ,65.0,2014.0,12.0,ＲＣ,準住居,未改装,2700.0
3552,西宮(阪神),3.0,2.0,１Ｋ,20.0,2014.0,9.0,ＲＣ,商業,未改装,1000.0
3554,西宮(阪神),30.0,5.0,４ＬＤＫ,110.0,2017.0,13.0,ＳＲＣ,１中住専,改装済み,3200.0
3556,西宮(阪神),30.0,4.0,３ＬＤＫ,70.0,2017.0,19.0,ＳＲＣ,１中住専,未改装,1400.0
3557,西宮(阪神),30.0,5.0,４ＬＤＫ,80.0,2017.0,19.0,ＲＣ,１中住専,未改装,1800.0
3559,西宮(阪神),30.0,4.0,３ＬＤＫ,85.0,2017.0,13.0,ＲＣ,１中住専,改装済み,3400.0
3560,甲子園,21.0,4.0,３ＬＤＫ,70.0,2010.0,10.0,ＲＣ,１種住居,未改装,2400.0
3561,西宮(阪神),30.0,5.0,４ＬＤＫ,85.0,2017.0,19.0,ＳＲＣ,１中住専,未改装,1900.0
3562,甲子園,16.0,4.0,３ＬＤＫ,90.0,2010.0,8.0,ＳＲＣ,１種住居,未改装,2700.0
3563,西宮(阪神),30.0,4.0,３ＬＤＫ,70.0,2017.0,19.0,ＳＲＣ,１中住専,未改装,1500.0
3564,西宮(阪神),30.0,4.0,３ＬＤＫ,75.0,2017.0,19.0,ＲＣ,１中住専,未改装,1900.0
3565,甲子園,18.0,4.0,３ＬＤＫ,80.0,2010.0,8.0,ＳＲＣ,１種住居,改装済み,3300.0
3566,西宮(阪神),30.0,4.0,３ＬＤＫ,65.0,2017.0,19.0,ＳＲＣ,１中住専,改装済み,1800.0
3567,西宮(阪神),30.0,4.0,３ＬＤＫ,70.0,2017.0,19.0,ＳＲＣ,１中住専,改装済み,1400.0
3568,西宮(阪神),10.0,5.0,４ＬＤＫ,80.0,2010.0,7.0,ＳＲＣ,準工業,未改装,3100.0
3569,洲先,3.0,4.0,３ＬＤＫ,70.0,2010.0,12.0,ＲＣ,１種住居,改装済み,2700.0
3570,洲先,3.0,4.0,３ＬＤＫ,75.0,2010.0,12.0,ＲＣ,１種住居,未改装,2400.0
3572,門戸厄神,4.0,4.0,３ＬＤＫ,75.0,2017.0,1.0,ＲＣ,１中住専,改装済み,4900.0
3574,門戸厄神,5.0,3.0,２ＬＤＫ,70.0,2017.0,22.0,ＲＣ,１中住専,改装済み,4000.0
3575,門戸厄神,5.0,4.0,３ＬＤＫ,70.0,2017.0,22.0,ＲＣ,１中住専,改装済み,4300.0
3576,東鳴尾,5.0,4.0,３ＬＤＫ,70.0,2010.0,33.0,ＲＣ,１種住居,改装済み,1700.0
3578,今津(阪神),16.0,5.0,４ＬＤＫ,100.0,2010.0,5.0,ＲＣ,準工業,改装済み,3400.0
3579,西宮(ＪＲ),6.0,4.0,３ＬＤＫ,75.0,2017.0,8.0,ＲＣ,近隣商業,改装済み,3800.0
3580,西宮(阪神),8.0,4.0,３ＬＤＫ,80.0,2017.0,8.0,ＲＣ,近隣商業,未改装,4300.0
3581,西宮(阪神),19.0,4.0,３ＬＤＫ,60.0,2010.0,13.0,ＲＣ,準工業,未改装,1200.0
3583,西宮(阪神),17.0,3.0,２ＬＤＫ,65.0,2010.0,6.0,ＲＣ,準工業,未改装,2300.0
3585,西宮(阪神),4.0,4.0,２ＬＤＫ＋Ｓ,70.0,2017.0,18.0,ＳＲＣ,商業,改装済み,2400.0
3586,西宮(阪神),4.0,3.0,２ＬＤＫ,65.0,2017.0,13.0,ＳＲＣ,商業,改装済み,3200.0
3587,西宮(阪神),3.0,3.0,２ＬＤＫ,70.0,2017.0,16.0,ＳＲＣ,商業,改装済み,3200.0
3588,西宮(阪神),3.0,4.0,３ＬＤＫ,65.0,2017.0,11.0,ＲＣ,商業,未改装,3500.0
3589,西宮(阪神),3.0,3.0,２ＬＤＫ,60.0,2017.0,12.0,ＲＣ,商業,未改装,2600.0
3590,西宮名塩,14.0,4.0,３ＬＤＫ,90.0,2010.0,7.0,ＲＣ,１中住専,未改装,2200.0
3591,西宮名塩,19.0,4.0,３ＬＤＫ,85.0,2010.0,7.0,ＲＣ,１中住専,未改装,2300.0
3592,西宮名塩,16.0,3.0,２ＬＤＫ,80.0,2010.0,18.0,ＲＣ,１中住専,未改装,1700.0
3593,西宮名塩,4.0,4.0,３ＬＤＫ,85.0,2010.0,17.0,ＲＣ,１中住専,未改装,1200.0
3594,西宮名塩,7.0,4.0,３ＬＤＫ,90.0,2010.0,16.0,ＲＣ,１中住専,未改装,1600.0
3595,西宮名塩,7.0,4.0,３ＬＤＫ,80.0,2010.0,14.0,ＲＣ,１中住専,改装済み,1800.0
3596,西宮名塩,13.0,4.0,３ＬＤＫ,80.0,2010.0,7.0,ＲＣ,１中住専,未改装,2200.0
3597,西宮名塩,15.0,4.0,３ＬＤＫ,85.0,2010.0,7.0,ＲＣ,１中住専,改装済み,2400.0
3598,西宮(阪神),7.0,4.0,３ＬＤＫ,65.0,2017.0,17.0,ＳＲＣ,近隣商業,未改装,2700.0
3599,苦楽園口,9.0,3.0,２ＬＤＫ,65.0,2010.0,36.0,ＲＣ,１種住居,改装済み,1500.0
3600,苦楽園口,14.0,5.0,４ＬＤＫ,90.0,2010.0,2.0,ＲＣ,１中住専,未改装,5700.0
3601,苦楽園口,16.0,6.0,５ＬＤＫ,115.0,2010.0,28.0,ＲＣ,１中住専,改装済み,3300.0
3602,苦楽園口,13.0,4.0,３ＬＤＫ,70.0,2010.0,3.0,ＲＣ,１中住専,未改装,3600.0
3603,苦楽園口,9.0,3.0,２ＬＤＫ,65.0,2010.0,36.0,ＲＣ,１種住居,未改装,800.0
3604,苦楽園口,9.0,4.0,３ＬＤＫ,65.0,2010.0,36.0,ＲＣ,１種住居,未改装,1500.0
3605,洲先,3.0,4.0,３ＬＤＫ,75.0,2017.0,19.0,ＲＣ,１種住居,未改装,250.0
3606,東鳴尾,4.0,4.0,３ＬＤＫ,70.0,2017.0,35.0,ＲＣ,１種住居,改装済み,1600.0
3608,東鳴尾,4.0,5.0,４ＬＤＫ,75.0,2017.0,38.0,ＳＲＣ,１種住居,未改装,1300.0
3609,門戸厄神,18.0,4.0,３ＬＤＫ,75.0,2010.0,15.0,ＲＣ,１中住専,未改装,2300.0
3610,今津(阪神),16.0,5.0,４ＬＤＫ,80.0,2017.0,30.0,ＳＲＣ,準工業,改装済み,1500.0
3611,西宮(阪神),15.0,4.0,３ＬＤＫ,70.0,2017.0,21.0,ＲＣ,準工業,未改装,2000.0
3612,西宮(阪神),16.0,4.0,３ＬＤＫ,70.0,2017.0,21.0,ＲＣ,準工業,未改装,1700.0
3613,西宮(阪神),20.0,5.0,４ＬＤＫ,80.0,2017.0,30.0,ＲＣ,準工業,未改装,780.0
3614,西宮(阪神),15.0,4.0,３ＬＤＫ,70.0,2017.0,21.0,ＲＣ,準工業,未改装,2100.0
3615,西宮北口,14.0,5.0,４ＬＤＫ,75.0,2010.0,7.0,ＲＣ,２中住専,未改装,2700.0
3616,西宮北口,19.0,4.0,３ＬＤＫ,65.0,2010.0,10.0,ＲＣ,１中住専,改装済み,2300.0
3617,西宮北口,15.0,2.0,１Ｋ,15.0,2010.0,24.0,ＲＣ,２中住専,未改装,200.0
3618,西宮名塩,9.0,3.0,２ＬＤＫ,75.0,2017.0,21.0,ＲＣ,１中住専,改装済み,1500.0
3619,西宮名塩,15.0,4.0,３ＬＤＫ,70.0,2017.0,20.0,ＲＣ,１中住専,未改装,1200.0
3621,西宮名塩,16.0,4.0,３ＬＤＫ,80.0,2017.0,25.0,ＲＣ,１中住専,改装済み,1700.0
3622,西宮北口,7.0,2.0,１Ｋ,15.0,2010.0,22.0,ＲＣ,２種住居,未改装,320.0
3624,甲子園口,6.0,5.0,３ＬＤＫ＋Ｓ,120.0,2010.0,42.0,ＲＣ,１中住専,未改装,2000.0
3626,苦楽園口,13.0,3.0,２ＬＤＫ,65.0,2017.0,10.0,ＲＣ,１中住専,未改装,3600.0
3627,苦楽園口,14.0,4.0,３ＬＤＫ,80.0,2017.0,32.0,ＲＣ,１種住居,改装済み,3000.0
3628,苦楽園口,16.0,4.0,３ＬＤＫ,85.0,2017.0,35.0,ＲＣ,１中住専,未改装,2000.0
3629,苦楽園口,9.0,4.0,３ＬＤＫ,115.0,2017.0,43.0,ＲＣ,１種住居,未改装,2900.0
3630,門戸厄神,12.0,5.0,４ＬＤＫ,85.0,2017.0,22.0,ＲＣ,１中住専,未改装,2900.0
3631,苦楽園口,9.0,2.0,１ＬＤＫ,45.0,2010.0,25.0,鉄骨造,１低住専,改装済み,780.0
3632,苦楽園口,8.0,3.0,２ＬＤＫ,45.0,2010.0,40.0,鉄骨造,１低住専,改装済み,780.0
3635,西宮北口,6.0,3.0,２ＬＤＫ,50.0,2017.0,12.0,ＲＣ,１種住居,未改装,2500.0
3636,香櫨園,11.0,4.0,３ＬＤＫ,80.0,2010.0,13.0,ＲＣ,１中住専,未改装,2200.0
3637,西宮(ＪＲ),18.0,5.0,４ＬＤＫ,95.0,2017.0,14.0,ＲＣ,２中住専,改装済み,4000.0
3638,香櫨園,12.0,4.0,３ＬＤＫ,65.0,2010.0,9.0,ＲＣ,１種住居,未改装,2600.0
3639,西宮北口,19.0,3.0,２ＬＤＫ,75.0,2017.0,18.0,ＲＣ,１中住専,改装済み,2800.0
3640,西宮北口,19.0,3.0,２ＬＤＫ,70.0,2017.0,17.0,ＲＣ,１中住専,未改装,2400.0
3641,西宮北口,16.0,5.0,４ＬＤＫ,75.0,2017.0,14.0,ＲＣ,２中住専,改装済み,2700.0
3642,西宮北口,16.0,4.0,３ＬＤＫ,85.0,2017.0,18.0,ＲＣ,１中住専,未改装,3000.0
3644,苦楽園口,6.0,4.0,３ＬＤＫ,115.0,2010.0,4.0,ＲＣ,１中住専,未改装,6400.0
3646,西宮北口,9.0,5.0,４ＬＤＫ,70.0,2017.0,36.0,ＲＣ,２種住居,改装済み,1300.0
3647,香櫨園,6.0,4.0,３ＬＤＫ,95.0,2010.0,21.0,ＲＣ,１中住専,未改装,3200.0
3648,門戸厄神,5.0,3.0,２ＬＤＫ,50.0,2017.0,21.0,ＲＣ,１中住専,未改装,1500.0
3650,甲子園口,6.0,4.0,３ＬＤＫ,100.0,2017.0,49.0,ＲＣ,１中住専,未改装,2800.0
3651,鳴尾・武庫川女子大前,10.0,3.0,２ＬＤＫ,60.0,2017.0,38.0,ＳＲＣ,１中住専,未改装,1300.0
3652,甲子園口,10.0,3.0,２ＬＤＫ,60.0,2010.0,33.0,ＲＣ,１中住専,未改装,1000.0
3653,甲子園口,11.0,3.0,２ＬＤＫ,75.0,2010.0,33.0,ＲＣ,１中住専,改装済み,1600.0
3654,甲子園口,8.0,4.0,３ＬＤＫ,85.0,2010.0,22.0,ＲＣ,１中住専,未改装,2600.0
3655,西宮(ＪＲ),5.0,4.0,３ＬＤＫ,75.0,2010.0,15.0,ＲＣ,近隣商業,改装済み,2600.0
3656,香櫨園,11.0,4.0,３ＬＤＫ,70.0,2017.0,20.0,ＲＣ,１中住専,改装済み,2600.0
3657,甲子園口,13.0,4.0,３ＬＤＫ,70.0,2010.0,7.0,ＲＣ,１中住専,未改装,3200.0
3660,西宮北口,8.0,4.0,３ＬＤＫ,65.0,2010.0,14.0,ＲＣ,１中住専,未改装,2600.0
3661,鳴尾・武庫川女子大前,4.0,4.0,３ＬＤＫ,60.0,2011.0,14.0,ＲＣ,１種住居,改装済み,2300.0
3662,さくら夙川,6.0,4.0,３ＬＤＫ,70.0,2017.0,5.0,ＲＣ、鉄骨造,近隣商業,未改装,5500.0
3663,鳴尾・武庫川女子大前,4.0,4.0,３ＬＤＫ,70.0,2011.0,14.0,ＲＣ,１種住居,未改装,2700.0
3664,鳴尾・武庫川女子大前,4.0,4.0,３ＬＤＫ,85.0,2011.0,14.0,ＲＣ,１種住居,未改装,3100.0
3665,夙川,9.0,4.0,３ＬＤＫ,70.0,2017.0,18.0,ＲＣ,１中住専,未改装,3300.0
3666,甲子園口,7.0,3.0,２ＬＤＫ,80.0,2017.0,29.0,ＲＣ,１中住専,改装済み,3500.0
3667,甲子園口,7.0,4.0,３ＬＤＫ,75.0,2017.0,13.0,ＲＣ,１中住専,未改装,4700.0
3668,甲子園口,8.0,4.0,３ＬＤＫ,65.0,2017.0,22.0,ＲＣ,１中住専,未改装,2500.0
3669,甲子園口,8.0,4.0,３ＬＤＫ,65.0,2017.0,22.0,ＲＣ,１中住専,未改装,2700.0
3670,西宮(ＪＲ),4.0,3.0,２ＬＤＫ,55.0,2017.0,6.0,ＲＣ,近隣商業,未改装,3600.0
3671,甲子園口,13.0,5.0,４ＬＤＫ,80.0,2017.0,14.0,ＲＣ,１中住専,未改装,4000.0
3672,西宮北口,15.0,5.0,４ＬＤＫ,85.0,2017.0,15.0,ＲＣ,１中住専,未改装,4000.0
3673,甲子園,13.0,4.0,３ＬＤＫ,95.0,2010.0,5.0,ＲＣ,２種住居,未改装,3800.0
3674,甲子園,12.0,4.0,３ＬＤＫ,80.0,2010.0,5.0,ＲＣ,２種住居,未改装,3500.0
3675,甲子園,12.0,5.0,４ＬＤＫ,85.0,2010.0,5.0,ＲＣ,２種住居,未改装,3600.0
3676,甲子園,13.0,4.0,３ＬＤＫ,85.0,2010.0,5.0,ＲＣ,２種住居,未改装,3700.0
3677,甲子園,13.0,4.0,３ＬＤＫ,85.0,2010.0,5.0,ＲＣ,２種住居,未改装,3600.0
3678,甲子園,17.0,4.0,３ＬＤＫ,85.0,2010.0,5.0,ＲＣ,２種住居,未改装,3500.0
3679,西宮(ＪＲ),4.0,4.0,３ＬＤＫ,50.0,2011.0,35.0,ＳＲＣ,近隣商業,未改装,850.0
3680,西宮(ＪＲ),5.0,3.0,２ＬＤＫ,65.0,2011.0,18.0,ＳＲＣ,近隣商業,未改装,2500.0
3681,西宮(ＪＲ),1.0,4.0,３ＬＤＫ,75.0,2011.0,18.0,ＳＲＣ,近隣商業,未改装,2700.0
3682,西宮(ＪＲ),1.0,4.0,３ＬＤＫ,80.0,2011.0,16.0,ＳＲＣ,近隣商業,未改装,2500.0
3684,西宮北口,5.0,3.0,２ＬＤＫ,55.0,2010.0,9.0,ＲＣ,１種住居,未改装,2600.0
3685,西宮北口,6.0,4.0,３ＬＤＫ,80.0,2010.0,12.0,ＳＲＣ,１中住専,改装済み,3700.0
3686,西宮北口,6.0,2.0,１ＤＫ,35.0,2010.0,12.0,ＳＲＣ,１中住専,未改装,1600.0
3687,西宮北口,5.0,3.0,２ＬＤＫ,55.0,2010.0,12.0,ＲＣ,１種住居,未改装,1900.0
3688,今津(阪神),21.0,4.0,３ＬＤＫ,75.0,2011.0,9.0,ＲＣ,準工業,未改装,2700.0
3689,香櫨園,15.0,4.0,３ＬＤＫ,60.0,2011.0,33.0,ＳＲＣ,準工業,未改装,930.0
3690,香櫨園,16.0,3.0,２ＬＤＫ,60.0,2011.0,33.0,ＳＲＣ,準工業,改装済み,1500.0
3691,西宮(ＪＲ),13.0,3.0,２ＬＤＫ,50.0,2010.0,13.0,ＲＣ,２中住専,未改装,1800.0
3692,香櫨園,16.0,4.0,３ＬＤＫ,75.0,2011.0,6.0,ＲＣ,準工業,未改装,2500.0
3693,香櫨園,15.0,3.0,２ＬＤＫ,60.0,2011.0,33.0,ＳＲＣ,準工業,未改装,1000.0
3694,香櫨園,15.0,4.0,３ＬＤＫ,70.0,2011.0,33.0,ＳＲＣ,準工業,未改装,1400.0
3695,香櫨園,16.0,3.0,２ＬＤＫ,60.0,2011.0,33.0,ＳＲＣ,準工業,改装済み,1200.0
3696,西宮(阪神),18.0,4.0,３ＬＤＫ,70.0,2011.0,6.0,ＲＣ,準工業,未改装,2400.0
3697,西宮(阪神),18.0,4.0,３ＬＤＫ,75.0,2011.0,9.0,ＲＣ,準工業,未改装,2600.0
3698,甲陽園,19.0,4.0,３ＬＤＫ,70.0,2011.0,12.0,ＲＣ,１中住専,未改装,2100.0
3699,甲陽園,19.0,3.0,２ＬＤＫ,75.0,2011.0,8.0,ＲＣ,１中住専,改装済み,2300.0
3700,門戸厄神,29.0,4.0,３ＬＤＫ,70.0,2011.0,31.0,ＲＣ,１中住専,未改装,710.0
3701,門戸厄神,10.0,5.0,４ＬＤＫ,95.0,2010.0,12.0,ＲＣ,１低住専,未改装,3800.0
3702,門戸厄神,6.0,4.0,３ＬＤＫ,75.0,2010.0,13.0,ＲＣ,１中住専,未改装,2800.0
3703,門戸厄神,7.0,4.0,３ＬＤＫ,70.0,2010.0,13.0,ＲＣ,１中住専,改装済み,2800.0
3704,甲東園,23.0,5.0,４ＬＤＫ,75.0,2011.0,10.0,ＲＣ,１中住専,改装済み,2700.0
3705,門戸厄神,6.0,4.0,３ＬＤＫ,75.0,2010.0,10.0,ＲＣ,１中住専,未改装,3000.0
3706,甲子園,12.0,4.0,３ＬＤＫ,85.0,2017.0,11.0,ＲＣ,２種住居,未改装,3700.0
3707,苦楽園口,2.0,4.0,３ＬＤＫ,80.0,2017.0,9.0,ＲＣ,１中住専,未改装,6200.0
3708,門戸厄神,5.0,4.0,３ＬＤＫ,60.0,2010.0,13.0,ＳＲＣ,１中住専,未改装,3000.0
3709,甲東園,13.0,4.0,３ＬＤＫ,75.0,2010.0,11.0,ＲＣ,１中住専,未改装,2700.0
3710,久寿川,5.0,5.0,４ＬＤＫ,75.0,2011.0,26.0,ＳＲＣ,近隣商業,未改装,1000.0
3711,西宮北口,6.0,4.0,３ＬＤＫ,90.0,2017.0,8.0,ＲＣ,１中住専,未改装,6800.0
3713,西宮北口,6.0,4.0,３ＬＤＫ,75.0,2017.0,3.0,ＲＣ,１種住居,未改装,5300.0
3715,久寿川,14.0,4.0,３ＬＤＫ,65.0,2011.0,15.0,ＲＣ,１種住居,未改装,1800.0
3716,久寿川,13.0,4.0,３ＬＤＫ,75.0,2011.0,13.0,ＳＲＣ,１種住居,未改装,2500.0
3717,門戸厄神,10.0,3.0,２ＬＤＫ,65.0,2010.0,6.0,ＲＣ,２中住専,未改装,2800.0
3718,今津(阪神),5.0,4.0,３ＬＤＫ,80.0,2011.0,22.0,ＲＣ,近隣商業,未改装,1800.0
3719,香櫨園,6.0,3.0,２ＬＤＫ,55.0,2010.0,10.0,ＲＣ,近隣商業,未改装,2200.0
3720,久寿川,18.0,4.0,３ＬＤＫ,70.0,2011.0,28.0,ＲＣ,１種住居,未改装,1000.0
3721,夙川,4.0,3.0,２ＬＤＫ,80.0,2010.0,12.0,ＲＣ,１中住専,未改装,4000.0
3722,久寿川,1.0,1.0,１Ｒ,15.0,2011.0,22.0,ＲＣ,近隣商業,未改装,310.0
3723,門戸厄神,7.0,4.0,３ＬＤＫ,75.0,2017.0,20.0,ＲＣ,１中住専,未改装,3400.0
3725,門戸厄神,6.0,4.0,３ＬＤＫ,70.0,2017.0,19.0,ＲＣ,１中住専,未改装,3500.0
3726,有馬温泉,28.0,4.0,３ＬＤＫ,60.0,2010.0,11.0,ＲＣ,１中住専,未改装,350.0
3728,甲陽園,16.0,4.0,３ＬＤＫ,60.0,2011.0,13.0,ＲＣ,１中住専,未改装,1200.0
3729,門戸厄神,9.0,4.0,３ＬＤＫ,90.0,2017.0,13.0,ＲＣ,１中住専,未改装,4100.0
3730,甲東園,25.0,4.0,３ＬＤＫ,75.0,2011.0,14.0,ＲＣ,１中住専,未改装,1900.0
3731,甲陽園,24.0,4.0,３ＬＤＫ,75.0,2011.0,13.0,ＲＣ,１中住専,改装済み,2000.0
3732,香櫨園,8.0,4.0,３ＬＤＫ,55.0,2017.0,17.0,ＲＣ,近隣商業,未改装,2500.0
3733,さくら夙川,8.0,4.0,３ＬＤＫ,80.0,2017.0,18.0,ＲＣ,近隣商業,未改装,3400.0
3734,甲陽園,19.0,4.0,３ＬＤＫ,75.0,2011.0,17.0,ＲＣ,１中住専,未改装,2000.0
3735,甲陽園,16.0,3.0,２ＬＤＫ,55.0,2011.0,33.0,ＳＲＣ,１中住専,未改装,700.0
3736,武庫川団地前,2.0,5.0,４ＬＤＫ,80.0,2011.0,30.0,ＳＲＣ,準工業,改装済み,1300.0
3737,武庫川団地前,3.0,5.0,４ＬＤＫ,80.0,2011.0,30.0,ＳＲＣ,準工業,未改装,1600.0
3738,武庫川団地前,6.0,4.0,３ＬＤＫ,75.0,2011.0,27.0,ＳＲＣ,１種住居,改装済み,1300.0
3739,武庫川団地前,2.0,6.0,５ＬＤＫ,90.0,2011.0,30.0,ＳＲＣ,準工業,未改装,1500.0
3740,武庫川団地前,2.0,5.0,４ＬＤＫ,80.0,2011.0,30.0,ＳＲＣ,準工業,改装済み,1700.0
3741,香櫨園,11.0,4.0,３ＬＤＫ,125.0,2010.0,20.0,ＲＣ,１中住専,改装済み,4400.0
3742,香櫨園,11.0,5.0,４ＬＤＫ,130.0,2010.0,20.0,ＲＣ,１中住専,未改装,4400.0
3743,香櫨園,8.0,3.0,２ＤＫ,65.0,2010.0,19.0,ＲＣ,１種住居,改装済み,1800.0
3744,香櫨園,11.0,3.0,２ＬＤＫ,110.0,2010.0,20.0,ＲＣ,１中住専,未改装,3600.0
3745,香櫨園,12.0,4.0,３ＬＤＫ,60.0,2010.0,8.0,ＲＣ,近隣商業,未改装,2400.0
3746,香櫨園,7.0,5.0,４ＬＤＫ,90.0,2010.0,4.0,ＲＣ,１種住居,未改装,3900.0
3747,西宮(阪神),11.0,4.0,３ＬＤＫ,55.0,2010.0,3.0,ＲＣ,近隣商業,未改装,2500.0
3748,西宮(阪神),10.0,4.0,３ＬＤＫ,65.0,2010.0,3.0,ＲＣ,近隣商業,未改装,2700.0
3750,苦楽園口,18.0,5.0,４ＬＤＫ,85.0,2011.0,1.0,ＲＣ,１中住専,改装済み,4400.0
3751,苦楽園口,18.0,3.0,２ＤＫ,45.0,2011.0,36.0,鉄骨造,１低住専,未改装,400.0
3753,苦楽園口,18.0,4.0,３ＬＤＫ,105.0,2011.0,1.0,ＲＣ,１中住専,改装済み,5200.0
3754,苦楽園口,16.0,4.0,３ＬＤＫ,70.0,2011.0,6.0,ＲＣ,１中住専,未改装,3300.0
3756,苦楽園口,17.0,4.0,３ＬＤＫ,80.0,2011.0,1.0,ＲＣ,１中住専,未改装,4700.0
3757,苦楽園口,19.0,4.0,３ＬＤＫ,85.0,2011.0,1.0,ＲＣ,１中住専,未改装,4500.0
3758,苦楽園口,18.0,4.0,３ＬＤＫ,105.0,2011.0,1.0,ＲＣ,１中住専,改装済み,5600.0
3759,西宮北口,3.0,4.0,３ＬＤＫ,80.0,2010.0,10.0,ＳＲＣ,２種住居,未改装,3800.0
3760,西宮北口,4.0,4.0,３ＬＤＫ,65.0,2010.0,5.0,ＲＣ,２種住居,未改装,3500.0
3761,西宮北口,3.0,4.0,３ＬＤＫ,80.0,2010.0,10.0,ＳＲＣ,２種住居,未改装,3700.0
3762,西宮北口,5.0,3.0,２ＬＤＫ,75.0,2010.0,10.0,ＳＲＣ,２種住居,未改装,3400.0
3763,香櫨園,11.0,3.0,２ＬＤＫ,55.0,2017.0,15.0,ＲＣ,近隣商業,改装済み,2700.0
3764,西宮(阪神),8.0,4.0,３ＬＤＫ,70.0,2017.0,32.0,ＳＲＣ,近隣商業,改装済み,2200.0
3765,西宮(阪神),10.0,4.0,３ＬＤＫ,65.0,2017.0,10.0,ＲＣ,近隣商業,改装済み,2900.0
3766,夙川,6.0,4.0,３ＬＤＫ,110.0,2011.0,23.0,ＲＣ,１中住専,未改装,4000.0
3767,西宮(阪神),6.0,4.0,３ＬＤＫ,85.0,2010.0,12.0,ＳＲＣ,近隣商業,改装済み,3900.0
3768,甲東園,12.0,4.0,３ＬＤＫ,60.0,2010.0,34.0,ＲＣ,１中住専,未改装,750.0
3770,西宮(阪神),4.0,2.0,１Ｋ,25.0,2017.0,8.0,ＲＣ,近隣商業,未改装,1500.0
3772,甲陽園,14.0,3.0,２ＬＤＫ,60.0,2010.0,34.0,ＲＣ,１中住専,未改装,500.0
3773,夙川,14.0,4.0,３ＬＤＫ,70.0,2011.0,37.0,ＲＣ,１中住専,改装済み,1100.0
3774,夙川,9.0,5.0,４ＬＤＫ,90.0,2011.0,16.0,ＲＣ,１中住専,改装済み,2900.0
3775,西宮北口,6.0,4.0,３ＬＤＫ,70.0,2017.0,6.0,ＲＣ,２種住居,未改装,4300.0
3776,西宮北口,3.0,3.0,２ＬＤＫ,75.0,2017.0,17.0,ＳＲＣ,２種住居,改装済み,4300.0
3778,西宮北口,10.0,4.0,３ＬＤＫ,85.0,2011.0,15.0,ＲＣ,１中住専,未改装,3400.0
3780,西宮北口,12.0,4.0,３ＬＤＫ,60.0,2011.0,14.0,ＲＣ,１中住専,未改装,1600.0
3781,夙川,7.0,4.0,３ＬＤＫ,65.0,2010.0,13.0,ＲＣ,１中住専,未改装,3000.0
3782,門戸厄神,13.0,5.0,３ＬＤＫ＋Ｓ,80.0,2010.0,10.0,ＲＣ,１中住専,未改装,3100.0
3783,門戸厄神,11.0,5.0,４ＬＤＫ,80.0,2010.0,10.0,ＲＣ,１中住専,未改装,3200.0
3784,香櫨園,14.0,4.0,３ＬＤＫ,70.0,2011.0,11.0,ＲＣ,１種住居,改装済み,1900.0
3785,香櫨園,14.0,4.0,３ＬＤＫ,65.0,2011.0,11.0,ＲＣ,１種住居,未改装,1900.0
3786,香櫨園,11.0,4.0,３ＬＤＫ,80.0,2011.0,5.0,ＲＣ,１種住居,未改装,3100.0
3787,香櫨園,11.0,4.0,３ＬＤＫ,80.0,2011.0,5.0,ＲＣ,１種住居,未改装,3200.0
3788,甲陽園,16.0,3.0,２ＬＤＫ,60.0,2017.0,41.0,ＲＣ,１中住専,改装済み,1200.0
3789,西宮(阪神),3.0,4.0,３ＬＤＫ,50.0,2010.0,10.0,ＲＣ,商業,未改装,100.0
3790,西宮(阪神),2.0,2.0,１Ｋ,20.0,2010.0,5.0,ＲＣ,商業,改装済み,1100.0
3791,西宮北口,15.0,4.0,３ＬＤＫ,80.0,2011.0,14.0,ＲＣ,１中住専,未改装,2700.0
3792,西宮北口,19.0,4.0,３ＬＤＫ,70.0,2011.0,16.0,ＲＣ,１中住専,未改装,2200.0
3793,鳴尾・武庫川女子大前,14.0,4.0,３ＬＤＫ,120.0,2017.0,11.0,ＲＣ,１中住専,未改装,5600.0
3794,西宮北口,8.0,4.0,３ＬＤＫ,70.0,2011.0,14.0,ＲＣ,１種住居,未改装,2800.0
3795,夙川,7.0,4.0,３ＬＤＫ,90.0,2017.0,18.0,ＲＣ,１中住専,未改装,3900.0
3796,苦楽園口,12.0,4.0,３ＬＤＫ,70.0,2011.0,14.0,ＲＣ,１中住専,未改装,2200.0
3799,西宮(阪神),3.0,2.0,１Ｋ,25.0,2017.0,12.0,ＲＣ,商業,未改装,1300.0
3801,さくら夙川,4.0,3.0,２ＬＤＫ,60.0,2011.0,32.0,ＳＲＣ,近隣商業,未改装,1800.0
3803,夙川,6.0,4.0,３ＬＤＫ,110.0,2011.0,12.0,ＲＣ,１中住専,未改装,4800.0
3804,門戸厄神,10.0,4.0,３ＬＤＫ,65.0,2011.0,15.0,ＲＣ,１中住専,未改装,2300.0
3805,苦楽園口,15.0,5.0,４ＬＤＫ,100.0,2011.0,4.0,ＲＣ,１中住専,未改装,3100.0
3806,西宮北口,23.0,4.0,３ＬＤＫ,85.0,2011.0,8.0,ＲＣ,１中住専,未改装,3000.0
3807,久寿川,14.0,4.0,３ＬＤＫ,70.0,2011.0,25.0,ＳＲＣ,準工業,未改装,1700.0
3808,甲子園,15.0,4.0,３ＬＤＫ,65.0,2011.0,14.0,ＲＣ,１種住居,未改装,2400.0
3809,甲子園,18.0,4.0,３ＬＤＫ,75.0,2011.0,9.0,ＲＣ,準工業,未改装,2400.0
3810,甲子園,18.0,4.0,３ＬＤＫ,70.0,2011.0,25.0,ＳＲＣ,準工業,未改装,1700.0
3811,甲子園口,14.0,3.0,２ＬＤＫ,40.0,2011.0,39.0,鉄骨造,２中住専,未改装,500.0
3813,阪神国道,13.0,4.0,３ＬＤＫ,70.0,2011.0,25.0,ＳＲＣ,１種住居,改装済み,1800.0
3814,阪神国道,13.0,4.0,３ＬＤＫ,70.0,2011.0,25.0,ＳＲＣ,準工業,未改装,1700.0
3815,甲東園,5.0,4.0,３ＬＤＫ,90.0,2011.0,10.0,ＲＣ,１中住専,未改装,4500.0
3816,甲東園,8.0,4.0,３ＬＤＫ,80.0,2011.0,11.0,ＲＣ,１低住専,改装済み,3200.0
3817,甲陽園,4.0,4.0,３ＬＤＫ,75.0,2011.0,5.0,ＲＣ,１低住専,未改装,3700.0
3818,香櫨園,12.0,5.0,４ＬＤＫ,85.0,2011.0,6.0,ＲＣ,１中住専,未改装,3800.0
3819,香櫨園,9.0,4.0,３ＬＤＫ,70.0,2011.0,8.0,ＲＣ,１中住専,未改装,3000.0
3820,香櫨園,5.0,4.0,３ＬＤＫ,80.0,2011.0,27.0,ＲＣ,１中住専,未改装,2100.0
3821,香櫨園,2.0,4.0,３ＬＤＫ,90.0,2011.0,13.0,ＳＲＣ,準住居,未改装,3100.0
3822,香櫨園,5.0,4.0,３ＬＤＫ,65.0,2011.0,10.0,ＲＣ,１中住専,改装済み,2200.0
3823,香櫨園,5.0,3.0,２ＤＫ,50.0,2011.0,13.0,ＲＣ,１中住専,未改装,1400.0
3824,香櫨園,6.0,3.0,２ＬＤＫ,55.0,2011.0,13.0,ＲＣ,１中住専,未改装,1500.0
3825,甲陽園,10.0,5.0,４ＬＤＫ,75.0,2011.0,7.0,ＲＣ,１種住居,未改装,2500.0
3826,西宮北口,6.0,2.0,１ＤＫ,40.0,2011.0,13.0,ＳＲＣ,１中住専,未改装,1100.0
3828,西宮北口,4.0,4.0,３ＬＤＫ,70.0,2011.0,12.0,ＲＣ,１中住専,未改装,3100.0
3829,西宮(阪神),14.0,4.0,３ＬＤＫ,55.0,2011.0,37.0,ＳＲＣ,準工業,未改装,750.0
3830,西宮(阪神),14.0,4.0,３ＬＤＫ,70.0,2011.0,37.0,ＳＲＣ,準工業,未改装,850.0
3831,西宮(阪神),14.0,5.0,４ＬＤＫ,80.0,2011.0,37.0,ＳＲＣ,準工業,未改装,750.0
3832,西宮(阪神),8.0,4.0,３ＬＤＫ,80.0,2011.0,37.0,ＳＲＣ,準工業,未改装,1100.0
3833,西宮(阪神),14.0,4.0,３ＬＤＫ,55.0,2011.0,37.0,ＳＲＣ,準工業,未改装,730.0
3834,苦楽園口,15.0,4.0,３ＬＤＫ,80.0,2011.0,2.0,ＲＣ,１低住専,未改装,4000.0
3835,苦楽園口,16.0,5.0,４ＬＤＫ,90.0,2011.0,37.0,ＲＣ,１低住専,改装済み,1600.0
3836,苦楽園口,16.0,5.0,４ＬＤＫ,130.0,2011.0,3.0,ＲＣ,１低住専,改装済み,8900.0
3837,苦楽園口,15.0,5.0,４ＤＫ,90.0,2011.0,37.0,ＲＣ,１低住専,改装済み,1700.0
3838,苦楽園口,6.0,3.0,２ＬＤＫ,55.0,2011.0,12.0,ＲＣ,１中住専,未改装,2000.0
3839,夙川,7.0,5.0,４ＬＤＫ,85.0,2011.0,13.0,ＲＣ,１中住専,未改装,4900.0
3840,甲子園,6.0,4.0,３ＬＤＫ,55.0,2011.0,38.0,ＲＣ,１種住居,未改装,1300.0
3841,甲子園,5.0,4.0,３ＤＫ,60.0,2011.0,37.0,ＲＣ,１種住居,改装済み,1200.0
3842,甲子園,18.0,4.0,３ＬＤＫ,65.0,2011.0,34.0,ＲＣ,２種住居,改装済み,1900.0
3843,甲子園,14.0,5.0,４ＬＤＫ,90.0,2011.0,5.0,ＲＣ,２種住居,改装済み,4000.0
3844,甲子園,14.0,5.0,４ＬＤＫ,80.0,2011.0,5.0,ＲＣ,２種住居,未改装,3600.0
3845,甲子園,14.0,4.0,３ＬＤＫ,65.0,2011.0,7.0,ＲＣ,２種住居,未改装,2800.0
3847,甲子園,10.0,4.0,３ＬＤＫ,80.0,2011.0,11.0,ＲＣ,２中住専,未改装,2700.0
3848,鳴尾・武庫川女子大前,14.0,4.0,３ＬＤＫ,70.0,2011.0,5.0,ＲＣ,２種住居,改装済み,3100.0
3849,甲子園,5.0,3.0,２ＬＤＫ,75.0,2011.0,6.0,ＲＣ,２中住専,未改装,3600.0
3850,甲子園口,6.0,4.0,３ＬＤＫ,70.0,2011.0,15.0,ＲＣ,近隣商業,未改装,2400.0
3851,甲子園口,9.0,4.0,３ＬＤＫ,65.0,2011.0,14.0,ＲＣ,１中住専,未改装,2300.0
3852,甲子園口,8.0,3.0,２ＬＤＫ,60.0,2011.0,10.0,ＲＣ,１中住専,未改装,2500.0
3853,甲子園口,6.0,5.0,４ＬＤＫ,80.0,2011.0,15.0,ＲＣ,近隣商業,改装済み,3700.0
3854,甲子園口,8.0,4.0,３ＬＤＫ,75.0,2011.0,10.0,ＲＣ,１中住専,改装済み,3700.0
3855,甲子園口,9.0,4.0,３ＬＤＫ,65.0,2011.0,39.0,ＲＣ,１中住専,未改装,1400.0
3856,甲子園口,8.0,4.0,３ＬＤＫ,75.0,2011.0,7.0,ＲＣ,１中住専,未改装,3500.0
3857,甲子園口,4.0,3.0,２ＬＤＫ,70.0,2011.0,33.0,ＲＣ,１中住専,改装済み,1900.0
3858,甲子園口,3.0,4.0,３ＬＤＫ,75.0,2011.0,11.0,ＲＣ,１中住専,未改装,3300.0
3859,甲子園口,6.0,3.0,２ＬＤＫ,70.0,2011.0,33.0,ＲＣ,１中住専,未改装,1600.0
3860,甲子園,9.0,5.0,４ＬＤＫ,95.0,2011.0,38.0,ＲＣ,２種住居,未改装,1900.0
3863,甲子園,11.0,5.0,４ＬＤＫ,105.0,2011.0,10.0,ＲＣ,２中住専,未改装,3800.0
3864,甲子園,9.0,4.0,３ＬＤＫ,65.0,2011.0,38.0,ＲＣ,２種住居,改装済み,1700.0
3865,久寿川,9.0,5.0,４ＬＤＫ,85.0,2011.0,5.0,ＲＣ,１種住居,未改装,4100.0
3866,甲東園,1.0,4.0,３ＬＤＫ,80.0,2011.0,12.0,ＳＲＣ,近隣商業,改装済み,3600.0
3868,甲東園,3.0,4.0,３ＬＤＫ,60.0,2011.0,38.0,ＳＲＣ,近隣商業,改装済み,1500.0
3869,甲陽園,5.0,4.0,３ＬＤＫ,95.0,2011.0,7.0,ＲＣ,１低住専,未改装,4500.0
3870,甲陽園,3.0,4.0,３ＬＤＫ,80.0,2011.0,11.0,ＲＣ,２低住専,未改装,4000.0
3871,甲陽園,3.0,4.0,３ＬＤＫ,70.0,2011.0,11.0,ＲＣ,２低住専,未改装,3400.0
3872,甲陽園,10.0,4.0,３ＬＤＫ,75.0,2011.0,12.0,ＲＣ,１低住専,未改装,2000.0
3873,甲陽園,13.0,5.0,４ＬＤＫ,80.0,2011.0,12.0,ＲＣ,１低住専,改装済み,2500.0
3874,甲陽園,2.0,4.0,３ＬＤＫ,70.0,2011.0,11.0,ＲＣ,近隣商業,未改装,3400.0
3875,甲陽園,6.0,4.0,３ＬＤＫ,75.0,2011.0,15.0,ＲＣ,１中住専,未改装,2300.0
3876,甲陽園,4.0,4.0,３ＬＤＫ,75.0,2011.0,34.0,ＳＲＣ,近隣商業,改装済み,2000.0
3877,甲陽園,3.0,4.0,３ＬＤＫ,75.0,2011.0,34.0,ＳＲＣ,近隣商業,改装済み,1800.0
3878,西宮(阪神),10.0,4.0,３ＬＤＫ,70.0,2011.0,5.0,ＲＣ,近隣商業,未改装,3100.0
3879,甲子園口,13.0,4.0,３ＬＤＫ,75.0,2011.0,7.0,ＲＣ,１種住居,未改装,3000.0
3880,夙川,3.0,5.0,４ＬＤＫ,95.0,2011.0,11.0,ＲＣ,１中住専,未改装,6300.0
3881,夙川,3.0,5.0,４ＬＤＫ,95.0,2011.0,11.0,ＲＣ,１中住専,未改装,5900.0
3882,鳴尾・武庫川女子大前,15.0,4.0,３ＬＤＫ,65.0,2011.0,7.0,ＲＣ,２中住専,未改装,2700.0
3883,鳴尾・武庫川女子大前,14.0,5.0,４ＬＤＫ,80.0,2011.0,7.0,ＲＣ,２中住専,未改装,3800.0
3884,鳴尾・武庫川女子大前,15.0,5.0,４ＬＤＫ,85.0,2011.0,7.0,ＲＣ,２中住専,未改装,3900.0
3885,武庫川,16.0,5.0,４ＬＤＫ,85.0,2011.0,7.0,ＲＣ,２中住専,未改装,3900.0
3886,鳴尾・武庫川女子大前,10.0,4.0,３ＬＤＫ,55.0,2011.0,39.0,ＳＲＣ,１種住居,改装済み,1200.0
3887,鳴尾・武庫川女子大前,9.0,3.0,２ＬＤＫ,60.0,2011.0,20.0,ＲＣ,１種住居,改装済み,1600.0
3888,武庫川,10.0,4.0,３ＬＤＫ,65.0,2011.0,3.0,ＲＣ,２中住専,未改装,3300.0
3889,鳴尾・武庫川女子大前,2.0,4.0,３ＬＤＫ,70.0,2011.0,20.0,ＲＣ,１種住居,未改装,1500.0
3890,西宮(阪神),6.0,4.0,３ＬＤＫ,70.0,2011.0,13.0,ＲＣ,近隣商業,未改装,2700.0
3891,生瀬,18.0,4.0,３ＬＤＫ,75.0,2011.0,19.0,ＲＣ,１中住専,未改装,520.0
3892,生瀬,14.0,4.0,３ＬＤＫ,80.0,2011.0,19.0,ＲＣ,１中住専,未改装,720.0
3893,西宮名塩,20.0,4.0,３ＬＤＫ,80.0,2011.0,19.0,ＲＣ,１中住専,未改装,500.0
3894,西宮名塩,8.0,5.0,４ＬＤＫ,80.0,2011.0,12.0,ＲＣ,１中住専,改装済み,1400.0
3895,西宮名塩,8.0,3.0,２ＬＤＫ,55.0,2011.0,12.0,ＲＣ,１中住専,未改装,960.0
3896,苦楽園口,9.0,4.0,３ＬＤＫ,70.0,2011.0,14.0,ＲＣ,１中住専,未改装,2500.0
3897,苦楽園口,9.0,4.0,３ＬＤＫ,65.0,2011.0,14.0,ＲＣ,１中住専,未改装,2400.0
3898,苦楽園口,11.0,4.0,３ＬＤＫ,65.0,2011.0,10.0,ＲＣ,１中住専,未改装,2400.0
3899,甲陽園,11.0,4.0,３ＬＤＫ,75.0,2011.0,14.0,ＲＣ,１中住専,未改装,2700.0
3900,香櫨園,13.0,4.0,３ＬＤＫ,75.0,2011.0,4.0,ＲＣ,１中住専,改装済み,3500.0
3901,甲東園,4.0,4.0,３ＬＤＫ,70.0,2011.0,14.0,ＲＣ,１中住専,未改装,3300.0
3903,苦楽園口,11.0,3.0,２ＬＤＫ,80.0,2011.0,9.0,ＲＣ,１低住専,未改装,2900.0
3904,夙川,9.0,2.0,１Ｋ,15.0,2011.0,27.0,ＲＣ,１種住居,未改装,280.0
3905,西宮(阪神),9.0,4.0,３ＬＤＫ,70.0,2011.0,13.0,ＲＣ,近隣商業,未改装,2500.0
3906,苦楽園口,16.0,4.0,３ＬＤＫ,80.0,2011.0,6.0,ＲＣ,１中住専,未改装,2900.0
3907,苦楽園口,14.0,4.0,３ＬＤＫ,75.0,2011.0,15.0,ＲＣ,１中住専,未改装,2100.0
3908,苦楽園口,14.0,3.0,２ＬＤＫ,65.0,2011.0,34.0,ＲＣ,１中住専,改装済み,980.0
3909,苦楽園口,19.0,4.0,３ＬＤＫ,70.0,2011.0,10.0,ＲＣ,１中住専,未改装,2400.0
3910,西宮北口,16.0,4.0,３ＬＤＫ,70.0,2011.0,9.0,ＲＣ,１中住専,未改装,3000.0
3911,甲陽園,23.0,3.0,２ＬＤＫ,50.0,2011.0,22.0,ＲＣ,１中住専,未改装,900.0
3912,西宮北口,30.0,5.0,４ＬＤＫ,75.0,2011.0,26.0,ＲＣ,１中住専,改装済み,1600.0
3913,西宮北口,30.0,5.0,４ＬＤＫ,80.0,2011.0,26.0,ＲＣ,１中住専,未改装,1400.0
3914,門戸厄神,21.0,4.0,３ＬＤＫ,85.0,2011.0,11.0,ＲＣ,１低住専,未改装,1500.0
3915,鳴尾・武庫川女子大前,15.0,5.0,４ＬＤＫ,95.0,2011.0,21.0,ＳＲＣ,１中住専,未改装,2200.0
3917,武庫川団地前,13.0,4.0,３ＬＤＫ,70.0,2011.0,28.0,ＳＲＣ,１中住専,改装済み,1600.0
3918,武庫川団地前,10.0,4.0,３ＬＤＫ,70.0,2011.0,28.0,ＳＲＣ,１中住専,未改装,1300.0
3919,武庫川団地前,12.0,4.0,３ＬＤＫ,70.0,2011.0,28.0,ＳＲＣ,１中住専,未改装,900.0
3921,武庫川団地前,11.0,5.0,４ＬＤＫ,65.0,2011.0,26.0,ＳＲＣ,１中住専,未改装,1300.0
3922,武庫川団地前,8.0,5.0,４ＬＤＫ,95.0,2011.0,9.0,ＲＣ,１中住専,未改装,1800.0
3923,武庫川団地前,7.0,4.0,３ＬＤＫ,80.0,2011.0,7.0,ＲＣ,１中住専,未改装,2500.0
3924,夙川,11.0,3.0,２ＬＤＫ,60.0,2011.0,43.0,ＲＣ,１中住専,改装済み,1200.0
3925,夙川,11.0,4.0,３ＬＤＫ,110.0,2011.0,24.0,ＲＣ,１中住専,改装済み,1500.0
3926,阪神国道,14.0,3.0,２ＬＤＫ,60.0,2011.0,36.0,ＳＲＣ,準工業,未改装,1300.0
3927,西宮北口,3.0,4.0,３ＬＤＫ,60.0,2011.0,11.0,ＳＲＣ,商業,未改装,3100.0
3928,西宮北口,3.0,2.0,１ＬＤＫ,60.0,2011.0,3.0,ＲＣ,商業,未改装,3700.0
3929,西宮北口,12.0,4.0,３ＬＤＫ,70.0,2011.0,12.0,ＳＲＣ,１種住居,改装済み,2900.0
3930,香櫨園,10.0,4.0,３ＬＤＫ,70.0,2011.0,10.0,ＲＣ,１種住居,未改装,2600.0
3931,香櫨園,10.0,4.0,３ＬＤＫ,70.0,2011.0,10.0,ＲＣ,準工業,改装済み,2600.0
3933,西宮(阪神),2.0,5.0,４ＬＤＫ,85.0,2011.0,8.0,ＳＲＣ,商業,未改装,4400.0
3934,西宮(阪神),2.0,4.0,３ＬＤＫ,75.0,2011.0,8.0,ＳＲＣ,商業,未改装,3200.0
3935,甲東園,6.0,5.0,４ＬＤＫ,80.0,2011.0,8.0,ＲＣ,１中住専,未改装,3900.0
3936,甲東園,16.0,4.0,３ＬＤＫ,75.0,2011.0,32.0,ＲＣ,１中住専,改装済み,1400.0
3937,甲東園,16.0,4.0,３ＬＤＫ,65.0,2011.0,32.0,ＲＣ,１中住専,改装済み,1100.0
3939,仁川,12.0,5.0,４ＬＤＫ,65.0,2011.0,27.0,ＲＣ,１中住専,未改装,1400.0
3940,仁川,15.0,3.0,２ＬＤＫ,75.0,2011.0,8.0,ＲＣ,１中住専,未改装,2700.0
3941,仁川,15.0,5.0,４ＬＤＫ,85.0,2011.0,8.0,ＲＣ,１中住専,未改装,3100.0
3942,仁川,9.0,4.0,３ＬＤＫ,75.0,2011.0,5.0,ＲＣ,２中住専,未改装,3300.0
3944,今津(阪神),9.0,4.0,３ＬＤＫ,70.0,2011.0,10.0,ＲＣ,１種住居,未改装,2500.0
3945,西宮(ＪＲ),7.0,4.0,３ＬＤＫ,80.0,2011.0,12.0,ＲＣ,近隣商業,未改装,2400.0
3946,西宮(ＪＲ),4.0,4.0,３ＬＤＫ,60.0,2011.0,16.0,ＲＣ,２種住居,未改装,2400.0
3947,西宮(ＪＲ),5.0,4.0,３ＬＤＫ,60.0,2011.0,4.0,ＲＣ,準工業,未改装,3000.0
3948,西宮(ＪＲ),8.0,4.0,３ＬＤＫ,65.0,2011.0,10.0,ＲＣ,準工業,改装済み,2600.0
3949,西宮(ＪＲ),4.0,4.0,３ＬＤＫ,65.0,2011.0,16.0,ＲＣ,準工業,未改装,2400.0
3950,西宮(ＪＲ),6.0,3.0,２ＬＤＫ,55.0,2011.0,12.0,ＲＣ,近隣商業,未改装,2000.0
3951,西宮(ＪＲ),4.0,4.0,３ＬＤＫ,70.0,2011.0,15.0,ＳＲＣ,近隣商業,改装済み,2500.0
3952,西宮(ＪＲ),4.0,4.0,３ＬＤＫ,70.0,2011.0,16.0,ＲＣ,準工業,未改装,2500.0
3953,阪神国道,2.0,4.0,３ＬＤＫ,70.0,2011.0,3.0,ＲＣ,近隣商業,未改装,2700.0
3954,阪神国道,5.0,5.0,４ＬＤＫ,80.0,2011.0,10.0,ＲＣ,準工業,未改装,3200.0
3955,阪神国道,4.0,3.0,２ＬＤＫ,60.0,2011.0,10.0,ＲＣ,準工業,未改装,1800.0
3956,今津(阪神),2.0,4.0,３ＬＤＫ,55.0,2011.0,6.0,ＲＣ,商業,改装済み,2200.0
3957,今津(阪神),1.0,4.0,３ＬＤＫ,70.0,2011.0,7.0,ＲＣ,商業,未改装,2800.0
3958,今津(阪神),3.0,2.0,１ＤＫ,25.0,2011.0,22.0,ＲＣ,商業,未改装,350.0
3959,西宮(ＪＲ),6.0,3.0,２ＬＤＫ,60.0,2011.0,22.0,ＳＲＣ,１種住居,未改装,1200.0
3960,甲子園口,8.0,4.0,３ＬＤＫ,75.0,2011.0,10.0,ＲＣ,１中住専,未改装,2800.0
3961,西宮(阪神),7.0,4.0,３ＬＤＫ,110.0,2011.0,18.0,ＲＣ,近隣商業,未改装,3600.0
3962,甲子園口,8.0,3.0,２ＬＤＫ,65.0,2011.0,39.0,ＲＣ,１中住専,改装済み,1300.0
3963,甲子園口,9.0,4.0,３ＬＤＫ,70.0,2011.0,14.0,ＲＣ,１種住居,未改装,2500.0
3964,香櫨園,6.0,4.0,３ＬＤＫ,70.0,2011.0,9.0,ＲＣ,１中住専,未改装,3100.0
3965,西宮(ＪＲ),10.0,2.0,１Ｋ,15.0,2011.0,25.0,ＲＣ,近隣商業,未改装,240.0
3966,西宮(ＪＲ),11.0,4.0,３ＬＤＫ,70.0,2011.0,11.0,ＲＣ,近隣商業,未改装,2900.0
3967,西宮北口,21.0,5.0,４ＬＤＫ,70.0,2011.0,15.0,ＲＣ,１種住居,改装済み,2400.0
3968,西宮北口,19.0,4.0,３ＬＤＫ,70.0,2011.0,14.0,ＲＣ,１種住居,未改装,2500.0
3969,西宮北口,20.0,5.0,４ＬＤＫ,75.0,2011.0,14.0,ＲＣ,１種住居,未改装,3100.0
3970,西宮名塩,6.0,4.0,３ＬＤＫ,65.0,2011.0,15.0,ＲＣ,２中住専,未改装,800.0
3971,西宮名塩,6.0,5.0,４ＬＤＫ,85.0,2011.0,15.0,ＲＣ,２中住専,未改装,1400.0
3972,西宮名塩,9.0,4.0,３ＬＤＫ,70.0,2011.0,15.0,ＲＣ,２中住専,未改装,1100.0
3973,苦楽園口,6.0,5.0,４ＬＤＫ,110.0,2011.0,13.0,ＲＣ,１中住専,未改装,4600.0
3975,宝塚,16.0,4.0,３ＬＤＫ,75.0,2011.0,12.0,ＳＲＣ,２中住専,未改装,1400.0
3976,生瀬,11.0,4.0,３ＬＤＫ,70.0,2011.0,14.0,ＳＲＣ,２中住専,改装済み,1400.0
3977,鳴尾・武庫川女子大前,6.0,3.0,２ＬＤＫ,50.0,2011.0,40.0,鉄骨造,１種住居,改装済み,1200.0
3978,鳴尾・武庫川女子大前,5.0,5.0,４ＬＤＫ,85.0,2011.0,14.0,ＲＣ,近隣商業,未改装,3000.0
3980,鳴尾・武庫川女子大前,5.0,4.0,３ＬＤＫ,80.0,2011.0,14.0,ＲＣ,２種住居,改装済み,2900.0
3981,鳴尾・武庫川女子大前,6.0,4.0,３ＬＤＫ,75.0,2011.0,11.0,ＲＣ,１種住居,改装済み,2500.0
3982,鳴尾・武庫川女子大前,7.0,3.0,２ＤＫ,40.0,2011.0,40.0,鉄骨造,１種住居,未改装,630.0
3983,鳴尾・武庫川女子大前,6.0,3.0,２ＤＫ,40.0,2011.0,40.0,鉄骨造,１種住居,未改装,750.0
3984,鳴尾・武庫川女子大前,5.0,4.0,３ＬＤＫ,80.0,2011.0,8.0,ＲＣ,２種住居,改装済み,3500.0
3985,鳴尾・武庫川女子大前,4.0,4.0,３ＬＤＫ,80.0,2011.0,7.0,ＲＣ,近隣商業,改装済み,3100.0
3986,夙川,8.0,2.0,１ＬＤＫ,40.0,2011.0,7.0,ＲＣ,１中住専,未改装,2700.0
3987,仁川,9.0,5.0,４ＬＤＫ,80.0,2011.0,10.0,ＲＣ,１低住専,未改装,2700.0
3988,西宮(阪神),30.0,4.0,３ＬＤＫ,65.0,2011.0,13.0,ＳＲＣ,１中住専,改装済み,1300.0
3989,西宮(阪神),30.0,4.0,３ＬＤＫ,80.0,2011.0,13.0,ＲＣ,１中住専,未改装,1800.0
3990,西宮(阪神),30.0,3.0,２ＬＤＫ,75.0,2011.0,12.0,ＳＲＣ,近隣商業,未改装,2500.0
3991,西宮(阪神),30.0,4.0,３ＬＤＫ,70.0,2011.0,13.0,ＳＲＣ,１中住専,改装済み,1800.0
3992,西宮(阪神),30.0,4.0,３ＬＤＫ,70.0,2011.0,13.0,ＳＲＣ,１中住専,改装済み,1600.0
3993,西宮(阪神),30.0,4.0,３ＬＤＫ,70.0,2011.0,13.0,ＳＲＣ,１中住専,改装済み,1500.0
3994,西宮(阪神),30.0,5.0,４ＬＤＫ,85.0,2011.0,13.0,ＳＲＣ,１中住専,改装済み,2300.0
3995,西宮(阪神),30.0,3.0,２ＬＤＫ,110.0,2011.0,7.0,ＳＲＣ,１中住専,改装済み,3900.0
3996,西宮(阪神),30.0,4.0,３ＬＤＫ,85.0,2011.0,7.0,ＲＣ,１中住専,未改装,2500.0
3997,西宮(阪神),30.0,4.0,３ＬＤＫ,70.0,2011.0,13.0,ＳＲＣ,１中住専,未改装,1300.0
3998,西宮(阪神),30.0,4.0,３ＬＤＫ,70.0,2011.0,13.0,ＳＲＣ,１中住専,未改装,1800.0
3999,西宮(阪神),30.0,4.0,３ＬＤＫ,70.0,2011.0,12.0,ＳＲＣ,１中住専,未改装,1700.0
4000,西宮(阪神),30.0,4.0,３ＬＤＫ,70.0,2011.0,13.0,ＲＣ,１中住専,改装済み,1400.0
4001,西宮(阪神),30.0,4.0,３ＬＤＫ,80.0,2011.0,13.0,ＲＣ,１中住専,改装済み,1900.0
4002,西宮(阪神),30.0,4.0,３ＬＤＫ,90.0,2011.0,12.0,ＳＲＣ,近隣商業,改装済み,2300.0
4003,西宮(阪神),30.0,4.0,３ＬＤＫ,70.0,2011.0,13.0,ＳＲＣ,１中住専,改装済み,1500.0
4004,西宮(阪神),30.0,4.0,３ＬＤＫ,70.0,2011.0,13.0,ＳＲＣ,１中住専,未改装,1500.0
4005,西宮(阪神),30.0,4.0,３ＬＤＫ,70.0,2011.0,13.0,ＳＲＣ,１中住専,未改装,1700.0
4006,西宮(阪神),30.0,4.0,３ＬＤＫ,70.0,2011.0,13.0,ＳＲＣ,１中住専,改装済み,1100.0
4008,西宮(阪神),30.0,5.0,４ＬＤＫ,90.0,2011.0,13.0,ＳＲＣ,１中住専,未改装,1800.0
4009,西宮(阪神),30.0,4.0,３ＬＤＫ,75.0,2011.0,13.0,ＳＲＣ,１中住専,未改装,1700.0
4010,苦楽園口,14.0,3.0,２ＬＤＫ,70.0,2011.0,26.0,ＲＣ,１中住専,改装済み,1500.0
4011,西宮北口,14.0,4.0,３ＬＤＫ,90.0,2011.0,1.0,ＲＣ,２中住専,未改装,3900.0
4012,門戸厄神,5.0,4.0,３ＬＤＫ,75.0,2011.0,25.0,ＲＣ,１中住専,改装済み,2000.0
4013,門戸厄神,5.0,4.0,３ＬＤＫ,70.0,2011.0,9.0,ＲＣ,１中住専,未改装,2500.0
4014,夙川,4.0,2.0,１Ｋ,20.0,2011.0,27.0,ＲＣ,近隣商業,改装済み,680.0
4015,夙川,3.0,4.0,３ＬＤＫ,105.0,2011.0,15.0,ＲＣ,１中住専,改装済み,6300.0
4016,西宮(ＪＲ),8.0,3.0,２ＬＤＫ,55.0,2011.0,2.0,ＲＣ,１種住居,未改装,2000.0
4017,西宮(ＪＲ),8.0,4.0,３ＬＤＫ,65.0,2011.0,10.0,ＲＣ,１種住居,未改装,2300.0
4018,甲子園,12.0,4.0,３ＬＤＫ,70.0,2011.0,10.0,ＲＣ,１中住専,未改装,2900.0
4019,鳴尾・武庫川女子大前,13.0,4.0,３ＬＤＫ,70.0,2011.0,10.0,ＲＣ,１中住専,未改装,3000.0
4021,西宮(阪神),4.0,4.0,３ＬＤＫ,65.0,2011.0,10.0,ＲＣ,商業,未改装,2800.0
4022,西宮(阪神),4.0,4.0,３ＬＤＫ,70.0,2011.0,13.0,ＳＲＣ,商業,未改装,2200.0
4023,西宮(阪神),4.0,4.0,３ＬＤＫ,65.0,2011.0,13.0,ＳＲＣ,商業,未改装,2400.0
4024,西宮(阪神),4.0,4.0,３ＬＤＫ,60.0,2011.0,12.0,ＲＣ,商業,未改装,2600.0
4025,西宮(阪神),2.0,4.0,３ＬＤＫ,65.0,2011.0,10.0,ＳＲＣ,商業,未改装,2500.0
4026,西宮(阪神),3.0,4.0,３ＬＤＫ,70.0,2011.0,12.0,ＲＣ,商業,未改装,2300.0
4027,甲子園,21.0,4.0,３ＬＤＫ,70.0,2011.0,11.0,ＲＣ,１種住居,未改装,1900.0
4028,甲子園,20.0,4.0,３ＬＤＫ,90.0,2011.0,9.0,ＳＲＣ,１種住居,改装済み,2900.0
4029,甲子園,19.0,4.0,３ＬＤＫ,90.0,2011.0,9.0,ＳＲＣ,１種住居,改装済み,3200.0
4030,西宮(阪神),11.0,4.0,３ＬＤＫ,75.0,2011.0,8.0,ＳＲＣ,準工業,未改装,3200.0
4031,洲先,4.0,4.0,３ＬＤＫ,75.0,2011.0,12.0,ＲＣ,１種住居,未改装,2500.0
4032,今津(阪急),18.0,4.0,３ＬＤＫ,60.0,2011.0,15.0,ＲＣ,準工業,未改装,1400.0
4033,今津(阪神),15.0,5.0,４ＬＤＫ,75.0,2011.0,5.0,ＲＣ,準工業,未改装,2500.0
4034,西宮(阪神),15.0,4.0,３ＬＤＫ,70.0,2011.0,15.0,ＲＣ,準工業,未改装,2100.0
4035,西宮(阪神),18.0,4.0,３ＬＤＫ,60.0,2011.0,14.0,ＲＣ,準工業,改装済み,1700.0
4036,西宮名塩,6.0,4.0,３ＬＤＫ,80.0,2011.0,8.0,ＲＣ,１中住専,未改装,2100.0
4037,西宮名塩,13.0,4.0,３ＬＤＫ,80.0,2011.0,14.0,ＲＣ,１中住専,未改装,1200.0
4038,西宮名塩,8.0,4.0,３ＬＤＫ,80.0,2011.0,15.0,ＲＣ,１中住専,改装済み,1800.0
4039,西宮名塩,16.0,5.0,４ＬＤＫ,85.0,2011.0,8.0,ＲＣ,１種住居,未改装,2500.0
4040,西宮名塩,11.0,4.0,３ＬＤＫ,85.0,2011.0,18.0,ＲＣ,１種住居,改装済み,1600.0
4041,苦楽園口,12.0,4.0,３ＬＤＫ,80.0,2011.0,26.0,ＲＣ,１種住居,未改装,2300.0
4042,苦楽園口,14.0,4.0,３ＬＤＫ,90.0,2011.0,14.0,ＲＣ,１中住専,未改装,3800.0
4043,苦楽園口,15.0,4.0,３ＬＤＫ,75.0,2011.0,3.0,ＲＣ,１低住専,未改装,3800.0
4044,苦楽園口,14.0,2.0,１ＬＤＫ,60.0,2011.0,39.0,ＲＣ,１中住専,改装済み,1200.0
4045,苦楽園口,9.0,3.0,２ＬＤＫ,65.0,2011.0,37.0,ＲＣ,１種住居,改装済み,1600.0
4046,苦楽園口,15.0,4.0,３ＬＤＫ,85.0,2011.0,29.0,ＲＣ,１中住専,改装済み,1300.0
4047,苦楽園口,9.0,3.0,２ＬＤＫ,70.0,2011.0,37.0,ＲＣ,１種住居,未改装,1400.0
4048,苦楽園口,15.0,4.0,３ＬＤＫ,85.0,2011.0,29.0,ＲＣ,１中住専,未改装,2200.0
4049,苦楽園口,13.0,4.0,３ＬＤＫ,80.0,2011.0,13.0,ＲＣ,１中住専,改装済み,3600.0
4050,苦楽園口,15.0,4.0,３ＬＤＫ,75.0,2011.0,9.0,ＲＣ,１中住専,未改装,3500.0
4051,西宮北口,19.0,2.0,１Ｋ,15.0,2011.0,25.0,ＲＣ,１中住専,未改装,270.0
4052,西宮北口,19.0,4.0,３ＬＤＫ,60.0,2011.0,12.0,ＲＣ,１中住専,改装済み,200.0
4054,門戸厄神,8.0,4.0,３ＬＤＫ,75.0,2011.0,8.0,ＲＣ,１中住専,未改装,4100.0
4055,甲子園口,5.0,4.0,３ＬＤＫ,65.0,2011.0,10.0,ＲＣ,１中住専,未改装,2900.0
4056,甲子園口,5.0,4.0,３ＬＤＫ,70.0,2011.0,10.0,ＲＣ,１中住専,未改装,3400.0
4057,甲子園口,6.0,4.0,３ＬＤＫ,100.0,2011.0,43.0,ＲＣ,１中住専,改装済み,2000.0
4058,苦楽園口,9.0,4.0,３ＤＫ,50.0,2011.0,41.0,鉄骨造,１低住専,改装済み,620.0
4059,苦楽園口,8.0,4.0,３ＤＫ,45.0,2011.0,41.0,鉄骨造,１低住専,未改装,430.0
4060,苦楽園口,9.0,2.0,１ＤＫ,35.0,2011.0,41.0,鉄骨造,１低住専,改装済み,530.0
4061,香櫨園,5.0,4.0,３ＬＤＫ,105.0,2011.0,43.0,ＲＣ,１中住専,未改装,650.0
4062,夙川,6.0,4.0,３ＬＤＫ,85.0,2011.0,14.0,ＲＣ,１中住専,未改装,4600.0
4063,夙川,7.0,3.0,２ＤＫ,70.0,2011.0,5.0,ＲＣ,１中住専,未改装,4800.0
4064,甲子園口,10.0,4.0,３ＬＤＫ,70.0,2011.0,34.0,ＲＣ,１中住専,未改装,1600.0
4065,甲子園口,11.0,4.0,３ＬＤＫ,60.0,2011.0,34.0,ＲＣ,１中住専,未改装,1200.0
4066,甲子園口,7.0,4.0,３ＬＤＫ,70.0,2011.0,7.0,ＲＣ,１中住専,未改装,3100.0
4067,甲子園口,6.0,5.0,４ＬＤＫ,115.0,2011.0,18.0,ＲＣ,１中住専,未改装,5300.0
4068,甲子園口,6.0,5.0,４ＬＤＫ,155.0,2011.0,18.0,ＲＣ,１中住専,未改装,7800.0
4069,甲子園口,9.0,4.0,３ＬＤＫ,65.0,2011.0,10.0,ＲＣ,１中住専,未改装,3100.0
4070,西宮(ＪＲ),4.0,3.0,２ＬＤＫ,60.0,2011.0,23.0,ＳＲＣ,近隣商業,改装済み,1400.0
4071,西宮北口,8.0,4.0,３ＬＤＫ,75.0,2011.0,10.0,ＲＣ,１中住専,未改装,3700.0
4072,甲子園,12.0,4.0,２ＬＤＫ＋Ｓ,60.0,2011.0,6.0,ＲＣ,１中住専,未改装,2100.0
4073,甲子園,13.0,4.0,３ＬＤＫ,75.0,2011.0,6.0,ＲＣ,２種住居,未改装,3000.0
4074,苦楽園口,2.0,4.0,３ＬＤＫ,70.0,2011.0,10.0,ＲＣ,１中住専,未改装,4000.0
4075,西宮北口,6.0,2.0,１ＬＤＫ,40.0,2011.0,13.0,ＳＲＣ,１中住専,未改装,1800.0
4076,西宮北口,6.0,2.0,１ＬＤＫ,25.0,2011.0,13.0,ＳＲＣ,１中住専,未改装,600.0
4077,西宮北口,6.0,2.0,１ＤＫ,35.0,2011.0,13.0,ＳＲＣ,１中住専,未改装,1900.0
4078,西宮北口,4.0,2.0,１ＬＤＫ,55.0,2011.0,13.0,ＲＣ,１種住居,未改装,2100.0
4079,西宮北口,6.0,3.0,２ＤＫ,50.0,2011.0,13.0,ＳＲＣ,１中住専,未改装,2400.0
4080,西宮北口,7.0,2.0,１ＬＤＫ,40.0,2011.0,13.0,ＳＲＣ,１中住専,未改装,2000.0
4081,西宮(ＪＲ),16.0,4.0,３ＬＤＫ,65.0,2011.0,14.0,ＲＣ,１種住居,改装済み,2000.0
4082,門戸厄神,11.0,5.0,４ＬＤＫ,85.0,2011.0,16.0,ＲＣ,１中住専,改装済み,2900.0
4083,門戸厄神,6.0,4.0,３ＬＤＫ,65.0,2011.0,11.0,ＲＣ,１中住専,未改装,2600.0
4084,甲東園,13.0,4.0,３ＬＤＫ,70.0,2011.0,12.0,ＲＣ,１中住専,未改装,2900.0
4085,西宮北口,14.0,4.0,３ＬＤＫ,55.0,2011.0,11.0,ＲＣ,１中住専,改装済み,3000.0
4086,西宮北口,15.0,4.0,３ＬＤＫ,80.0,2011.0,5.0,ＲＣ,１中住専,未改装,4000.0
4087,さくら夙川,3.0,5.0,４ＬＤＫ,80.0,2011.0,14.0,ＲＣ,１中住専,未改装,4100.0
4088,夙川,4.0,4.0,３ＬＤＫ,75.0,2011.0,13.0,ＲＣ,１中住専,未改装,3600.0
4089,香櫨園,9.0,4.0,３ＬＤＫ,85.0,2011.0,20.0,ＲＣ,１種住居,未改装,200.0
4090,香櫨園,9.0,2.0,１ＬＤＫ,60.0,2011.0,20.0,ＲＣ,１種住居,改装済み,1200.0
4091,香櫨園,11.0,4.0,３ＬＤＫ,125.0,2011.0,21.0,ＲＣ,１中住専,未改装,4500.0
4092,西宮(阪神),11.0,4.0,３ＬＤＫ,55.0,2011.0,4.0,ＲＣ,近隣商業,未改装,2300.0
4093,西宮北口,6.0,4.0,３ＬＤＫ,75.0,2011.0,6.0,ＲＣ,２種住居,未改装,3700.0
4094,西宮(ＪＲ),7.0,4.0,３ＬＤＫ,80.0,2011.0,13.0,ＳＲＣ,近隣商業,未改装,3300.0
4095,西宮(ＪＲ),7.0,4.0,３ＬＤＫ,95.0,2011.0,13.0,ＳＲＣ,近隣商業,未改装,4200.0
4096,甲陽園,14.0,3.0,２ＬＤＫ,55.0,2011.0,35.0,ＲＣ,１中住専,改装済み,920.0
4097,甲陽園,14.0,4.0,３ＬＤＫ,60.0,2011.0,35.0,ＲＣ,１中住専,改装済み,1100.0
4098,鳴尾・武庫川女子大前,13.0,4.0,３ＬＤＫ,75.0,2011.0,17.0,ＲＣ,１中住専,未改装,2500.0
4099,鳴尾・武庫川女子大前,13.0,5.0,４ＬＤＫ,85.0,2011.0,17.0,ＲＣ,１種住居,改装済み,3300.0
4100,門戸厄神,9.0,4.0,３ＬＤＫ,75.0,2011.0,9.0,ＲＣ,準住居,未改装,3100.0
4101,西宮(阪神),2.0,4.0,３ＬＤＫ,75.0,2011.0,3.0,ＲＣ,商業,未改装,4400.0
4102,西宮(阪神),2.0,5.0,４ＬＤＫ,90.0,2011.0,3.0,ＲＣ,商業,未改装,5100.0
4103,西宮北口,14.0,4.0,３ＬＤＫ,80.0,2015.0,28.0,ＲＣ,１種住居,改装済み,2300.0
4104,甲子園,6.0,2.0,１ＬＤＫ,60.0,2015.0,44.0,ＲＣ,１中住専,改装済み,2200.0
4105,甲子園,10.0,4.0,３ＬＤＫ,65.0,2015.0,44.0,ＲＣ,１中住専,未改装,1400.0
4106,香櫨園,5.0,2.0,１Ｋ,20.0,2015.0,26.0,ＲＣ,１種住居,未改装,420.0
4107,香櫨園,8.0,3.0,２ＬＤＫ,55.0,2015.0,17.0,ＲＣ,１種住居,未改装,1800.0
4108,西宮(ＪＲ),3.0,2.0,１Ｋ,15.0,2015.0,31.0,ＲＣ,近隣商業,未改装,590.0
4109,西宮(ＪＲ),4.0,4.0,３ＬＤＫ,55.0,2015.0,39.0,ＳＲＣ,近隣商業,改装済み,1900.0
4110,今津(阪神),21.0,4.0,３ＬＤＫ,75.0,2015.0,13.0,ＲＣ,準工業,未改装,2600.0
4111,香櫨園,15.0,4.0,３ＬＤＫ,70.0,2015.0,13.0,ＲＣ,準工業,改装済み,2500.0
4112,香櫨園,14.0,4.0,３ＬＤＫ,60.0,2015.0,37.0,ＳＲＣ,準工業,未改装,870.0
4114,香櫨園,15.0,4.0,３ＬＤＫ,70.0,2015.0,13.0,ＲＣ,準工業,未改装,1800.0
4115,西宮(阪神),18.0,4.0,３ＬＤＫ,90.0,2015.0,13.0,ＲＣ,準工業,未改装,3300.0
4116,西宮(阪神),20.0,5.0,４ＬＤＫ,80.0,2015.0,10.0,ＲＣ,準工業,未改装,3200.0
4117,甲陽園,21.0,4.0,３ＬＤＫ,75.0,2015.0,4.0,ＲＣ,１中住専,未改装,2700.0
4118,甲陽園,18.0,4.0,３ＬＤＫ,70.0,2015.0,35.0,ＲＣ,１中住専,改装済み,1400.0
4119,甲東園,19.0,4.0,３ＬＤＫ,70.0,2015.0,17.0,ＲＣ,１中住専,改装済み,2800.0
4120,甲東園,19.0,4.0,３ＬＤＫ,70.0,2015.0,17.0,ＲＣ,１中住専,改装済み,2900.0
4121,甲東園,19.0,4.0,３ＬＤＫ,70.0,2015.0,17.0,ＲＣ,１中住専,改装済み,3200.0
4122,甲東園,19.0,4.0,３ＬＤＫ,70.0,2015.0,17.0,ＲＣ,１中住専,改装済み,2900.0
4123,甲東園,19.0,4.0,３ＬＤＫ,70.0,2015.0,17.0,ＲＣ,１中住専,改装済み,2900.0
4124,甲東園,19.0,4.0,３ＬＤＫ,70.0,2015.0,17.0,ＲＣ,１中住専,改装済み,2800.0
4125,甲東園,21.0,4.0,３ＬＤＫ,70.0,2015.0,17.0,ＲＣ,１中住専,改装済み,2800.0
4126,仁川,20.0,3.0,２ＬＤＫ,55.0,2015.0,17.0,ＲＣ,１中住専,改装済み,2000.0
4127,久寿川,13.0,4.0,３ＬＤＫ,65.0,2015.0,19.0,ＳＲＣ,１種住居,改装済み,2000.0
4128,久寿川,19.0,5.0,４ＬＤＫ,80.0,2015.0,28.0,ＲＣ,１種住居,未改装,860.0
4129,久寿川,1.0,2.0,１Ｋ,15.0,2015.0,26.0,ＲＣ,近隣商業,未改装,650.0
4130,甲東園,19.0,4.0,３ＬＤＫ,85.0,2015.0,26.0,ＲＣ,１中住専,未改装,2100.0
4131,甲陽園,23.0,5.0,４ＬＤＫ,80.0,2015.0,21.0,ＲＣ,１中住専,改装済み,1600.0
4132,甲陽園,15.0,3.0,２ＬＤＫ,100.0,2015.0,30.0,ＲＣ,１中住専,未改装,1400.0
4133,甲陽園,16.0,5.0,４ＬＤＫ,95.0,2015.0,37.0,ＳＲＣ,１中住専,改装済み,1700.0
4134,甲陽園,16.0,4.0,３ＬＤＫ,70.0,2015.0,37.0,ＲＣ,１中住専,未改装,800.0
4135,甲陽園,15.0,4.0,３ＬＤＫ,95.0,2015.0,30.0,ＲＣ,１中住専,未改装,2400.0
4136,甲陽園,16.0,3.0,２ＬＤＫ,60.0,2015.0,37.0,ＳＲＣ,１中住専,未改装,850.0
4137,武庫川団地前,6.0,4.0,３ＬＤＫ,75.0,2015.0,27.0,ＳＲＣ,１種住居,未改装,1600.0
4138,武庫川団地前,2.0,5.0,４ＬＤＫ,80.0,2015.0,34.0,ＳＲＣ,１種住居,未改装,1400.0
4139,洲先,10.0,4.0,３ＬＤＫ,70.0,2015.0,14.0,ＲＣ,１種住居,改装済み,2600.0
4140,鳴尾・武庫川女子大前,14.0,5.0,４ＬＤＫ,75.0,2015.0,14.0,ＲＣ,１種住居,改装済み,2500.0
4141,武庫川団地前,5.0,4.0,３ＬＤＫ,70.0,2015.0,40.0,ＲＣ,１種住居,未改装,920.0
4142,武庫川団地前,4.0,4.0,３ＬＤＫ,70.0,2015.0,40.0,ＲＣ,１種住居,改装済み,510.0
4143,苦楽園口,17.0,4.0,３ＬＤＫ,75.0,2015.0,5.0,ＲＣ,１中住専,未改装,3300.0
4144,苦楽園口,20.0,6.0,５ＬＤＫ,160.0,2015.0,11.0,ＲＣ,１中住専,未改装,7500.0
4145,苦楽園口,18.0,4.0,３ＬＤＫ,70.0,2015.0,40.0,鉄骨造,１低住専,未改装,850.0
4146,苦楽園口,20.0,4.0,３ＬＤＫ,60.0,2015.0,40.0,鉄骨造,１低住専,未改装,600.0
4147,苦楽園口,19.0,3.0,２ＬＤＫ,60.0,2015.0,11.0,ＲＣ,１中住専,未改装,2500.0
4148,夙川,14.0,4.0,３ＬＤＫ,70.0,2015.0,41.0,ＲＣ,１中住専,改装済み,1700.0
4149,夙川,13.0,5.0,４ＬＤＫ,180.0,2015.0,17.0,ＲＣ,１中住専,未改装,5200.0
4150,夙川,16.0,4.0,２ＬＤＫ＋Ｓ,85.0,2015.0,41.0,ＲＣ,１中住専,改装済み,1700.0
4151,夙川,11.0,3.0,２ＤＫ,90.0,2015.0,5.0,ＲＣ,１中住専,改装済み,5600.0
4152,夙川,14.0,4.0,３ＬＤＫ,70.0,2015.0,41.0,ＲＣ,１中住専,未改装,1500.0
4153,夙川,9.0,4.0,３ＬＤＫ,65.0,2015.0,20.0,ＲＣ,１中住専,改装済み,2100.0
4155,夙川,14.0,4.0,３ＬＤＫ,80.0,2015.0,5.0,ＲＣ,１中住専,未改装,5300.0
4158,西宮北口,8.0,3.0,２ＬＤＫ,60.0,2015.0,24.0,ＲＣ,１中住専,未改装,2100.0
4159,香櫨園,12.0,4.0,３ＬＤＫ,80.0,2015.0,4.0,ＲＣ,１種住居,未改装,2200.0
4161,西宮北口,9.0,4.0,３ＬＤＫ,70.0,2015.0,18.0,ＲＣ,１種住居,未改装,2400.0
4162,苦楽園口,12.0,5.0,３ＬＤＫ＋Ｓ,85.0,2015.0,18.0,ＲＣ,１中住専,未改装,2600.0
4163,苦楽園口,12.0,4.0,３ＬＤＫ,90.0,2015.0,18.0,ＲＣ,１中住専,改装済み,3100.0
4164,さくら夙川,7.0,2.0,１Ｋ,15.0,2015.0,21.0,ＲＣ,１中住専,未改装,370.0
4165,鳴尾・武庫川女子大前,11.0,4.0,３ＬＤＫ,60.0,2015.0,14.0,ＳＲＣ,近隣商業,改装済み,2400.0
4166,さくら夙川,8.0,2.0,１Ｋ,25.0,2015.0,31.0,ＲＣ,１中住専,改装済み,670.0
4167,夙川,6.0,2.0,１Ｋ,15.0,2015.0,31.0,ＲＣ,１種住居,未改装,300.0
4168,夙川,7.0,2.0,１Ｋ,15.0,2015.0,31.0,ＲＣ,１中住専,未改装,550.0
4169,夙川,6.0,2.0,１ＬＤＫ,55.0,2015.0,16.0,ＲＣ,１中住専,未改装,2500.0
4170,夙川,7.0,4.0,３ＬＤＫ,80.0,2015.0,16.0,ＲＣ,１中住専,未改装,4400.0
4171,門戸厄神,10.0,5.0,４ＬＤＫ,90.0,2015.0,19.0,ＲＣ,１中住専,未改装,3300.0
4172,苦楽園口,16.0,4.0,３ＬＤＫ,75.0,2015.0,11.0,ＲＣ,１中住専,未改装,2700.0
4173,苦楽園口,13.0,4.0,３ＬＤＫ,95.0,2015.0,41.0,ＲＣ,１中住専,未改装,800.0
4174,久寿川,11.0,4.0,３ＬＤＫ,70.0,2015.0,6.0,ＲＣ,準工業,未改装,3100.0
4175,久寿川,11.0,4.0,３ＬＤＫ,70.0,2015.0,6.0,ＲＣ,準工業,未改装,3200.0
4176,甲子園,11.0,4.0,３ＬＤＫ,70.0,2015.0,5.0,ＲＣ,１中住専,改装済み,4000.0
4177,甲子園,12.0,4.0,３ＬＤＫ,55.0,2015.0,15.0,ＲＣ,１中住専,改装済み,2600.0
4178,甲子園,13.0,2.0,１Ｋ,20.0,2015.0,20.0,ＲＣ,１中住専,未改装,650.0
4179,甲子園口,12.0,3.0,２ＬＤＫ,45.0,2015.0,43.0,鉄骨造,２中住専,改装済み,1100.0
4180,甲子園口,13.0,3.0,２ＤＫ,45.0,2015.0,43.0,鉄骨造,２中住専,未改装,350.0
4181,甲子園口,9.0,4.0,３ＬＤＫ,70.0,2015.0,6.0,ＲＣ,近隣商業,未改装,3900.0
4183,甲子園口,13.0,4.0,３ＤＫ,45.0,2015.0,43.0,鉄骨造,２中住専,未改装,600.0
4184,甲東園,4.0,4.0,３ＬＤＫ,70.0,2015.0,17.0,ＲＣ,１中住専,未改装,3900.0
4185,甲陽園,5.0,4.0,３ＬＤＫ,75.0,2015.0,9.0,ＲＣ,１低住専,未改装,3600.0
4186,香櫨園,9.0,3.0,２ＬＤＫ,85.0,2015.0,18.0,ＲＣ,１中住専,未改装,2700.0
4187,香櫨園,11.0,5.0,４ＬＤＫ,95.0,2015.0,17.0,ＲＣ,１中住専,未改装,3700.0
4188,香櫨園,7.0,4.0,３ＬＤＫ,70.0,2015.0,17.0,ＲＣ,１中住専,未改装,2300.0
4189,香櫨園,10.0,4.0,３ＬＤＫ,65.0,2015.0,15.0,ＲＣ,１中住専,改装済み,2400.0
4190,香櫨園,8.0,4.0,３ＬＤＫ,75.0,2015.0,15.0,ＲＣ,１中住専,未改装,3100.0
4191,香櫨園,7.0,4.0,３ＬＤＫ,70.0,2015.0,17.0,ＲＣ,１中住専,未改装,2500.0
4192,香櫨園,8.0,4.0,３ＬＤＫ,70.0,2015.0,15.0,ＲＣ,１中住専,改装済み,2600.0
4193,香櫨園,5.0,2.0,１ＬＤＫ,50.0,2015.0,31.0,ＲＣ,１中住専,未改装,550.0
4194,香櫨園,5.0,4.0,３ＬＤＫ,80.0,2015.0,31.0,ＲＣ,１中住専,未改装,2400.0
4196,香櫨園,2.0,4.0,３ＬＤＫ,80.0,2015.0,17.0,ＳＲＣ,１中住専,未改装,3100.0
4198,西宮北口,13.0,4.0,３ＬＤＫ,70.0,2015.0,2.0,ＲＣ,１中住専,未改装,4100.0
4199,苦楽園口,8.0,3.0,２ＬＤＫ,70.0,2015.0,15.0,ＲＣ,１中住専,改装済み,2800.0
4200,甲陽園,8.0,4.0,３ＬＤＫ,75.0,2015.0,15.0,ＲＣ,１種住居,未改装,2800.0
4201,西宮北口,8.0,4.0,３ＬＤＫ,65.0,2015.0,16.0,ＲＣ,１中住専,未改装,3100.0
4202,西宮北口,6.0,3.0,２ＬＤＫ,60.0,2015.0,16.0,ＲＣ,１中住専,未改装,3100.0
4203,西宮北口,5.0,4.0,３ＬＤＫ,75.0,2015.0,17.0,ＲＣ,１中住専,未改装,2900.0
4204,夙川,6.0,4.0,３ＬＤＫ,85.0,2015.0,8.0,ＲＣ,１中住専,未改装,6200.0
4205,西宮(阪神),12.0,4.0,３ＬＤＫ,65.0,2015.0,41.0,ＳＲＣ,準工業,未改装,850.0
4206,西宮(阪神),14.0,3.0,２ＬＤＫ,75.0,2015.0,41.0,ＳＲＣ,準工業,改装済み,1300.0
4207,西宮(阪神),12.0,4.0,３ＬＤＫ,65.0,2015.0,41.0,ＳＲＣ,準工業,未改装,1100.0
4208,甲子園口,8.0,4.0,３ＬＤＫ,80.0,2015.0,8.0,ＲＣ,１中住専,未改装,4700.0
4210,甲子園口,8.0,4.0,３ＬＤＫ,70.0,2015.0,8.0,ＲＣ,１中住専,未改装,4300.0
4211,甲子園口,8.0,4.0,３ＬＤＫ,55.0,2015.0,38.0,ＲＣ,１中住専,未改装,1500.0
4212,苦楽園口,14.0,4.0,３ＬＤＫ,75.0,2015.0,41.0,ＲＣ,１低住専,未改装,1200.0
4213,夙川,9.0,4.0,３ＬＤＫ,95.0,2015.0,19.0,ＲＣ,１中住専,未改装,4200.0
4214,夙川,6.0,4.0,２ＬＤＫ＋Ｓ,75.0,2015.0,17.0,ＲＣ,１中住専,未改装,3900.0
4216,甲子園口,14.0,5.0,４ＬＤＫ,90.0,2015.0,18.0,ＲＣ,１中住専,未改装,3400.0
4217,甲子園口,11.0,4.0,３ＬＤＫ,70.0,2015.0,15.0,ＲＣ,１中住専,未改装,3500.0
4218,甲子園口,11.0,4.0,３ＬＤＫ,75.0,2015.0,15.0,ＲＣ,１中住専,未改装,4000.0
4219,甲子園口,14.0,4.0,３ＬＤＫ,70.0,2015.0,14.0,ＲＣ,１種住居,未改装,3500.0
4221,甲子園,6.0,4.0,３ＬＤＫ,95.0,2015.0,29.0,ＲＣ,２種住居,未改装,2900.0
4222,甲子園,5.0,2.0,１ＬＤＫ,40.0,2015.0,46.0,ＲＣ,近隣商業,改装済み,880.0
4224,鳴尾・武庫川女子大前,6.0,4.0,３ＬＤＫ,60.0,2015.0,42.0,ＲＣ,２種住居,改装済み,1900.0
4225,甲子園,14.0,4.0,３ＬＤＫ,80.0,2015.0,9.0,ＲＣ,２種住居,未改装,3400.0
4226,甲子園,4.0,5.0,４ＬＤＫ,95.0,2015.0,10.0,ＲＣ,２中住専,未改装,5800.0
4227,甲子園口,10.0,4.0,３ＬＤＫ,65.0,2015.0,18.0,ＲＣ,１中住専,未改装,2100.0
4229,甲子園口,1.0,4.0,３ＬＤＫ,65.0,2015.0,17.0,ＳＲＣ,近隣商業,改装済み,3500.0
4230,甲子園口,5.0,4.0,３ＬＤＫ,65.0,2015.0,3.0,ＲＣ,１中住専,未改装,4000.0
4231,甲子園口,3.0,2.0,１Ｋ,20.0,2015.0,31.0,ＲＣ,１中住専,改装済み,620.0
4232,甲子園口,4.0,4.0,３ＬＤＫ,75.0,2015.0,9.0,ＲＣ,１中住専,未改装,2800.0
4235,甲子園口,5.0,5.0,４ＬＤＫ,75.0,2015.0,45.0,ＳＲＣ,１中住専,未改装,1100.0
4236,久寿川,8.0,4.0,３ＬＤＫ,60.0,2015.0,19.0,ＲＣ,１種住居,改装済み,2000.0
4237,久寿川,6.0,5.0,４ＬＤＫ,70.0,2015.0,13.0,ＲＣ,１種住居,未改装,3000.0
4238,甲子園,4.0,4.0,３ＬＤＫ,60.0,2015.0,9.0,ＲＣ,近隣商業,改装済み,3200.0
4239,甲子園,9.0,4.0,３ＬＤＫ,65.0,2015.0,19.0,ＲＣ,１種住居,改装済み,2200.0
4240,甲子園,9.0,4.0,３ＬＤＫ,70.0,2015.0,2.0,ＲＣ,１中住専,未改装,4000.0
4241,甲子園,8.0,3.0,２ＬＤＫ,75.0,2015.0,4.0,ＲＣ,１中住専,改装済み,4200.0
4242,甲子園,10.0,4.0,３ＬＤＫ,70.0,2015.0,14.0,ＲＣ,２中住専,未改装,2600.0
4244,甲子園,11.0,4.0,３ＬＤＫ,75.0,2015.0,16.0,ＲＣ,１中住専,未改装,2800.0
4245,甲陽園,15.0,4.0,３ＬＤＫ,75.0,2015.0,17.0,ＲＣ,１中住専,未改装,2000.0
4247,甲陽園,12.0,4.0,３ＬＤＫ,75.0,2015.0,10.0,ＲＣ,１低住専,改装済み,2700.0
4248,甲陽園,14.0,4.0,３ＬＤＫ,80.0,2015.0,2.0,ＲＣ,１中住専,改装済み,3400.0
4249,甲陽園,6.0,4.0,３ＬＤＫ,70.0,2015.0,9.0,ＲＣ,１中住専,未改装,3000.0
4250,甲陽園,3.0,4.0,３ＬＤＫ,75.0,2015.0,38.0,ＳＲＣ,近隣商業,未改装,1400.0
4251,甲陽園,2.0,4.0,３ＬＤＫ,70.0,2015.0,44.0,ＲＣ,近隣商業,未改装,1200.0
4252,甲陽園,1.0,4.0,３ＬＤＫ,70.0,2015.0,44.0,ＲＣ,近隣商業,未改装,1600.0
4253,甲陽園,4.0,4.0,３ＬＤＫ,85.0,2015.0,27.0,ＲＣ,近隣商業,未改装,2500.0
4254,甲陽園,4.0,3.0,２ＬＤＫ,55.0,2015.0,38.0,ＳＲＣ,近隣商業,改装済み,990.0
4255,甲陽園,4.0,3.0,２ＬＤＫ,65.0,2015.0,38.0,ＳＲＣ,近隣商業,未改装,1300.0
4256,甲陽園,5.0,4.0,３ＬＤＫ,85.0,2015.0,15.0,ＲＣ,１中住専,未改装,3000.0
4257,甲子園口,15.0,4.0,３ＬＤＫ,65.0,2015.0,16.0,ＲＣ,２種住居,未改装,2900.0
4258,夙川,6.0,4.0,３ＬＤＫ,70.0,2015.0,10.0,ＲＣ,１種住居,未改装,3600.0
4259,夙川,2.0,4.0,３ＬＤＫ,65.0,2015.0,15.0,ＲＣ,１中住専,未改装,3800.0
4260,夙川,4.0,3.0,２ＬＤＫ,80.0,2015.0,20.0,ＲＣ,１種住居,未改装,3200.0
4261,鳴尾・武庫川女子大前,14.0,5.0,４ＬＤＫ,80.0,2015.0,11.0,ＲＣ,２中住専,改装済み,3600.0
4264,鳴尾・武庫川女子大前,8.0,3.0,２ＬＤＫ,55.0,2015.0,43.0,ＳＲＣ,１種住居,未改装,800.0
4265,鳴尾・武庫川女子大前,7.0,4.0,３ＬＤＫ,75.0,2015.0,25.0,ＲＣ,１種住居,未改装,1700.0
4266,武庫川,9.0,4.0,３ＬＤＫ,65.0,2015.0,6.0,ＲＣ,２中住専,未改装,3100.0
4267,武庫川,6.0,3.0,２ＬＤＫ,65.0,2015.0,6.0,ＲＣ,２中住専,改装済み,3000.0
4268,武庫川,7.0,4.0,３ＬＤＫ,70.0,2015.0,11.0,ＲＣ,１種住居,改装済み,2800.0
4270,苦楽園口,10.0,4.0,３ＬＤＫ,85.0,2015.0,11.0,ＲＣ,１低住専,未改装,4500.0
4271,苦楽園口,8.0,4.0,３ＬＤＫ,85.0,2015.0,15.0,ＲＣ,１低住専,改装済み,4800.0
4272,さくら夙川,4.0,3.0,２ＬＤＫ,60.0,2015.0,15.0,ＲＣ,近隣商業,未改装,2100.0
4273,生瀬,14.0,4.0,３ＬＤＫ,80.0,2015.0,23.0,ＲＣ,１中住専,改装済み,900.0
4274,西宮名塩,8.0,4.0,３ＬＤＫ,65.0,2015.0,16.0,ＲＣ,１中住専,未改装,1000.0
4275,苦楽園口,10.0,4.0,３ＬＤＫ,70.0,2015.0,11.0,ＲＣ,１中住専,改装済み,2800.0
4276,苦楽園口,10.0,5.0,４ＬＤＫ,85.0,2015.0,18.0,ＲＣ,１中住専,未改装,3200.0
4277,甲陽園,11.0,4.0,３ＬＤＫ,70.0,2015.0,18.0,ＲＣ,１中住専,改装済み,2500.0
4278,夙川,9.0,4.0,３ＬＤＫ,75.0,2015.0,19.0,ＲＣ,１中住専,未改装,3400.0
4279,香櫨園,11.0,5.0,４ＬＤＫ,95.0,2015.0,8.0,ＲＣ,１中住専,未改装,4100.0
4281,香櫨園,13.0,4.0,３ＬＤＫ,75.0,2015.0,8.0,ＲＣ,１中住専,未改装,2800.0
4282,香櫨園,13.0,4.0,３ＬＤＫ,70.0,2015.0,8.0,ＲＣ,１中住専,未改装,3200.0
4283,苦楽園口,12.0,4.0,３ＬＤＫ,85.0,2015.0,10.0,ＲＣ,１低住専,未改装,3900.0
4284,西宮(ＪＲ),9.0,4.0,３ＬＤＫ,70.0,2015.0,1.0,ＲＣ,準工業,未改装,3200.0
4285,西宮(ＪＲ),8.0,4.0,３ＬＤＫ,75.0,2015.0,1.0,ＲＣ,準工業,改装済み,4500.0
4286,阪神国道,3.0,4.0,３ＬＤＫ,70.0,2015.0,1.0,ＲＣ,準工業,未改装,4100.0
4287,西宮(阪神),9.0,5.0,４ＬＤＫ,75.0,2015.0,17.0,ＲＣ,近隣商業,未改装,2800.0
4288,苦楽園口,18.0,4.0,３ＬＤＫ,115.0,2015.0,12.0,ＲＣ,１低住専,未改装,4900.0
4289,苦楽園口,15.0,4.0,３ＬＤＫ,65.0,2015.0,0.0,ＲＣ,１中住専,未改装,800.0
4290,苦楽園口,16.0,4.0,３ＬＤＫ,105.0,2015.0,10.0,ＲＣ,１中住専,未改装,4400.0
4291,苦楽園口,14.0,4.0,３ＬＤＫ,75.0,2015.0,10.0,ＲＣ,１中住専,未改装,2700.0
4292,西宮北口,25.0,4.0,３ＬＤＫ,75.0,2015.0,38.0,ＲＣ,１中住専,未改装,1200.0
4293,西宮北口,14.0,4.0,３ＬＤＫ,60.0,2015.0,42.0,ＲＣ,１中住専,未改装,1600.0
4294,西宮北口,30.0,5.0,４ＬＤＫ,75.0,2015.0,30.0,ＲＣ,１中住専,改装済み,1400.0
4295,西宮北口,25.0,4.0,３ＬＤＫ,65.0,2015.0,26.0,ＲＣ,１中住専,未改装,1100.0
4296,武庫川団地前,5.0,4.0,３ＬＤＫ,95.0,2015.0,26.0,ＳＲＣ,１中住専,未改装,1800.0
4297,武庫川団地前,10.0,4.0,３ＬＤＫ,95.0,2015.0,30.0,ＳＲＣ,１中住専,未改装,1700.0
4298,武庫川団地前,13.0,5.0,４ＬＤＫ,125.0,2015.0,30.0,ＳＲＣ,１中住専,未改装,2300.0
4299,武庫川団地前,11.0,4.0,３ＬＤＫ,65.0,2015.0,32.0,ＳＲＣ,１中住専,未改装,1300.0
4300,武庫川団地前,13.0,3.0,２ＬＤＫ,65.0,2015.0,30.0,ＳＲＣ,１中住専,未改装,900.0
4301,武庫川団地前,11.0,4.0,３ＬＤＫ,65.0,2015.0,30.0,ＳＲＣ,１中住専,未改装,1500.0
4302,武庫川団地前,8.0,4.0,３ＬＤＫ,80.0,2015.0,20.0,ＲＣ,１中住専,未改装,1600.0
4303,武庫川団地前,5.0,4.0,３ＬＤＫ,75.0,2015.0,24.0,ＲＣ,１中住専,未改装,1600.0
4306,西宮北口,10.0,4.0,３ＬＤＫ,70.0,2015.0,18.0,ＲＣ,準工業,未改装,2300.0
4307,西宮北口,11.0,4.0,３ＬＤＫ,60.0,2015.0,40.0,ＳＲＣ,準工業,未改装,1200.0
4308,西宮北口,10.0,4.0,３ＬＤＫ,65.0,2015.0,16.0,ＲＣ,準工業,未改装,2600.0
4309,西宮北口,2.0,2.0,１ＤＫ,70.0,2015.0,7.0,ＲＣ,商業,未改装,5500.0
4310,西宮北口,9.0,4.0,３ＬＤＫ,70.0,2015.0,1.0,ＲＣ,１種住居,未改装,3700.0
4311,西宮北口,9.0,5.0,４ＬＤＫ,75.0,2015.0,10.0,ＲＣ,１種住居,未改装,3500.0
4312,西宮北口,10.0,4.0,３ＬＤＫ,65.0,2015.0,10.0,ＲＣ,１種住居,未改装,2900.0
4313,西宮北口,11.0,4.0,３ＬＤＫ,65.0,2015.0,16.0,ＳＲＣ,１種住居,未改装,2000.0
4314,香櫨園,10.0,4.0,３ＬＤＫ,85.0,2015.0,14.0,ＲＣ,１種住居,未改装,3000.0
4315,西宮(阪神),2.0,3.0,２ＬＤＫ,60.0,2015.0,12.0,ＲＣ,商業,未改装,3400.0
4316,西宮(阪神),3.0,5.0,４ＬＤＫ,120.0,2015.0,12.0,ＲＣ,商業,未改装,7300.0
4317,西宮(阪神),3.0,3.0,２ＬＤＫ,75.0,2015.0,9.0,ＲＣ,商業,未改装,4200.0
4319,甲東園,8.0,4.0,３ＬＤＫ,80.0,2015.0,14.0,ＲＣ,１中住専,改装済み,3300.0
4320,仁川,18.0,5.0,４ＬＤＫ,75.0,2015.0,29.0,ＲＣ,１中住専,未改装,1500.0
4321,仁川,9.0,4.0,３ＬＤＫ,80.0,2015.0,9.0,ＲＣ,２中住専,未改装,3400.0
4323,今津(阪神),11.0,3.0,２ＬＤＫ,65.0,2015.0,14.0,ＲＣ,１種住居,未改装,2600.0
4324,今津(阪神),9.0,4.0,３ＬＤＫ,65.0,2015.0,14.0,ＲＣ,１種住居,未改装,2500.0
4325,今津(阪神),13.0,4.0,３ＬＤＫ,65.0,2015.0,7.0,ＲＣ,工業,未改装,2800.0
4326,阪神国道,11.0,4.0,３ＬＤＫ,70.0,2015.0,17.0,ＲＣ,準工業,改装済み,2600.0
4327,阪神国道,6.0,4.0,３ＬＤＫ,70.0,2015.0,17.0,ＲＣ,準工業,改装済み,3000.0
4328,阪神国道,6.0,4.0,３ＬＤＫ,70.0,2015.0,17.0,ＲＣ,準工業,改装済み,3000.0
4329,阪神国道,5.0,4.0,３ＬＤＫ,70.0,2015.0,17.0,ＲＣ,準工業,改装済み,2600.0
4330,西宮(ＪＲ),4.0,4.0,３ＬＤＫ,70.0,2015.0,19.0,ＳＲＣ,近隣商業,未改装,2500.0
4332,阪神国道,2.0,4.0,３ＬＤＫ,70.0,2015.0,7.0,ＲＣ,近隣商業,未改装,3000.0
4333,今津(阪神),3.0,4.0,３ＬＤＫ,60.0,2015.0,1.0,ＲＣ,近隣商業,未改装,2800.0
4334,今津(阪神),2.0,4.0,３ＬＤＫ,70.0,2015.0,11.0,ＲＣ,商業,未改装,2900.0
4335,今津(阪神),2.0,2.0,１Ｋ,25.0,2015.0,26.0,ＲＣ,商業,未改装,650.0
4336,今津(阪神),8.0,4.0,３ＬＤＫ,65.0,2015.0,13.0,ＲＣ,１種住居,未改装,3400.0
4337,今津(阪神),3.0,2.0,１ＤＫ,25.0,2015.0,26.0,ＲＣ,商業,未改装,400.0
4338,今津(阪神),7.0,4.0,３ＬＤＫ,65.0,2015.0,13.0,ＲＣ,１種住居,未改装,2600.0
4339,今津(阪神),8.0,4.0,３ＬＤＫ,55.0,2015.0,18.0,ＳＲＣ,１種住居,未改装,1900.0
4340,今津(阪神),8.0,3.0,２ＬＤＫ,55.0,2015.0,19.0,ＳＲＣ,１種住居,未改装,1700.0
4341,今津(阪神),8.0,3.0,２ＬＤＫ,55.0,2015.0,19.0,ＳＲＣ,１種住居,未改装,1500.0
4342,甲子園口,8.0,4.0,３ＬＤＫ,75.0,2015.0,14.0,ＲＣ,１中住専,改装済み,3300.0
4343,さくら夙川,6.0,4.0,３ＬＤＫ,65.0,2015.0,31.0,ＲＣ,１中住専,未改装,2000.0
4344,香櫨園,5.0,4.0,３ＬＤＫ,85.0,2015.0,13.0,ＲＣ,１中住専,未改装,3800.0
4346,西宮(ＪＲ),13.0,2.0,１Ｋ,15.0,2015.0,29.0,ＲＣ,近隣商業,未改装,580.0
4347,西宮(ＪＲ),14.0,4.0,３ＬＤＫ,70.0,2015.0,17.0,ＳＲＣ,近隣商業,未改装,2500.0
4348,西宮北口,21.0,5.0,４ＬＤＫ,95.0,2015.0,18.0,ＲＣ,１種住居,未改装,3300.0
4349,西宮名塩,5.0,4.0,３ＬＤＫ,60.0,2015.0,19.0,ＲＣ,２中住専,未改装,900.0
4350,西宮名塩,25.0,4.0,３ＬＤＫ,65.0,2015.0,20.0,ＲＣ,１低住専,未改装,450.0
4351,西宮名塩,8.0,5.0,４ＬＤＫ,50.0,2015.0,11.0,ＲＣ,１中住専,未改装,1900.0
4352,苦楽園口,7.0,3.0,２ＬＤＫ,130.0,2015.0,26.0,ＲＣ,１中住専,未改装,3300.0
4353,苦楽園口,6.0,3.0,２ＬＤＫ,145.0,2015.0,26.0,ＲＣ,１中住専,未改装,3700.0
4354,宝塚,9.0,4.0,３ＬＤＫ,95.0,2015.0,11.0,ＲＣ,１種住居,未改装,3100.0
4355,生瀬,9.0,4.0,３ＬＤＫ,75.0,2015.0,16.0,ＳＲＣ,２中住専,未改装,1700.0
4357,生瀬,11.0,4.0,３ＬＤＫ,70.0,2015.0,18.0,ＳＲＣ,２中住専,改装済み,1600.0
4359,鳴尾・武庫川女子大前,6.0,4.0,３ＬＤＫ,65.0,2015.0,18.0,ＲＣ,近隣商業,未改装,2700.0
4361,夙川,9.0,4.0,３ＬＤＫ,90.0,2015.0,31.0,ＲＣ,１低住専,改装済み,3000.0
4362,仁川,2.0,5.0,４ＬＤＫ,95.0,2015.0,13.0,ＲＣ,１中住専,未改装,4400.0
4363,仁川,2.0,4.0,３ＬＤＫ,70.0,2015.0,14.0,ＲＣ,１中住専,未改装,2700.0
4364,西宮(阪神),11.0,2.0,１Ｋ,25.0,2015.0,7.0,ＲＣ,近隣商業,未改装,1200.0
4365,西宮(阪神),30.0,4.0,３ＬＤＫ,70.0,2015.0,17.0,ＳＲＣ,１中住専,未改装,1200.0
4366,西宮(阪神),30.0,4.0,３ＬＤＫ,70.0,2015.0,17.0,ＲＣ,１中住専,改装済み,1600.0
4368,西宮(阪神),30.0,3.0,２ＬＤＫ,120.0,2015.0,11.0,ＳＲＣ,１中住専,未改装,4900.0
4369,西宮(阪神),30.0,5.0,４ＬＤＫ,85.0,2015.0,17.0,ＳＲＣ,１中住専,未改装,1500.0
4370,西宮(阪神),30.0,4.0,３ＬＤＫ,65.0,2015.0,16.0,ＳＲＣ,近隣商業,未改装,1600.0
4371,西宮(阪神),30.0,4.0,３ＬＤＫ,70.0,2015.0,17.0,ＳＲＣ,１中住専,改装済み,1500.0
4372,西宮(阪神),30.0,5.0,４ＬＤＫ,80.0,2015.0,17.0,ＳＲＣ,１中住専,未改装,1900.0
4373,西宮(阪神),30.0,4.0,３ＬＤＫ,85.0,2015.0,11.0,ＲＣ,１中住専,未改装,2500.0
4374,西宮(阪神),30.0,5.0,４ＬＤＫ,85.0,2015.0,17.0,ＲＣ,１中住専,未改装,1300.0
4375,西宮(阪神),30.0,5.0,４ＬＤＫ,110.0,2015.0,11.0,ＳＲＣ,１中住専,改装済み,3100.0
4376,西宮(阪神),30.0,4.0,３ＬＤＫ,75.0,2015.0,16.0,ＳＲＣ,近隣商業,改装済み,2700.0
4377,西宮(阪神),30.0,4.0,３ＬＤＫ,70.0,2015.0,17.0,ＳＲＣ,１中住専,改装済み,1600.0
4378,西宮(ＪＲ),12.0,4.0,３ＬＤＫ,90.0,2016.0,29.0,ＲＣ,１種住居,未改装,2300.0
4379,門戸厄神,13.0,5.0,４ＬＤＫ,75.0,2015.0,5.0,ＲＣ,２中住専,未改装,3400.0
4380,西宮北口,14.0,4.0,３ＬＤＫ,75.0,2016.0,29.0,ＲＣ,１種住居,改装済み,2000.0
4381,門戸厄神,6.0,4.0,３ＬＤＫ,75.0,2015.0,13.0,ＲＣ,１中住専,未改装,3500.0
4382,門戸厄神,6.0,5.0,４ＬＤＫ,90.0,2015.0,13.0,ＲＣ,１中住専,未改装,4400.0
4383,門戸厄神,5.0,5.0,４ＬＤＫ,85.0,2015.0,29.0,ＲＣ,１中住専,改装済み,2000.0
4385,甲子園,7.0,3.0,２ＤＫ,45.0,2016.0,45.0,ＲＣ,１中住専,改装済み,1400.0
4386,甲子園,7.0,3.0,２ＬＤＫ,60.0,2016.0,45.0,ＲＣ,１中住専,改装済み,1600.0
4388,西宮(ＪＲ),7.0,4.0,３ＬＤＫ,75.0,2015.0,14.0,ＲＣ,近隣商業,未改装,3200.0
4389,西宮(ＪＲ),7.0,4.0,３ＬＤＫ,70.0,2015.0,14.0,ＲＣ,１種住居,未改装,2700.0
4390,鳴尾・武庫川女子大前,4.0,3.0,２ＬＤＫ,60.0,2016.0,20.0,ＲＣ,１種住居,未改装,2200.0
4391,甲子園,10.0,3.0,２ＬＤＫ,70.0,2015.0,19.0,ＲＣ,１中住専,未改装,2100.0
4392,甲子園,11.0,5.0,４ＬＤＫ,80.0,2015.0,14.0,ＲＣ,１中住専,改装済み,4000.0
4393,西宮北口,8.0,4.0,３ＬＤＫ,70.0,2016.0,4.0,ＲＣ,２種住居,未改装,3900.0
4394,西宮北口,8.0,3.0,２ＬＤＫ,75.0,2016.0,4.0,ＲＣ,２種住居,未改装,4300.0
4395,西宮北口,7.0,4.0,３ＬＤＫ,70.0,2016.0,4.0,ＲＣ,２種住居,未改装,3900.0
4397,西宮(阪神),5.0,3.0,２ＬＤＫ,60.0,2015.0,11.0,ＳＲＣ,商業,改装済み,2900.0
4398,西宮(阪神),4.0,3.0,２ＬＤＫ,65.0,2015.0,17.0,ＳＲＣ,商業,改装済み,2400.0
4399,西宮(阪神),4.0,4.0,３ＬＤＫ,70.0,2015.0,17.0,ＳＲＣ,商業,未改装,2700.0
4400,西宮(阪神),6.0,4.0,３ＬＤＫ,70.0,2015.0,17.0,ＳＲＣ,商業,未改装,2900.0
4401,西宮(阪神),5.0,4.0,３ＬＤＫ,75.0,2015.0,17.0,ＳＲＣ,商業,未改装,2800.0
4402,西宮(阪神),5.0,4.0,３ＬＤＫ,65.0,2015.0,17.0,ＳＲＣ,商業,未改装,2800.0
4403,西宮(阪神),2.0,4.0,３ＬＤＫ,75.0,2015.0,16.0,ＳＲＣ,商業,改装済み,2700.0
4404,西宮(阪神),3.0,3.0,２ＬＤＫ,60.0,2015.0,9.0,ＲＣ,商業,未改装,3000.0
4405,門戸厄神,13.0,4.0,３ＬＤＫ,65.0,2016.0,15.0,ＲＣ,１中住専,未改装,2500.0
4406,門戸厄神,14.0,4.0,３ＬＤＫ,80.0,2016.0,15.0,ＲＣ,１中住専,未改装,3100.0
4407,門戸厄神,13.0,5.0,４ＬＤＫ,75.0,2016.0,15.0,ＲＣ,１中住専,未改装,3000.0
4409,西宮(ＪＲ),3.0,3.0,２ＬＤＫ,60.0,2016.0,40.0,ＳＲＣ,近隣商業,改装済み,1600.0
4410,西宮(ＪＲ),4.0,3.0,２ＤＫ,50.0,2016.0,40.0,ＳＲＣ,近隣商業,改装済み,1800.0
4411,西宮(ＪＲ),4.0,3.0,２ＤＫ,50.0,2016.0,40.0,ＳＲＣ,近隣商業,改装済み,1600.0
4412,西宮(ＪＲ),4.0,3.0,２ＤＫ,50.0,2016.0,40.0,ＳＲＣ,近隣商業,改装済み,1300.0
4413,西宮(ＪＲ),3.0,3.0,２ＬＤＫ,60.0,2016.0,23.0,ＳＲＣ,近隣商業,未改装,2400.0
4414,西宮(ＪＲ),4.0,3.0,２ＤＫ,50.0,2016.0,40.0,ＳＲＣ,近隣商業,未改装,1100.0
4415,甲子園,18.0,3.0,２ＬＤＫ,95.0,2015.0,11.0,ＳＲＣ,１種住居,未改装,3300.0
4416,甲子園,16.0,4.0,３ＬＤＫ,95.0,2015.0,13.0,ＳＲＣ,１種住居,未改装,3300.0
4417,甲子園,19.0,5.0,４ＬＤＫ,90.0,2015.0,13.0,ＳＲＣ,１種住居,未改装,2200.0
4418,今津(阪神),10.0,4.0,３ＬＤＫ,70.0,2015.0,2.0,ＲＣ,準工業,未改装,3000.0
4419,夙川,4.0,4.0,３ＬＤＫ,90.0,2012.0,14.0,ＲＣ,２中住専,未改装,4700.0
4420,夙川,2.0,4.0,３ＬＤＫ,70.0,2012.0,14.0,ＲＣ,２中住専,未改装,4000.0
4421,西宮(阪神),6.0,4.0,３ＬＤＫ,65.0,2015.0,15.0,ＳＲＣ,近隣商業,未改装,2300.0
4422,西宮(阪神),6.0,4.0,３ＬＤＫ,65.0,2015.0,15.0,ＳＲＣ,近隣商業,未改装,2500.0
4423,洲先,3.0,4.0,３ＬＤＫ,75.0,2015.0,16.0,ＲＣ,１種住居,改装済み,2600.0
4424,香櫨園,15.0,4.0,３ＬＤＫ,60.0,2016.0,38.0,ＳＲＣ,準工業,未改装,1000.0
4425,香櫨園,15.0,3.0,２ＤＫ,60.0,2016.0,38.0,ＳＲＣ,準工業,改装済み,1700.0
4426,香櫨園,15.0,3.0,２ＬＤＫ,70.0,2016.0,38.0,ＳＲＣ,準工業,未改装,1400.0
4427,東鳴尾,4.0,4.0,３ＬＤＫ,65.0,2015.0,36.0,ＳＲＣ,１種住居,改装済み,1500.0
4428,東鳴尾,5.0,4.0,３ＬＤＫ,60.0,2015.0,38.0,ＲＣ,１種住居,改装済み,1500.0
4430,西宮(阪神),16.0,4.0,３ＬＤＫ,75.0,2016.0,11.0,ＲＣ,準工業,未改装,2800.0
4431,甲陽園,24.0,4.0,３ＬＤＫ,70.0,2016.0,36.0,ＲＣ,１中住専,改装済み,1500.0
4432,今津(阪神),15.0,4.0,３ＬＤＫ,70.0,2015.0,19.0,ＲＣ,準工業,未改装,1900.0
4433,今津(阪神),15.0,5.0,４ＬＤＫ,90.0,2015.0,9.0,ＲＣ,準工業,未改装,3300.0
4434,今津(阪神),15.0,4.0,３ＬＤＫ,75.0,2015.0,9.0,ＲＣ,準工業,未改装,2800.0
4436,甲東園,19.0,3.0,２ＬＤＫ,60.0,2016.0,39.0,ＲＣ,１中住専,未改装,820.0
4437,甲東園,20.0,4.0,３ＬＤＫ,70.0,2016.0,1.0,ＲＣ,１中住専,改装済み,2900.0
4438,甲東園,19.0,4.0,３ＬＤＫ,70.0,2016.0,18.0,ＲＣ,１中住専,改装済み,2900.0
4439,甲東園,19.0,4.0,３ＬＤＫ,70.0,2016.0,18.0,ＲＣ,１中住専,改装済み,2900.0
4440,甲東園,18.0,4.0,３ＬＤＫ,70.0,2016.0,17.0,ＲＣ,１中住専,改装済み,2800.0
4441,甲東園,19.0,4.0,３ＬＤＫ,70.0,2016.0,18.0,ＲＣ,１中住専,改装済み,2400.0
4442,西宮(阪神),20.0,4.0,３ＬＤＫ,80.0,2015.0,18.0,ＳＲＣ,準工業,未改装,2000.0
4443,甲東園,19.0,4.0,３ＬＤＫ,70.0,2016.0,18.0,ＲＣ,１中住専,改装済み,2800.0
4444,西宮(阪神),16.0,4.0,３ＬＤＫ,65.0,2015.0,18.0,ＲＣ,準工業,未改装,2000.0
4445,甲東園,19.0,4.0,３ＬＤＫ,70.0,2016.0,18.0,ＲＣ,１中住専,改装済み,2900.0
4446,西宮(阪神),20.0,4.0,３ＬＤＫ,70.0,2015.0,18.0,ＲＣ,準工業,未改装,1800.0
4447,西宮(阪神),20.0,4.0,３ＬＤＫ,65.0,2015.0,19.0,ＲＣ,準工業,未改装,2000.0
4448,仁川,24.0,4.0,３ＬＤＫ,70.0,2016.0,1.0,ＲＣ,１中住専,改装済み,2900.0
4449,西宮名塩,15.0,3.0,２ＬＤＫ,95.0,2015.0,21.0,ＲＣ,１中住専,未改装,1600.0
4450,西宮名塩,14.0,4.0,３ＬＤＫ,80.0,2015.0,18.0,ＲＣ,１中住専,未改装,1200.0
4451,西宮名塩,11.0,5.0,４ＬＤＫ,55.0,2015.0,12.0,ＲＣ,１中住専,未改装,2400.0
4452,西宮名塩,5.0,4.0,３ＬＤＫ,80.0,2015.0,19.0,ＲＣ,１中住専,未改装,1500.0
4453,西宮名塩,14.0,4.0,３ＬＤＫ,70.0,2015.0,18.0,ＲＣ,１中住専,改装済み,1200.0
4454,西宮(ＪＲ),2.0,4.0,３ＬＤＫ,90.0,2012.0,19.0,ＳＲＣ,近隣商業,未改装,3300.0
4455,西宮(ＪＲ),3.0,2.0,１Ｋ,20.0,2012.0,28.0,ＲＣ,近隣商業,改装済み,600.0
4457,久寿川,15.0,4.0,３ＬＤＫ,60.0,2016.0,18.0,ＳＲＣ,１種住居,改装済み,2200.0
4459,久寿川,13.0,4.0,３ＬＤＫ,70.0,2016.0,4.0,ＲＣ,準工業,未改装,2300.0
4460,西宮(ＪＲ),1.0,4.0,３ＬＤＫ,90.0,2012.0,19.0,ＳＲＣ,近隣商業,改装済み,3600.0
4462,久寿川,13.0,4.0,３ＬＤＫ,70.0,2016.0,19.0,ＳＲＣ,１種住居,未改装,2300.0
4463,今津(阪神),5.0,5.0,４ＬＤＫ,100.0,2016.0,27.0,ＲＣ,近隣商業,未改装,2500.0
4464,久寿川,18.0,5.0,４ＬＤＫ,90.0,2016.0,33.0,ＲＣ,１種住居,改装済み,1600.0
4465,苦楽園口,9.0,3.0,２ＬＤＫ,65.0,2015.0,41.0,ＲＣ,１種住居,未改装,1700.0
4466,苦楽園口,14.0,4.0,３ＤＫ,60.0,2015.0,43.0,ＲＣ,１中住専,未改装,1100.0
4467,苦楽園口,9.0,4.0,３ＬＤＫ,65.0,2015.0,41.0,ＲＣ,１種住居,未改装,1100.0
4468,苦楽園口,14.0,4.0,３ＬＤＫ,75.0,2015.0,18.0,ＲＣ,１中住専,未改装,2300.0
4469,苦楽園口,9.0,4.0,３ＬＤＫ,65.0,2015.0,41.0,ＲＣ,１種住居,未改装,1400.0
4470,苦楽園口,8.0,4.0,３ＬＤＫ,75.0,2015.0,4.0,ＲＣ,１種住居,未改装,5300.0
4471,苦楽園口,14.0,4.0,３ＬＤＫ,85.0,2015.0,7.0,ＲＣ,１中住専,改装済み,5200.0
4472,苦楽園口,16.0,5.0,３ＬＤＫ＋Ｓ,85.0,2015.0,33.0,ＲＣ,１中住専,未改装,2400.0
4473,香櫨園,15.0,4.0,３ＬＤＫ,60.0,2012.0,34.0,ＳＲＣ,準工業,改装済み,1400.0
4474,香櫨園,13.0,5.0,４ＬＤＫ,95.0,2012.0,9.0,ＲＣ,１種住居,未改装,2800.0
4475,香櫨園,14.0,3.0,２ＬＤＫ,65.0,2012.0,20.0,ＲＣ,１種住居,未改装,1300.0
4476,香櫨園,15.0,4.0,３ＬＤＫ,60.0,2012.0,34.0,ＳＲＣ,準工業,未改装,1100.0
4477,西宮(阪神),20.0,4.0,３ＬＤＫ,75.0,2012.0,10.0,ＲＣ,準工業,未改装,2900.0
4478,甲東園,18.0,4.0,３ＬＤＫ,80.0,2016.0,27.0,ＲＣ,１中住専,改装済み,2600.0
4479,苦楽園口,23.0,4.0,３ＬＤＫ,70.0,2012.0,17.0,ＲＣ,１中住専,改装済み,2100.0
4480,門戸厄神,15.0,4.0,３ＬＤＫ,75.0,2015.0,20.0,ＲＣ,１中住専,未改装,2300.0
4481,西宮北口,30.0,4.0,３ＬＤＫ,70.0,2016.0,19.0,ＲＣ,１中住専,未改装,1700.0
4482,西宮北口,19.0,2.0,１Ｋ,15.0,2015.0,29.0,ＲＣ,１中住専,未改装,600.0
4483,西宮北口,19.0,4.0,３ＬＤＫ,70.0,2015.0,15.0,ＲＣ,１中住専,未改装,2400.0
4484,久寿川,5.0,4.0,３ＬＤＫ,70.0,2012.0,27.0,ＳＲＣ,近隣商業,改装済み,1500.0
4485,甲陽園,16.0,4.0,３ＤＫ,75.0,2016.0,38.0,ＳＲＣ,１中住専,改装済み,1300.0
4486,甲陽園,16.0,4.0,３ＬＤＫ,60.0,2016.0,38.0,ＳＲＣ,１中住専,改装済み,970.0
4487,甲陽園,15.0,4.0,３ＬＤＫ,65.0,2016.0,38.0,ＲＣ,１中住専,改装済み,930.0
4488,西宮北口,6.0,1.0,１Ｒ,15.0,2015.0,28.0,ＲＣ,近隣商業,改装済み,500.0
4489,西宮北口,7.0,1.0,１Ｒ,15.0,2015.0,27.0,ＲＣ,２種住居,未改装,370.0
4490,久寿川,12.0,4.0,３ＬＤＫ,60.0,2012.0,16.0,ＳＲＣ,１種住居,未改装,1700.0
4491,久寿川,11.0,4.0,３ＬＤＫ,80.0,2012.0,16.0,ＲＣ,１種住居,未改装,2300.0
4492,西宮北口,12.0,4.0,３ＬＤＫ,75.0,2015.0,9.0,ＲＣ,１中住専,未改装,4000.0
4493,久寿川,20.0,5.0,４ＬＤＫ,90.0,2012.0,29.0,ＲＣ,１種住居,未改装,1000.0
4494,甲子園口,6.0,4.0,２ＬＤＫ＋Ｓ,70.0,2015.0,7.0,ＲＣ,１中住専,未改装,3900.0
4495,久寿川,18.0,4.0,３ＬＤＫ,70.0,2012.0,29.0,ＲＣ,１種住居,改装済み,1300.0
4496,甲子園口,6.0,4.0,３ＬＤＫ,100.0,2015.0,44.0,ＲＣ,１中住専,改装済み,2500.0
4497,甲子園口,6.0,5.0,３ＬＤＫ＋Ｓ,120.0,2015.0,47.0,ＲＣ,１中住専,未改装,3200.0
4498,甲子園口,2.0,5.0,４ＬＤＫ,110.0,2015.0,29.0,ＲＣ,近隣商業,未改装,3400.0
4499,鳴尾・武庫川女子大前,11.0,5.0,４ＬＤＫ,80.0,2015.0,36.0,ＳＲＣ,１中住専,改装済み,2000.0
4501,苦楽園口,4.0,3.0,２ＬＤＫ,70.0,2015.0,15.0,ＲＣ,１種住居,未改装,3700.0
4503,久寿川,5.0,4.0,３ＬＤＫ,65.0,2012.0,6.0,ＲＣ,１種住居,未改装,2400.0
4504,香櫨園,7.0,4.0,３ＬＤＫ,75.0,2015.0,7.0,ＲＣ,１中住専,未改装,3300.0
4505,甲東園,19.0,4.0,３ＬＤＫ,80.0,2012.0,23.0,ＲＣ,１中住専,改装済み,1700.0
4506,西宮(阪神),15.0,4.0,３ＬＤＫ,70.0,2015.0,2.0,ＲＣ,準工業,未改装,2700.0
4507,甲陽園,16.0,4.0,２ＬＤＫ＋Ｓ,60.0,2012.0,14.0,ＲＣ,１中住専,未改装,1300.0
4508,夙川,4.0,4.0,３ＬＤＫ,75.0,2015.0,18.0,ＲＣ,１中住専,未改装,3500.0
4510,甲東園,25.0,4.0,３ＬＤＫ,70.0,2012.0,15.0,ＲＣ,１中住専,改装済み,2100.0
4511,甲陽園,24.0,5.0,４ＬＤＫ,85.0,2012.0,15.0,ＲＣ,１中住専,未改装,2000.0
4512,香櫨園,3.0,4.0,３ＬＤＫ,85.0,2015.0,19.0,ＲＣ,１中住専,未改装,2700.0
4513,香櫨園,5.0,4.0,３ＬＤＫ,95.0,2015.0,26.0,ＲＣ,１中住専,改装済み,3400.0
4514,苦楽園口,16.0,5.0,４ＬＤＫ,80.0,2016.0,42.0,ＲＣ,１中住専,改装済み,2000.0
4515,苦楽園口,18.0,5.0,４ＬＤＫ,80.0,2016.0,21.0,ＲＣ,１中住専,未改装,2600.0
4516,さくら夙川,6.0,4.0,３ＬＤＫ,110.0,2015.0,26.0,ＲＣ,１中住専,未改装,3900.0
4517,苦楽園口,16.0,4.0,３ＬＤＫ,60.0,2016.0,41.0,鉄骨造,１低住専,未改装,420.0
4518,さくら夙川,7.0,4.0,３ＬＤＫ,95.0,2015.0,26.0,ＲＣ,１中住専,未改装,3600.0
4519,苦楽園口,18.0,3.0,２ＬＤＫ,55.0,2016.0,41.0,鉄骨造,１低住専,改装済み,700.0
4520,甲陽園,19.0,4.0,３ＬＤＫ,85.0,2012.0,18.0,ＲＣ,１中住専,未改装,2300.0
4521,夙川,8.0,4.0,３ＬＤＫ,70.0,2015.0,3.0,ＲＣ,１中住専,未改装,4800.0
4522,夙川,6.0,3.0,２ＬＤＫ,65.0,2015.0,9.0,ＲＣ,１中住専,未改装,4200.0
4523,夙川,20.0,3.0,２ＬＤＫ,70.0,2016.0,19.0,ＲＣ,１中住専,未改装,2500.0
4524,夙川,20.0,5.0,４ＬＤＫ,85.0,2016.0,19.0,ＲＣ,１中住専,未改装,2600.0
4525,甲陽園,16.0,4.0,３ＬＤＫ,65.0,2012.0,34.0,ＲＣ,１中住専,未改装,720.0
4526,甲子園口,9.0,4.0,３ＬＤＫ,70.0,2015.0,38.0,ＲＣ,１中住専,改装済み,2000.0
4527,甲陽園,16.0,4.0,３ＬＤＫ,75.0,2012.0,34.0,ＲＣ,１中住専,未改装,1100.0
4528,甲子園口,6.0,4.0,３ＬＤＫ,105.0,2015.0,22.0,ＲＣ,１中住専,未改装,3400.0
4529,甲子園口,7.0,4.0,３ＬＤＫ,75.0,2015.0,8.0,ＲＣ,１中住専,未改装,4100.0
4530,西宮(ＪＲ),4.0,4.0,３ＬＤＫ,60.0,2015.0,27.0,ＳＲＣ,近隣商業,未改装,1300.0
4531,甲子園口,13.0,4.0,３ＬＤＫ,80.0,2015.0,12.0,ＲＣ,１中住専,未改装,3900.0
4532,夙川,13.0,4.0,３ＬＤＫ,85.0,2016.0,4.0,ＲＣ,１中住専,未改装,5500.0
4533,甲子園口,15.0,4.0,３ＬＤＫ,80.0,2015.0,12.0,ＲＣ,１中住専,未改装,3700.0
4534,夙川,16.0,4.0,３ＬＤＫ,80.0,2016.0,42.0,ＲＣ,１中住専,未改装,1100.0
4535,武庫川団地前,2.0,5.0,４ＬＤＫ,80.0,2012.0,31.0,ＳＲＣ,準工業,改装済み,1500.0
4536,武庫川団地前,3.0,5.0,４ＬＤＫ,85.0,2012.0,31.0,ＳＲＣ,準工業,未改装,2000.0
4537,洲先,8.0,5.0,４ＬＤＫ,80.0,2012.0,31.0,ＲＣ,１種住居,未改装,1100.0
4538,西宮北口,16.0,4.0,３ＬＤＫ,75.0,2015.0,12.0,ＲＣ,１中住専,未改装,3000.0
4539,洲先,10.0,4.0,３ＬＤＫ,70.0,2012.0,11.0,ＲＣ,１種住居,改装済み,2800.0
4540,洲先,8.0,5.0,４ＬＤＫ,95.0,2012.0,31.0,ＲＣ,１種住居,改装済み,1900.0
4541,鳴尾・武庫川女子大前,15.0,4.0,３ＬＤＫ,70.0,2012.0,11.0,ＲＣ,１種住居,未改装,2300.0
4542,西宮北口,9.0,4.0,３ＬＤＫ,75.0,2016.0,5.0,ＲＣ,１中住専,未改装,4500.0
4543,西宮北口,13.0,3.0,２ＬＤＫ,60.0,2016.0,16.0,ＲＣ,準住居,未改装,2500.0
4544,西宮北口,11.0,4.0,３ＬＤＫ,70.0,2015.0,13.0,ＲＣ,１中住専,未改装,3200.0
4545,西宮北口,12.0,4.0,３ＬＤＫ,70.0,2015.0,13.0,ＲＣ,１中住専,改装済み,3400.0
4546,香櫨園,15.0,3.0,２ＬＤＫ,65.0,2016.0,16.0,ＲＣ,１種住居,改装済み,2400.0
4547,香櫨園,13.0,4.0,３ＬＤＫ,80.0,2016.0,5.0,ＲＣ,１種住居,未改装,3100.0
4548,門戸厄神,5.0,4.0,２ＬＤＫ＋Ｓ,70.0,2015.0,16.0,ＲＣ,２中住専,未改装,2300.0
4549,苦楽園口,18.0,4.0,３ＬＤＫ,90.0,2012.0,2.0,ＲＣ,１中住専,未改装,4200.0
4550,苦楽園口,18.0,4.0,３ＬＤＫ,85.0,2012.0,2.0,ＲＣ,１中住専,未改装,4000.0
4551,苦楽園口,18.0,5.0,４ＬＤＫ,85.0,2012.0,2.0,ＲＣ,１中住専,未改装,4000.0
4552,苦楽園口,18.0,4.0,３ＬＤＫ,70.0,2012.0,2.0,ＲＣ,１中住専,未改装,3500.0
4553,苦楽園口,29.0,4.0,３ＬＤＫ,60.0,2012.0,37.0,鉄骨造,１低住専,未改装,330.0
4554,苦楽園口,18.0,5.0,４ＬＤＫ,95.0,2012.0,15.0,ＲＣ,１中住専,改装済み,3300.0
4555,苦楽園口,18.0,3.0,２ＬＤＫ,65.0,2012.0,8.0,ＲＣ,１中住専,未改装,2600.0
4556,西宮北口,14.0,4.0,３ＬＤＫ,70.0,2016.0,19.0,ＲＣ,１中住専,未改装,3200.0
4557,苦楽園口,18.0,3.0,２ＬＤＫ,65.0,2012.0,8.0,ＲＣ,１中住専,未改装,2800.0
4558,西宮北口,14.0,4.0,３ＬＤＫ,85.0,2016.0,19.0,ＲＣ,１中住専,未改装,3800.0
4559,苦楽園口,14.0,4.0,３ＬＤＫ,70.0,2016.0,18.0,ＳＲＣ,１種住居,未改装,2000.0
4560,苦楽園口,14.0,4.0,３ＬＤＫ,70.0,2016.0,19.0,ＲＣ,１中住専,改装済み,2800.0
4562,鳴尾・武庫川女子大前,8.0,5.0,４ＬＤＫ,85.0,2016.0,19.0,ＲＣ,１中住専,改装済み,3700.0
4563,夙川,14.0,3.0,２ＬＤＫ,70.0,2012.0,38.0,ＲＣ,１中住専,未改装,900.0
4564,夙川,14.0,4.0,３ＬＤＫ,70.0,2012.0,38.0,ＲＣ,１中住専,改装済み,1500.0
4565,夙川,13.0,4.0,３ＬＤＫ,70.0,2012.0,38.0,ＲＣ,１中住専,未改装,970.0
4566,夙川,13.0,4.0,３ＬＤＫ,70.0,2012.0,38.0,ＲＣ,１中住専,未改装,1100.0
4567,夙川,9.0,4.0,３ＬＤＫ,65.0,2012.0,17.0,ＲＣ,１中住専,改装済み,2400.0
4568,甲子園,13.0,5.0,４ＬＤＫ,95.0,2015.0,10.0,ＲＣ,２種住居,未改装,4000.0
4569,甲子園,11.0,4.0,３ＬＤＫ,75.0,2015.0,13.0,ＲＣ,２中住専,未改装,3200.0
4570,さくら夙川,4.0,4.0,３ＬＤＫ,70.0,2016.0,37.0,ＳＲＣ,近隣商業,改装済み,2900.0
4571,さくら夙川,3.0,4.0,３ＬＤＫ,90.0,2016.0,37.0,ＳＲＣ,近隣商業,未改装,2400.0
4572,甲子園,13.0,5.0,４ＬＤＫ,95.0,2015.0,10.0,ＲＣ,２種住居,未改装,4100.0
4573,さくら夙川,3.0,4.0,３ＬＤＫ,60.0,2016.0,37.0,ＳＲＣ,近隣商業,未改装,2000.0
4574,甲子園,13.0,4.0,３ＬＤＫ,80.0,2015.0,10.0,ＲＣ,２種住居,未改装,3500.0
4576,西宮北口,13.0,4.0,３ＬＤＫ,60.0,2012.0,15.0,ＲＣ,１中住専,改装済み,2000.0
4577,香櫨園,13.0,4.0,３ＬＤＫ,75.0,2012.0,1.0,ＲＣ,１種住居,未改装,2400.0
4578,西宮北口,6.0,4.0,３ＬＤＫ,65.0,2015.0,17.0,ＳＲＣ,１中住専,未改装,2800.0
4579,西宮北口,7.0,4.0,３ＬＤＫ,65.0,2015.0,17.0,ＳＲＣ,１中住専,未改装,2500.0
4581,西宮北口,6.0,4.0,３ＬＤＫ,75.0,2015.0,1.0,ＲＣ,１種住居,未改装,5200.0
4582,西宮北口,6.0,4.0,３ＬＤＫ,75.0,2015.0,1.0,ＲＣ,１種住居,未改装,4700.0
4583,西宮北口,8.0,4.0,３ＬＤＫ,75.0,2015.0,1.0,ＲＣ,１種住居,未改装,5100.0
4585,夙川,7.0,2.0,１Ｋ,15.0,2016.0,32.0,ＲＣ,１中住専,未改装,530.0
4586,夙川,7.0,2.0,１Ｋ,15.0,2016.0,32.0,ＲＣ,１中住専,未改装,650.0
4587,苦楽園口,14.0,4.0,３ＬＤＫ,80.0,2012.0,14.0,ＳＲＣ,１種住居,未改装,2300.0
4588,さくら夙川,6.0,4.0,３ＬＤＫ,65.0,2012.0,16.0,ＲＣ,１中住専,未改装,2700.0
4589,さくら夙川,6.0,4.0,３ＬＤＫ,65.0,2012.0,16.0,ＲＣ,１中住専,未改装,2800.0
4590,さくら夙川,7.0,1.0,１Ｒ,20.0,2012.0,18.0,ＲＣ,１中住専,未改装,550.0
4591,甲東園,12.0,4.0,３ＬＤＫ,75.0,2016.0,38.0,ＳＲＣ,１種住居,未改装,1400.0
4592,さくら夙川,6.0,4.0,３ＬＤＫ,65.0,2012.0,16.0,ＲＣ,１中住専,未改装,2600.0
4593,門戸厄神,5.0,4.0,３ＬＤＫ,70.0,2015.0,15.0,ＲＣ,１中住専,未改装,2900.0
4594,門戸厄神,8.0,4.0,３ＬＤＫ,80.0,2015.0,18.0,ＲＣ,１中住専,未改装,3100.0
4595,苦楽園口,15.0,4.0,３ＬＤＫ,70.0,2016.0,9.0,ＲＣ,１中住専,未改装,1900.0
4596,苦楽園口,14.0,4.0,３ＬＤＫ,105.0,2016.0,29.0,ＲＣ,１中住専,改装済み,5000.0
4597,苦楽園口,14.0,4.0,３ＬＤＫ,85.0,2016.0,29.0,ＲＣ,１中住専,改装済み,3700.0
4598,苦楽園口,14.0,4.0,３ＬＤＫ,95.0,2016.0,29.0,ＲＣ,１中住専,改装済み,4200.0
4599,苦楽園口,15.0,4.0,３ＬＤＫ,90.0,2016.0,29.0,ＲＣ,１中住専,未改装,3600.0
4601,門戸厄神,4.0,4.0,３ＬＤＫ,70.0,2015.0,18.0,ＳＲＣ,１中住専,未改装,2900.0
4602,苦楽園口,14.0,4.0,３ＬＤＫ,95.0,2016.0,29.0,ＲＣ,１中住専,未改装,4000.0
4603,門戸厄神,3.0,4.0,３ＬＤＫ,70.0,2015.0,18.0,ＳＲＣ,１中住専,未改装,3200.0
4604,さくら夙川,4.0,4.0,３ＬＤＫ,65.0,2012.0,33.0,ＳＲＣ,近隣商業,改装済み,1900.0
4605,夙川,23.0,4.0,３ＬＤＫ,80.0,2016.0,12.0,ＲＣ,１中住専,未改装,3100.0
4606,さくら夙川,4.0,4.0,３ＬＤＫ,60.0,2012.0,33.0,ＳＲＣ,近隣商業,改装済み,1700.0
4607,さくら夙川,2.0,4.0,３ＬＤＫ,60.0,2012.0,15.0,ＲＣ,近隣商業,改装済み,2100.0
4608,東鳴尾,5.0,4.0,３ＬＤＫ,80.0,2012.0,21.0,ＳＲＣ,１種住居,未改装,1900.0
4609,西宮北口,20.0,3.0,２ＬＤＫ,60.0,2015.0,11.0,ＲＣ,２中住専,未改装,2600.0
4610,久寿川,10.0,4.0,３ＬＤＫ,70.0,2016.0,7.0,ＲＣ,準工業,未改装,3300.0
4611,門戸厄神,9.0,5.0,４ＬＤＫ,80.0,2015.0,11.0,ＲＣ,２中住専,改装済み,3100.0
4612,門戸厄神,9.0,4.0,３ＬＤＫ,70.0,2015.0,11.0,ＲＣ,２中住専,未改装,3200.0
4613,夙川,6.0,3.0,２ＬＤＫ,85.0,2012.0,13.0,ＲＣ,１中住専,未改装,4300.0
4614,門戸厄神,10.0,4.0,３ＬＤＫ,70.0,2015.0,9.0,ＲＣ,１中住専,未改装,4200.0
4615,西宮(ＪＲ),20.0,4.0,３ＬＤＫ,70.0,2015.0,17.0,ＲＣ,１種住居,改装済み,2400.0
4616,西宮北口,20.0,4.0,３ＬＤＫ,70.0,2015.0,17.0,ＲＣ,１種住居,未改装,2600.0
4617,甲子園口,20.0,4.0,３ＤＫ,50.0,2016.0,19.0,ＳＲＣ,近隣商業,改装済み,1500.0
4618,苦楽園口,13.0,3.0,２ＬＤＫ,85.0,2012.0,38.0,ＲＣ,１中住専,未改装,500.0
4619,苦楽園口,18.0,3.0,２ＬＤＫ,75.0,2012.0,9.0,ＲＣ,１中住専,未改装,2700.0
4620,苦楽園口,16.0,2.0,１ＬＤＫ,60.0,2012.0,8.0,ＲＣ,１中住専,未改装,1900.0
4621,甲東園,8.0,4.0,３ＬＤＫ,75.0,2016.0,16.0,ＲＣ,１低住専,未改装,3200.0
4622,西宮(阪神),18.0,4.0,３ＬＤＫ,60.0,2012.0,8.0,ＲＣ,１中住専,未改装,2100.0
4623,武庫之荘,25.0,4.0,３ＬＤＫ,70.0,2012.0,9.0,ＲＣ,１中住専,改装済み,2800.0
4624,久寿川,11.0,4.0,３ＬＤＫ,65.0,2012.0,3.0,ＲＣ,準工業,未改装,3000.0
4626,苦楽園口,9.0,4.0,３ＬＤＫ,75.0,2016.0,0.0,ＲＣ,１中住専,未改装,5100.0
4628,苦楽園口,9.0,4.0,３ＬＤＫ,75.0,2016.0,0.0,ＲＣ,１中住専,未改装,4500.0
4629,苦楽園口,9.0,4.0,３ＬＤＫ,100.0,2016.0,0.0,ＲＣ,１中住専,未改装,7000.0
4630,甲子園,9.0,4.0,３ＬＤＫ,70.0,2012.0,2.0,ＲＣ,１中住専,未改装,4000.0
4631,甲子園口,16.0,4.0,３ＤＫ,50.0,2012.0,15.0,ＳＲＣ,近隣商業,未改装,900.0
4632,甲子園口,12.0,3.0,２ＤＫ,40.0,2012.0,40.0,鉄骨造,２中住専,未改装,520.0
4633,甲子園口,13.0,5.0,４ＤＫ,60.0,2012.0,40.0,鉄骨造,２中住専,未改装,720.0
4634,甲子園口,13.0,3.0,２ＬＤＫ,55.0,2012.0,40.0,鉄骨造,２中住専,改装済み,780.0
4635,打出,9.0,5.0,４ＬＤＫ,180.0,2015.0,25.0,ＲＣ,１中住専,改装済み,6000.0
4636,阪神国道,13.0,4.0,３ＬＤＫ,75.0,2012.0,26.0,ＳＲＣ,１種住居,改装済み,1600.0
4637,苦楽園口,9.0,5.0,４ＬＤＫ,90.0,2012.0,11.0,ＲＣ,１中住専,未改装,5000.0
4638,甲陽園,3.0,2.0,１ＬＤＫ,40.0,2016.0,18.0,ＲＣ,１中住専,未改装,1800.0
4639,香櫨園,15.0,5.0,４ＬＤＫ,175.0,2015.0,24.0,ＲＣ,１種住居,未改装,4200.0
4641,香櫨園,10.0,4.0,３ＬＤＫ,70.0,2015.0,8.0,ＲＣ,近隣商業,未改装,3000.0
4642,香櫨園,11.0,4.0,３ＬＤＫ,55.0,2015.0,13.0,ＲＣ,近隣商業,未改装,2600.0
4643,香櫨園,8.0,3.0,２ＬＤＫ,85.0,2015.0,24.0,ＲＣ,１種住居,未改装,2600.0
4644,香櫨園,10.0,3.0,２ＬＤＫ,55.0,2015.0,13.0,ＲＣ,近隣商業,未改装,2500.0
4645,香櫨園,8.0,4.0,３ＬＤＫ,70.0,2015.0,9.0,ＲＣ,１種住居,未改装,3100.0
4646,西宮(ＪＲ),9.0,4.0,３ＬＤＫ,65.0,2015.0,12.0,ＲＣ,近隣商業,未改装,2700.0
4647,香櫨園,9.0,4.0,３ＬＤＫ,65.0,2016.0,16.0,ＲＣ,１中住専,未改装,2500.0
4649,香櫨園,14.0,5.0,４ＬＤＫ,95.0,2016.0,11.0,ＲＣ,１中住専,改装済み,4000.0
4650,甲東園,8.0,5.0,３ＬＤＫ＋Ｓ,80.0,2012.0,12.0,ＲＣ,１低住専,未改装,3200.0
4651,西宮北口,3.0,4.0,３ＬＤＫ,65.0,2015.0,10.0,ＲＣ,２種住居,未改装,3900.0
4652,西宮北口,3.0,4.0,３ＬＤＫ,65.0,2015.0,15.0,ＳＲＣ,２種住居,未改装,6300.0
4653,西宮北口,5.0,4.0,３ＬＤＫ,90.0,2015.0,15.0,ＳＲＣ,２種住居,未改装,5200.0
4654,西宮北口,3.0,3.0,２ＬＤＫ,75.0,2015.0,15.0,ＳＲＣ,２種住居,未改装,3600.0
4655,西宮北口,6.0,4.0,３ＬＤＫ,70.0,2015.0,10.0,ＲＣ,２種住居,未改装,4300.0
4656,西宮北口,3.0,4.0,３ＬＤＫ,80.0,2015.0,15.0,ＳＲＣ,２種住居,改装済み,4400.0
4657,甲東園,13.0,4.0,３ＬＤＫ,75.0,2012.0,6.0,ＲＣ,１低住専,未改装,3500.0
4658,西宮北口,3.0,3.0,２ＬＤＫ,85.0,2015.0,15.0,ＳＲＣ,２種住居,未改装,3300.0
4659,西宮北口,6.0,4.0,３ＬＤＫ,75.0,2015.0,4.0,ＲＣ,２種住居,未改装,4600.0
4660,西宮北口,3.0,4.0,３ＬＤＫ,80.0,2015.0,15.0,ＳＲＣ,２種住居,改装済み,5300.0
4661,打出,8.0,5.0,４ＬＤＫ,100.0,2016.0,13.0,ＲＣ,１中住専,未改装,4000.0
4663,西宮北口,5.0,4.0,３ＬＤＫ,80.0,2015.0,15.0,ＳＲＣ,２種住居,改装済み,4600.0
4664,西宮(阪神),6.0,5.0,４ＬＤＫ,105.0,2015.0,17.0,ＳＲＣ,近隣商業,未改装,4700.0
4665,香櫨園,12.0,5.0,４ＬＤＫ,100.0,2016.0,32.0,ＲＣ,１中住専,未改装,2000.0
4666,甲陽園,14.0,4.0,３ＬＤＫ,60.0,2015.0,39.0,ＲＣ,１中住専,改装済み,1400.0
4667,香櫨園,6.0,3.0,２ＬＤＫ,50.0,2016.0,18.0,ＲＣ,１中住専,未改装,1500.0
4668,香櫨園,2.0,4.0,３ＬＤＫ,85.0,2016.0,18.0,ＳＲＣ,１中住専,未改装,2700.0
4669,西宮北口,15.0,4.0,３ＬＤＫ,80.0,2016.0,3.0,ＲＣ,１中住専,未改装,5000.0
4670,香櫨園,14.0,5.0,４ＬＤＫ,95.0,2012.0,7.0,ＲＣ,１中住専,未改装,3800.0
4671,香櫨園,7.0,4.0,３ＬＤＫ,70.0,2012.0,14.0,ＲＣ,１中住専,未改装,2800.0
4672,香櫨園,12.0,3.0,２ＬＤＫ,95.0,2012.0,14.0,ＲＣ,１中住専,未改装,4100.0
4673,夙川,8.0,4.0,３ＬＤＫ,75.0,2015.0,18.0,ＲＣ,１中住専,未改装,3900.0
4674,門戸厄神,11.0,4.0,３ＬＤＫ,70.0,2015.0,15.0,ＲＣ,１中住専,未改装,2500.0
4676,西宮北口,7.0,3.0,２ＤＫ,45.0,2016.0,18.0,ＳＲＣ,１中住専,未改装,1900.0
4677,苦楽園口,7.0,4.0,３ＬＤＫ,75.0,2016.0,4.0,ＲＣ,１中住専,未改装,4600.0
4678,香櫨園,2.0,4.0,３ＬＤＫ,65.0,2012.0,14.0,ＳＲＣ,１中住専,未改装,2200.0
4679,香櫨園,2.0,4.0,３ＬＤＫ,75.0,2012.0,14.0,ＳＲＣ,準住居,改装済み,2700.0
4680,香櫨園,5.0,2.0,１ＤＫ,50.0,2012.0,14.0,ＲＣ,１中住専,改装済み,1800.0
4681,甲子園口,12.0,4.0,３ＬＤＫ,70.0,2012.0,7.0,ＲＣ,１種住居,未改装,2700.0
4682,甲陽園,10.0,3.0,２ＬＤＫ,65.0,2012.0,8.0,ＲＣ,１種住居,未改装,2200.0
4683,苦楽園口,5.0,3.0,２ＬＤＫ,75.0,2012.0,11.0,ＲＣ,１低住専,未改装,4200.0
4684,苦楽園口,6.0,3.0,２ＬＤＫ,80.0,2012.0,11.0,ＲＣ,１低住専,未改装,5200.0
4685,西宮北口,8.0,4.0,３ＬＤＫ,70.0,2012.0,14.0,ＲＣ,１中住専,未改装,2700.0
4686,西宮(阪神),12.0,4.0,３ＬＤＫ,65.0,2016.0,42.0,ＳＲＣ,準工業,改装済み,1500.0
4687,西宮(阪神),12.0,4.0,３ＬＤＫ,55.0,2016.0,42.0,ＳＲＣ,準工業,未改装,630.0
4688,西宮(阪神),12.0,4.0,３ＬＤＫ,55.0,2016.0,42.0,ＳＲＣ,準工業,未改装,550.0
4689,甲子園口,8.0,4.0,３ＬＤＫ,70.0,2016.0,43.0,ＲＣ,１中住専,未改装,1200.0
4690,甲子園口,6.0,4.0,３ＬＤＫ,70.0,2016.0,2.0,ＲＣ,１中住専,未改装,4700.0
4691,甲子園口,10.0,3.0,２ＬＤＫ,55.0,2016.0,39.0,ＲＣ,１中住専,改装済み,1400.0
4692,甲子園口,7.0,4.0,３ＬＤＫ,70.0,2016.0,9.0,ＲＣ,１中住専,未改装,3900.0
4693,甲子園口,10.0,3.0,２ＬＤＫ,55.0,2016.0,39.0,ＲＣ,１中住専,未改装,900.0
4694,甲子園口,5.0,4.0,３ＬＤＫ,70.0,2016.0,15.0,ＲＣ,１中住専,改装済み,3400.0
4695,西宮(阪神),18.0,4.0,３ＬＤＫ,65.0,2012.0,16.0,ＲＣ,準工業,改装済み,1700.0
4696,西宮(阪神),18.0,5.0,４ＬＤＫ,75.0,2012.0,16.0,ＲＣ,準工業,未改装,1900.0
4697,西宮(阪神),13.0,4.0,３ＬＤＫ,55.0,2012.0,38.0,ＳＲＣ,準工業,改装済み,1200.0
4698,西宮(阪神),13.0,4.0,３ＬＤＫ,70.0,2012.0,38.0,ＳＲＣ,準工業,改装済み,1500.0
4700,甲子園口,11.0,3.0,２ＬＤＫ,55.0,2012.0,35.0,ＲＣ,１中住専,未改装,1300.0
4701,甲子園口,9.0,3.0,２ＬＤＫ,55.0,2012.0,39.0,ＲＣ,１中住専,改装済み,1300.0
4702,甲子園口,12.0,4.0,３ＬＤＫ,70.0,2012.0,1.0,ＲＣ,１中住専,未改装,3700.0
4703,甲子園口,6.0,4.0,３ＬＤＫ,70.0,2012.0,11.0,ＲＣ,１中住専,未改装,3000.0
4704,苦楽園口,8.0,4.0,３ＬＤＫ,70.0,2016.0,14.0,ＲＣ,１中住専,未改装,4000.0
4705,夙川,8.0,4.0,３ＬＤＫ,75.0,2016.0,17.0,ＲＣ,１中住専,未改装,3700.0
4706,苦楽園口,14.0,3.0,２ＬＤＫ,85.0,2012.0,38.0,ＲＣ,１低住専,改装済み,2000.0
4707,甲子園口,14.0,5.0,４ＬＤＫ,70.0,2016.0,15.0,ＲＣ,１種住居,未改装,3400.0
4708,甲子園口,12.0,4.0,３ＬＤＫ,105.0,2016.0,25.0,ＲＣ,１中住専,未改装,3300.0
4709,甲子園,14.0,3.0,２ＬＤＫ,60.0,2016.0,16.0,ＲＣ,１中住専,未改装,2400.0
4710,甲子園,9.0,3.0,２ＬＤＫ,85.0,2016.0,15.0,ＲＣ,１中住専,未改装,4500.0
4711,甲子園,5.0,4.0,３ＬＤＫ,65.0,2016.0,47.0,ＲＣ,近隣商業,改装済み,1400.0
4712,甲子園,5.0,3.0,２ＬＤＫ,55.0,2016.0,47.0,ＲＣ,近隣商業,未改装,800.0
4713,甲子園,5.0,3.0,２ＬＤＫ,60.0,2016.0,42.0,ＲＣ,１種住居,改装済み,1300.0
4714,夙川,8.0,3.0,２ＤＫ,80.0,2012.0,13.0,ＲＣ,１中住専,未改装,4200.0
4715,夙川,8.0,3.0,２ＬＤＫ,80.0,2012.0,13.0,ＲＣ,１中住専,未改装,3500.0
4716,甲子園,14.0,5.0,４ＬＤＫ,90.0,2016.0,10.0,ＲＣ,２種住居,未改装,390.0
4718,甲子園,11.0,4.0,２ＬＤＫ＋Ｓ,60.0,2016.0,18.0,ＲＣ,１中住専,未改装,1900.0
4719,甲子園,10.0,5.0,３ＬＤＫ＋Ｓ,80.0,2016.0,16.0,ＲＣ,２中住専,未改装,2500.0
4720,鳴尾・武庫川女子大前,12.0,4.0,３ＬＤＫ,70.0,2016.0,10.0,ＲＣ,２種住居,改装済み,3200.0
4721,甲子園口,14.0,4.0,３ＬＤＫ,60.0,2012.0,11.0,ＲＣ,１種住居,未改装,2600.0
4722,甲子園口,10.0,5.0,４ＬＤＫ,75.0,2012.0,11.0,ＲＣ,近隣商業,未改装,2900.0
4723,甲子園口,11.0,4.0,３ＬＤＫ,80.0,2012.0,12.0,ＲＣ,１中住専,未改装,4000.0
4724,甲子園口,14.0,4.0,２ＬＤＫ＋Ｓ,65.0,2012.0,11.0,ＲＣ,１種住居,未改装,3100.0
4726,甲子園,15.0,4.0,３ＬＤＫ,65.0,2012.0,16.0,ＲＣ,１中住専,未改装,2700.0
4727,甲子園,11.0,4.0,３ＬＤＫ,65.0,2012.0,43.0,ＲＣ,１中住専,未改装,800.0
4728,甲子園,9.0,4.0,３ＬＤＫ,65.0,2012.0,43.0,ＲＣ,２中住専,改装済み,1700.0
4729,甲子園,6.0,3.0,２ＬＤＫ,70.0,2012.0,26.0,ＲＣ,２種住居,改装済み,2300.0
4730,甲子園,6.0,5.0,４ＬＤＫ,110.0,2012.0,26.0,ＲＣ,２種住居,未改装,3500.0
4731,甲子園,5.0,3.0,２ＬＤＫ,55.0,2012.0,43.0,ＲＣ,近隣商業,未改装,670.0
4732,甲子園,6.0,4.0,３ＬＤＫ,60.0,2012.0,39.0,ＲＣ,２種住居,未改装,1500.0
4733,甲子園,5.0,4.0,３ＬＤＫ,75.0,2012.0,43.0,ＲＣ,近隣商業,改装済み,1700.0
4734,甲子園,6.0,3.0,２ＬＤＫ,70.0,2012.0,26.0,ＲＣ,２種住居,未改装,2500.0
4735,甲子園,6.0,4.0,３ＬＤＫ,85.0,2012.0,26.0,ＲＣ,２種住居,未改装,3300.0
4736,甲子園,6.0,4.0,３ＬＤＫ,60.0,2012.0,39.0,ＲＣ,１種住居,改装済み,1400.0
4737,甲子園,6.0,4.0,３ＬＤＫ,85.0,2012.0,26.0,ＲＣ,２種住居,未改装,3000.0
4738,鳴尾・武庫川女子大前,8.0,4.0,３ＬＤＫ,100.0,2012.0,26.0,ＲＣ,２種住居,未改装,3000.0
4739,甲子園口,5.0,5.0,４ＬＤＫ,85.0,2016.0,4.0,ＲＣ,近隣商業,未改装,5400.0
4740,甲子園口,14.0,4.0,３ＬＤＫ,75.0,2016.0,13.0,ＲＣ,１種住居,未改装,2800.0
4741,甲子園口,7.0,2.0,１ＬＤＫ,40.0,2016.0,18.0,ＲＣ,近隣商業,未改装,1600.0
4742,甲子園口,8.0,4.0,３ＬＤＫ,85.0,2016.0,12.0,ＲＣ,１中住専,改装済み,4100.0
4743,甲子園,14.0,4.0,３ＬＤＫ,70.0,2012.0,6.0,ＲＣ,２種住居,未改装,3100.0
4744,鳴尾・武庫川女子大前,12.0,4.0,３ＬＤＫ,75.0,2012.0,6.0,ＲＣ,２種住居,改装済み,3200.0
4745,鳴尾・武庫川女子大前,12.0,5.0,４ＬＤＫ,110.0,2012.0,6.0,ＲＣ,２種住居,未改装,5200.0
4746,鳴尾・武庫川女子大前,12.0,4.0,３ＬＤＫ,70.0,2012.0,6.0,ＲＣ,２種住居,未改装,3000.0
4747,久寿川,5.0,4.0,３ＬＤＫ,85.0,2012.0,7.0,ＲＣ,２中住専,未改装,5300.0
4749,甲子園口,5.0,3.0,２ＬＤＫ,75.0,2016.0,46.0,ＳＲＣ,１中住専,未改装,1600.0
4750,甲子園口,3.0,5.0,４ＬＤＫ,110.0,2016.0,9.0,ＲＣ,１中住専,未改装,5200.0
4751,甲子園口,4.0,5.0,４ＬＤＫ,75.0,2016.0,38.0,ＲＣ,１中住専,改装済み,2200.0
4752,甲子園口,4.0,4.0,３ＬＤＫ,65.0,2016.0,4.0,ＲＣ,１中住専,未改装,4000.0
4753,甲子園,9.0,3.0,２ＬＤＫ,60.0,2016.0,21.0,ＲＣ,１種住居,改装済み,1700.0
4754,甲子園,7.0,3.0,２ＬＤＫ,55.0,2016.0,30.0,ＳＲＣ,近隣商業,改装済み,2600.0
4755,甲子園,4.0,4.0,３ＬＤＫ,70.0,2016.0,10.0,ＲＣ,近隣商業,改装済み,3500.0
4756,甲子園,13.0,3.0,２ＤＫ,55.0,2016.0,12.0,ＲＣ,近隣商業,未改装,2500.0
4757,甲子園,9.0,4.0,３ＬＤＫ,60.0,2016.0,43.0,ＲＣ,２種住居,未改装,750.0
4758,甲子園,10.0,4.0,３ＬＤＫ,65.0,2016.0,10.0,ＲＣ,１種住居,未改装,3200.0
4759,甲子園口,11.0,4.0,３ＬＤＫ,60.0,2012.0,6.0,ＲＣ,近隣商業,未改装,2100.0
4760,甲子園口,2.0,4.0,３ＬＤＫ,75.0,2012.0,12.0,ＲＣ,近隣商業,未改装,3900.0
4761,甲子園口,9.0,4.0,３ＬＤＫ,65.0,2012.0,40.0,ＲＣ,１中住専,改装済み,1500.0
4762,甲子園口,4.0,3.0,２ＬＤＫ,60.0,2012.0,15.0,ＲＣ,近隣商業,改装済み,2200.0
4763,甲子園口,9.0,4.0,３ＬＤＫ,65.0,2012.0,40.0,ＲＣ,１中住専,改装済み,1000.0
4764,甲子園口,4.0,4.0,３ＬＤＫ,60.0,2012.0,16.0,ＲＣ,近隣商業,未改装,2000.0
4765,甲子園口,6.0,2.0,１Ｋ,15.0,2012.0,28.0,ＲＣ,近隣商業,改装済み,260.0
4766,甲子園口,9.0,4.0,３ＬＤＫ,65.0,2012.0,40.0,ＲＣ,１中住専,改装済み,1400.0
4767,甲東園,2.0,3.0,２ＬＤＫ,65.0,2016.0,28.0,ＲＣ,近隣商業,未改装,2100.0
4769,甲子園口,5.0,5.0,４ＬＤＫ,75.0,2012.0,42.0,ＳＲＣ,１中住専,改装済み,1600.0
4770,甲子園口,3.0,5.0,４ＬＤＫ,100.0,2012.0,5.0,ＲＣ,１中住専,未改装,5000.0
4772,甲子園口,6.0,4.0,３ＬＤＫ,80.0,2012.0,34.0,ＲＣ,１中住専,未改装,1900.0
4773,甲子園口,2.0,4.0,３ＬＤＫ,75.0,2012.0,16.0,ＲＣ,近隣商業,未改装,3600.0
4774,甲子園口,5.0,4.0,３ＬＤＫ,90.0,2012.0,42.0,ＳＲＣ,１中住専,未改装,1600.0
4775,甲子園口,5.0,4.0,３ＬＤＫ,75.0,2012.0,42.0,ＳＲＣ,１中住専,改装済み,1700.0
4776,甲子園口,4.0,4.0,３ＬＤＫ,70.0,2012.0,42.0,ＳＲＣ,１中住専,未改装,860.0
4777,香櫨園,12.0,4.0,３ＬＤＫ,70.0,2016.0,16.0,ＲＣ,１中住専,改装済み,3000.0
4779,甲陽園,9.0,4.0,３ＬＤＫ,70.0,2016.0,17.0,ＲＣ,１低住専,未改装,1700.0
4780,甲陽園,1.0,4.0,３ＬＤＫ,70.0,2016.0,16.0,ＲＣ,２低住専,未改装,3200.0
4781,甲陽園,3.0,4.0,３ＬＤＫ,70.0,2016.0,16.0,ＲＣ,近隣商業,未改装,3300.0
4783,甲子園,9.0,4.0,３ＤＫ,65.0,2012.0,39.0,ＲＣ,２種住居,未改装,900.0
4784,甲子園,11.0,3.0,２ＬＤＫ,55.0,2012.0,8.0,ＲＣ,近隣商業,未改装,2600.0
4785,甲子園,10.0,4.0,３ＬＤＫ,75.0,2012.0,9.0,ＲＣ,２中住専,未改装,3000.0
4786,甲子園,11.0,4.0,３ＬＤＫ,95.0,2012.0,6.0,ＲＣ,１種住居,改装済み,5000.0
4788,甲陽園,6.0,4.0,３ＬＤＫ,70.0,2016.0,10.0,ＲＣ,１中住専,未改装,2800.0
4789,甲陽園,6.0,3.0,２ＬＤＫ,60.0,2016.0,4.0,ＲＣ,１中住専,未改装,3100.0
4790,甲東園,3.0,4.0,３ＬＤＫ,85.0,2012.0,39.0,ＳＲＣ,近隣商業,未改装,1100.0
4791,甲東園,3.0,4.0,３ＬＤＫ,85.0,2012.0,39.0,ＳＲＣ,近隣商業,改装済み,2400.0
4792,甲東園,1.0,5.0,４ＬＤＫ,85.0,2012.0,13.0,ＳＲＣ,近隣商業,未改装,4500.0
4793,西宮北口,4.0,4.0,３ＬＤＫ,75.0,2012.0,9.0,ＲＣ,近隣商業,未改装,4200.0
4794,西宮北口,4.0,3.0,２ＬＤＫ,90.0,2012.0,9.0,ＲＣ,近隣商業,改装済み,5500.0
4795,甲陽園,1.0,3.0,２ＤＫ,50.0,2016.0,45.0,ＲＣ,近隣商業,未改装,900.0
4796,甲陽園,1.0,3.0,２ＬＤＫ,70.0,2016.0,45.0,ＲＣ,近隣商業,改装済み,1800.0
4797,甲陽園,3.0,4.0,３ＬＤＫ,75.0,2016.0,39.0,ＳＲＣ,近隣商業,未改装,1300.0
4798,甲陽園,3.0,3.0,２ＬＤＫ,80.0,2016.0,39.0,ＳＲＣ,近隣商業,改装済み,2000.0
4799,甲陽園,1.0,4.0,３ＬＤＫ,55.0,2016.0,45.0,ＲＣ,近隣商業,未改装,1200.0
4800,甲陽園,1.0,4.0,３ＬＤＫ,70.0,2016.0,45.0,ＲＣ,近隣商業,未改装,1500.0
4801,甲陽園,4.0,3.0,２ＬＤＫ,55.0,2016.0,39.0,ＳＲＣ,近隣商業,改装済み,1500.0
4802,香櫨園,11.0,4.0,３ＬＤＫ,70.0,2012.0,12.0,ＲＣ,近隣商業,未改装,2000.0
4803,香櫨園,11.0,4.0,３ＬＤＫ,70.0,2012.0,12.0,ＲＣ,近隣商業,改装済み,2600.0
4804,さくら夙川,11.0,4.0,３ＬＤＫ,70.0,2012.0,6.0,ＲＣ,１中住専,未改装,3300.0
4805,甲陽園,4.0,4.0,３ＬＤＫ,70.0,2016.0,16.0,ＲＣ,１中住専,未改装,2600.0
4806,苦楽園口,14.0,4.0,３ＬＤＫ,75.0,2016.0,18.0,ＲＣ,１中住専,改装済み,2600.0
4807,甲陽園,9.0,4.0,３ＬＤＫ,75.0,2016.0,20.0,ＲＣ,１中住専,改装済み,1800.0
4808,甲陽園,3.0,4.0,３ＬＤＫ,80.0,2012.0,12.0,ＲＣ,２低住専,未改装,3800.0
4809,西宮(阪神),10.0,5.0,４ＬＤＫ,85.0,2016.0,10.0,ＲＣ,近隣商業,未改装,3800.0
4811,甲陽園,12.0,4.0,３ＬＤＫ,75.0,2012.0,7.0,ＲＣ,１低住専,改装済み,2500.0
4812,さくら夙川,7.0,3.0,２ＬＤＫ,90.0,2016.0,14.0,ＲＣ,１中住専,未改装,4900.0
4813,甲陽園,16.0,4.0,３ＬＤＫ,120.0,2012.0,21.0,ＲＣ,１中住専,未改装,2900.0
4814,甲陽園,15.0,4.0,３ＬＤＫ,75.0,2012.0,14.0,ＲＣ,１中住専,未改装,1900.0
4815,甲陽園,5.0,4.0,３ＬＤＫ,70.0,2012.0,13.0,ＲＣ,近隣商業,未改装,2300.0
4816,武庫川,14.0,5.0,４ＬＤＫ,95.0,2016.0,12.0,ＲＣ,２中住専,未改装,4200.0
4817,武庫川,12.0,4.0,３ＬＤＫ,75.0,2016.0,1.0,ＲＣ,２中住専,改装済み,3900.0
4818,武庫川,13.0,4.0,３ＬＤＫ,75.0,2016.0,19.0,ＲＣ,２中住専,改装済み,4100.0
4819,武庫川,14.0,4.0,３ＬＤＫ,75.0,2016.0,19.0,ＲＣ,２中住専,改装済み,3900.0
4820,武庫川,13.0,5.0,４ＬＤＫ,75.0,2016.0,19.0,ＲＣ,２中住専,改装済み,4000.0
4821,武庫川,13.0,4.0,３ＬＤＫ,75.0,2016.0,19.0,ＲＣ,２中住専,改装済み,4100.0
4822,武庫川,13.0,4.0,３ＬＤＫ,75.0,2016.0,19.0,ＲＣ,２中住専,改装済み,4300.0
4823,武庫川,12.0,4.0,３ＬＤＫ,75.0,2016.0,19.0,ＲＣ,２中住専,改装済み,3900.0
4824,鳴尾・武庫川女子大前,8.0,4.0,３ＬＤＫ,100.0,2016.0,26.0,ＲＣ,１種住居,未改装,2000.0
4825,鳴尾・武庫川女子大前,9.0,3.0,２ＬＤＫ,55.0,2016.0,44.0,ＳＲＣ,１種住居,未改装,800.0
4826,甲陽園,3.0,4.0,３ＬＤＫ,75.0,2012.0,35.0,ＳＲＣ,近隣商業,改装済み,1600.0
4827,鳴尾・武庫川女子大前,9.0,3.0,２ＬＤＫ,55.0,2016.0,42.0,ＳＲＣ,１中住専,改装済み,1300.0
4829,甲陽園,9.0,4.0,３ＬＤＫ,75.0,2012.0,16.0,ＲＣ,１中住専,改装済み,1700.0
4830,甲陽園,12.0,6.0,４ＬＤＫ＋Ｓ,110.0,2012.0,22.0,ＲＣ,１中住専,改装済み,2100.0
4831,武庫川,10.0,4.0,３ＬＤＫ,70.0,2016.0,12.0,ＲＣ,１種住居,未改装,2900.0
4832,西宮(阪神),11.0,5.0,４ＬＤＫ,80.0,2012.0,6.0,ＲＣ,近隣商業,未改装,3200.0
4833,甲子園口,11.0,4.0,３ＬＤＫ,70.0,2012.0,13.0,ＲＣ,２種住居,未改装,3300.0
4834,甲子園口,15.0,4.0,３ＬＤＫ,85.0,2012.0,8.0,ＲＣ,２中住専,改装済み,3400.0
4835,苦楽園口,10.0,3.0,２ＬＤＫ,85.0,2016.0,12.0,ＲＣ,１低住専,未改装,5300.0
4836,さくら夙川,7.0,4.0,３ＬＤＫ,80.0,2012.0,10.0,ＲＣ,１中住専,未改装,4200.0
4837,夙川,8.0,4.0,３ＬＤＫ,90.0,2012.0,10.0,ＲＣ,１中住専,未改装,5100.0
4838,武庫川,14.0,4.0,３ＬＤＫ,70.0,2012.0,8.0,ＲＣ,２中住専,未改装,2800.0
4839,さくら夙川,6.0,2.0,１Ｋ,20.0,2016.0,9.0,ＲＣ,近隣商業,未改装,1400.0
4840,さくら夙川,4.0,3.0,２ＬＤＫ,70.0,2016.0,11.0,ＲＣ,１種住居,未改装,3900.0
4841,生瀬,15.0,4.0,３ＬＤＫ,75.0,2016.0,24.0,ＲＣ,１中住専,未改装,500.0
4842,鳴尾・武庫川女子大前,6.0,2.0,１ＬＤＫ,55.0,2012.0,40.0,ＳＲＣ,１種住居,未改装,950.0
4843,武庫川,8.0,4.0,３ＬＤＫ,55.0,2012.0,22.0,ＲＣ,１種住居,改装済み,1500.0
4844,武庫川,11.0,3.0,２ＬＤＫ,65.0,2012.0,40.0,ＳＲＣ,１種住居,改装済み,830.0
4845,西宮名塩,8.0,4.0,３ＬＤＫ,70.0,2016.0,17.0,ＲＣ,１中住専,未改装,1200.0
4846,苦楽園口,9.0,4.0,３ＬＤＫ,70.0,2016.0,19.0,ＲＣ,１中住専,未改装,1800.0
4847,武庫川,8.0,4.0,３ＬＤＫ,65.0,2012.0,8.0,ＲＣ,１種住居,未改装,3000.0
4848,香櫨園,11.0,4.0,３ＬＤＫ,70.0,2016.0,9.0,ＲＣ,１中住専,未改装,3200.0
4849,香櫨園,11.0,4.0,３ＬＤＫ,70.0,2016.0,9.0,ＲＣ,１中住専,未改装,3300.0
4850,西宮(ＪＲ),9.0,3.0,２ＬＤＫ,55.0,2016.0,18.0,ＲＣ,近隣商業,未改装,2300.0
4851,苦楽園口,9.0,4.0,３ＬＤＫ,105.0,2012.0,8.0,ＲＣ,１低住専,未改装,6300.0
4852,苦楽園口,9.0,4.0,３ＬＤＫ,100.0,2012.0,8.0,ＲＣ,１低住専,改装済み,6600.0
4853,苦楽園口,9.0,3.0,２ＬＤＫ,100.0,2012.0,8.0,ＲＣ,１低住専,未改装,6100.0
4854,苦楽園口,11.0,4.0,３ＬＤＫ,85.0,2016.0,11.0,ＲＣ,１低住専,未改装,4100.0
4855,西宮(ＪＲ),8.0,4.0,３ＬＤＫ,70.0,2016.0,2.0,ＲＣ,準工業,未改装,4300.0
4856,西宮(ＪＲ),9.0,4.0,３ＬＤＫ,65.0,2016.0,2.0,ＲＣ,準工業,未改装,3800.0
4857,西宮北口,9.0,4.0,３ＬＤＫ,70.0,2016.0,2.0,ＲＣ,準工業,未改装,2800.0
4858,西宮北口,9.0,4.0,３ＬＤＫ,70.0,2016.0,2.0,ＲＣ,準工業,未改装,4100.0
4859,阪神国道,4.0,4.0,３ＬＤＫ,60.0,2016.0,3.0,ＲＣ,工業,未改装,3500.0
4860,西宮(阪神),6.0,2.0,１Ｋ,20.0,2012.0,5.0,ＲＣ,近隣商業,未改装,1700.0
4861,生瀬,14.0,4.0,３ＬＤＫ,80.0,2012.0,20.0,ＲＣ,１中住専,改装済み,850.0
4862,西宮名塩,8.0,4.0,３ＬＤＫ,80.0,2012.0,13.0,ＲＣ,１中住専,未改装,1.4
4863,甲陽園,23.0,4.0,３ＬＤＫ,105.0,2016.0,13.0,ＲＣ,１低住専,未改装,3500.0
4864,苦楽園口,10.0,4.0,３ＬＤＫ,65.0,2012.0,8.0,ＲＣ,１中住専,未改装,2400.0
4865,苦楽園口,9.0,4.0,３ＬＤＫ,65.0,2012.0,15.0,ＲＣ,１中住専,改装済み,3000.0
4866,西宮(ＪＲ),9.0,4.0,３ＬＤＫ,60.0,2016.0,19.0,ＲＣ,近隣商業,改装済み,2100.0
4867,甲陽園,11.0,4.0,３ＬＤＫ,65.0,2012.0,12.0,ＲＣ,１中住専,未改装,2200.0
4868,苦楽園口,18.0,4.0,３ＬＤＫ,85.0,2016.0,15.0,ＲＣ,１中住専,未改装,2700.0
4869,西宮北口,13.0,4.0,３ＬＤＫ,75.0,2016.0,13.0,ＲＣ,１中住専,未改装,5200.0
4870,甲陽園,23.0,4.0,３ＬＤＫ,70.0,2016.0,27.0,ＲＣ,１中住専,改装済み,2200.0
4873,西宮北口,28.0,5.0,４ＬＤＫ,90.0,2016.0,27.0,ＲＣ,１中住専,未改装,1300.0
4874,香櫨園,14.0,4.0,３ＬＤＫ,70.0,2012.0,5.0,ＲＣ,１中住専,未改装,3300.0
4875,香櫨園,10.0,4.0,３ＬＤＫ,75.0,2012.0,5.0,ＲＣ,１中住専,未改装,3400.0
4877,甲東園,5.0,4.0,３ＬＤＫ,65.0,2012.0,15.0,ＲＣ,１中住専,未改装,2900.0
4878,苦楽園口,11.0,3.0,２ＤＫ,80.0,2012.0,10.0,ＲＣ,１低住専,未改装,3300.0
4880,武庫川団地前,6.0,4.0,３ＬＤＫ,75.0,2016.0,12.0,ＲＣ,１中住専,改装済み,2800.0
4881,武庫川団地前,6.0,5.0,４ＬＤＫ,90.0,2016.0,27.0,ＳＲＣ,１中住専,未改装,2100.0
4882,武庫川団地前,10.0,3.0,２ＬＤＫ,65.0,2016.0,31.0,ＳＲＣ,１中住専,未改装,1000.0
4883,武庫川団地前,8.0,4.0,３ＬＤＫ,90.0,2016.0,21.0,ＲＣ,１中住専,未改装,2000.0
4884,武庫川団地前,11.0,5.0,４ＬＤＫ,65.0,2016.0,31.0,ＳＲＣ,１中住専,改装済み,1700.0
4885,武庫川団地前,5.0,4.0,３ＬＤＫ,80.0,2016.0,24.0,ＲＣ,１中住専,未改装,1700.0
4888,武庫川団地前,11.0,4.0,３ＬＤＫ,70.0,2016.0,26.0,ＳＲＣ,１中住専,未改装,1400.0
4889,夙川,13.0,3.0,２ＬＤＫ,60.0,2016.0,48.0,ＲＣ,１中住専,改装済み,1300.0
4890,夙川,11.0,2.0,１ＬＤＫ,60.0,2016.0,29.0,ＲＣ,１中住専,改装済み,1400.0
4891,西宮北口,11.0,4.0,３ＬＤＫ,60.0,2016.0,41.0,ＳＲＣ,準工業,未改装,1200.0
4892,西宮北口,16.0,3.0,２ＤＫ,65.0,2016.0,41.0,ＳＲＣ,準工業,未改装,1600.0
4893,甲陽園,12.0,4.0,３ＬＤＫ,75.0,2012.0,12.0,ＲＣ,１低住専,未改装,2800.0
4894,夙川,9.0,1.0,１Ｒ,15.0,2012.0,28.0,ＲＣ,１種住居,未改装,350.0
4895,西宮北口,4.0,3.0,２ＬＤＫ,80.0,2016.0,8.0,ＲＣ,商業,未改装,4300.0
4896,西宮北口,2.0,3.0,２ＬＤＫ,70.0,2016.0,8.0,ＲＣ,商業,未改装,5800.0
4897,西宮北口,3.0,2.0,１ＬＤＫ,60.0,2016.0,8.0,ＳＲＣ,商業,未改装,4000.0
4898,西宮北口,3.0,3.0,２ＬＤＫ,75.0,2016.0,8.0,ＲＣ,商業,改装済み,6300.0
4899,西宮北口,4.0,4.0,３ＬＤＫ,70.0,2016.0,8.0,ＲＣ,商業,未改装,5500.0
4901,甲陽園,18.0,3.0,２ＬＤＫ,100.0,2012.0,9.0,ＲＣ,１低住専,改装済み,4200.0
4902,西宮北口,10.0,3.0,２ＬＤＫ,55.0,2016.0,17.0,ＳＲＣ,１種住居,改装済み,2700.0
4903,西宮北口,10.0,3.0,２ＬＤＫ,55.0,2016.0,17.0,ＳＲＣ,１種住居,未改装,1800.0
4904,苦楽園口,18.0,4.0,３ＬＤＫ,70.0,2012.0,11.0,ＲＣ,１中住専,未改装,2200.0
4905,苦楽園口,16.0,4.0,３ＬＤＫ,70.0,2012.0,11.0,ＲＣ,１中住専,未改装,2200.0
4906,苦楽園口,18.0,4.0,３ＬＤＫ,75.0,2012.0,11.0,ＲＣ,１中住専,改装済み,2400.0
4907,苦楽園口,18.0,4.0,３ＬＤＫ,70.0,2012.0,11.0,ＲＣ,１中住専,未改装,2200.0
4908,苦楽園口,18.0,4.0,３ＬＤＫ,75.0,2012.0,11.0,ＲＣ,１中住専,未改装,2500.0
4910,香櫨園,11.0,4.0,３ＬＤＫ,65.0,2016.0,19.0,ＲＣ,１種住居,未改装,2000.0
4911,西宮北口,25.0,4.0,３ＬＤＫ,95.0,2012.0,35.0,ＳＲＣ,１中住専,改装済み,1000.0
4912,西宮(阪神),3.0,3.0,２ＬＤＫ,65.0,2016.0,10.0,ＲＣ,商業,未改装,3700.0
4913,西宮北口,12.0,4.0,３ＬＤＫ,65.0,2012.0,39.0,ＲＣ,１中住専,未改装,1300.0
4914,西宮北口,11.0,3.0,２ＬＤＫ,65.0,2012.0,36.0,ＲＣ,１中住専,改装済み,1300.0
4915,甲東園,8.0,3.0,２ＬＤＫ,60.0,2016.0,14.0,ＲＣ,１中住専,未改装,2500.0
4916,甲東園,7.0,4.0,３ＬＤＫ,95.0,2016.0,13.0,ＲＣ,１中住専,未改装,3900.0
4917,甲東園,8.0,4.0,３ＬＤＫ,65.0,2016.0,14.0,ＲＣ,１中住専,未改装,2400.0
4918,甲東園,9.0,4.0,３ＬＤＫ,65.0,2016.0,14.0,ＲＣ,１中住専,未改装,2700.0
4919,門戸厄神,28.0,4.0,３ＬＤＫ,75.0,2012.0,27.0,ＲＣ,１中住専,未改装,1100.0
4920,武庫川,5.0,4.0,３ＬＤＫ,80.0,2012.0,20.0,ＲＣ,１中住専,改装済み,1800.0
4921,武庫川団地前,6.0,4.0,３ＬＤＫ,75.0,2012.0,8.0,ＲＣ,１中住専,未改装,2200.0
4922,武庫川団地前,10.0,4.0,３ＬＤＫ,95.0,2012.0,27.0,ＳＲＣ,１中住専,改装済み,1900.0
4923,武庫川団地前,6.0,4.0,３ＬＤＫ,75.0,2012.0,21.0,ＲＣ,１中住専,未改装,1400.0
4924,武庫川団地前,5.0,4.0,３ＬＤＫ,80.0,2012.0,20.0,ＲＣ,１中住専,未改装,1500.0
4925,武庫川団地前,6.0,4.0,３ＬＤＫ,75.0,2012.0,21.0,ＲＣ,１中住専,改装済み,1500.0
4926,仁川,8.0,4.0,３ＬＤＫ,75.0,2016.0,6.0,ＲＣ,１中住専,未改装,4300.0
4927,仁川,8.0,5.0,４ＬＤＫ,85.0,2016.0,8.0,ＲＣ,２中住専,未改装,3600.0
4928,武庫川団地前,13.0,4.0,３ＬＤＫ,100.0,2012.0,27.0,ＳＲＣ,１中住専,未改装,1700.0
4929,武庫川団地前,9.0,4.0,３ＬＤＫ,95.0,2012.0,27.0,ＳＲＣ,１中住専,未改装,1200.0
4930,武庫川団地前,6.0,5.0,４ＬＤＫ,90.0,2012.0,21.0,ＲＣ,１中住専,未改装,2300.0
4931,仁川,11.0,4.0,３ＬＤＫ,65.0,2016.0,13.0,ＲＣ,１中住専,改装済み,3000.0
4932,武庫川団地前,10.0,4.0,３ＬＤＫ,95.0,2012.0,27.0,ＳＲＣ,１中住専,未改装,1500.0
4933,武庫川団地前,8.0,5.0,４ＬＤＫ,95.0,2012.0,29.0,ＳＲＣ,１中住専,改装済み,1900.0
4934,武庫川団地前,6.0,5.0,４ＬＤＫ,90.0,2012.0,23.0,ＳＲＣ,１中住専,改装済み,2100.0
4935,さくら夙川,5.0,4.0,３ＬＤＫ,80.0,2016.0,29.0,ＲＣ,１中住専,未改装,3200.0
4936,さくら夙川,3.0,3.0,２ＬＤＫ,75.0,2016.0,18.0,ＲＣ,１中住専,未改装,4200.0
4937,西宮北口,2.0,3.0,２ＬＤＫ,55.0,2012.0,12.0,ＳＲＣ,商業,未改装,3000.0
4938,今津(阪神),9.0,4.0,３ＬＤＫ,70.0,2016.0,2.0,ＲＣ,準工業,改装済み,2800.0
4939,阪神国道,6.0,4.0,３ＬＤＫ,70.0,2016.0,18.0,ＲＣ,準工業,改装済み,2500.0
4940,阪神国道,6.0,3.0,２ＬＤＫ,70.0,2016.0,18.0,ＲＣ,準工業,改装済み,2500.0
4941,西宮北口,9.0,5.0,４ＬＤＫ,80.0,2012.0,7.0,ＲＣ,１種住居,未改装,3500.0
4942,西宮北口,9.0,4.0,３ＬＤＫ,70.0,2012.0,7.0,ＲＣ,１種住居,未改装,3000.0
4943,仁川,20.0,4.0,３ＬＤＫ,70.0,2012.0,26.0,ＲＣ,１種住居,未改装,950.0
4944,西宮(ＪＲ),7.0,4.0,３ＬＤＫ,70.0,2016.0,3.0,ＲＣ,準工業,未改装,3400.0
4945,阪神国道,2.0,4.0,３ＬＤＫ,70.0,2016.0,8.0,ＲＣ,近隣商業,未改装,3200.0
4947,香櫨園,9.0,4.0,３ＬＤＫ,80.0,2012.0,14.0,ＲＣ,１種住居,未改装,2800.0
4948,香櫨園,10.0,4.0,３ＬＤＫ,80.0,2012.0,11.0,ＲＣ,準工業,未改装,3400.0
4949,西宮(阪神),1.0,3.0,２ＬＤＫ,55.0,2012.0,6.0,ＲＣ,商業,未改装,2600.0
4950,西宮(阪神),2.0,4.0,３ＬＤＫ,75.0,2012.0,9.0,ＳＲＣ,商業,未改装,3700.0
4951,西宮(阪神),2.0,5.0,４ＬＤＫ,125.0,2012.0,9.0,ＲＣ,商業,未改装,7100.0
4952,今津(阪神),2.0,4.0,３ＬＤＫ,65.0,2016.0,12.0,ＲＣ,商業,未改装,2600.0
4953,今津(阪神),3.0,4.0,３ＬＤＫ,65.0,2016.0,2.0,ＲＣ,近隣商業,未改装,2900.0
4954,今津(阪神),3.0,4.0,３ＬＤＫ,70.0,2016.0,11.0,ＲＣ,近隣商業,未改装,3000.0
4955,今津(阪神),2.0,4.0,３ＬＤＫ,65.0,2016.0,12.0,ＲＣ,商業,未改装,2700.0
4956,今津(阪神),2.0,4.0,３ＬＤＫ,55.0,2016.0,11.0,ＲＣ,近隣商業,改装済み,2700.0
4957,今津(阪神),2.0,3.0,２ＬＤＫ,50.0,2016.0,19.0,ＲＣ,近隣商業,改装済み,1700.0
4958,今津(阪神),1.0,4.0,３ＬＤＫ,65.0,2016.0,16.0,ＳＲＣ,商業,未改装,2400.0
4960,西宮(阪神),8.0,3.0,２ＬＤＫ,55.0,2016.0,27.0,ＳＲＣ,１種住居,未改装,500.0
4961,甲東園,12.0,4.0,３ＬＤＫ,65.0,2012.0,6.0,ＲＣ,１中住専,未改装,2700.0
4962,甲東園,18.0,4.0,３ＬＤＫ,75.0,2012.0,33.0,ＲＣ,１中住専,未改装,1300.0
4963,西宮(ＪＲ),8.0,4.0,３ＬＤＫ,70.0,2016.0,4.0,ＲＣ,１種住居,未改装,3500.0
4964,甲東園,8.0,4.0,３ＬＤＫ,60.0,2012.0,10.0,ＲＣ,１中住専,未改装,2500.0
4965,甲東園,7.0,5.0,４ＬＤＫ,90.0,2012.0,9.0,ＲＣ,１中住専,未改装,3900.0
4966,甲子園口,7.0,3.0,２ＬＤＫ,70.0,2016.0,7.0,ＲＣ,１中住専,未改装,3800.0
4967,西宮(阪神),8.0,4.0,３ＬＤＫ,80.0,2016.0,23.0,ＲＣ,近隣商業,未改装,3000.0
4968,甲子園口,8.0,3.0,２ＤＫ,45.0,2016.0,44.0,ＲＣ,１中住専,改装済み,1300.0
4969,仁川,11.0,4.0,３ＬＤＫ,70.0,2012.0,9.0,ＲＣ,１中住専,未改装,2900.0
4970,仁川,9.0,4.0,３ＬＤＫ,70.0,2012.0,6.0,ＲＣ,１中住専,未改装,3100.0
4971,仁川,15.0,4.0,３ＬＤＫ,70.0,2012.0,9.0,ＲＣ,１中住専,未改装,2400.0
4972,西宮(阪神),3.0,4.0,３ＬＤＫ,65.0,2016.0,10.0,ＲＣ,商業,未改装,3400.0
4973,香櫨園,5.0,5.0,４ＬＤＫ,85.0,2016.0,14.0,ＲＣ,１中住専,未改装,3600.0
4975,西宮(ＪＲ),10.0,4.0,３ＬＤＫ,65.0,2016.0,12.0,ＲＣ,１種住居,未改装,3000.0
4976,西宮(ＪＲ),4.0,4.0,３ＬＤＫ,60.0,2012.0,17.0,ＲＣ,２種住居,未改装,2100.0
4977,西宮(ＪＲ),7.0,3.0,２ＬＤＫ,75.0,2012.0,13.0,ＲＣ,近隣商業,改装済み,3000.0
4978,西宮(ＪＲ),4.0,3.0,２ＬＤＫ,60.0,2012.0,5.0,ＲＣ,２種住居,未改装,2500.0
4979,西宮(ＪＲ),7.0,4.0,３ＬＤＫ,80.0,2012.0,13.0,ＲＣ,近隣商業,未改装,3000.0
4980,今津(阪神),1.0,3.0,２ＬＤＫ,60.0,2012.0,8.0,ＲＣ,商業,未改装,2300.0
4981,今津(阪神),2.0,4.0,３ＬＤＫ,55.0,2012.0,8.0,ＲＣ,商業,改装済み,2100.0
4982,今津(阪神),2.0,4.0,３ＬＤＫ,65.0,2012.0,8.0,ＲＣ,商業,未改装,2600.0
4983,今津(阪神),15.0,2.0,１ＤＫ,25.0,2012.0,23.0,ＲＣ,商業,未改装,360.0
4984,今津(阪神),3.0,2.0,１ＤＫ,25.0,2012.0,23.0,ＲＣ,商業,未改装,410.0
4985,今津(阪神),3.0,2.0,１ＤＫ,25.0,2012.0,23.0,ＲＣ,商業,未改装,110.0
4986,今津(阪神),8.0,4.0,３ＬＤＫ,55.0,2012.0,16.0,ＳＲＣ,１種住居,改装済み,2100.0
4987,今津(阪神),7.0,4.0,３ＬＤＫ,60.0,2012.0,16.0,ＲＣ,１種住居,未改装,2000.0
4988,今津(阪神),7.0,4.0,３ＬＤＫ,60.0,2012.0,16.0,ＲＣ,１種住居,未改装,1900.0
4989,西宮名塩,25.0,4.0,３ＬＤＫ,70.0,2016.0,21.0,ＲＣ,１低住専,未改装,540.0
4991,西宮名塩,6.0,5.0,４ＬＤＫ,95.0,2016.0,10.0,ＲＣ,１中住専,改装済み,2400.0
4992,甲子園口,8.0,4.0,３ＬＤＫ,70.0,2012.0,11.0,ＲＣ,１中住専,未改装,2800.0
4993,甲子園口,8.0,5.0,４ＬＤＫ,95.0,2012.0,25.0,ＲＣ,１中住専,未改装,2900.0
4995,甲子園口,8.0,4.0,３ＬＤＫ,65.0,2012.0,40.0,ＲＣ,１中住専,未改装,950.0
4996,甲子園口,9.0,5.0,４ＬＤＫ,90.0,2012.0,4.0,ＲＣ,１中住専,未改装,4000.0
4997,甲子園口,9.0,4.0,３ＬＤＫ,105.0,2012.0,24.0,ＲＣ,１中住専,未改装,2500.0
4999,西宮(阪神),3.0,4.0,３ＬＤＫ,65.0,2012.0,6.0,ＲＣ,商業,未改装,2700.0
5000,夙川,9.0,2.0,１ＤＫ,35.0,2012.0,15.0,ＲＣ,１低住専,未改装,920.0
5001,甲子園口,12.0,3.0,２ＤＫ,35.0,2012.0,24.0,ＲＣ,１種住居,未改装,500.0
5002,西宮(ＪＲ),9.0,4.0,３ＬＤＫ,70.0,2012.0,14.0,ＲＣ,１種住居,未改装,1700.0
5003,生瀬,13.0,4.0,３ＬＤＫ,90.0,2016.0,12.0,ＲＣ,１種住居,未改装,2900.0
5004,香櫨園,5.0,5.0,３ＬＤＫ＋Ｓ,85.0,2012.0,10.0,ＲＣ,１中住専,未改装,3600.0
5005,甲子園口,12.0,4.0,３ＬＤＫ,65.0,2012.0,14.0,ＳＲＣ,近隣商業,改装済み,2400.0
5006,西宮(ＪＲ),11.0,4.0,３ＬＤＫ,65.0,2012.0,12.0,ＲＣ,近隣商業,改装済み,2500.0
5007,西宮(ＪＲ),13.0,2.0,１Ｋ,15.0,2012.0,26.0,ＲＣ,近隣商業,改装済み,380.0
5008,西宮(ＪＲ),11.0,4.0,３ＬＤＫ,65.0,2012.0,12.0,ＲＣ,近隣商業,未改装,1900.0
5009,西宮(ＪＲ),13.0,2.0,１Ｋ,15.0,2012.0,26.0,ＲＣ,近隣商業,未改装,280.0
5010,西宮北口,19.0,4.0,３ＬＤＫ,65.0,2012.0,15.0,ＲＣ,１種住居,未改装,2300.0
5011,西宮北口,19.0,3.0,２ＬＤＫ,70.0,2012.0,15.0,ＲＣ,１種住居,未改装,2100.0
5012,西宮名塩,6.0,4.0,３ＬＤＫ,65.0,2012.0,16.0,ＲＣ,２中住専,未改装,820.0
5013,鳴尾・武庫川女子大前,6.0,4.0,３ＬＤＫ,80.0,2016.0,19.0,ＲＣ,２種住居,未改装,3000.0
5014,鳴尾・武庫川女子大前,4.0,4.0,３ＬＤＫ,70.0,2016.0,12.0,ＲＣ,近隣商業,未改装,2900.0
5015,鳴尾・武庫川女子大前,6.0,3.0,２ＤＫ,45.0,2016.0,45.0,鉄骨造,１種住居,未改装,1100.0
5016,夙川,8.0,4.0,３ＬＤＫ,75.0,2016.0,12.0,ＲＣ,１中住専,未改装,2600.0
5017,仁川,9.0,4.0,３ＬＤＫ,70.0,2016.0,15.0,ＲＣ,１低住専,未改装,3100.0
5018,仁川,3.0,4.0,３ＬＤＫ,80.0,2016.0,7.0,ＲＣ,２低住専,未改装,4200.0
5019,仁川,6.0,4.0,３ＬＤＫ,75.0,2016.0,8.0,ＲＣ,２低住専,未改装,4000.0
5020,西宮名塩,30.0,4.0,３ＬＤＫ,65.0,2012.0,17.0,ＲＣ,１低住専,未改装,580.0
5021,西宮名塩,29.0,4.0,３ＬＤＫ,65.0,2012.0,17.0,ＲＣ,１低住専,改装済み,490.0
5022,仁川,2.0,4.0,３ＬＤＫ,70.0,2016.0,14.0,ＲＣ,１中住専,未改装,2700.0
5023,仁川,4.0,4.0,３ＬＤＫ,80.0,2016.0,7.0,ＲＣ,２低住専,未改装,4200.0
5024,西宮(阪神),30.0,4.0,３ＬＤＫ,80.0,2016.0,18.0,ＳＲＣ,１中住専,改装済み,2300.0
5025,西宮(阪神),30.0,4.0,３ＬＤＫ,70.0,2016.0,18.0,ＳＲＣ,１中住専,未改装,1300.0
5026,西宮(阪神),30.0,4.0,３ＬＤＫ,70.0,2016.0,18.0,ＳＲＣ,１中住専,未改装,1400.0
5027,西宮(阪神),30.0,4.0,３ＬＤＫ,65.0,2016.0,17.0,ＲＣ,近隣商業,改装済み,2200.0
5028,西宮(阪神),30.0,4.0,３ＬＤＫ,65.0,2016.0,17.0,ＳＲＣ,近隣商業,未改装,1800.0
5029,西宮(阪神),30.0,3.0,２ＬＤＫ,120.0,2016.0,12.0,ＳＲＣ,１中住専,未改装,3100.0
5030,西宮(阪神),30.0,4.0,３ＬＤＫ,70.0,2016.0,18.0,ＲＣ,１中住専,未改装,1200.0
5031,西宮(阪神),30.0,4.0,３ＬＤＫ,70.0,2016.0,18.0,ＳＲＣ,１中住専,未改装,1300.0
5032,西宮(阪神),30.0,4.0,３ＬＤＫ,70.0,2016.0,18.0,ＳＲＣ,１中住専,改装済み,1700.0
5033,西宮(阪神),30.0,5.0,４ＬＤＫ,85.0,2016.0,18.0,ＲＣ,１中住専,改装済み,1800.0
5034,西宮(阪神),30.0,5.0,４ＬＤＫ,85.0,2016.0,18.0,ＲＣ,１中住専,改装済み,2100.0
5035,西宮(阪神),30.0,5.0,４ＬＤＫ,105.0,2016.0,18.0,ＳＲＣ,１中住専,改装済み,2400.0
5037,苦楽園口,15.0,4.0,３ＬＤＫ,100.0,2016.0,9.0,ＲＣ,１中住専,未改装,4800.0
5038,宝塚,15.0,4.0,３ＬＤＫ,70.0,2012.0,15.0,ＳＲＣ,２中住専,改装済み,1500.0
5039,宝塚,18.0,4.0,３ＬＤＫ,75.0,2012.0,13.0,ＳＲＣ,２中住専,改装済み,1600.0
5040,宝塚,15.0,4.0,３ＬＤＫ,75.0,2012.0,15.0,ＳＲＣ,２中住専,改装済み,1600.0
5041,生瀬,9.0,5.0,４ＬＤＫ,85.0,2012.0,15.0,ＳＲＣ,２中住専,未改装,1700.0
5042,生瀬,12.0,4.0,３ＬＤＫ,75.0,2012.0,15.0,ＲＣ,２中住専,改装済み,1600.0
5044,門戸厄神,4.0,4.0,３ＬＤＫ,70.0,2016.0,21.0,ＲＣ,１中住専,改装済み,4400.0
5045,門戸厄神,4.0,3.0,２ＬＤＫ,70.0,2016.0,21.0,ＲＣ,１中住専,改装済み,4800.0
5046,門戸厄神,5.0,3.0,２ＬＤＫ,75.0,2016.0,21.0,ＲＣ,１中住専,改装済み,5000.0
5047,門戸厄神,5.0,4.0,３ＬＤＫ,75.0,2016.0,21.0,ＲＣ,１中住専,改装済み,4300.0
5048,門戸厄神,4.0,4.0,３ＬＤＫ,75.0,2016.0,21.0,ＲＣ,１中住専,改装済み,5000.0
5049,門戸厄神,4.0,4.0,３ＬＤＫ,70.0,2016.0,21.0,ＲＣ,１中住専,改装済み,4100.0
5050,門戸厄神,5.0,4.0,３ＬＤＫ,75.0,2016.0,30.0,ＲＣ,１中住専,未改装,2500.0
5051,門戸厄神,6.0,4.0,３ＬＤＫ,70.0,2016.0,14.0,ＲＣ,１中住専,改装済み,4100.0
5052,門戸厄神,6.0,3.0,２ＬＤＫ,80.0,2016.0,6.0,ＲＣ,１中住専,未改装,4600.0
5053,鳴尾・武庫川女子大前,6.0,3.0,２ＬＤＫ,45.0,2012.0,41.0,鉄骨造,１種住居,改装済み,980.0
5054,鳴尾・武庫川女子大前,6.0,4.0,３ＬＤＫ,40.0,2012.0,41.0,鉄骨造,１種住居,未改装,790.0
5055,鳴尾・武庫川女子大前,7.0,4.0,３ＬＤＫ,60.0,2012.0,14.0,ＲＣ,２種住居,未改装,1900.0
5056,西宮(ＪＲ),6.0,4.0,３ＬＤＫ,70.0,2016.0,15.0,ＲＣ,１種住居,未改装,2600.0
5057,甲子園,11.0,4.0,３ＬＤＫ,65.0,2016.0,15.0,ＲＣ,１中住専,未改装,3300.0
5058,甲子園,10.0,4.0,２ＬＤＫ＋Ｓ,70.0,2016.0,20.0,ＲＣ,１中住専,改装済み,2900.0
5059,西宮(阪神),3.0,3.0,２ＬＤＫ,55.0,2016.0,17.0,ＲＣ,商業,未改装,2400.0
5060,西宮(阪神),3.0,3.0,２ＬＤＫ,50.0,2016.0,10.0,ＲＣ,商業,未改装,2400.0
5061,西宮(阪神),3.0,3.0,２ＬＤＫ,60.0,2016.0,10.0,ＲＣ,商業,未改装,2800.0
5062,仁川,11.0,5.0,４ＬＤＫ,70.0,2012.0,24.0,ＲＣ,１低住専,未改装,1600.0
5063,甲子園,15.0,5.0,４ＬＤＫ,105.0,2016.0,14.0,ＳＲＣ,１種住居,未改装,3700.0
5064,仁川,9.0,4.0,３ＤＫ,55.0,2012.0,14.0,ＲＣ,１種住居,改装済み,1900.0
5065,仁川,10.0,4.0,３ＬＤＫ,80.0,2012.0,11.0,ＲＣ,１低住専,未改装,3300.0
5066,今津(阪神),11.0,4.0,３ＬＤＫ,75.0,2016.0,5.0,ＲＣ,準工業,未改装,3500.0
5067,今津(阪神),12.0,4.0,３ＬＤＫ,70.0,2016.0,5.0,ＲＣ,準工業,未改装,3100.0
5068,仁川,16.0,4.0,３ＬＤＫ,75.0,2012.0,11.0,ＲＣ,１低住専,未改装,3000.0
5069,西宮(阪神),6.0,4.0,３ＬＤＫ,65.0,2016.0,16.0,ＳＲＣ,近隣商業,改装済み,2900.0
5070,洲先,4.0,3.0,２ＬＤＫ,65.0,2016.0,17.0,ＲＣ,１種住居,未改装,2200.0
5071,東鳴尾,3.0,4.0,３ＬＤＫ,70.0,2016.0,34.0,ＲＣ,１種住居,未改装,1400.0
5072,東鳴尾,5.0,5.0,４ＤＫ,70.0,2016.0,34.0,ＲＣ,１種住居,未改装,1000.0
5073,西宮(阪神),30.0,4.0,３ＬＤＫ,70.0,2012.0,13.0,ＳＲＣ,１中住専,改装済み,1600.0
5074,西宮(阪神),30.0,4.0,３ＬＤＫ,65.0,2012.0,14.0,ＳＲＣ,１中住専,未改装,1500.0
5075,西宮(阪神),30.0,4.0,３ＬＤＫ,65.0,2012.0,14.0,ＳＲＣ,１中住専,未改装,1700.0
5076,西宮(阪神),30.0,4.0,３ＬＤＫ,80.0,2012.0,13.0,ＳＲＣ,近隣商業,未改装,2200.0
5077,西宮(阪神),30.0,4.0,３ＬＤＫ,70.0,2012.0,14.0,ＳＲＣ,１中住専,未改装,1600.0
5078,西宮(阪神),30.0,4.0,３ＬＤＫ,75.0,2012.0,14.0,ＳＲＣ,１中住専,未改装,1700.0
5079,西宮(阪神),15.0,4.0,３ＬＤＫ,70.0,2016.0,12.0,ＲＣ,準工業,未改装,2600.0
5080,西宮(阪神),23.0,4.0,３ＬＤＫ,75.0,2016.0,10.0,ＲＣ,準工業,未改装,2500.0
5081,西宮北口,14.0,4.0,３ＬＤＫ,90.0,2012.0,2.0,ＲＣ,２中住専,未改装,3700.0
5082,門戸厄神,5.0,4.0,３ＬＤＫ,95.0,2012.0,26.0,ＲＣ,１中住専,未改装,1800.0
5083,門戸厄神,6.0,4.0,３ＬＤＫ,70.0,2012.0,10.0,ＲＣ,１中住専,未改装,3200.0
5084,西宮名塩,7.0,4.0,３ＬＤＫ,85.0,2016.0,23.0,ＲＣ,１中住専,改装済み,1100.0
5085,西宮名塩,6.0,4.0,３ＬＤＫ,90.0,2016.0,13.0,ＲＣ,１中住専,未改装,2400.0
5086,西宮名塩,8.0,4.0,３ＬＤＫ,80.0,2016.0,13.0,ＲＣ,１中住専,未改装,2000.0
5087,西宮名塩,15.0,4.0,３ＬＤＫ,75.0,2016.0,19.0,ＲＣ,１中住専,未改装,1300.0
5088,西宮名塩,6.0,5.0,４ＬＤＫ,80.0,2016.0,13.0,ＲＣ,１中住専,未改装,1500.0
5089,西宮(阪神),8.0,4.0,３ＬＤＫ,75.0,2012.0,3.0,ＲＣ,近隣商業,未改装,3400.0
5090,甲子園,12.0,4.0,３ＬＤＫ,70.0,2012.0,11.0,ＲＣ,１中住専,未改装,3300.0
5091,西宮(阪神),3.0,3.0,２ＬＤＫ,50.0,2012.0,6.0,ＲＣ,商業,未改装,2100.0
5092,西宮(阪神),3.0,4.0,３ＬＤＫ,65.0,2012.0,7.0,ＲＣ,商業,未改装,2400.0
5094,西宮(阪神),5.0,4.0,３ＬＤＫ,65.0,2012.0,8.0,ＳＲＣ,商業,改装済み,2800.0
5095,苦楽園口,12.0,4.0,３ＬＤＫ,70.0,2016.0,16.0,ＲＣ,１中住専,改装済み,3400.0
5096,西宮(阪神),4.0,4.0,３ＬＤＫ,65.0,2012.0,11.0,ＳＲＣ,商業,未改装,2800.0
5097,苦楽園口,13.0,4.0,３ＬＤＫ,70.0,2016.0,16.0,ＲＣ,１中住専,未改装,3400.0
5098,西宮(阪神),5.0,4.0,３ＬＤＫ,70.0,2012.0,8.0,ＳＲＣ,商業,未改装,3100.0
5099,西宮(阪神),4.0,4.0,３ＬＤＫ,65.0,2012.0,11.0,ＲＣ,商業,未改装,3200.0
5100,苦楽園口,9.0,4.0,３ＬＤＫ,65.0,2016.0,42.0,ＲＣ,１種住居,未改装,1500.0
5101,西宮(阪神),3.0,2.0,１ＬＤＫ,60.0,2012.0,7.0,ＲＣ,商業,改装済み,2200.0
5102,苦楽園口,12.0,4.0,３ＬＤＫ,65.0,2016.0,16.0,ＲＣ,１中住専,改装済み,3400.0
5103,苦楽園口,15.0,5.0,４ＬＤＫ,85.0,2016.0,34.0,ＲＣ,１中住専,改装済み,2400.0
5104,苦楽園口,12.0,5.0,３ＬＤＫ＋Ｓ,85.0,2016.0,16.0,ＲＣ,１中住専,未改装,4200.0
5105,門戸厄神,16.0,4.0,３ＬＤＫ,75.0,2016.0,21.0,ＲＣ,１中住専,改装済み,2100.0
5106,甲子園,19.0,4.0,３ＬＤＫ,85.0,2012.0,10.0,ＳＲＣ,１種住居,改装済み,2800.0
5107,甲子園,16.0,2.0,１ＬＤＫ,95.0,2012.0,10.0,ＳＲＣ,１種住居,未改装,3100.0
5108,甲子園,16.0,4.0,３ＬＤＫ,95.0,2012.0,10.0,ＳＲＣ,１種住居,未改装,3700.0
5109,西宮北口,20.0,4.0,３ＬＤＫ,70.0,2016.0,17.0,ＲＣ,１中住専,未改装,2300.0
5111,西宮北口,9.0,4.0,３ＬＤＫ,60.0,2016.0,6.0,ＲＣ,工業,未改装,2800.0
5112,西宮北口,9.0,4.0,３ＬＤＫ,60.0,2016.0,6.0,ＲＣ,工業,未改装,3600.0
5113,西宮北口,9.0,5.0,４ＬＤＫ,70.0,2016.0,6.0,ＲＣ,２種住居,未改装,3700.0
5114,阪神国道,5.0,5.0,４ＬＤＫ,85.0,2016.0,6.0,ＲＣ,工業,未改装,4200.0
5115,西宮北口,15.0,4.0,３ＬＤＫ,75.0,2016.0,13.0,ＲＣ,１中住専,未改装,4300.0
5116,西宮北口,12.0,4.0,３ＬＤＫ,70.0,2016.0,10.0,ＲＣ,１中住専,未改装,4300.0
5117,東鳴尾,5.0,4.0,３ＬＤＫ,80.0,2012.0,30.0,ＲＣ,１種住居,改装済み,1600.0
5118,甲子園口,6.0,3.0,２ＬＤＫ,100.0,2016.0,48.0,ＲＣ,１中住専,未改装,2500.0
5120,今津(阪神),18.0,4.0,３ＬＤＫ,80.0,2012.0,25.0,ＲＣ,準工業,未改装,1600.0
5121,西宮(阪神),9.0,4.0,３ＬＤＫ,65.0,2016.0,16.0,ＲＣ,近隣商業,未改装,2700.0
5122,西宮(阪神),19.0,4.0,３ＬＤＫ,60.0,2012.0,16.0,ＲＣ,準工業,未改装,1700.0
5124,苦楽園口,9.0,3.0,２ＬＤＫ,40.0,2016.0,31.0,鉄骨造,１低住専,未改装,600.0
5125,西宮(阪神),19.0,4.0,３ＬＤＫ,65.0,2012.0,15.0,ＳＲＣ,準工業,未改装,1800.0
5126,西宮(阪神),19.0,4.0,３ＬＤＫ,60.0,2012.0,16.0,ＲＣ,準工業,改装済み,1700.0
5127,西宮(阪神),5.0,3.0,２ＬＤＫ,50.0,2016.0,20.0,ＲＣ,近隣商業,改装済み,2500.0
5128,香櫨園,12.0,4.0,３ＬＤＫ,70.0,2016.0,15.0,ＲＣ,１種住居,未改装,2500.0
5129,西宮(阪神),18.0,4.0,３ＬＤＫ,70.0,2016.0,3.0,ＲＣ,準工業,未改装,3100.0
5130,西宮名塩,6.0,4.0,３ＬＤＫ,85.0,2012.0,18.0,ＲＣ,１中住専,改装済み,1400.0
5131,西宮名塩,9.0,4.0,３ＬＤＫ,80.0,2012.0,16.0,ＲＣ,１中住専,改装済み,1700.0
5132,苦楽園口,7.0,3.0,２ＬＤＫ,65.0,2016.0,14.0,ＲＣ,１中住専,未改装,2600.0
5133,苦楽園口,7.0,4.0,３ＬＤＫ,55.0,2016.0,13.0,ＲＣ,１中住専,未改装,2500.0
5134,西宮名塩,4.0,4.0,３ＬＤＫ,80.0,2012.0,16.0,ＲＣ,１中住専,未改装,1200.0
5135,西宮名塩,9.0,4.0,３ＬＤＫ,80.0,2012.0,16.0,ＲＣ,１中住専,未改装,1400.0
5136,西宮名塩,13.0,4.0,３ＬＤＫ,75.0,2012.0,9.0,ＲＣ,１中住専,未改装,1900.0
5137,西宮名塩,13.0,5.0,４ＬＤＫ,95.0,2012.0,18.0,ＲＣ,１中住専,未改装,1900.0
5138,香櫨園,4.0,4.0,３ＬＤＫ,110.0,2016.0,27.0,ＲＣ,１中住専,未改装,3900.0
5140,夙川,7.0,4.0,３ＬＤＫ,70.0,2016.0,4.0,ＲＣ,１中住専,未改装,5000.0
5141,甲子園口,6.0,4.0,３ＬＤＫ,75.0,2016.0,12.0,ＲＣ,１中住専,未改装,4400.0
5142,甲子園口,6.0,4.0,３ＬＤＫ,105.0,2016.0,23.0,ＲＣ,１中住専,未改装,4500.0
5143,甲子園口,7.0,4.0,３ＬＤＫ,75.0,2016.0,9.0,ＲＣ,１中住専,未改装,4900.0
5144,甲子園口,8.0,4.0,３ＬＤＫ,60.0,2016.0,21.0,ＲＣ,１中住専,未改装,2500.0
5145,甲子園口,7.0,4.0,３ＬＤＫ,70.0,2016.0,12.0,ＲＣ,１中住専,未改装,4400.0
5146,苦楽園口,13.0,4.0,３ＬＤＫ,65.0,2012.0,40.0,ＲＣ,１中住専,改装済み,1300.0
5147,苦楽園口,13.0,5.0,４ＬＤＫ,90.0,2012.0,14.0,ＲＣ,１中住専,未改装,4000.0
5148,西宮(ＪＲ),4.0,4.0,３ＬＤＫ,65.0,2016.0,5.0,ＲＣ,近隣商業,未改装,3700.0
5149,苦楽園口,14.0,5.0,４ＬＤＫ,95.0,2012.0,15.0,ＲＣ,１中住専,未改装,4200.0
5150,西宮(ＪＲ),4.0,4.0,３ＬＤＫ,65.0,2016.0,18.0,ＲＣ,近隣商業,未改装,3000.0
5151,西宮(ＪＲ),4.0,5.0,４ＬＤＫ,85.0,2016.0,21.0,ＲＣ,近隣商業,未改装,3200.0
5152,西宮(ＪＲ),5.0,5.0,４ＬＤＫ,85.0,2016.0,21.0,ＲＣ,近隣商業,未改装,3000.0
5153,苦楽園口,14.0,4.0,３ＬＤＫ,75.0,2012.0,5.0,ＲＣ,１中住専,未改装,4200.0
5154,西宮(ＪＲ),5.0,4.0,３ＬＤＫ,65.0,2016.0,18.0,ＲＣ,近隣商業,改装済み,3000.0
5155,苦楽園口,18.0,5.0,４ＬＤＫ,85.0,2012.0,30.0,ＲＣ,１中住専,未改装,2000.0
5156,苦楽園口,11.0,4.0,３ＬＤＫ,70.0,2012.0,12.0,ＲＣ,１中住専,未改装,2900.0
5158,苦楽園口,13.0,4.0,３ＬＤＫ,80.0,2012.0,14.0,ＲＣ,１中住専,改装済み,3000.0
5159,西宮北口,19.0,4.0,３ＬＤＫ,70.0,2016.0,13.0,ＲＣ,１中住専,未改装,3500.0
5160,門戸厄神,16.0,4.0,３ＬＤＫ,65.0,2012.0,18.0,ＲＣ,１中住専,改装済み,2200.0
5161,門戸厄神,18.0,4.0,３ＬＤＫ,75.0,2012.0,17.0,ＲＣ,１中住専,未改装,2500.0
5162,西宮北口,7.0,4.0,３ＬＤＫ,65.0,2016.0,20.0,ＲＣ,１中住専,未改装,3100.0
5163,門戸厄神,5.0,4.0,３ＬＤＫ,70.0,2016.0,17.0,ＲＣ,２中住専,改装済み,2900.0
5164,門戸厄神,5.0,4.0,３ＬＤＫ,70.0,2016.0,17.0,ＲＣ,２中住専,未改装,2400.0
5165,西宮北口,19.0,2.0,１Ｋ,15.0,2012.0,26.0,ＲＣ,１中住専,未改装,50.0
5166,西宮北口,19.0,2.0,１Ｋ,15.0,2012.0,26.0,ＲＣ,１中住専,未改装,50.0
5167,西宮北口,19.0,5.0,４ＬＤＫ,95.0,2012.0,12.0,ＲＣ,１中住専,未改装,2700.0
5168,西宮北口,16.0,4.0,３ＬＤＫ,70.0,2012.0,9.0,ＲＣ,２中住専,未改装,2200.0
5169,西宮北口,15.0,2.0,１Ｋ,15.0,2012.0,26.0,ＲＣ,２中住専,未改装,250.0
5170,西宮北口,9.0,4.0,２ＬＤＫ＋Ｓ,65.0,2012.0,2.0,ＲＣ,工業,未改装,3100.0
5171,西宮北口,6.0,1.0,１Ｒ,15.0,2012.0,25.0,ＲＣ,２種住居,未改装,380.0
5172,西宮北口,12.0,4.0,３ＬＤＫ,70.0,2012.0,6.0,ＲＣ,１中住専,未改装,4000.0
5173,門戸厄神,5.0,4.0,３ＬＤＫ,65.0,2012.0,6.0,ＲＣ,１中住専,未改装,3400.0
5174,門戸厄神,8.0,4.0,３ＬＤＫ,75.0,2012.0,9.0,ＲＣ,１中住専,未改装,3800.0
5175,門戸厄神,4.0,3.0,２ＬＤＫ,65.0,2012.0,6.0,ＲＣ,１中住専,未改装,3200.0
5176,門戸厄神,5.0,4.0,３ＬＤＫ,80.0,2012.0,6.0,ＲＣ,１中住専,未改装,3700.0
5177,甲子園,11.0,4.0,３ＬＤＫ,75.0,2016.0,14.0,ＲＣ,２中住専,未改装,3300.0
5178,甲子園,13.0,4.0,３ＬＤＫ,75.0,2016.0,11.0,ＲＣ,２種住居,未改装,3600.0
5179,甲子園,11.0,5.0,４ＬＤＫ,105.0,2016.0,11.0,ＲＣ,２種住居,未改装,4500.0
5180,甲子園,13.0,4.0,３ＬＤＫ,75.0,2016.0,11.0,ＲＣ,２種住居,未改装,3500.0
5181,甲子園口,6.0,4.0,３ＬＤＫ,100.0,2012.0,44.0,ＲＣ,１中住専,改装済み,2500.0
5182,甲子園口,6.0,3.0,２ＬＤＫ,100.0,2012.0,44.0,ＲＣ,１中住専,未改装,2100.0
5183,甲子園口,5.0,4.0,３ＬＤＫ,75.0,2012.0,11.0,ＲＣ,１中住専,未改装,3700.0
5184,甲子園口,6.0,5.0,４ＬＤＫ,90.0,2012.0,9.0,ＲＣ,１中住専,未改装,4200.0
5185,夙川,13.0,4.0,３ＬＤＫ,75.0,2012.0,12.0,ＳＲＣ,近隣商業,改装済み,2800.0
5186,夙川,13.0,4.0,３ＬＤＫ,70.0,2012.0,12.0,ＳＲＣ,近隣商業,未改装,2900.0
5187,西宮(阪神),9.0,4.0,３ＬＤＫ,70.0,2012.0,12.0,ＳＲＣ,近隣商業,未改装,2600.0
5189,西宮北口,6.0,4.0,３ＬＤＫ,65.0,2016.0,18.0,ＳＲＣ,１中住専,未改装,3500.0
5190,香櫨園,3.0,4.0,３ＬＤＫ,70.0,2016.0,19.0,ＲＣ,１種住居,未改装,3900.0
5191,苦楽園口,9.0,3.0,２ＤＫ,45.0,2012.0,42.0,鉄骨造,１低住専,改装済み,730.0
5192,苦楽園口,9.0,4.0,３ＤＫ,45.0,2012.0,42.0,鉄骨造,１低住専,未改装,600.0
5193,香櫨園,12.0,4.0,３ＬＤＫ,105.0,2012.0,44.0,ＲＣ,１中住専,改装済み,1400.0
5194,門戸厄神,9.0,4.0,３ＬＤＫ,70.0,2016.0,2.0,ＲＣ,１中住専,未改装,3900.0
5195,門戸厄神,11.0,4.0,３ＬＤＫ,75.0,2016.0,21.0,ＲＣ,１中住専,未改装,2600.0
5196,夙川,4.0,4.0,３ＬＤＫ,80.0,2012.0,15.0,ＲＣ,１中住専,未改装,3200.0
5197,甲東園,12.0,4.0,３ＬＤＫ,70.0,2016.0,17.0,ＲＣ,１中住専,未改装,2500.0
5198,門戸厄神,15.0,4.0,３ＬＤＫ,65.0,2016.0,17.0,ＲＣ,１中住専,改装済み,2200.0
5199,香櫨園,4.0,5.0,４ＬＤＫ,105.0,2012.0,23.0,ＲＣ,１中住専,未改装,3400.0
5200,さくら夙川,7.0,4.0,３ＬＤＫ,110.0,2012.0,23.0,ＲＣ,１中住専,未改装,4500.0
5201,さくら夙川,7.0,5.0,４ＬＤＫ,105.0,2012.0,23.0,ＲＣ,１中住専,未改装,3600.0
5202,夙川,9.0,5.0,４ＬＤＫ,85.0,2012.0,15.0,ＲＣ,１中住専,未改装,2800.0
5203,門戸厄神,10.0,4.0,３ＬＤＫ,90.0,2016.0,10.0,ＲＣ,１中住専,未改装,4800.0
5204,門戸厄神,9.0,3.0,２ＤＫ,60.0,2016.0,12.0,ＲＣ,１中住専,未改装,3100.0
5205,甲子園口,7.0,5.0,４ＬＤＫ,90.0,2012.0,24.0,ＲＣ,１中住専,未改装,2800.0
5206,甲子園口,8.0,4.0,３ＬＤＫ,80.0,2012.0,24.0,ＲＣ,１中住専,未改装,2400.0
5207,甲子園口,7.0,4.0,３ＬＤＫ,75.0,2012.0,8.0,ＲＣ,１中住専,未改装,3800.0
5208,西宮(ＪＲ),4.0,4.0,３ＬＤＫ,70.0,2012.0,14.0,ＲＣ,近隣商業,改装済み,3000.0
5209,甲子園口,13.0,4.0,３ＬＤＫ,70.0,2012.0,9.0,ＲＣ,１中住専,未改装,3000.0
5210,西宮北口,8.0,3.0,２ＬＤＫ,65.0,2012.0,11.0,ＲＣ,１中住専,未改装,2500.0
5211,西宮北口,11.0,3.0,２ＬＤＫ,60.0,2012.0,10.0,ＲＣ,１中住専,未改装,2400.0
5212,西宮北口,11.0,4.0,３ＬＤＫ,70.0,2012.0,10.0,ＲＣ,１中住専,未改装,3100.0
5213,西宮北口,8.0,4.0,３ＬＤＫ,65.0,2012.0,16.0,ＲＣ,１中住専,未改装,2600.0
5214,西宮北口,8.0,5.0,４ＬＤＫ,75.0,2012.0,16.0,ＲＣ,１中住専,改装済み,3500.0
5215,門戸厄神,5.0,5.0,４ＬＤＫ,85.0,2012.0,13.0,ＲＣ,２種住居,未改装,3500.0
5216,夙川,12.0,4.0,３ＬＤＫ,75.0,2012.0,41.0,ＲＣ,１中住専,未改装,1100.0
5217,二郎,20.0,5.0,４ＬＤＫ,80.0,2016.0,25.0,ＲＣ,２中住専,未改装,750.0
5218,甲子園,11.0,4.0,３ＬＤＫ,70.0,2012.0,10.0,ＲＣ,２中住専,未改装,2900.0
5219,甲子園,13.0,4.0,３ＬＤＫ,120.0,2012.0,7.0,ＲＣ,２種住居,未改装,4800.0
5220,甲子園,12.0,4.0,３ＬＤＫ,75.0,2012.0,7.0,ＲＣ,２種住居,未改装,2800.0
5221,香櫨園,11.0,4.0,３ＬＤＫ,125.0,2016.0,26.0,ＲＣ,１中住専,未改装,4100.0
5222,香櫨園,10.0,3.0,２ＬＤＫ,70.0,2016.0,9.0,ＲＣ,１中住専,未改装,3100.0
5223,西宮(阪神),11.0,4.0,３ＬＤＫ,70.0,2016.0,31.0,ＳＲＣ,近隣商業,改装済み,1900.0
5224,西宮(阪神),3.0,4.0,３ＬＤＫ,65.0,2016.0,3.0,ＲＣ,近隣商業,未改装,3900.0
5225,西宮北口,6.0,4.0,３ＬＤＫ,80.0,2012.0,14.0,ＳＲＣ,１中住専,未改装,3800.0
5226,西宮北口,6.0,4.0,３ＬＤＫ,65.0,2012.0,14.0,ＳＲＣ,１中住専,未改装,3300.0
5227,西宮北口,9.0,2.0,１ＬＤＫ,55.0,2012.0,11.0,ＲＣ,１種住居,未改装,2200.0
5228,西宮北口,6.0,4.0,３ＬＤＫ,65.0,2012.0,14.0,ＳＲＣ,１中住専,未改装,3000.0
5230,西宮北口,5.0,2.0,１ＬＤＫ,60.0,2016.0,16.0,ＳＲＣ,２種住居,未改装,3100.0
5231,西宮北口,5.0,4.0,３ＬＤＫ,70.0,2016.0,11.0,ＲＣ,２種住居,改装済み,1400.0
5232,西宮(ＪＲ),16.0,4.0,２ＬＤＫ＋Ｓ,65.0,2012.0,15.0,ＲＣ,１種住居,未改装,2100.0
5233,西宮北口,3.0,4.0,３ＬＤＫ,80.0,2016.0,16.0,ＳＲＣ,２種住居,改装済み,4800.0
5234,西宮北口,3.0,4.0,２ＬＤＫ＋Ｓ,80.0,2016.0,16.0,ＳＲＣ,２種住居,未改装,3800.0
5235,西宮北口,6.0,3.0,２ＬＤＫ,70.0,2016.0,5.0,ＲＣ,２種住居,未改装,4300.0
5236,西宮北口,3.0,4.0,３ＬＤＫ,80.0,2016.0,16.0,ＳＲＣ,２種住居,未改装,4900.0
5237,西宮北口,5.0,5.0,４ＬＤＫ,80.0,2016.0,11.0,ＲＣ,２種住居,未改装,4900.0
5239,門戸厄神,10.0,4.0,３ＬＤＫ,70.0,2012.0,17.0,ＲＣ,１中住専,未改装,2500.0
5240,甲陽園,16.0,4.0,３ＬＤＫ,60.0,2016.0,40.0,ＲＣ,１中住専,改装済み,1200.0
5241,門戸厄神,9.0,5.0,４ＬＤＫ,95.0,2012.0,8.0,ＲＣ,１中住専,未改装,4300.0
5242,門戸厄神,6.0,4.0,３ＬＤＫ,70.0,2012.0,12.0,ＲＣ,１中住専,未改装,3400.0
5244,門戸厄神,7.0,5.0,４ＬＤＫ,95.0,2012.0,15.0,ＲＣ,１中住専,未改装,5000.0
5245,門戸厄神,4.0,4.0,３ＬＤＫ,80.0,2012.0,15.0,ＳＲＣ,１中住専,未改装,2900.0
5246,鳴尾・武庫川女子大前,18.0,4.0,３ＬＤＫ,70.0,2016.0,16.0,ＲＣ,１中住専,未改装,3100.0
5247,甲東園,15.0,4.0,３ＬＤＫ,75.0,2012.0,13.0,ＲＣ,１中住専,未改装,2700.0
5248,夙川,7.0,4.0,３ＬＤＫ,80.0,2016.0,5.0,ＲＣ,１中住専,未改装,5200.0
5249,夙川,8.0,4.0,３ＬＤＫ,70.0,2016.0,19.0,ＲＣ,１中住専,改装済み,3600.0
5252,西宮(阪神),4.0,2.0,１Ｋ,15.0,2016.0,20.0,ＳＲＣ,商業,未改装,690.0
5253,西宮(阪神),5.0,4.0,３ＬＤＫ,60.0,2016.0,16.0,ＲＣ,商業,未改装,1800.0
5254,門戸厄神,9.0,4.0,３ＬＤＫ,75.0,2012.0,6.0,ＲＣ,１種住居,未改装,3500.0
5255,門戸厄神,8.0,5.0,４ＬＤＫ,75.0,2012.0,10.0,ＲＣ,１中住専,未改装,3600.0
5256,香櫨園,6.0,4.0,３ＬＤＫ,65.0,2012.0,13.0,ＲＣ,近隣商業,改装済み,3200.0
5257,さくら夙川,2.0,4.0,３ＬＤＫ,75.0,2012.0,15.0,ＲＣ,１中住専,改装済み,4200.0
5258,西宮北口,20.0,4.0,３ＬＤＫ,65.0,2012.0,14.0,ＲＣ,１種住居,未改装,1900.0
5259,香櫨園,11.0,4.0,３ＬＤＫ,130.0,2012.0,22.0,ＲＣ,１中住専,未改装,1000.0
5260,香櫨園,9.0,5.0,４ＬＤＫ,95.0,2012.0,6.0,ＲＣ,１種住居,未改装,3900.0
5261,香櫨園,7.0,4.0,３ＬＤＫ,80.0,2012.0,6.0,ＲＣ,１種住居,未改装,3500.0
5262,香櫨園,11.0,4.0,３ＬＤＫ,125.0,2012.0,22.0,ＲＣ,１中住専,未改装,4000.0
5263,西宮(阪神),9.0,4.0,３ＬＤＫ,65.0,2012.0,5.0,ＲＣ,近隣商業,未改装,2700.0
5264,西宮北口,8.0,6.0,４ＬＤＫ＋Ｓ,95.0,2012.0,30.0,ＲＣ,２種住居,未改装,2600.0
5265,西宮北口,5.0,4.0,３ＬＤＫ,65.0,2012.0,7.0,ＲＣ,２種住居,未改装,3800.0
5266,西宮北口,8.0,5.0,４ＬＤＫ,80.0,2012.0,30.0,ＲＣ,２種住居,未改装,1700.0
5267,西宮北口,8.0,4.0,３ＬＤＫ,75.0,2012.0,30.0,ＲＣ,２種住居,改装済み,2500.0
5268,西宮北口,6.0,4.0,３ＬＤＫ,65.0,2012.0,1.0,ＲＣ,２種住居,未改装,3600.0
5269,西宮北口,3.0,4.0,３ＬＤＫ,80.0,2012.0,12.0,ＳＲＣ,２種住居,未改装,3700.0
5270,西宮(ＪＲ),7.0,3.0,２ＬＤＫ,70.0,2012.0,14.0,ＳＲＣ,近隣商業,未改装,2800.0
5271,西宮(ＪＲ),7.0,4.0,３ＬＤＫ,85.0,2012.0,14.0,ＳＲＣ,近隣商業,改装済み,3600.0
5272,西宮(ＪＲ),7.0,3.0,２ＬＤＫ,70.0,2012.0,14.0,ＳＲＣ,近隣商業,未改装,3200.0
5273,西宮(ＪＲ),7.0,4.0,３ＬＤＫ,80.0,2012.0,14.0,ＳＲＣ,近隣商業,未改装,3500.0
5274,西宮(阪神),5.0,4.0,３ＬＤＫ,85.0,2012.0,14.0,ＳＲＣ,近隣商業,未改装,3700.0
5275,西宮(阪神),4.0,3.0,２ＬＤＫ,70.0,2012.0,14.0,ＳＲＣ,近隣商業,未改装,2500.0
5276,甲陽園,14.0,4.0,３ＬＤＫ,60.0,2012.0,36.0,ＲＣ,１中住専,改装済み,960.0
5277,夙川,6.0,4.0,３ＬＤＫ,70.0,2012.0,8.0,ＲＣ,１中住専,未改装,3700.0
5278,夙川,6.0,3.0,２ＬＤＫ,70.0,2012.0,8.0,ＲＣ,１中住専,未改装,3600.0
5279,夙川,9.0,4.0,３ＬＤＫ,75.0,2012.0,13.0,ＲＣ,１中住専,未改装,4000.0
5281,西宮(阪神),3.0,2.0,１Ｋ,25.0,2012.0,7.0,ＲＣ,商業,未改装,1100.0
5282,西宮(阪神),5.0,4.0,３ＬＤＫ,55.0,2012.0,12.0,ＲＣ,商業,未改装,2200.0
5283,西宮北口,15.0,4.0,３ＬＤＫ,65.0,2013.0,28.0,ＲＣ,１種住居,改装済み,1500.0
5284,甲子園,6.0,4.0,３ＬＤＫ,80.0,2013.0,25.0,ＲＣ,１中住専,未改装,1400.0
5285,鳴尾・武庫川女子大前,5.0,5.0,４ＬＤＫ,85.0,2013.0,16.0,ＲＣ,１種住居,未改装,3000.0
5286,西宮北口,6.0,5.0,４ＬＤＫ,85.0,2013.0,1.0,ＲＣ,近隣商業,未改装,5100.0
5287,西宮北口,8.0,3.0,２ＬＤＫ,75.0,2013.0,1.0,ＲＣ,２種住居,改装済み,3800.0
5288,西宮北口,6.0,4.0,３ＬＤＫ,70.0,2013.0,1.0,ＲＣ,近隣商業,未改装,3600.0
5289,香櫨園,6.0,2.0,１Ｋ,15.0,2013.0,24.0,ＲＣ,１種住居,改装済み,460.0
5290,香櫨園,9.0,4.0,３ＬＤＫ,55.0,2013.0,15.0,ＲＣ,１種住居,未改装,1600.0
5291,西宮(ＪＲ),4.0,4.0,３ＬＤＫ,55.0,2013.0,37.0,ＳＲＣ,近隣商業,未改装,1600.0
5292,西宮(ＪＲ),3.0,2.0,１Ｋ,20.0,2013.0,29.0,ＲＣ,近隣商業,未改装,450.0
5293,香櫨園,15.0,4.0,３ＬＤＫ,65.0,2013.0,35.0,ＳＲＣ,準工業,改装済み,1400.0
5294,香櫨園,13.0,2.0,１ＬＤＫ,65.0,2013.0,21.0,ＲＣ,１種住居,改装済み,1800.0
5295,香櫨園,16.0,4.0,３ＬＤＫ,65.0,2013.0,8.0,ＲＣ,準工業,未改装,2200.0
5296,香櫨園,16.0,4.0,３ＬＤＫ,75.0,2013.0,8.0,ＲＣ,準工業,改装済み,2700.0
5297,香櫨園,15.0,4.0,３ＬＤＫ,70.0,2013.0,11.0,ＲＣ,準工業,未改装,2600.0
5298,西宮(阪神),19.0,4.0,３ＬＤＫ,70.0,2013.0,8.0,ＲＣ,準工業,未改装,2400.0
5299,門戸厄神,29.0,4.0,３ＬＤＫ,65.0,2013.0,33.0,ＲＣ,１中住専,未改装,1200.0
5301,久寿川,9.0,4.0,３ＬＤＫ,60.0,2013.0,17.0,ＲＣ,１種住居,未改装,1800.0
5302,久寿川,13.0,4.0,３ＬＤＫ,80.0,2013.0,17.0,ＲＣ,準工業,改装済み,2600.0
5304,久寿川,10.0,4.0,３ＬＤＫ,60.0,2013.0,17.0,ＳＲＣ,１種住居,未改装,2000.0
5305,久寿川,12.0,4.0,３ＬＤＫ,60.0,2013.0,16.0,ＳＲＣ,準工業,未改装,1400.0
5306,久寿川,13.0,4.0,３ＬＤＫ,60.0,2013.0,15.0,ＳＲＣ,１種住居,未改装,1800.0
5307,今津(阪神),4.0,5.0,４ＬＤＫ,80.0,2013.0,3.0,ＲＣ,近隣商業,未改装,3300.0
5308,久寿川,5.0,4.0,３ＬＤＫ,60.0,2013.0,7.0,ＲＣ,１種住居,未改装,2300.0
5310,門戸厄神,19.0,4.0,３ＬＤＫ,65.0,2013.0,15.0,ＲＣ,１中住専,改装済み,2000.0
5311,甲陽園,24.0,4.0,３ＬＤＫ,75.0,2013.0,15.0,ＲＣ,１中住専,改装済み,1900.0
5312,甲陽園,24.0,4.0,３ＬＤＫ,75.0,2013.0,15.0,ＲＣ,１中住専,未改装,1800.0
5313,甲陽園,16.0,4.0,３ＬＤＫ,60.0,2013.0,35.0,ＲＣ,１中住専,未改装,790.0
5314,甲陽園,16.0,4.0,３ＬＤＫ,70.0,2013.0,35.0,ＳＲＣ,１中住専,未改装,890.0
5315,甲陽園,16.0,4.0,３ＬＤＫ,65.0,2013.0,35.0,ＲＣ,１中住専,改装済み,1200.0
5316,甲陽園,16.0,3.0,２ＬＤＫ,55.0,2013.0,35.0,ＳＲＣ,１中住専,未改装,600.0
5317,甲陽園,18.0,5.0,４ＬＤＫ,95.0,2013.0,28.0,ＲＣ,１中住専,改装済み,3200.0
5318,武庫川団地前,2.0,5.0,４ＬＤＫ,80.0,2013.0,32.0,ＳＲＣ,準工業,改装済み,1400.0
5319,洲先,10.0,4.0,３ＬＤＫ,70.0,2013.0,12.0,ＲＣ,１種住居,未改装,2100.0
5320,鳴尾・武庫川女子大前,14.0,5.0,４ＬＤＫ,85.0,2013.0,12.0,ＲＣ,１種住居,未改装,3100.0
5321,鳴尾・武庫川女子大前,15.0,4.0,３ＬＤＫ,75.0,2013.0,32.0,ＲＣ,１種住居,改装済み,1500.0
5322,苦楽園口,18.0,4.0,３ＬＤＫ,80.0,2013.0,19.0,ＲＣ,１中住専,未改装,2200.0
5323,苦楽園口,16.0,5.0,４ＬＤＫ,80.0,2013.0,39.0,ＲＣ,１中住専,未改装,1300.0
5324,苦楽園口,18.0,2.0,１ＬＤＫ,55.0,2013.0,38.0,鉄骨造,１低住専,未改装,780.0
5325,苦楽園口,16.0,4.0,３ＬＤＫ,70.0,2013.0,3.0,ＲＣ,１中住専,未改装,3600.0
5326,夙川,4.0,4.0,３ＬＤＫ,70.0,2013.0,13.0,ＲＣ,１中住専,未改装,3900.0
5327,夙川,5.0,4.0,３ＬＤＫ,80.0,2013.0,17.0,ＲＣ,１中住専,未改装,3900.0
5328,夙川,14.0,4.0,３ＬＤＫ,70.0,2013.0,39.0,ＲＣ,１中住専,未改装,1500.0
5330,夙川,14.0,4.0,３ＬＤＫ,70.0,2013.0,39.0,ＲＣ,１中住専,改装済み,1600.0
5331,夙川,14.0,4.0,３ＬＤＫ,70.0,2013.0,39.0,ＲＣ,１中住専,未改装,800.0
5332,夙川,16.0,3.0,２ＬＤＫ,70.0,2013.0,39.0,ＲＣ,１中住専,改装済み,1400.0
5333,夙川,14.0,4.0,３ＬＤＫ,70.0,2013.0,39.0,ＲＣ,１中住専,未改装,780.0
5334,西宮北口,9.0,5.0,４ＬＤＫ,100.0,2013.0,2.0,ＲＣ,１中住専,未改装,5500.0
5335,西宮北口,10.0,4.0,３ＬＤＫ,75.0,2013.0,2.0,ＲＣ,１中住専,未改装,3900.0
5336,香櫨園,13.0,4.0,３ＬＤＫ,80.0,2013.0,2.0,ＲＣ,１種住居,未改装,3300.0
5337,西宮北口,13.0,4.0,３ＬＤＫ,70.0,2013.0,16.0,ＲＣ,１中住専,未改装,2500.0
5338,苦楽園口,12.0,5.0,４ＬＤＫ,85.0,2013.0,16.0,ＲＣ,１中住専,未改装,2300.0
5339,さくら夙川,6.0,4.0,３ＬＤＫ,65.0,2013.0,17.0,ＲＣ,１中住専,改装済み,2900.0
5341,さくら夙川,4.0,4.0,３ＬＤＫ,70.0,2013.0,14.0,ＲＣ,１種住居,未改装,3400.0
5342,さくら夙川,4.0,4.0,３ＬＤＫ,75.0,2013.0,14.0,ＲＣ,１種住居,未改装,3500.0
5343,さくら夙川,3.0,4.0,３ＬＤＫ,65.0,2013.0,34.0,ＳＲＣ,近隣商業,改装済み,2000.0
5344,東鳴尾,6.0,4.0,３ＬＤＫ,75.0,2013.0,22.0,ＲＣ,１種住居,未改装,2000.0
5345,さくら夙川,10.0,4.0,３ＬＤＫ,75.0,2013.0,14.0,ＲＣ,１中住専,未改装,4000.0
5346,苦楽園口,18.0,5.0,４ＬＤＫ,90.0,2013.0,10.0,ＲＣ,１中住専,改装済み,3400.0
5347,苦楽園口,16.0,4.0,３ＬＤＫ,65.0,2013.0,9.0,ＲＣ,１中住専,未改装,2200.0
5348,苦楽園口,13.0,2.0,１ＬＤＫ,75.0,2013.0,39.0,ＲＣ,１中住専,改装済み,1900.0
5349,苦楽園口,14.0,4.0,３ＬＤＫ,75.0,2013.0,39.0,ＲＣ,１中住専,未改装,950.0
5350,苦楽園口,18.0,4.0,３ＬＤＫ,85.0,2013.0,6.0,ＲＣ,１中住専,未改装,2800.0
5352,苦楽園口,16.0,4.0,３ＬＤＫ,60.0,2013.0,10.0,ＲＣ,１中住専,未改装,2400.0
5353,夙川,18.0,5.0,４ＬＤＫ,90.0,2013.0,10.0,ＲＣ,１中住専,未改装,2800.0
5354,夙川,18.0,4.0,３ＬＤＫ,90.0,2013.0,10.0,ＲＣ,１中住専,未改装,3300.0
5355,久寿川,13.0,4.0,３ＬＤＫ,65.0,2013.0,11.0,ＲＣ,準工業,未改装,2500.0
5356,甲子園,18.0,4.0,３ＬＤＫ,70.0,2013.0,27.0,ＳＲＣ,１種住居,改装済み,2000.0
5357,甲子園口,20.0,2.0,１ＤＫ,25.0,2013.0,25.0,ＲＣ,１中住専,未改装,440.0
5358,甲子園口,12.0,3.0,２ＬＤＫ,45.0,2013.0,41.0,鉄骨造,２中住専,未改装,710.0
5359,阪神国道,12.0,4.0,３ＬＤＫ,75.0,2013.0,4.0,ＲＣ,準工業,未改装,3100.0
5360,阪神国道,12.0,4.0,３ＬＤＫ,75.0,2013.0,4.0,ＲＣ,準工業,未改装,3200.0
5361,苦楽園口,9.0,4.0,３ＬＤＫ,70.0,2013.0,12.0,ＲＣ,１中住専,未改装,3300.0
5362,甲東園,13.0,4.0,３ＬＤＫ,75.0,2013.0,7.0,ＲＣ,１低住専,未改装,3700.0
5363,甲東園,4.0,4.0,３ＬＤＫ,75.0,2013.0,12.0,ＲＣ,１中住専,未改装,3600.0
5364,甲東園,9.0,5.0,４ＬＤＫ,90.0,2013.0,13.0,ＲＣ,２低住専,未改装,3700.0
5365,甲東園,9.0,3.0,２ＬＤＫ,70.0,2013.0,13.0,ＲＣ,２低住専,未改装,2900.0
5366,香櫨園,14.0,5.0,４ＬＤＫ,95.0,2013.0,8.0,ＲＣ,１中住専,未改装,3800.0
5369,香櫨園,13.0,5.0,４ＬＤＫ,85.0,2013.0,29.0,ＲＣ,１中住専,未改装,1700.0
5371,香櫨園,5.0,3.0,２ＬＤＫ,55.0,2013.0,15.0,ＲＣ,１中住専,未改装,1600.0
5372,甲子園口,12.0,4.0,３ＬＤＫ,60.0,2013.0,8.0,ＲＣ,１種住居,未改装,2700.0
5373,甲陽園,9.0,4.0,３ＬＤＫ,75.0,2013.0,13.0,ＲＣ,１中住専,未改装,2900.0
5374,西宮北口,4.0,5.0,４ＬＤＫ,80.0,2013.0,14.0,ＲＣ,１中住専,未改装,4500.0
5375,西宮北口,4.0,5.0,４ＬＤＫ,80.0,2013.0,14.0,ＲＣ,１中住専,未改装,2600.0
5376,西宮(阪神),19.0,3.0,２ＬＤＫ,65.0,2013.0,17.0,ＲＣ,準工業,改装済み,1600.0
5377,西宮(阪神),13.0,4.0,３ＬＤＫ,70.0,2013.0,39.0,ＳＲＣ,準工業,未改装,890.0
5378,西宮(阪神),13.0,4.0,３ＬＤＫ,75.0,2013.0,39.0,ＳＲＣ,準工業,未改装,650.0
5379,西宮(阪神),14.0,4.0,３ＬＤＫ,55.0,2013.0,39.0,ＳＲＣ,準工業,未改装,800.0
5380,西宮(阪神),12.0,3.0,２ＬＤＫ,45.0,2013.0,39.0,ＳＲＣ,準工業,未改装,520.0
5382,甲子園口,8.0,4.0,３ＬＤＫ,70.0,2013.0,6.0,ＲＣ,１中住専,未改装,4100.0
5383,甲子園口,6.0,4.0,２ＬＤＫ＋Ｓ,70.0,2013.0,12.0,ＲＣ,１中住専,未改装,2900.0
5384,甲子園口,9.0,4.0,３ＬＤＫ,70.0,2013.0,6.0,ＲＣ,１中住専,未改装,3300.0
5385,甲子園口,7.0,5.0,４ＬＤＫ,90.0,2013.0,7.0,ＲＣ,１中住専,未改装,4700.0
5386,苦楽園口,14.0,2.0,１ＬＤＫ,55.0,2013.0,15.0,ＲＣ,１低住専,未改装,1900.0
5387,苦楽園口,16.0,4.0,３ＬＤＫ,80.0,2013.0,5.0,ＲＣ,１低住専,未改装,4500.0
5388,苦楽園口,8.0,4.0,３ＬＤＫ,75.0,2013.0,2.0,ＲＣ,１中住専,未改装,5000.0
5389,夙川,8.0,4.0,３ＬＤＫ,75.0,2013.0,14.0,ＲＣ,１中住専,改装済み,4000.0
5390,甲子園,10.0,4.0,３ＬＤＫ,65.0,2013.0,44.0,ＲＣ,２中住専,改装済み,2000.0
5391,甲子園,6.0,5.0,４ＬＤＫ,115.0,2013.0,8.0,ＲＣ,１中住専,未改装,5000.0
5392,甲子園,10.0,4.0,３ＬＤＫ,70.0,2013.0,12.0,ＲＣ,１中住専,未改装,2700.0
5393,甲子園,5.0,2.0,１Ｋ,20.0,2013.0,44.0,ＲＣ,近隣商業,改装済み,450.0
5395,甲子園,6.0,4.0,３ＬＤＫ,100.0,2013.0,27.0,ＲＣ,２種住居,未改装,2900.0
5396,甲子園,6.0,4.0,３ＬＤＫ,90.0,2013.0,27.0,ＲＣ,２種住居,未改装,2600.0
5397,甲子園,6.0,4.0,３ＬＤＫ,100.0,2013.0,27.0,ＲＣ,２種住居,未改装,2800.0
5398,甲子園,5.0,3.0,２ＤＫ,55.0,2013.0,44.0,ＲＣ,近隣商業,改装済み,1100.0
5399,甲子園,6.0,5.0,４ＬＤＫ,115.0,2013.0,27.0,ＲＣ,２種住居,未改装,3500.0
5400,甲子園,6.0,4.0,３ＬＤＫ,95.0,2013.0,27.0,ＲＣ,２種住居,改装済み,3400.0
5401,甲子園,4.0,6.0,５ＤＫ,75.0,2013.0,44.0,ＲＣ,１種住居,未改装,1600.0
5402,甲子園,6.0,4.0,３ＬＤＫ,100.0,2013.0,27.0,ＲＣ,２種住居,改装済み,3500.0
5403,甲子園,6.0,4.0,３ＬＤＫ,90.0,2013.0,23.0,ＲＣ,２種住居,改装済み,2900.0
5404,甲子園,6.0,4.0,３ＬＤＫ,90.0,2013.0,27.0,ＲＣ,２種住居,未改装,2700.0
5405,甲子園,6.0,4.0,３ＬＤＫ,80.0,2013.0,27.0,ＲＣ,２種住居,未改装,2800.0
5406,甲子園,15.0,4.0,３ＬＤＫ,75.0,2013.0,7.0,ＲＣ,２種住居,未改装,3300.0
5407,鳴尾・武庫川女子大前,12.0,4.0,３ＬＤＫ,65.0,2013.0,7.0,ＲＣ,２種住居,未改装,3200.0
5408,甲子園口,1.0,4.0,３ＬＤＫ,60.0,2013.0,13.0,ＲＣ,近隣商業,未改装,2700.0
5409,甲子園口,7.0,4.0,３ＬＤＫ,75.0,2013.0,12.0,ＲＣ,１中住専,未改装,3800.0
5410,甲子園口,4.0,4.0,３ＬＤＫ,65.0,2013.0,16.0,ＲＣ,近隣商業,未改装,2200.0
5411,甲子園口,8.0,4.0,３ＬＤＫ,90.0,2013.0,12.0,ＲＣ,１中住専,改装済み,4100.0
5412,甲子園口,9.0,5.0,４ＤＫ,65.0,2013.0,41.0,ＲＣ,１中住専,未改装,1400.0
5413,甲子園口,6.0,2.0,１Ｋ,15.0,2013.0,29.0,ＲＣ,近隣商業,未改装,270.0
5414,甲子園口,9.0,4.0,３ＬＤＫ,65.0,2013.0,16.0,ＲＣ,近隣商業,未改装,1900.0
5415,甲子園口,5.0,4.0,３ＬＤＫ,80.0,2013.0,43.0,ＳＲＣ,１中住専,未改装,1400.0
5416,甲子園口,2.0,4.0,３ＬＤＫ,90.0,2013.0,17.0,ＲＣ,近隣商業,未改装,3700.0
5417,甲子園口,2.0,4.0,３ＬＤＫ,85.0,2013.0,17.0,ＲＣ,近隣商業,未改装,3800.0
5418,甲子園口,5.0,4.0,３ＬＤＫ,70.0,2013.0,43.0,ＳＲＣ,１中住専,改装済み,1700.0
5419,甲子園,8.0,4.0,３ＬＤＫ,85.0,2013.0,17.0,ＲＣ,１種住居,改装済み,2500.0
5420,甲子園,5.0,4.0,３ＬＤＫ,70.0,2013.0,13.0,ＳＲＣ,近隣商業,未改装,2200.0
5421,甲子園,9.0,5.0,４ＬＤＫ,75.0,2013.0,11.0,ＲＣ,１種住居,未改装,2600.0
5422,甲子園,8.0,5.0,４ＬＤＫ,85.0,2013.0,17.0,ＲＣ,１種住居,未改装,2100.0
5423,甲子園,4.0,4.0,３ＬＤＫ,60.0,2013.0,7.0,ＲＣ,近隣商業,改装済み,2800.0
5424,甲子園,8.0,4.0,３ＬＤＫ,65.0,2013.0,15.0,ＳＲＣ,近隣商業,未改装,2100.0
5425,甲子園,10.0,3.0,２ＬＤＫ,55.0,2013.0,9.0,ＲＣ,近隣商業,未改装,2200.0
5426,甲子園,11.0,4.0,３ＬＤＫ,65.0,2013.0,40.0,ＲＣ,２種住居,改装済み,1400.0
5427,甲子園,11.0,4.0,３ＬＤＫ,75.0,2013.0,12.0,ＲＣ,２中住専,未改装,3300.0
5428,甲子園,9.0,4.0,３ＬＤＫ,65.0,2013.0,40.0,ＲＣ,２種住居,改装済み,1600.0
5429,甲子園,10.0,3.0,１ＬＤＫ＋Ｓ,50.0,2013.0,9.0,ＲＣ,近隣商業,未改装,2000.0
5430,甲子園,9.0,4.0,３ＬＤＫ,65.0,2013.0,7.0,ＲＣ,１種住居,未改装,3100.0
5431,甲子園,10.0,4.0,３ＬＤＫ,90.0,2013.0,14.0,ＲＣ,１中住専,未改装,3100.0
5432,西宮北口,4.0,3.0,２ＬＤＫ,90.0,2013.0,10.0,ＲＣ,近隣商業,未改装,5300.0
5433,香櫨園,11.0,4.0,３ＬＤＫ,70.0,2013.0,13.0,ＲＣ,近隣商業,未改装,2200.0
5434,さくら夙川,9.0,4.0,３ＬＤＫ,70.0,2013.0,7.0,ＲＣ,１中住専,未改装,3000.0
5435,甲陽園,9.0,4.0,３ＬＤＫ,70.0,2013.0,14.0,ＲＣ,１低住専,改装済み,2200.0
5436,甲陽園,3.0,4.0,３ＬＤＫ,70.0,2013.0,13.0,ＲＣ,近隣商業,未改装,3200.0
5438,甲陽園,15.0,4.0,３ＬＤＫ,90.0,2013.0,15.0,ＲＣ,１中住専,改装済み,2200.0
5439,甲陽園,12.0,4.0,３ＬＤＫ,70.0,2013.0,17.0,ＲＣ,１中住専,改装済み,2400.0
5440,甲陽園,12.0,4.0,３ＬＤＫ,70.0,2013.0,17.0,ＲＣ,１中住専,改装済み,2300.0
5441,甲陽園,1.0,4.0,３ＬＤＫ,55.0,2013.0,42.0,ＲＣ,近隣商業,未改装,900.0
5442,甲陽園,3.0,3.0,２ＤＫ,50.0,2013.0,36.0,ＳＲＣ,近隣商業,改装済み,1000.0
5443,甲陽園,3.0,3.0,２ＤＫ,50.0,2013.0,36.0,ＳＲＣ,近隣商業,未改装,530.0
5444,甲陽園,12.0,5.0,４ＬＤＫ,110.0,2013.0,23.0,ＲＣ,１中住専,未改装,3000.0
5445,西宮(阪神),11.0,3.0,２ＬＤＫ,70.0,2013.0,7.0,ＲＣ,近隣商業,未改装,2700.0
5446,鳴尾・武庫川女子大前,8.0,3.0,２ＬＤＫ,55.0,2013.0,41.0,ＳＲＣ,１種住居,改装済み,1200.0
5447,鳴尾・武庫川女子大前,9.0,3.0,２ＬＤＫ,70.0,2013.0,26.0,ＳＲＣ,１種住居,未改装,920.0
5448,鳴尾・武庫川女子大前,9.0,3.0,２ＬＤＫ,60.0,2013.0,22.0,ＲＣ,１種住居,未改装,1500.0
5449,鳴尾・武庫川女子大前,9.0,3.0,２ＬＤＫ,60.0,2013.0,41.0,ＳＲＣ,１種住居,改装済み,1000.0
5450,武庫川,9.0,5.0,４ＬＤＫ,85.0,2013.0,4.0,ＲＣ,２中住専,未改装,3800.0
5451,武庫川,6.0,5.0,４ＬＤＫ,85.0,2013.0,5.0,ＲＣ,２中住専,未改装,3700.0
5454,苦楽園口,9.0,5.0,４ＬＤＫ,135.0,2013.0,9.0,ＲＣ,１低住専,未改装,6500.0
5455,甲陽園,11.0,4.0,３ＬＤＫ,80.0,2013.0,22.0,ＲＣ,１中住専,未改装,2100.0
5457,西宮(阪神),4.0,4.0,３ＬＤＫ,65.0,2013.0,15.0,ＳＲＣ,近隣商業,未改装,2600.0
5458,生瀬,16.0,3.0,２ＬＤＫ,70.0,2013.0,21.0,ＲＣ,１中住専,未改装,790.0
5459,西宮名塩,8.0,4.0,３ＬＤＫ,75.0,2013.0,14.0,ＲＣ,１中住専,未改装,1300.0
5460,甲陽園,11.0,4.0,３ＬＤＫ,75.0,2013.0,13.0,ＲＣ,１中住専,改装済み,2600.0
5461,香櫨園,10.0,5.0,４ＬＤＫ,80.0,2013.0,6.0,ＲＣ,１中住専,未改装,3500.0
5462,香櫨園,9.0,4.0,２ＬＤＫ＋Ｓ,80.0,2013.0,16.0,ＲＣ,１中住専,未改装,3000.0
5463,香櫨園,14.0,4.0,３ＬＤＫ,70.0,2013.0,6.0,ＲＣ,１中住専,未改装,2800.0
5464,香櫨園,13.0,4.0,３ＬＤＫ,70.0,2013.0,6.0,ＲＣ,１中住専,未改装,3000.0
5465,香櫨園,14.0,4.0,３ＬＤＫ,70.0,2013.0,6.0,ＲＣ,１中住専,改装済み,2900.0
5466,香櫨園,9.0,4.0,３ＬＤＫ,70.0,2013.0,16.0,ＲＣ,１中住専,未改装,2100.0
5467,甲東園,4.0,4.0,３ＬＤＫ,65.0,2013.0,16.0,ＲＣ,１中住専,未改装,2900.0
5469,苦楽園口,12.0,4.0,３ＬＤＫ,125.0,2013.0,8.0,ＲＣ,１低住専,未改装,5100.0
5470,甲陽園,10.0,4.0,３ＬＤＫ,80.0,2013.0,26.0,ＲＣ,１低住専,改装済み,1800.0
5471,甲陽園,12.0,4.0,３ＬＤＫ,65.0,2013.0,12.0,ＲＣ,１低住専,未改装,2000.0
5472,甲陽園,13.0,3.0,２ＬＤＫ,70.0,2013.0,13.0,ＲＣ,１低住専,未改装,2500.0
5473,西宮(阪神),6.0,4.0,３ＬＤＫ,70.0,2013.0,16.0,ＲＣ,近隣商業,未改装,2100.0
5474,苦楽園口,18.0,5.0,４ＬＤＫ,90.0,2013.0,12.0,ＲＣ,１中住専,未改装,2700.0
5475,苦楽園口,17.0,5.0,４ＬＤＫ,85.0,2013.0,8.0,ＲＣ,１中住専,未改装,2900.0
5476,西宮北口,11.0,4.0,３ＬＤＫ,60.0,2013.0,40.0,ＲＣ,１中住専,改装済み,1800.0
5477,西宮北口,11.0,2.0,１ＬＤＫ,35.0,2013.0,40.0,ＲＣ,１中住専,改装済み,700.0
5478,西宮北口,10.0,4.0,３ＬＤＫ,60.0,2013.0,40.0,ＲＣ,１中住専,未改装,1200.0
5479,西宮北口,28.0,4.0,３ＬＤＫ,70.0,2013.0,24.0,ＲＣ,１中住専,未改装,1400.0
5480,門戸厄神,28.0,5.0,４ＬＤＫ,85.0,2013.0,24.0,ＲＣ,１中住専,未改装,2000.0
5481,武庫川団地前,6.0,5.0,４ＬＤＫ,100.0,2013.0,9.0,ＲＣ,１中住専,未改装,2800.0
5482,武庫川団地前,5.0,4.0,３ＬＤＫ,70.0,2013.0,24.0,ＳＲＣ,１中住専,未改装,1300.0
5484,武庫川団地前,8.0,4.0,３ＬＤＫ,85.0,2013.0,13.0,ＲＣ,１中住専,未改装,1700.0
5485,武庫川団地前,4.0,4.0,３ＬＤＫ,80.0,2013.0,21.0,ＲＣ,１中住専,未改装,1600.0
5486,武庫川団地前,8.0,4.0,３ＬＤＫ,90.0,2013.0,18.0,ＲＣ,１中住専,未改装,1900.0
5487,武庫川団地前,13.0,4.0,３ＬＤＫ,70.0,2013.0,23.0,ＳＲＣ,１中住専,未改装,1300.0
5489,武庫川団地前,6.0,4.0,３ＬＤＫ,85.0,2013.0,17.0,ＲＣ,１中住専,改装済み,2300.0
5490,西宮北口,11.0,5.0,４ＬＤＫ,80.0,2013.0,16.0,ＲＣ,準工業,未改装,2800.0
5491,西宮北口,3.0,4.0,３ＬＤＫ,85.0,2013.0,5.0,ＲＣ,商業,未改装,6000.0
5492,西宮北口,2.0,3.0,２ＤＫ,60.0,2013.0,5.0,ＲＣ,商業,未改装,4100.0
5494,西宮北口,9.0,4.0,３ＬＤＫ,60.0,2013.0,8.0,ＲＣ,１種住居,未改装,2600.0
5495,西宮北口,8.0,4.0,３ＬＤＫ,65.0,2013.0,8.0,ＲＣ,１種住居,未改装,2700.0
5496,香櫨園,12.0,5.0,４ＬＤＫ,70.0,2013.0,16.0,ＲＣ,１種住居,未改装,2500.0
5497,西宮(阪神),2.0,4.0,３ＬＤＫ,80.0,2013.0,10.0,ＲＣ,商業,未改装,3900.0
5498,甲東園,7.0,5.0,４ＬＤＫ,95.0,2013.0,10.0,ＲＣ,１中住専,未改装,4100.0
5499,仁川,11.0,5.0,４ＬＤＫ,65.0,2013.0,29.0,ＲＣ,１中住専,未改装,1600.0
5501,仁川,9.0,4.0,３ＬＤＫ,80.0,2013.0,7.0,ＲＣ,２中住専,未改装,3000.0
5502,さくら夙川,4.0,5.0,４ＬＤＫ,85.0,2013.0,26.0,ＲＣ,１中住専,未改装,3400.0
5504,西宮(ＪＲ),6.0,4.0,３ＬＤＫ,85.0,2013.0,14.0,ＲＣ,近隣商業,未改装,2700.0
5505,西宮(ＪＲ),4.0,4.0,３ＬＤＫ,65.0,2013.0,18.0,ＲＣ,２種住居,改装済み,2600.0
5506,西宮(ＪＲ),8.0,5.0,４ＬＤＫ,80.0,2013.0,18.0,ＲＣ,２種住居,改装済み,3100.0
5507,西宮(ＪＲ),4.0,5.0,４ＬＤＫ,80.0,2013.0,18.0,ＲＣ,２種住居,未改装,2500.0
5508,西宮(ＪＲ),5.0,3.0,２ＬＤＫ,60.0,2013.0,14.0,ＲＣ,近隣商業,改装済み,2300.0
5509,西宮(ＪＲ),4.0,4.0,３ＬＤＫ,65.0,2013.0,18.0,ＲＣ,２種住居,未改装,2300.0
5510,阪神国道,2.0,3.0,２ＬＤＫ,70.0,2013.0,5.0,ＲＣ,近隣商業,未改装,3200.0
5511,今津(阪神),2.0,4.0,３ＬＤＫ,60.0,2013.0,16.0,ＲＣ,近隣商業,改装済み,1500.0
5512,今津(阪神),2.0,4.0,３ＬＤＫ,60.0,2013.0,9.0,ＲＣ,商業,未改装,2200.0
5513,今津(阪神),1.0,5.0,４ＬＤＫ,75.0,2013.0,9.0,ＲＣ,商業,改装済み,2900.0
5514,今津(阪神),2.0,3.0,２ＬＤＫ,60.0,2013.0,9.0,ＲＣ,商業,未改装,2100.0
5515,今津(阪神),2.0,3.0,２ＬＤＫ,55.0,2013.0,9.0,ＲＣ,商業,未改装,1900.0
5516,今津(阪神),2.0,5.0,４ＬＤＫ,75.0,2013.0,9.0,ＲＣ,商業,未改装,2000.0
5517,今津(阪神),2.0,4.0,３ＬＤＫ,55.0,2013.0,16.0,ＲＣ,近隣商業,未改装,1500.0
5520,今津(阪神),6.0,3.0,２ＬＤＫ,55.0,2013.0,17.0,ＳＲＣ,１種住居,改装済み,1800.0
5521,西宮(ＪＲ),7.0,4.0,２ＬＤＫ＋Ｓ,75.0,2013.0,12.0,ＲＣ,１中住専,未改装,2700.0
5522,甲子園口,9.0,3.0,２ＤＫ,65.0,2013.0,41.0,ＲＣ,１中住専,改装済み,1900.0
5523,西宮(阪神),3.0,3.0,２ＬＤＫ,55.0,2013.0,13.0,ＳＲＣ,商業,改装済み,2000.0
5524,甲子園口,10.0,3.0,２ＬＤＫ,55.0,2013.0,16.0,ＲＣ,１種住居,未改装,1400.0
5525,香櫨園,5.0,4.0,３ＬＤＫ,70.0,2013.0,11.0,ＲＣ,１中住専,改装済み,2900.0
5526,香櫨園,6.0,5.0,４ＬＤＫ,110.0,2013.0,22.0,ＲＣ,１中住専,未改装,2900.0
5527,香櫨園,4.0,4.0,３ＬＤＫ,70.0,2013.0,11.0,ＲＣ,１中住専,未改装,3200.0
5528,西宮(ＪＲ),13.0,2.0,１Ｋ,15.0,2013.0,27.0,ＲＣ,近隣商業,未改装,390.0
5529,西宮(ＪＲ),10.0,4.0,３ＬＤＫ,75.0,2013.0,9.0,ＲＣ,１種住居,未改装,2900.0
5530,西宮(ＪＲ),10.0,4.0,３ＬＤＫ,60.0,2013.0,9.0,ＲＣ,１種住居,未改装,2700.0
5531,西宮(ＪＲ),10.0,4.0,３ＬＤＫ,60.0,2013.0,9.0,ＲＣ,１種住居,未改装,2300.0
5532,西宮(阪神),13.0,2.0,１Ｋ,15.0,2013.0,27.0,ＲＣ,近隣商業,未改装,260.0
5533,西宮名塩,30.0,4.0,３ＬＤＫ,75.0,2013.0,18.0,ＲＣ,１低住専,改装済み,680.0
5535,生瀬,13.0,4.0,３ＬＤＫ,75.0,2013.0,16.0,ＳＲＣ,２中住専,未改装,1500.0
5536,生瀬,11.0,4.0,３ＬＤＫ,70.0,2013.0,15.0,ＳＲＣ,２中住専,未改装,1500.0
5537,生瀬,11.0,5.0,４ＬＤＫ,75.0,2013.0,15.0,ＳＲＣ,２中住専,未改装,1600.0
5538,鳴尾・武庫川女子大前,6.0,4.0,３ＬＤＫ,70.0,2013.0,9.0,ＲＣ,近隣商業,未改装,2900.0
5539,鳴尾・武庫川女子大前,7.0,4.0,３ＬＤＫ,65.0,2013.0,13.0,ＲＣ,１種住居,未改装,2200.0
5540,鳴尾・武庫川女子大前,7.0,4.0,３ＬＤＫ,70.0,2013.0,13.0,ＲＣ,１種住居,未改装,2500.0
5541,鳴尾・武庫川女子大前,10.0,4.0,３ＬＤＫ,80.0,2013.0,18.0,ＲＣ,１種住居,未改装,2500.0
5542,鳴尾・武庫川女子大前,7.0,3.0,２ＤＫ,40.0,2013.0,42.0,鉄骨造,１種住居,改装済み,900.0
5543,苦楽園口,6.0,2.0,１ＬＤＫ,40.0,2013.0,5.0,ＲＣ,１中住専,未改装,1800.0
5544,夙川,9.0,4.0,３ＬＤＫ,85.0,2013.0,29.0,ＲＣ,１低住専,未改装,2300.0
5545,仁川,10.0,4.0,３ＬＤＫ,95.0,2013.0,15.0,ＲＣ,１低住専,未改装,2400.0
5546,仁川,1.0,5.0,４ＬＤＫ,85.0,2013.0,11.0,ＲＣ,１中住専,改装済み,2900.0
5547,西宮(阪神),12.0,2.0,１Ｋ,25.0,2013.0,5.0,ＲＣ,近隣商業,未改装,990.0
5548,西宮(阪神),30.0,4.0,３ＬＤＫ,70.0,2013.0,15.0,ＳＲＣ,１中住専,改装済み,1700.0
5550,西宮(阪神),30.0,4.0,３ＬＤＫ,70.0,2013.0,15.0,ＳＲＣ,１中住専,改装済み,1400.0
5551,西宮(阪神),30.0,5.0,４ＬＤＫ,105.0,2013.0,15.0,ＳＲＣ,１中住専,未改装,2800.0
5552,西宮(阪神),30.0,4.0,３ＬＤＫ,70.0,2013.0,15.0,ＳＲＣ,１中住専,未改装,1500.0
5553,西宮(阪神),30.0,5.0,４ＬＤＫ,85.0,2013.0,15.0,ＳＲＣ,１中住専,未改装,1800.0
5554,西宮(阪神),30.0,4.0,３ＬＤＫ,85.0,2013.0,9.0,ＳＲＣ,１中住専,未改装,2500.0
5555,西宮(阪神),30.0,5.0,４ＬＤＫ,85.0,2013.0,15.0,ＳＲＣ,１中住専,改装済み,2100.0
5556,西宮北口,14.0,4.0,３ＬＤＫ,70.0,2013.0,3.0,ＲＣ,２中住専,未改装,3300.0
5557,門戸厄神,10.0,4.0,３ＬＤＫ,70.0,2013.0,16.0,ＲＣ,２中住専,未改装,2400.0
5558,門戸厄神,5.0,4.0,３ＬＤＫ,75.0,2013.0,3.0,ＲＣ,１中住専,未改装,3900.0
5559,門戸厄神,5.0,5.0,４ＬＤＫ,85.0,2013.0,4.0,ＲＣ,１中住専,未改装,4300.0
5560,夙川,4.0,3.0,２ＬＤＫ,95.0,2013.0,29.0,ＲＣ,近隣商業,未改装,4200.0
5561,夙川,3.0,2.0,１Ｋ,25.0,2013.0,29.0,ＲＣ,近隣商業,改装済み,630.0
5562,西宮(ＪＲ),7.0,4.0,３ＬＤＫ,65.0,2013.0,12.0,ＲＣ,１種住居,未改装,2200.0
5563,西宮(ＪＲ),9.0,4.0,３ＬＤＫ,65.0,2013.0,9.0,ＲＣ,近隣商業,未改装,2800.0
5564,甲子園,12.0,4.0,３ＬＤＫ,65.0,2013.0,12.0,ＲＣ,１中住専,未改装,3100.0
5565,鳴尾・武庫川女子大前,10.0,5.0,４ＬＤＫ,80.0,2013.0,12.0,ＲＣ,１中住専,未改装,3800.0
5566,西宮(阪神),3.0,4.0,３ＬＤＫ,65.0,2013.0,8.0,ＲＣ,商業,未改装,2400.0
5567,西宮(阪神),3.0,4.0,３ＬＤＫ,65.0,2013.0,7.0,ＲＣ,商業,未改装,3700.0
5568,甲子園,16.0,5.0,４ＬＤＫ,95.0,2013.0,11.0,ＳＲＣ,１種住居,未改装,2700.0
5569,甲子園,20.0,3.0,２ＬＤＫ,70.0,2013.0,13.0,ＲＣ,１種住居,改装済み,1900.0
5570,甲子園,16.0,3.0,２ＬＤＫ,95.0,2013.0,11.0,ＳＲＣ,１種住居,未改装,3000.0
5571,甲子園,21.0,4.0,３ＬＤＫ,70.0,2013.0,13.0,ＲＣ,１種住居,改装済み,2100.0
5572,甲子園,19.0,4.0,３ＬＤＫ,90.0,2013.0,11.0,ＳＲＣ,１種住居,改装済み,2900.0
5573,西宮(阪神),11.0,3.0,２ＬＤＫ,65.0,2013.0,10.0,ＳＲＣ,準工業,未改装,2700.0
5574,洲先,3.0,4.0,３ＬＤＫ,70.0,2013.0,15.0,ＲＣ,１種住居,未改装,2700.0
5575,今津(阪神),16.0,4.0,３ＬＤＫ,70.0,2013.0,7.0,ＲＣ,準工業,未改装,2500.0
5576,今津(阪神),15.0,4.0,３ＬＤＫ,80.0,2013.0,8.0,ＲＣ,準工業,未改装,2400.0
5577,西宮(阪神),16.0,4.0,３ＬＤＫ,70.0,2013.0,9.0,ＲＣ,準工業,未改装,2500.0
5578,西宮(阪神),16.0,5.0,４ＬＤＫ,90.0,2013.0,9.0,ＲＣ,準工業,未改装,3000.0
5579,西宮(阪神),19.0,4.0,２ＬＤＫ＋Ｓ,60.0,2013.0,16.0,ＳＲＣ,準工業,改装済み,1900.0
5580,西宮(阪神),18.0,5.0,４ＬＤＫ,80.0,2013.0,9.0,ＲＣ,準工業,改装済み,2900.0
5581,西宮名塩,11.0,3.0,２ＬＤＫ,65.0,2013.0,21.0,ＲＣ,１中住専,未改装,920.0
5582,西宮名塩,5.0,5.0,４ＬＤＫ,95.0,2013.0,19.0,ＲＣ,１中住専,未改装,1700.0
5583,西宮名塩,8.0,3.0,２ＬＤＫ,95.0,2013.0,19.0,ＲＣ,１中住専,未改装,1800.0
5584,西宮名塩,3.0,5.0,４ＬＤＫ,90.0,2013.0,17.0,ＲＣ,１中住専,改装済み,1700.0
5585,西宮名塩,8.0,4.0,３ＬＤＫ,95.0,2013.0,19.0,ＲＣ,１中住専,未改装,1900.0
5586,西宮名塩,6.0,4.0,３ＬＤＫ,80.0,2013.0,10.0,ＲＣ,１中住専,未改装,1700.0
5587,西宮名塩,15.0,4.0,３ＬＤＫ,90.0,2013.0,19.0,ＲＣ,１中住専,未改装,830.0
5588,西宮名塩,14.0,4.0,３ＬＤＫ,70.0,2013.0,16.0,ＲＣ,１中住専,未改装,1400.0
5589,西宮名塩,8.0,4.0,３ＬＤＫ,95.0,2013.0,19.0,ＲＣ,１中住専,未改装,1900.0
5590,西宮名塩,3.0,5.0,４ＬＤＫ,90.0,2013.0,17.0,ＲＣ,１中住専,未改装,1300.0
5591,西宮名塩,11.0,4.0,３ＬＤＫ,85.0,2013.0,21.0,ＲＣ,１中住専,改装済み,1500.0
5592,西宮名塩,19.0,4.0,３ＬＤＫ,80.0,2013.0,19.0,ＲＣ,１中住専,未改装,770.0
5593,西宮名塩,8.0,4.0,３ＬＤＫ,90.0,2013.0,19.0,ＲＣ,１中住専,改装済み,1500.0
5594,西宮名塩,14.0,5.0,４ＬＤＫ,85.0,2013.0,16.0,ＲＣ,１中住専,未改装,1200.0
5595,苦楽園口,8.0,4.0,３ＬＤＫ,100.0,2013.0,2.0,ＲＣ,１種住居,未改装,7000.0
5596,苦楽園口,15.0,4.0,３ＬＤＫ,80.0,2013.0,5.0,ＲＣ,１中住専,未改装,4600.0
5598,苦楽園口,16.0,4.0,３ＬＤＫ,65.0,2013.0,15.0,ＲＣ,１中住専,未改装,2400.0
5599,苦楽園口,13.0,5.0,４ＬＤＫ,85.0,2013.0,13.0,ＲＣ,１中住専,改装済み,4100.0
5600,苦楽園口,13.0,5.0,４ＬＤＫ,100.0,2013.0,16.0,ＲＣ,１中住専,未改装,3500.0
5601,苦楽園口,14.0,5.0,４ＬＤＫ,85.0,2013.0,15.0,ＲＣ,１中住専,改装済み,3300.0
5602,西宮北口,16.0,4.0,３ＬＤＫ,75.0,2013.0,18.0,ＲＣ,１中住専,未改装,2300.0
5603,門戸厄神,16.0,5.0,４ＬＤＫ,80.0,2013.0,19.0,ＲＣ,１中住専,未改装,2700.0
5604,門戸厄神,16.0,5.0,４ＬＤＫ,70.0,2013.0,10.0,ＲＣ,１中住専,未改装,2800.0
5605,西宮北口,6.0,3.0,２ＬＤＫ,50.0,2013.0,8.0,ＲＣ,１種住居,未改装,2200.0
5606,西宮(ＪＲ),20.0,5.0,４ＬＤＫ,75.0,2013.0,10.0,ＲＣ,２中住専,未改装,2700.0
5607,西宮北口,19.0,5.0,４ＬＤＫ,75.0,2013.0,14.0,ＲＣ,１中住専,未改装,2400.0
5608,門戸厄神,13.0,4.0,３ＬＤＫ,75.0,2013.0,14.0,ＲＣ,１中住専,未改装,2400.0
5609,西宮北口,11.0,4.0,３ＬＤＫ,60.0,2013.0,3.0,ＲＣ,工業,未改装,2400.0
5611,西宮北口,25.0,2.0,１Ｋ,15.0,2013.0,25.0,ＲＣ,２種住居,改装済み,470.0
5612,西宮北口,10.0,2.0,１Ｋ,15.0,2013.0,25.0,ＲＣ,２種住居,未改装,500.0
5613,西宮北口,6.0,2.0,１Ｋ,15.0,2013.0,26.0,ＲＣ,近隣商業,未改装,400.0
5614,西宮北口,11.0,5.0,４ＬＤＫ,90.0,2013.0,7.0,ＲＣ,１中住専,改装済み,5100.0
5615,甲子園口,6.0,4.0,３ＬＤＫ,100.0,2013.0,45.0,ＲＣ,１中住専,未改装,2400.0
5616,甲子園口,6.0,4.0,３ＬＤＫ,100.0,2013.0,45.0,ＲＣ,１中住専,未改装,2400.0
5617,甲子園口,6.0,3.0,２ＬＤＫ,70.0,2013.0,45.0,ＲＣ,１中住専,未改装,1900.0
5618,甲子園口,6.0,4.0,３ＬＤＫ,90.0,2013.0,10.0,ＲＣ,１中住専,未改装,4300.0
5619,甲子園口,6.0,4.0,３ＬＤＫ,100.0,2013.0,45.0,ＲＣ,１中住専,未改装,2400.0
5620,甲子園口,4.0,4.0,３ＬＤＫ,95.0,2013.0,12.0,ＲＣ,１中住専,未改装,4200.0
5621,甲子園口,7.0,3.0,１ＬＤＫ＋Ｓ,65.0,2013.0,5.0,ＲＣ,１中住専,未改装,3100.0
5622,夙川,13.0,4.0,３ＬＤＫ,75.0,2013.0,13.0,ＳＲＣ,近隣商業,未改装,3100.0
5623,香櫨園,11.0,4.0,３ＬＤＫ,70.0,2013.0,16.0,ＲＣ,１中住専,未改装,2200.0
5624,夙川,5.0,4.0,３ＬＤＫ,70.0,2013.0,16.0,ＲＣ,１中住専,未改装,3500.0
5625,苦楽園口,6.0,3.0,２ＬＤＫ,60.0,2013.0,11.0,ＲＣ,１中住専,未改装,2900.0
5626,苦楽園口,6.0,4.0,３ＬＤＫ,70.0,2013.0,11.0,ＲＣ,１中住専,未改装,2900.0
5627,甲子園口,8.0,4.0,３ＬＤＫ,80.0,2013.0,7.0,ＲＣ,１中住専,未改装,4500.0
5628,甲子園口,7.0,4.0,３ＬＤＫ,70.0,2013.0,6.0,ＲＣ,１中住専,未改装,3600.0
5629,甲子園口,9.0,4.0,３ＬＤＫ,70.0,2013.0,36.0,ＲＣ,１中住専,未改装,1400.0
5631,西宮(ＪＲ),3.0,4.0,３ＬＤＫ,65.0,2013.0,11.0,ＲＣ,近隣商業,未改装,2200.0
5632,西宮北口,15.0,4.0,３ＬＤＫ,60.0,2013.0,40.0,ＲＣ,１中住専,未改装,950.0
5633,西宮北口,11.0,4.0,３ＬＤＫ,65.0,2013.0,11.0,ＲＣ,２中住専,未改装,2000.0
5634,西宮北口,11.0,4.0,３ＬＤＫ,70.0,2013.0,11.0,ＲＣ,１中住専,未改装,3200.0
5635,西宮北口,11.0,4.0,３ＬＤＫ,70.0,2013.0,11.0,ＲＣ,１中住専,未改装,3200.0
5636,門戸厄神,6.0,4.0,３ＬＤＫ,70.0,2013.0,14.0,ＲＣ,２中住専,未改装,2700.0
5637,苦楽園口,2.0,4.0,３ＬＤＫ,70.0,2013.0,12.0,ＲＣ,１中住専,未改装,3900.0
5638,西宮北口,6.0,4.0,３ＬＤＫ,65.0,2013.0,15.0,ＳＲＣ,１中住専,未改装,2600.0
5639,西宮北口,6.0,1.0,１Ｒ,25.0,2013.0,15.0,ＳＲＣ,１中住専,未改装,1200.0
5640,香櫨園,9.0,4.0,３ＬＤＫ,70.0,2013.0,12.0,ＲＣ,１種住居,未改装,2500.0
5641,門戸厄神,6.0,4.0,３ＬＤＫ,75.0,2013.0,16.0,ＲＣ,１中住専,未改装,3400.0
5642,門戸厄神,6.0,4.0,３ＬＤＫ,75.0,2013.0,16.0,ＲＣ,１中住専,未改装,3200.0
5643,門戸厄神,2.0,4.0,３ＬＤＫ,65.0,2013.0,16.0,ＳＲＣ,１中住専,改装済み,2600.0
5644,門戸厄神,4.0,3.0,２ＬＤＫ,70.0,2013.0,14.0,ＲＣ,１中住専,未改装,2800.0
5646,西宮北口,15.0,5.0,４ＬＤＫ,90.0,2013.0,7.0,ＲＣ,１中住専,未改装,4900.0
5647,門戸厄神,9.0,4.0,３ＬＤＫ,60.0,2013.0,9.0,ＲＣ,１中住専,未改装,2900.0
5648,さくら夙川,3.0,4.0,３ＬＤＫ,70.0,2013.0,16.0,ＲＣ,１中住専,未改装,3500.0
5649,田尾寺,24.0,5.0,４ＬＤＫ,80.0,2013.0,22.0,ＲＣ,２中住専,改装済み,780.0
5650,西宮(阪神),7.0,3.0,２ＬＤＫ,60.0,2013.0,10.0,ＲＣ,近隣商業,未改装,2200.0
5651,西宮北口,3.0,3.0,２ＬＤＫ,75.0,2013.0,13.0,ＳＲＣ,２種住居,改装済み,4100.0
5652,西宮北口,5.0,4.0,３ＬＤＫ,80.0,2013.0,13.0,ＳＲＣ,２種住居,未改装,2700.0
5653,西宮北口,5.0,4.0,３ＬＤＫ,80.0,2013.0,13.0,ＳＲＣ,２種住居,未改装,4300.0
5654,西宮北口,6.0,4.0,３ＬＤＫ,95.0,2013.0,2.0,ＲＣ,２種住居,未改装,6200.0
5655,西宮北口,5.0,4.0,３ＬＤＫ,65.0,2013.0,8.0,ＲＣ,２種住居,未改装,3100.0
5656,西宮北口,3.0,4.0,３ＬＤＫ,80.0,2013.0,13.0,ＳＲＣ,２種住居,改装済み,4400.0
5657,西宮北口,3.0,4.0,３ＬＤＫ,80.0,2013.0,13.0,ＳＲＣ,２種住居,改装済み,4500.0
5658,西宮北口,5.0,3.0,２ＬＤＫ,75.0,2013.0,13.0,ＳＲＣ,２種住居,改装済み,4000.0
5659,西宮北口,3.0,4.0,３ＬＤＫ,80.0,2013.0,13.0,ＳＲＣ,２種住居,改装済み,4700.0
5660,西宮北口,3.0,4.0,３ＬＤＫ,80.0,2013.0,13.0,ＳＲＣ,２種住居,改装済み,3800.0
5661,西宮北口,5.0,4.0,３ＬＤＫ,80.0,2013.0,13.0,ＳＲＣ,２種住居,改装済み,4700.0
5662,西宮北口,3.0,3.0,２ＬＤＫ,80.0,2013.0,13.0,ＳＲＣ,２種住居,未改装,4100.0
5663,西宮北口,8.0,5.0,４ＬＤＫ,80.0,2013.0,31.0,ＲＣ,２種住居,未改装,2400.0
5664,西宮北口,3.0,4.0,３ＬＤＫ,80.0,2013.0,13.0,ＳＲＣ,２種住居,未改装,3500.0
5665,西宮北口,3.0,4.0,３ＬＤＫ,80.0,2013.0,13.0,ＳＲＣ,２種住居,未改装,4300.0
5666,西宮北口,3.0,4.0,３ＬＤＫ,80.0,2013.0,13.0,ＳＲＣ,２種住居,未改装,3600.0
5667,門戸厄神,9.0,4.0,３ＬＤＫ,55.0,2013.0,11.0,ＲＣ,１中住専,未改装,2300.0
5668,門戸厄神,11.0,5.0,４ＬＤＫ,80.0,2013.0,13.0,ＲＣ,１中住専,未改装,3100.0
5669,門戸厄神,11.0,4.0,３ＬＤＫ,70.0,2013.0,13.0,ＲＣ,１中住専,未改装,2700.0
5670,西宮(阪神),5.0,4.0,３ＬＤＫ,50.0,2013.0,13.0,ＲＣ,商業,改装済み,2000.0
5671,西宮(阪神),1.0,4.0,３ＬＤＫ,75.0,2013.0,17.0,ＲＣ,商業,未改装,3900.0
5672,西宮(阪神),3.0,2.0,１ＬＤＫ,60.0,2013.0,5.0,ＲＣ,商業,未改装,3000.0
5674,西宮北口,13.0,4.0,３ＬＤＫ,75.0,2009.0,22.0,ＲＣ,１種住居,未改装,1500.0
5675,西宮(ＪＲ),0.0,3.0,２ＬＤＫ,65.0,2009.0,14.0,ＳＲＣ,近隣商業,未改装,2100.0
5676,西宮(ＪＲ),1.0,3.0,２ＬＤＫ,65.0,2009.0,16.0,ＳＲＣ,近隣商業,改装済み,2400.0
5678,西宮(ＪＲ),1.0,3.0,２ＬＤＫ,60.0,2009.0,16.0,ＳＲＣ,近隣商業,未改装,2100.0
5679,香櫨園,14.0,4.0,３ＬＤＫ,80.0,2009.0,37.0,ＲＣ,１種住居,未改装,660.0
5680,香櫨園,12.0,4.0,３ＬＤＫ,95.0,2009.0,6.0,ＲＣ,準工業,未改装,3100.0
5681,香櫨園,13.0,4.0,３ＬＤＫ,85.0,2009.0,6.0,ＲＣ,１種住居,改装済み,3100.0
5682,香櫨園,12.0,5.0,４ＬＤＫ,95.0,2009.0,6.0,ＲＣ,準工業,未改装,3400.0
5683,香櫨園,13.0,4.0,３ＬＤＫ,90.0,2009.0,17.0,ＲＣ,１種住居,未改装,1800.0
5684,香櫨園,13.0,4.0,３ＬＤＫ,110.0,2009.0,17.0,ＲＣ,１種住居,改装済み,3100.0
5685,さくら夙川,22.0,4.0,３ＬＤＫ,60.0,2009.0,28.0,ＳＲＣ,準工業,改装済み,1200.0
5686,甲東園,30.0,3.0,２ＤＫ,65.0,2009.0,29.0,ＲＣ,１中住専,未改装,1200.0
5687,甲陽園,16.0,4.0,３ＬＤＫ,70.0,2009.0,10.0,ＲＣ,１中住専,改装済み,2800.0
5688,甲陽園,19.0,4.0,３ＬＤＫ,70.0,2009.0,29.0,ＲＣ,１中住専,改装済み,1100.0
5689,西宮北口,30.0,4.0,３ＬＤＫ,70.0,2009.0,14.0,ＲＣ,１中住専,未改装,2000.0
5690,西宮北口,30.0,4.0,３ＬＤＫ,70.0,2009.0,14.0,ＲＣ,１中住専,改装済み,1600.0
5691,西宮北口,30.0,5.0,４ＬＤＫ,95.0,2009.0,6.0,ＲＣ,１中住専,未改装,3300.0
5693,仁川,23.0,5.0,４ＬＤＫ,75.0,2009.0,8.0,ＲＣ,１中住専,未改装,2700.0
5694,久寿川,13.0,4.0,３ＬＤＫ,75.0,2009.0,13.0,ＳＲＣ,１種住居,未改装,2300.0
5695,久寿川,5.0,4.0,３ＬＤＫ,65.0,2009.0,14.0,ＲＣ,１種住居,未改装,1700.0
5696,久寿川,13.0,4.0,３ＬＤＫ,70.0,2009.0,13.0,ＲＣ,１種住居,未改装,2400.0
5697,久寿川,10.0,4.0,３ＬＤＫ,60.0,2009.0,12.0,ＳＲＣ,１種住居,未改装,1700.0
5698,門戸厄神,20.0,4.0,３ＬＤＫ,60.0,2009.0,11.0,ＲＣ,１中住専,改装済み,1400.0
5699,甲東園,23.0,4.0,３ＬＤＫ,70.0,2009.0,12.0,ＲＣ,１中住専,未改装,1500.0
5700,甲陽園,18.0,4.0,３ＬＤＫ,80.0,2009.0,15.0,ＲＣ,１中住専,未改装,2300.0
5701,甲陽園,16.0,4.0,３ＬＤＫ,60.0,2009.0,31.0,ＲＣ,１中住専,改装済み,750.0
5702,甲陽園,15.0,4.0,３ＬＤＫ,60.0,2009.0,31.0,ＳＲＣ,１中住専,改装済み,840.0
5703,甲陽園,14.0,4.0,３ＬＤＫ,65.0,2009.0,31.0,ＲＣ,１中住専,未改装,1000.0
5704,甲陽園,16.0,4.0,３ＬＤＫ,60.0,2009.0,31.0,ＳＲＣ,１中住専,未改装,390.0
5705,甲陽園,16.0,4.0,３ＬＤＫ,65.0,2009.0,31.0,ＲＣ,１中住専,未改装,800.0
5706,武庫川団地前,2.0,5.0,４ＬＤＫ,80.0,2009.0,28.0,ＳＲＣ,準工業,改装済み,1700.0
5707,洲先,8.0,4.0,３ＬＤＫ,75.0,2009.0,28.0,ＲＣ,１種住居,改装済み,1300.0
5708,洲先,8.0,5.0,４ＬＤＫ,75.0,2009.0,23.0,ＲＣ,１種住居,未改装,1400.0
5710,武庫川団地前,4.0,5.0,４ＬＤＫ,70.0,2009.0,34.0,ＲＣ,１種住居,未改装,850.0
5711,苦楽園口,16.0,4.0,３ＬＤＫ,75.0,2009.0,4.0,ＲＣ,１中住専,改装済み,3300.0
5712,苦楽園口,18.0,4.0,３ＬＤＫ,55.0,2009.0,34.0,鉄骨造,１低住専,未改装,600.0
5713,苦楽園口,16.0,4.0,３ＬＤＫ,70.0,2009.0,34.0,鉄骨造,１低住専,未改装,1000.0
5714,苦楽園口,17.0,3.0,２ＬＤＫ,60.0,2009.0,34.0,鉄骨造,１低住専,未改装,600.0
5715,夙川,11.0,2.0,１ＬＤＫ,50.0,2009.0,1.0,ＲＣ,１中住専,未改装,2600.0
5716,夙川,11.0,2.0,１ＬＤＫ,55.0,2009.0,1.0,ＲＣ,１中住専,未改装,2800.0
5717,夙川,11.0,2.0,１ＬＤＫ,55.0,2009.0,1.0,ＲＣ,１中住専,未改装,2500.0
5718,香櫨園,14.0,4.0,３ＬＤＫ,65.0,2009.0,9.0,ＲＣ,１種住居,未改装,2000.0
5719,香櫨園,14.0,4.0,３ＬＤＫ,70.0,2009.0,9.0,ＲＣ,１種住居,未改装,2000.0
5720,西宮北口,15.0,4.0,３ＬＤＫ,70.0,2009.0,14.0,ＲＣ,１中住専,改装済み,2400.0
5721,西宮北口,14.0,4.0,３ＬＤＫ,70.0,2009.0,14.0,ＲＣ,１中住専,未改装,1900.0
5722,西宮北口,9.0,4.0,３ＬＤＫ,70.0,2009.0,5.0,ＲＣ,２中住専,未改装,3600.0
5723,西宮北口,9.0,4.0,３ＬＤＫ,70.0,2009.0,12.0,ＲＣ,１種住居,未改装,2700.0
5724,さくら夙川,7.0,1.0,１Ｒ,20.0,2009.0,15.0,ＲＣ,１中住専,未改装,510.0
5725,鳴尾・武庫川女子大前,7.0,5.0,４ＬＤＫ,65.0,2009.0,9.0,ＲＣ,２種住居,未改装,2900.0
5726,鳴尾・武庫川女子大前,8.0,5.0,４ＬＤＫ,85.0,2009.0,7.0,ＲＣ,１中住専,未改装,3300.0
5727,さくら夙川,4.0,4.0,３ＬＤＫ,70.0,2009.0,30.0,ＳＲＣ,近隣商業,改装済み,1900.0
5728,甲東園,14.0,4.0,３ＬＤＫ,70.0,2009.0,32.0,ＳＲＣ,１種住居,未改装,1300.0
5729,苦楽園口,15.0,4.0,３ＬＤＫ,75.0,2009.0,13.0,ＲＣ,１中住専,未改装,2400.0
5730,さくら夙川,20.0,4.0,３ＬＤＫ,85.0,2009.0,6.0,ＲＣ,１中住専,未改装,2900.0
5731,西宮(阪神),18.0,3.0,２ＬＤＫ,60.0,2009.0,5.0,ＲＣ,１中住専,未改装,1500.0
5732,西宮(阪神),19.0,5.0,４ＬＤＫ,90.0,2009.0,6.0,ＲＣ,１中住専,未改装,3400.0
5734,甲東園,7.0,4.0,３ＬＤＫ,65.0,2009.0,9.0,ＲＣ,１低住専,未改装,2900.0
5735,甲東園,4.0,4.0,３ＬＤＫ,75.0,2009.0,8.0,ＲＣ,１中住専,未改装,3600.0
5736,甲東園,5.0,4.0,３ＬＤＫ,70.0,2009.0,8.0,ＲＣ,１中住専,未改装,3400.0
5737,甲東園,7.0,4.0,３ＬＤＫ,65.0,2009.0,9.0,ＲＣ,１低住専,未改装,2600.0
5738,甲東園,7.0,4.0,３ＬＤＫ,65.0,2009.0,9.0,ＲＣ,１低住専,未改装,3000.0
5739,甲陽園,4.0,4.0,３ＬＤＫ,75.0,2009.0,3.0,ＲＣ,１低住専,未改装,3600.0
5740,香櫨園,11.0,4.0,３ＬＤＫ,95.0,2009.0,0.0,ＲＣ,１中住専,未改装,4400.0
5741,香櫨園,10.0,4.0,３ＬＤＫ,65.0,2009.0,9.0,ＲＣ,１中住専,未改装,2100.0
5742,香櫨園,9.0,4.0,３ＬＤＫ,75.0,2009.0,6.0,ＲＣ,１中住専,未改装,3200.0
5743,香櫨園,5.0,3.0,２ＤＫ,50.0,2009.0,11.0,ＲＣ,１中住専,未改装,1500.0
5744,香櫨園,2.0,4.0,３ＬＤＫ,75.0,2009.0,11.0,ＳＲＣ,１中住専,未改装,2600.0
5745,香櫨園,5.0,4.0,３ＤＫ,50.0,2009.0,11.0,ＲＣ,１中住専,改装済み,1700.0
5746,香櫨園,3.0,4.0,３ＬＤＫ,75.0,2009.0,11.0,ＳＲＣ,準住居,未改装,2400.0
5747,香櫨園,4.0,5.0,４ＬＤＫ,95.0,2009.0,20.0,ＲＣ,１中住専,未改装,2700.0
5748,香櫨園,4.0,3.0,２ＤＫ,45.0,2009.0,29.0,ＲＣ,１中住専,未改装,1000.0
5749,香櫨園,2.0,4.0,３ＬＤＫ,60.0,2009.0,11.0,ＳＲＣ,準住居,未改装,2100.0
5750,苦楽園口,8.0,4.0,３ＬＤＫ,70.0,2009.0,9.0,ＲＣ,１中住専,未改装,2900.0
5751,苦楽園口,8.0,4.0,３ＬＤＫ,70.0,2009.0,9.0,ＲＣ,１中住専,未改装,2600.0
5752,甲陽園,9.0,4.0,３ＬＤＫ,70.0,2009.0,9.0,ＲＣ,１種住居,未改装,2900.0
5753,西宮北口,2.0,4.0,３ＬＤＫ,55.0,2009.0,8.0,ＳＲＣ,商業,未改装,5100.0
5754,西宮(阪神),18.0,3.0,２ＬＤＫ,65.0,2009.0,13.0,ＲＣ,準工業,未改装,1500.0
5755,西宮(阪神),12.0,2.0,１ＬＤＫ,65.0,2009.0,35.0,ＳＲＣ,準工業,未改装,800.0
5756,西宮(阪神),11.0,4.0,３ＬＤＫ,55.0,2009.0,35.0,ＳＲＣ,準工業,未改装,800.0
5757,西宮(阪神),17.0,4.0,３ＬＤＫ,65.0,2009.0,13.0,ＲＣ,準工業,未改装,1400.0
5758,甲子園口,10.0,5.0,４ＬＤＫ,80.0,2009.0,32.0,ＲＣ,１中住専,未改装,2100.0
5759,甲子園口,9.0,4.0,３ＬＤＫ,55.0,2009.0,36.0,ＲＣ,１中住専,改装済み,1400.0
5760,甲子園口,7.0,4.0,３ＬＤＫ,75.0,2009.0,3.0,ＲＣ,１中住専,未改装,3200.0
5761,苦楽園口,6.0,3.0,２ＬＤＫ,65.0,2009.0,9.0,ＲＣ,１中住専,未改装,3500.0
5762,苦楽園口,6.0,4.0,３ＬＤＫ,70.0,2009.0,10.0,ＲＣ,１中住専,未改装,3200.0
5763,苦楽園口,6.0,4.0,３ＬＤＫ,75.0,2009.0,9.0,ＲＣ,１中住専,未改装,3600.0
5764,夙川,8.0,4.0,３ＬＤＫ,75.0,2009.0,10.0,ＲＣ,１中住専,未改装,3200.0
5765,甲子園口,16.0,4.0,３ＬＤＫ,65.0,2009.0,8.0,ＲＣ,１種住居,未改装,2900.0
5766,甲子園口,11.0,4.0,３ＬＤＫ,80.0,2009.0,6.0,ＲＣ,１中住専,未改装,3600.0
5767,甲子園,13.0,5.0,４ＬＤＫ,95.0,2009.0,13.0,ＲＣ,１中住専,未改装,4000.0
5768,甲子園,9.0,4.0,３ＬＤＫ,65.0,2009.0,40.0,ＲＣ,２中住専,改装済み,1700.0
5769,甲子園,4.0,4.0,３ＬＤＫ,65.0,2009.0,40.0,ＲＣ,近隣商業,未改装,950.0
5770,甲子園,14.0,3.0,２ＬＤＫ,65.0,2009.0,3.0,ＲＣ,２種住居,未改装,2800.0
5771,甲子園口,7.0,4.0,３ＬＤＫ,70.0,2009.0,11.0,ＲＣ,近隣商業,未改装,3100.0
5772,甲子園,8.0,4.0,３ＬＤＫ,70.0,2009.0,9.0,ＳＲＣ,１種住居,未改装,2300.0
5773,甲子園,9.0,4.0,３ＬＤＫ,65.0,2009.0,7.0,ＲＣ,１種住居,未改装,2300.0
5774,甲子園,6.0,5.0,４ＬＤＫ,55.0,2009.0,23.0,ＳＲＣ,近隣商業,未改装,1400.0
5775,甲子園,8.0,3.0,２ＬＤＫ,65.0,2009.0,8.0,ＲＣ,２中住専,改装済み,2400.0
5776,甲子園,9.0,3.0,２ＬＤＫ,50.0,2009.0,36.0,ＲＣ,近隣商業,未改装,1200.0
5777,甲子園,8.0,4.0,３ＬＤＫ,85.0,2009.0,6.0,ＲＣ,２中住専,未改装,3300.0
5778,甲子園,7.0,4.0,３ＬＤＫ,70.0,2009.0,8.0,ＲＣ,１中住専,未改装,2800.0
5779,甲東園,1.0,3.0,２ＬＤＫ,65.0,2009.0,21.0,ＲＣ,近隣商業,未改装,1900.0
5780,甲東園,2.0,4.0,３ＬＤＫ,65.0,2009.0,9.0,ＲＣ,１中住専,未改装,2700.0
5781,香櫨園,11.0,4.0,３ＬＤＫ,70.0,2009.0,9.0,ＲＣ,近隣商業,未改装,2300.0
5782,甲陽園,1.0,3.0,２ＬＤＫ,80.0,2009.0,9.0,ＲＣ,２低住専,未改装,3400.0
5783,甲陽園,10.0,4.0,３ＬＤＫ,75.0,2009.0,10.0,ＲＣ,１低住専,改装済み,2400.0
5784,甲陽園,9.0,3.0,２ＬＤＫ,110.0,2009.0,10.0,ＲＣ,１低住専,未改装,2500.0
5785,甲陽園,18.0,5.0,４ＬＤＫ,140.0,2009.0,18.0,ＲＣ,１中住専,改装済み,3500.0
5786,甲陽園,18.0,6.0,５ＬＤＫ,140.0,2009.0,18.0,ＲＣ,１中住専,改装済み,3500.0
5787,甲陽園,15.0,4.0,３ＬＤＫ,70.0,2009.0,11.0,ＲＣ,１中住専,未改装,2200.0
5788,甲陽園,4.0,4.0,３ＬＤＫ,65.0,2009.0,10.0,ＲＣ,近隣商業,未改装,2800.0
5789,甲陽園,7.0,4.0,３ＬＤＫ,70.0,2009.0,3.0,ＲＣ,１中住専,未改装,3100.0
5790,甲陽園,3.0,4.0,３ＬＤＫ,75.0,2009.0,32.0,ＳＲＣ,近隣商業,未改装,1200.0
5791,甲陽園,1.0,4.0,３ＬＤＫ,60.0,2009.0,38.0,ＲＣ,近隣商業,改装済み,970.0
5792,甲陽園,3.0,5.0,４ＬＤＫ,75.0,2009.0,32.0,ＳＲＣ,近隣商業,未改装,1900.0
5793,甲陽園,3.0,3.0,２ＬＤＫ,75.0,2009.0,32.0,ＳＲＣ,近隣商業,未改装,1500.0
5794,甲陽園,11.0,5.0,４ＬＤＫ,75.0,2009.0,0.0,ＲＣ,１中住専,未改装,3300.0
5795,甲陽園,11.0,5.0,４ＬＤＫ,110.0,2009.0,19.0,ＲＣ,１中住専,改装済み,2400.0
5796,甲陽園,9.0,4.0,３ＬＤＫ,80.0,2009.0,0.0,ＲＣ,１中住専,未改装,3700.0
5797,甲陽園,13.0,4.0,３ＬＤＫ,80.0,2009.0,0.0,ＲＣ,１中住専,未改装,3600.0
5798,甲子園口,13.0,5.0,４ＬＤＫ,85.0,2009.0,5.0,ＲＣ,１種住居,未改装,3400.0
5799,夙川,6.0,4.0,３ＬＤＫ,70.0,2009.0,4.0,ＲＣ,１種住居,改装済み,3700.0
5800,鳴尾・武庫川女子大前,2.0,2.0,１ＬＤＫ,70.0,2009.0,18.0,ＲＣ,１種住居,未改装,1500.0
5801,さくら夙川,4.0,4.0,３ＬＤＫ,55.0,2009.0,9.0,ＲＣ,近隣商業,未改装,2100.0
5803,西宮(阪神),3.0,4.0,３ＬＤＫ,65.0,2009.0,11.0,ＳＲＣ,近隣商業,改装済み,2500.0
5804,生瀬,17.0,4.0,３ＬＤＫ,80.0,2009.0,17.0,ＲＣ,１中住専,未改装,850.0
5805,西宮名塩,8.0,4.0,３ＬＤＫ,75.0,2009.0,10.0,ＲＣ,１中住専,未改装,1400.0
5806,苦楽園口,9.0,5.0,４ＬＤＫ,85.0,2009.0,4.0,ＲＣ,１中住専,未改装,3000.0
5807,苦楽園口,15.0,4.0,３ＬＤＫ,65.0,2009.0,9.0,ＲＣ,１中住専,未改装,2100.0
5808,苦楽園口,8.0,4.0,３ＬＤＫ,75.0,2009.0,4.0,ＲＣ,１中住専,改装済み,3000.0
5809,香櫨園,11.0,4.0,３ＬＤＫ,85.0,2009.0,13.0,ＲＣ,１中住専,改装済み,2900.0
5810,香櫨園,14.0,4.0,３ＬＤＫ,75.0,2009.0,2.0,ＲＣ,１中住専,未改装,3300.0
5811,香櫨園,11.0,4.0,３ＬＤＫ,75.0,2009.0,2.0,ＲＣ,１中住専,未改装,3800.0
5812,香櫨園,11.0,4.0,３ＬＤＫ,75.0,2009.0,2.0,ＲＣ,１中住専,未改装,3400.0
5813,甲東園,4.0,3.0,２ＬＤＫ,60.0,2009.0,12.0,ＲＣ,１中住専,未改装,1900.0
5814,苦楽園口,10.0,4.0,３ＬＤＫ,95.0,2009.0,3.0,ＲＣ,１低住専,未改装,5000.0
5815,西宮(阪神),10.0,4.0,３ＬＤＫ,70.0,2009.0,10.0,ＲＣ,近隣商業,未改装,2800.0
5816,苦楽園口,15.0,4.0,３ＬＤＫ,70.0,2009.0,7.0,ＲＣ,１中住専,未改装,2000.0
5817,苦楽園口,18.0,5.0,４ＬＤＫ,75.0,2009.0,8.0,ＲＣ,１中住専,未改装,2100.0
5818,甲陽園,19.0,4.0,３ＬＤＫ,70.0,2009.0,8.0,ＲＣ,１中住専,未改装,2200.0
5819,西宮北口,25.0,3.0,２ＬＤＫ,65.0,2009.0,32.0,ＳＲＣ,１中住専,未改装,800.0
5820,西宮北口,25.0,3.0,２ＬＤＫ,75.0,2009.0,32.0,ＳＲＣ,１中住専,未改装,980.0
5821,西宮北口,11.0,4.0,３ＬＤＫ,60.0,2009.0,36.0,ＲＣ,１中住専,未改装,850.0
5822,西宮北口,11.0,4.0,３ＬＤＫ,60.0,2009.0,33.0,ＲＣ,１中住専,未改装,1100.0
5823,武庫川団地前,9.0,4.0,３ＬＤＫ,80.0,2009.0,13.0,ＲＣ,１中住専,未改装,2100.0
5824,武庫川団地前,10.0,4.0,３ＬＤＫ,70.0,2009.0,26.0,ＳＲＣ,１中住専,未改装,1400.0
5825,武庫川団地前,10.0,4.0,３ＬＤＫ,70.0,2009.0,26.0,ＳＲＣ,１中住専,改装済み,1400.0
5826,武庫川団地前,5.0,4.0,３ＬＤＫ,75.0,2009.0,18.0,ＲＣ,１中住専,未改装,1800.0
5827,武庫川団地前,10.0,3.0,２ＬＤＫ,75.0,2009.0,26.0,ＳＲＣ,１中住専,未改装,1100.0
5828,武庫川団地前,12.0,4.0,３ＬＤＫ,70.0,2009.0,19.0,ＳＲＣ,１中住専,改装済み,1400.0
5829,武庫川団地前,7.0,4.0,３ＬＤＫ,80.0,2009.0,7.0,ＲＣ,１中住専,未改装,2100.0
5830,武庫川団地前,9.0,4.0,３ＬＤＫ,95.0,2009.0,24.0,ＳＲＣ,１中住専,改装済み,1700.0
5831,武庫川団地前,8.0,4.0,３ＬＤＫ,95.0,2009.0,26.0,ＳＲＣ,１中住専,改装済み,1700.0
5832,夙川,12.0,4.0,３ＬＤＫ,75.0,2009.0,41.0,ＲＣ,１中住専,未改装,1300.0
5833,西宮北口,4.0,4.0,３ＬＤＫ,90.0,2009.0,1.0,ＲＣ,商業,未改装,7100.0
5834,西宮北口,10.0,4.0,３ＬＤＫ,75.0,2009.0,10.0,ＳＲＣ,１種住居,未改装,3000.0
5835,甲東園,21.0,4.0,３ＬＤＫ,65.0,2009.0,30.0,ＲＣ,１中住専,改装済み,1400.0
5836,仁川,16.0,5.0,３ＬＤＫ＋Ｓ,75.0,2009.0,23.0,ＲＣ,１中住専,改装済み,1800.0
5837,仁川,15.0,4.0,３ＬＤＫ,75.0,2009.0,6.0,ＲＣ,１中住専,未改装,2900.0
5838,今津(阪神),8.0,4.0,３ＬＤＫ,65.0,2009.0,8.0,ＲＣ,１種住居,未改装,2500.0
5839,西宮(ＪＲ),5.0,4.0,２ＬＤＫ＋Ｓ,65.0,2009.0,15.0,ＲＣ,準工業,未改装,2100.0
5840,西宮(ＪＲ),6.0,3.0,２ＬＤＫ,55.0,2009.0,10.0,ＲＣ,近隣商業,未改装,1800.0
5841,西宮(ＪＲ),5.0,5.0,４ＬＤＫ,80.0,2009.0,15.0,ＲＣ,準工業,未改装,2900.0
5842,西宮(ＪＲ),8.0,4.0,３ＬＤＫ,65.0,2009.0,8.0,ＲＣ,準工業,未改装,2400.0
5843,西宮(ＪＲ),6.0,4.0,３ＬＤＫ,70.0,2009.0,10.0,ＲＣ,近隣商業,未改装,2400.0
5844,西宮(ＪＲ),3.0,4.0,３ＬＤＫ,65.0,2009.0,14.0,ＲＣ,準工業,未改装,2500.0
5845,今津(阪神),2.0,4.0,３ＬＤＫ,50.0,2009.0,12.0,ＲＣ,商業,未改装,1700.0
5846,今津(阪神),2.0,4.0,３ＬＤＫ,70.0,2009.0,5.0,ＲＣ,近隣商業,未改装,2700.0
5847,今津(阪神),2.0,2.0,１ＤＫ,25.0,2009.0,20.0,ＲＣ,商業,改装済み,370.0
5848,今津(阪神),3.0,2.0,１ＤＫ,25.0,2009.0,20.0,ＲＣ,商業,改装済み,390.0
5849,今津(阪神),6.0,4.0,３ＬＤＫ,60.0,2009.0,13.0,ＳＲＣ,１種住居,未改装,1400.0
5850,今津(阪神),6.0,4.0,３ＬＤＫ,55.0,2009.0,13.0,ＳＲＣ,１種住居,未改装,1600.0
5851,西宮(阪神),8.0,4.0,３ＬＤＫ,65.0,2009.0,16.0,ＲＣ,近隣商業,未改装,2400.0
5852,甲子園口,9.0,4.0,３ＬＤＫ,95.0,2009.0,21.0,ＲＣ,１中住専,改装済み,2700.0
5853,西宮(阪神),3.0,3.0,２ＬＤＫ,60.0,2009.0,3.0,ＲＣ,商業,未改装,2600.0
5854,西宮(阪神),3.0,3.0,２ＬＤＫ,65.0,2009.0,9.0,ＳＲＣ,商業,未改装,2600.0
5855,甲子園口,11.0,4.0,３ＬＤＫ,75.0,2009.0,23.0,ＲＣ,１種住居,改装済み,2500.0
5856,甲子園口,12.0,4.0,３ＬＤＫ,65.0,2009.0,11.0,ＳＲＣ,近隣商業,未改装,2300.0
5857,西宮北口,20.0,4.0,３ＬＤＫ,70.0,2009.0,12.0,ＲＣ,１種住居,改装済み,2300.0
5859,西宮名塩,26.0,4.0,３ＬＤＫ,65.0,2009.0,14.0,ＲＣ,１低住専,未改装,270.0
5860,西宮名塩,30.0,4.0,３ＬＤＫ,65.0,2009.0,7.0,ＲＣ,１低住専,未改装,490.0
5861,西宮名塩,30.0,4.0,３ＬＤＫ,65.0,2009.0,14.0,ＲＣ,１低住専,改装済み,450.0
5862,宝塚,9.0,5.0,４ＬＤＫ,105.0,2009.0,5.0,ＲＣ,１種住居,未改装,3400.0
5863,生瀬,13.0,5.0,４ＬＤＫ,75.0,2009.0,12.0,ＳＲＣ,２中住専,未改装,1400.0
5864,生瀬,13.0,4.0,３ＬＤＫ,75.0,2009.0,10.0,ＳＲＣ,２中住専,改装済み,1500.0
5865,生瀬,11.0,5.0,４ＬＤＫ,75.0,2009.0,10.0,ＳＲＣ,２中住専,未改装,1600.0
5866,生瀬,13.0,4.0,３ＬＤＫ,75.0,2009.0,10.0,ＳＲＣ,２中住専,未改装,1700.0
5868,鳴尾・武庫川女子大前,7.0,4.0,３ＬＤＫ,60.0,2009.0,11.0,ＲＣ,２種住居,未改装,1900.0
5869,鳴尾・武庫川女子大前,5.0,3.0,２ＬＤＫ,40.0,2009.0,38.0,鉄骨造,１種住居,未改装,800.0
5870,鳴尾・武庫川女子大前,6.0,4.0,３ＤＫ,40.0,2009.0,38.0,鉄骨造,１種住居,未改装,470.0
5871,鳴尾・武庫川女子大前,5.0,4.0,３ＬＤＫ,75.0,2009.0,6.0,ＲＣ,２種住居,未改装,2700.0
5872,鳴尾・武庫川女子大前,3.0,4.0,３ＬＤＫ,65.0,2009.0,5.0,ＲＣ,近隣商業,未改装,2700.0
5873,鳴尾・武庫川女子大前,7.0,4.0,３ＬＤＫ,65.0,2009.0,9.0,ＲＣ,１種住居,未改装,2500.0
5874,苦楽園口,6.0,2.0,１ＤＫ,40.0,2009.0,1.0,ＲＣ,１中住専,未改装,2500.0
5875,苦楽園口,6.0,2.0,１ＬＤＫ,40.0,2009.0,1.0,ＲＣ,１中住専,未改装,2500.0
5876,苦楽園口,6.0,2.0,１ＬＤＫ,40.0,2009.0,1.0,ＲＣ,１中住専,未改装,2600.0
5877,苦楽園口,6.0,2.0,１ＤＫ,40.0,2009.0,1.0,ＲＣ,１中住専,未改装,2500.0
5878,苦楽園口,7.0,2.0,１ＬＤＫ,40.0,2009.0,1.0,ＲＣ,１中住専,未改装,2600.0
5879,苦楽園口,5.0,2.0,１ＬＤＫ,40.0,2009.0,1.0,ＲＣ,１中住専,未改装,2600.0
5880,苦楽園口,6.0,2.0,１ＬＤＫ,40.0,2009.0,1.0,ＲＣ,１中住専,改装済み,2600.0
5881,夙川,8.0,4.0,３ＬＤＫ,85.0,2009.0,5.0,ＲＣ,１中住専,未改装,4600.0
5882,仁川,10.0,4.0,３ＬＤＫ,90.0,2009.0,21.0,ＲＣ,１低住専,未改装,2700.0
5883,仁川,9.0,4.0,３ＬＤＫ,60.0,2009.0,11.0,ＲＣ,１低住専,未改装,2200.0
5884,西宮(阪神),11.0,2.0,１ＬＤＫ,25.0,2009.0,1.0,ＲＣ,近隣商業,未改装,1800.0
5885,西宮(阪神),9.0,2.0,１Ｋ,25.0,2009.0,1.0,ＲＣ,近隣商業,未改装,2000.0
5886,西宮(阪神),11.0,2.0,１Ｋ,25.0,2009.0,1.0,ＲＣ,近隣商業,未改装,2000.0
5887,西宮(阪神),12.0,2.0,１ＤＫ,25.0,2009.0,1.0,ＲＣ,近隣商業,未改装,1900.0
5888,西宮(阪神),30.0,5.0,４ＬＤＫ,85.0,2009.0,11.0,ＳＲＣ,１中住専,改装済み,2200.0
5889,西宮(阪神),30.0,4.0,３ＬＤＫ,70.0,2009.0,11.0,ＲＣ,１中住専,未改装,1500.0
5890,西宮(阪神),30.0,5.0,４ＬＤＫ,105.0,2009.0,11.0,ＳＲＣ,１中住専,未改装,3100.0
5891,西宮(阪神),30.0,3.0,２ＬＤＫ,150.0,2009.0,5.0,ＳＲＣ,１中住専,改装済み,7300.0
5892,西宮(阪神),30.0,4.0,３ＬＤＫ,75.0,2009.0,10.0,ＳＲＣ,近隣商業,未改装,2300.0
5894,西宮(阪神),30.0,5.0,４ＬＤＫ,85.0,2009.0,11.0,ＳＲＣ,１中住専,改装済み,2600.0
5895,西宮(阪神),30.0,4.0,３ＬＤＫ,70.0,2009.0,11.0,ＳＲＣ,１中住専,改装済み,1800.0
5896,西宮(阪神),30.0,4.0,３ＬＤＫ,150.0,2009.0,5.0,ＳＲＣ,１中住専,未改装,4300.0
5897,西宮(阪神),30.0,4.0,３ＬＤＫ,70.0,2009.0,11.0,ＳＲＣ,１中住専,未改装,1400.0
5898,夙川,2.0,2.0,１ＤＫ,50.0,2009.0,9.0,ＲＣ,近隣商業,改装済み,2400.0
5899,夙川,2.0,4.0,３ＬＤＫ,75.0,2009.0,23.0,ＲＣ,近隣商業,未改装,2100.0
5900,夙川,3.0,4.0,３ＬＤＫ,95.0,2009.0,13.0,ＲＣ,１中住専,未改装,5300.0
5902,西宮(ＪＲ),6.0,4.0,３ＬＤＫ,70.0,2009.0,8.0,ＲＣ,１種住居,未改装,2500.0
5903,西宮(阪神),9.0,5.0,４ＬＤＫ,80.0,2009.0,5.0,ＲＣ,近隣商業,未改装,3200.0
5904,西宮(阪神),8.0,3.0,２ＬＤＫ,60.0,2009.0,12.0,ＲＣ,近隣商業,未改装,2100.0
5905,甲子園,11.0,4.0,３ＬＤＫ,65.0,2009.0,8.0,ＲＣ,１中住専,改装済み,2800.0
5906,西宮(阪神),3.0,4.0,３ＬＤＫ,65.0,2009.0,4.0,ＳＲＣ,商業,未改装,2600.0
5907,西宮(阪神),4.0,4.0,３ＬＤＫ,70.0,2009.0,11.0,ＳＲＣ,商業,未改装,2900.0
5908,西宮(阪神),2.0,4.0,３ＬＤＫ,70.0,2009.0,8.0,ＳＲＣ,商業,未改装,2500.0
5909,西宮(阪神),3.0,4.0,３ＬＤＫ,70.0,2009.0,19.0,ＳＲＣ,商業,未改装,2200.0
5910,西宮(阪神),14.0,5.0,４ＬＤＫ,75.0,2009.0,8.0,ＲＣ,準工業,未改装,2700.0
5911,西宮(阪神),14.0,3.0,２ＬＤＫ,65.0,2009.0,8.0,ＲＣ,準工業,未改装,2900.0
5912,西宮(阪神),6.0,5.0,４ＬＤＫ,80.0,2009.0,9.0,ＳＲＣ,近隣商業,未改装,2600.0
5913,洲先,3.0,4.0,３ＬＤＫ,70.0,2009.0,11.0,ＲＣ,１種住居,未改装,2300.0
5914,東鳴尾,4.0,4.0,３ＬＤＫ,75.0,2009.0,30.0,ＳＲＣ,１種住居,未改装,850.0
5915,東鳴尾,6.0,4.0,３ＬＤＫ,60.0,2009.0,32.0,ＲＣ,１種住居,改装済み,1400.0
5916,今津(阪神),14.0,4.0,３ＬＤＫ,85.0,2009.0,4.0,ＲＣ,準工業,未改装,2800.0
5917,今津(阪神),15.0,4.0,３ＬＤＫ,80.0,2009.0,4.0,ＲＣ,準工業,未改装,2800.0
5918,西宮(阪神),18.0,4.0,３ＬＤＫ,65.0,2009.0,12.0,ＲＣ,準工業,改装済み,2100.0
5919,西宮(阪神),19.0,4.0,３ＬＤＫ,65.0,2009.0,13.0,ＲＣ,準工業,改装済み,1800.0
5920,西宮(阪神),16.0,4.0,３ＬＤＫ,70.0,2009.0,5.0,ＲＣ,準工業,未改装,2100.0
5921,西宮(阪神),16.0,4.0,３ＬＤＫ,55.0,2009.0,12.0,ＲＣ,準工業,改装済み,1300.0
5922,西宮(阪神),20.0,4.0,３ＬＤＫ,60.0,2009.0,13.0,ＲＣ,準工業,改装済み,1600.0
5923,西宮(阪神),18.0,5.0,４ＬＤＫ,90.0,2009.0,5.0,ＲＣ,準工業,未改装,3100.0
5924,西宮(阪神),16.0,4.0,３ＬＤＫ,70.0,2009.0,5.0,ＲＣ,準工業,未改装,2500.0
5925,西宮名塩,4.0,4.0,３ＬＤＫ,80.0,2009.0,15.0,ＲＣ,１中住専,改装済み,2000.0
5926,西宮名塩,15.0,4.0,３ＬＤＫ,90.0,2009.0,15.0,ＲＣ,１中住専,改装済み,1600.0
5927,西宮名塩,8.0,4.0,３ＬＤＫ,95.0,2009.0,15.0,ＲＣ,１中住専,未改装,2000.0
5928,西宮名塩,13.0,4.0,３ＬＤＫ,70.0,2009.0,12.0,ＲＣ,１中住専,改装済み,1400.0
5929,苦楽園口,16.0,4.0,３ＬＤＫ,75.0,2009.0,7.0,ＲＣ,１種住居,未改装,3500.0
5930,苦楽園口,11.0,4.0,３ＬＤＫ,70.0,2009.0,9.0,ＲＣ,１中住専,未改装,2800.0
5931,苦楽園口,14.0,5.0,４ＬＤＫ,90.0,2009.0,11.0,ＲＣ,１中住専,未改装,4100.0
5932,苦楽園口,17.0,4.0,３ＬＤＫ,85.0,2009.0,27.0,ＲＣ,１中住専,未改装,2000.0
5933,門戸厄神,17.0,5.0,４ＬＤＫ,75.0,2009.0,23.0,ＲＣ,１中住専,未改装,1400.0
5934,西宮北口,8.0,4.0,３ＬＤＫ,70.0,2009.0,4.0,ＲＣ,１種住居,未改装,3600.0
5935,西宮北口,6.0,4.0,３ＬＤＫ,70.0,2009.0,11.0,ＲＣ,１中住専,改装済み,3200.0
5936,西宮(阪神),6.0,2.0,１ＬＤＫ,60.0,2009.0,14.0,ＳＲＣ,近隣商業,未改装,1800.0
5937,西宮北口,23.0,5.0,４ＬＤＫ,100.0,2009.0,10.0,ＲＣ,１中住専,未改装,3300.0
5938,西宮北口,4.0,2.0,１Ｋ,15.0,2009.0,22.0,ＲＣ,近隣商業,未改装,300.0
5939,西宮北口,6.0,2.0,１Ｋ,15.0,2009.0,22.0,ＲＣ,近隣商業,未改装,280.0
5940,西宮北口,6.0,2.0,１Ｋ,15.0,2009.0,22.0,ＲＣ,近隣商業,未改装,280.0
5941,門戸厄神,10.0,4.0,３ＬＤＫ,65.0,2009.0,3.0,ＲＣ,１中住専,未改装,3300.0
5942,門戸厄神,5.0,4.0,３ＬＤＫ,65.0,2009.0,3.0,ＲＣ,１中住専,未改装,3300.0
5944,門戸厄神,8.0,5.0,４ＬＤＫ,90.0,2009.0,6.0,ＲＣ,１中住専,未改装,4200.0
5945,甲子園口,6.0,4.0,３ＬＤＫ,120.0,2009.0,41.0,ＲＣ,１中住専,未改装,2300.0
5946,甲子園口,6.0,3.0,２ＬＤＫ,70.0,2009.0,41.0,ＲＣ,１中住専,改装済み,1000.0
5948,苦楽園口,8.0,3.0,２ＬＤＫ,40.0,2009.0,39.0,鉄骨造,１低住専,改装済み,950.0
5949,苦楽園口,8.0,4.0,３ＤＫ,45.0,2009.0,39.0,鉄骨造,１低住専,未改装,600.0
5950,苦楽園口,9.0,3.0,２ＬＤＫ,45.0,2009.0,39.0,鉄骨造,１低住専,未改装,640.0
5951,苦楽園口,4.0,4.0,３ＬＤＫ,70.0,2009.0,9.0,ＲＣ,１種住居,改装済み,3700.0
5952,香櫨園,9.0,5.0,４ＬＤＫ,115.0,2009.0,1.0,ＲＣ,１中住専,未改装,4700.0
5953,夙川,6.0,4.0,３ＬＤＫ,85.0,2009.0,3.0,ＲＣ,１中住専,未改装,6000.0
5954,西宮(ＪＲ),2.0,4.0,３ＬＤＫ,70.0,2009.0,7.0,ＲＣ,近隣商業,未改装,2800.0
5955,西宮(ＪＲ),4.0,4.0,３ＬＤＫ,65.0,2009.0,14.0,ＲＣ,近隣商業,改装済み,1800.0
5956,西宮(ＪＲ),4.0,4.0,３ＬＤＫ,65.0,2009.0,14.0,ＲＣ,近隣商業,改装済み,2500.0
5957,甲子園口,13.0,4.0,３ＬＤＫ,70.0,2009.0,6.0,ＲＣ,１中住専,未改装,3000.0
5958,西宮北口,8.0,4.0,３ＬＤＫ,70.0,2009.0,13.0,ＲＣ,１中住専,未改装,2900.0
5960,西宮北口,7.0,4.0,３ＬＤＫ,70.0,2009.0,13.0,ＲＣ,１中住専,未改装,3200.0
5961,門戸厄神,6.0,4.0,３ＬＤＫ,70.0,2009.0,10.0,ＲＣ,２中住専,未改装,2500.0
5962,西宮北口,7.0,3.0,２ＤＫ,50.0,2009.0,11.0,ＳＲＣ,１中住専,未改装,2200.0
5963,香櫨園,1.0,5.0,４ＬＤＫ,80.0,2009.0,12.0,ＲＣ,１種住居,未改装,3200.0
5964,西宮北口,15.0,3.0,２ＬＤＫ,65.0,2009.0,12.0,ＲＣ,１種住居,未改装,1800.0
5965,門戸厄神,7.0,5.0,４ＬＤＫ,110.0,2009.0,12.0,ＲＣ,１中住専,改装済み,3600.0
5966,門戸厄神,5.0,4.0,３ＬＤＫ,65.0,2009.0,12.0,ＳＲＣ,１中住専,未改装,2900.0
5967,門戸厄神,13.0,4.0,３ＬＤＫ,75.0,2009.0,10.0,ＲＣ,１中住専,未改装,2600.0
5968,門戸厄神,4.0,4.0,３ＬＤＫ,75.0,2009.0,10.0,ＲＣ,１中住専,未改装,3400.0
5969,さくら夙川,8.0,3.0,２ＬＤＫ,55.0,2009.0,10.0,ＲＣ,近隣商業,未改装,2000.0
5970,さくら夙川,8.0,4.0,３ＬＤＫ,75.0,2009.0,10.0,ＲＣ,近隣商業,未改装,3000.0
5971,さくら夙川,4.0,4.0,３ＬＤＫ,75.0,2009.0,11.0,ＲＣ,１中住専,未改装,3300.0
5972,西宮(ＪＲ),18.0,3.0,２ＬＤＫ,55.0,2009.0,12.0,ＳＲＣ,１種住居,未改装,1300.0
5973,岡場,30.0,3.0,２ＬＤＫ,60.0,2009.0,10.0,ＲＣ,１中住専,未改装,280.0
5974,二郎,19.0,5.0,４ＬＤＫ,85.0,2009.0,19.0,ＲＣ,２中住専,未改装,900.0
5975,西宮(阪神),6.0,2.0,１ＤＫ,25.0,2009.0,0.0,ＲＣ,近隣商業,未改装,2000.0
5976,西宮(阪神),8.0,2.0,１Ｋ,25.0,2009.0,0.0,ＲＣ,近隣商業,未改装,1900.0
5978,西宮北口,5.0,4.0,３ＬＤＫ,70.0,2009.0,4.0,ＲＣ,２中住専,未改装,4500.0
5979,西宮北口,7.0,4.0,３ＬＤＫ,80.0,2009.0,27.0,ＲＣ,２種住居,未改装,2100.0
5980,西宮北口,9.0,5.0,４ＬＤＫ,80.0,2009.0,27.0,ＲＣ,２種住居,改装済み,2500.0
5981,西宮北口,3.0,4.0,３ＬＤＫ,80.0,2009.0,9.0,ＳＲＣ,２種住居,未改装,4300.0
5982,西宮(阪神),6.0,5.0,４ＬＤＫ,110.0,2009.0,11.0,ＳＲＣ,近隣商業,未改装,4800.0
5983,西宮(阪神),6.0,4.0,３ＬＤＫ,85.0,2009.0,11.0,ＳＲＣ,近隣商業,改装済み,3700.0
5984,西宮(阪神),5.0,5.0,４ＬＤＫ,105.0,2009.0,11.0,ＳＲＣ,近隣商業,未改装,4200.0
5985,甲子園口,15.0,4.0,３ＬＤＫ,80.0,2009.0,9.0,ＲＣ,１種住居,未改装,3400.0
5986,鳴尾・武庫川女子大前,13.0,4.0,３ＬＤＫ,75.0,2009.0,7.0,ＲＣ,１中住専,未改装,3600.0
5987,鳴尾・武庫川女子大前,13.0,4.0,３ＬＤＫ,75.0,2009.0,15.0,ＲＣ,１種住居,未改装,2500.0
5988,夙川,8.0,4.0,３ＬＤＫ,70.0,2009.0,5.0,ＲＣ,１中住専,未改装,3800.0
5989,門戸厄神,11.0,4.0,３ＬＤＫ,70.0,2009.0,7.0,ＲＣ,準住居,未改装,2500.0
5991,甲子園,4.0,5.0,４ＬＤＫ,95.0,2008.0,20.0,ＲＣ,１中住専,未改装,1800.0
5992,甲子園,4.0,4.0,３ＬＤＫ,80.0,2007.0,19.0,ＲＣ,１中住専,改装済み,1800.0
5993,甲子園,7.0,3.0,２ＤＫ,45.0,2007.0,36.0,ＲＣ,２中住専,未改装,400.0
5994,鳴尾・武庫川女子大前,3.0,5.0,４ＬＤＫ,85.0,2008.0,11.0,ＲＣ,１種住居,未改装,3000.0
5995,西宮(ＪＲ),3.0,2.0,１Ｋ,15.0,2007.0,23.0,ＲＣ,近隣商業,未改装,330.0
5996,西宮(ＪＲ),1.0,4.0,３ＬＤＫ,75.0,2007.0,14.0,ＳＲＣ,近隣商業,未改装,3300.0
5997,西宮(ＪＲ),4.0,4.0,３ＬＤＫ,60.0,2007.0,31.0,ＳＲＣ,近隣商業,改装済み,1500.0
5998,西宮(ＪＲ),4.0,4.0,３ＬＤＫ,60.0,2007.0,31.0,ＳＲＣ,近隣商業,未改装,1100.0
5999,西宮(ＪＲ),3.0,3.0,２ＬＤＫ,55.0,2007.0,31.0,ＳＲＣ,近隣商業,改装済み,1300.0
6000,香櫨園,15.0,5.0,４ＬＤＫ,85.0,2008.0,30.0,ＳＲＣ,準工業,未改装,1800.0
6001,香櫨園,12.0,4.0,３ＬＤＫ,90.0,2008.0,16.0,ＲＣ,準工業,未改装,2700.0
6002,香櫨園,15.0,4.0,３ＬＤＫ,60.0,2008.0,30.0,ＳＲＣ,準工業,改装済み,1400.0
6003,香櫨園,14.0,4.0,３ＬＤＫ,60.0,2008.0,36.0,ＲＣ,１種住居,改装済み,1200.0
6004,香櫨園,14.0,4.0,３ＬＤＫ,60.0,2008.0,30.0,ＳＲＣ,準工業,改装済み,1300.0
6005,香櫨園,16.0,5.0,４ＬＤＫ,80.0,2008.0,3.0,ＲＣ,準工業,未改装,3000.0
6006,香櫨園,18.0,4.0,３ＬＤＫ,80.0,2008.0,3.0,ＲＣ,準住居,未改装,2500.0
6007,香櫨園,13.0,4.0,３ＬＤＫ,85.0,2008.0,16.0,ＲＣ,準工業,改装済み,2800.0
6008,香櫨園,15.0,4.0,３ＬＤＫ,60.0,2008.0,30.0,ＳＲＣ,準工業,未改装,750.0
6009,香櫨園,13.0,4.0,３ＬＤＫ,85.0,2007.0,15.0,ＲＣ,１種住居,未改装,2100.0
6010,香櫨園,15.0,4.0,３ＬＤＫ,65.0,2007.0,5.0,ＲＣ,準工業,未改装,2400.0
6011,香櫨園,13.0,5.0,４ＬＤＫ,85.0,2007.0,29.0,ＳＲＣ,準工業,未改装,1000.0
6012,香櫨園,15.0,5.0,４ＬＤＫ,95.0,2007.0,5.0,ＲＣ,準工業,未改装,3400.0
6013,香櫨園,12.0,4.0,３ＬＤＫ,85.0,2007.0,29.0,ＳＲＣ,準工業,改装済み,2000.0
6014,香櫨園,14.0,3.0,２ＬＤＫ,80.0,2007.0,15.0,ＲＣ,１種住居,未改装,2200.0
6015,香櫨園,13.0,3.0,２ＬＤＫ,65.0,2007.0,15.0,ＲＣ,１種住居,改装済み,2000.0
6016,西宮(阪神),15.0,3.0,２ＬＤＫ,75.0,2008.0,6.0,ＲＣ,準工業,未改装,2900.0
6017,西宮(阪神),21.0,4.0,３ＬＤＫ,60.0,2008.0,30.0,ＳＲＣ,準工業,改装済み,750.0
6018,西宮(阪神),20.0,3.0,２ＬＤＫ,65.0,2008.0,30.0,ＳＲＣ,準工業,改装済み,1400.0
6019,西宮(阪神),16.0,4.0,３ＬＤＫ,70.0,2007.0,5.0,ＲＣ,準工業,未改装,2300.0
6020,甲陽園,24.0,4.0,３ＬＤＫ,70.0,2008.0,28.0,ＲＣ,１中住専,未改装,1500.0
6021,甲陽園,18.0,5.0,４ＬＤＫ,95.0,2007.0,4.0,ＲＣ,１中住専,未改装,3300.0
6022,西宮北口,30.0,4.0,３ＬＤＫ,65.0,2008.0,28.0,ＲＣ,１中住専,未改装,1300.0
6023,西宮北口,23.0,4.0,３ＬＤＫ,70.0,2007.0,27.0,ＲＣ,１中住専,未改装,1300.0
6024,甲東園,23.0,4.0,３ＬＤＫ,70.0,2008.0,13.0,ＲＣ,１中住専,改装済み,1400.0
6025,仁川,18.0,4.0,３ＬＤＫ,70.0,2008.0,31.0,ＲＣ,１中住専,未改装,900.0
6026,仁川,19.0,4.0,３ＬＤＫ,70.0,2007.0,30.0,ＲＣ,１中住専,未改装,1100.0
6027,久寿川,5.0,4.0,３ＬＤＫ,65.0,2007.0,15.0,ＳＲＣ,近隣商業,未改装,1300.0
6028,久寿川,11.0,4.0,３ＬＤＫ,65.0,2007.0,9.0,ＳＲＣ,１種住居,未改装,1800.0
6029,久寿川,13.0,4.0,３ＬＤＫ,60.0,2007.0,9.0,ＳＲＣ,１種住居,未改装,1800.0
6030,久寿川,14.0,5.0,４ＬＤＫ,80.0,2007.0,9.0,ＳＲＣ,１種住居,改装済み,2500.0
6031,久寿川,7.0,4.0,３ＬＤＫ,65.0,2008.0,9.0,ＲＣ,準工業,未改装,2300.0
6032,今津(阪急),4.0,4.0,３ＬＤＫ,75.0,2007.0,18.0,ＲＣ,１種住居,未改装,1800.0
6033,久寿川,19.0,5.0,４ＬＤＫ,80.0,2008.0,25.0,ＲＣ,１種住居,未改装,1500.0
6034,久寿川,18.0,5.0,４ＬＤＫ,90.0,2008.0,25.0,ＲＣ,１種住居,改装済み,1300.0
6035,久寿川,1.0,1.0,１Ｒ,15.0,2007.0,18.0,ＲＣ,近隣商業,改装済み,340.0
6036,甲東園,19.0,5.0,４ＬＤＫ,100.0,2007.0,18.0,ＲＣ,１中住専,未改装,2800.0
6037,門戸厄神,15.0,4.0,３ＬＤＫ,80.0,2008.0,19.0,ＲＣ,１中住専,未改装,1800.0
6038,門戸厄神,24.0,4.0,３ＬＤＫ,60.0,2008.0,10.0,ＲＣ,１中住専,未改装,1600.0
6039,甲東園,23.0,4.0,３ＬＤＫ,65.0,2008.0,12.0,ＲＣ,１中住専,未改装,1600.0
6040,甲東園,23.0,5.0,４ＬＤＫ,85.0,2008.0,11.0,ＲＣ,１中住専,未改装,2600.0
6041,甲陽園,23.0,4.0,３ＬＤＫ,70.0,2008.0,11.0,ＲＣ,１中住専,未改装,1900.0
6042,甲陽園,15.0,4.0,３ＬＤＫ,75.0,2008.0,30.0,ＳＲＣ,１中住専,未改装,650.0
6043,甲陽園,16.0,4.0,３ＬＤＫ,65.0,2008.0,30.0,ＲＣ,１中住専,改装済み,950.0
6044,甲陽園,17.0,3.0,２ＬＤＫ,75.0,2008.0,30.0,ＳＲＣ,１中住専,未改装,1300.0
6045,甲陽園,20.0,3.0,２ＬＤＫ,60.0,2007.0,29.0,ＳＲＣ,１中住専,未改装,800.0
6046,甲陽園,16.0,4.0,３ＬＤＫ,60.0,2007.0,29.0,ＳＲＣ,１中住専,未改装,400.0
6047,洲先,4.0,4.0,３ＬＤＫ,75.0,2007.0,2.0,ＲＣ,１種住居,未改装,2700.0
6049,洲先,9.0,4.0,３ＬＤＫ,75.0,2008.0,27.0,ＲＣ,１種住居,未改装,900.0
6051,洲先,9.0,5.0,４ＬＤＫ,75.0,2007.0,26.0,ＲＣ,１種住居,改装済み,1600.0
6052,鳴尾・武庫川女子大前,14.0,4.0,３ＬＤＫ,70.0,2008.0,7.0,ＲＣ,１種住居,未改装,2300.0
6053,武庫川団地前,3.0,4.0,３ＬＤＫ,70.0,2008.0,33.0,ＲＣ,１種住居,未改装,1000.0
6054,武庫川団地前,3.0,4.0,３ＬＤＫ,70.0,2007.0,32.0,ＲＣ,１種住居,改装済み,980.0
6055,西宮(阪神),5.0,4.0,３ＬＤＫ,65.0,2007.0,6.0,ＲＣ,近隣商業,未改装,1900.0
6056,苦楽園口,16.0,4.0,３ＬＤＫ,55.0,2008.0,33.0,鉄骨造,１低住専,未改装,500.0
6057,苦楽園口,18.0,4.0,３ＬＤＫ,60.0,2008.0,33.0,鉄骨造,１低住専,未改装,580.0
6058,苦楽園口,16.0,4.0,３ＬＤＫ,70.0,2008.0,11.0,ＲＣ,１中住専,改装済み,2900.0
6059,苦楽園口,17.0,4.0,３ＬＤＫ,100.0,2008.0,34.0,ＲＣ,１中住専,未改装,1700.0
6061,苦楽園口,20.0,4.0,３ＬＤＫ,70.0,2007.0,32.0,鉄骨造,１中住専,未改装,680.0
6062,夙川,23.0,5.0,４ＬＤＫ,75.0,2008.0,4.0,ＲＣ,２中住専,未改装,3400.0
6063,夙川,4.0,3.0,２ＬＤＫ,55.0,2007.0,7.0,ＲＣ,１中住専,未改装,2900.0
6064,芦屋(ＪＲ),16.0,4.0,３ＬＤＫ,70.0,2007.0,33.0,ＲＣ,１中住専,未改装,1100.0
6066,夙川,13.0,4.0,３ＬＤＫ,70.0,2008.0,34.0,ＲＣ,１中住専,改装済み,1100.0
6067,夙川,15.0,4.0,３ＬＤＫ,70.0,2008.0,34.0,ＲＣ,１中住専,改装済み,1300.0
6068,夙川,19.0,4.0,３ＬＤＫ,70.0,2007.0,33.0,ＲＣ,１中住専,改装済み,1600.0
6069,夙川,11.0,4.0,３ＬＤＫ,70.0,2007.0,33.0,ＲＣ,１中住専,未改装,900.0
6070,夙川,13.0,3.0,２ＬＤＫ,70.0,2007.0,33.0,ＲＣ,１中住専,改装済み,1200.0
6071,夙川,16.0,4.0,３ＬＤＫ,70.0,2007.0,33.0,ＲＣ,１中住専,改装済み,1200.0
6072,西宮北口,13.0,5.0,３ＬＤＫ＋Ｓ,75.0,2007.0,10.0,ＲＣ,準住居,改装済み,2400.0
6073,香櫨園,15.0,4.0,３ＬＤＫ,75.0,2008.0,24.0,ＲＣ,１種住居,未改装,2400.0
6074,西宮北口,16.0,4.0,３ＬＤＫ,70.0,2008.0,13.0,ＲＣ,１中住専,未改装,3500.0
6075,西宮北口,13.0,4.0,３ＬＤＫ,70.0,2007.0,12.0,ＲＣ,１中住専,未改装,2500.0
6076,西宮北口,17.0,4.0,３ＬＤＫ,75.0,2007.0,12.0,ＲＣ,１中住専,未改装,1800.0
6077,苦楽園口,13.0,5.0,４ＬＤＫ,90.0,2008.0,11.0,ＲＣ,１中住専,未改装,3100.0
6078,鳴尾・武庫川女子大前,6.0,4.0,３ＬＤＫ,75.0,2008.0,6.0,ＲＣ,１中住専,未改装,3900.0
6079,さくら夙川,2.0,5.0,４ＬＤＫ,90.0,2008.0,29.0,ＲＣ,近隣商業,未改装,2100.0
6080,さくら夙川,4.0,3.0,２ＬＤＫ,65.0,2008.0,10.0,ＲＣ,１種住居,未改装,2700.0
6081,さくら夙川,3.0,3.0,２ＬＤＫ,60.0,2008.0,11.0,ＲＣ,１種住居,未改装,2300.0
6082,さくら夙川,3.0,3.0,２ＬＤＫ,60.0,2008.0,29.0,ＳＲＣ,近隣商業,未改装,1500.0
6083,さくら夙川,3.0,3.0,２ＬＤＫ,70.0,2007.0,28.0,ＳＲＣ,近隣商業,未改装,1700.0
6084,さくら夙川,2.0,3.0,２ＬＤＫ,60.0,2007.0,28.0,ＳＲＣ,近隣商業,未改装,1900.0
6085,夙川,7.0,1.0,１Ｒ,15.0,2008.0,24.0,ＲＣ,１中住専,未改装,220.0
6086,夙川,6.0,4.0,３ＬＤＫ,80.0,2008.0,9.0,ＲＣ,１中住専,未改装,4500.0
6087,夙川,8.0,3.0,２ＬＤＫ,65.0,2007.0,10.0,ＲＣ,１中住専,改装済み,4100.0
6088,甲東園,14.0,4.0,３ＬＤＫ,70.0,2008.0,30.0,ＳＲＣ,１種住居,改装済み,1600.0
6089,甲東園,14.0,2.0,１ＬＤＫ,75.0,2008.0,30.0,ＳＲＣ,１種住居,改装済み,1300.0
6090,甲東園,12.0,4.0,３ＬＤＫ,70.0,2007.0,29.0,ＳＲＣ,１種住居,未改装,1400.0
6091,苦楽園口,14.0,5.0,４ＬＤＫ,95.0,2008.0,14.0,ＲＣ,１中住専,未改装,2800.0
6092,苦楽園口,15.0,4.0,３ＬＤＫ,90.0,2008.0,12.0,ＲＣ,１中住専,未改装,3100.0
6093,苦楽園口,13.0,6.0,４ＬＤＫ＋Ｓ,115.0,2007.0,33.0,ＲＣ,１中住専,改装済み,1400.0
6094,甲子園,18.0,4.0,３ＬＤＫ,70.0,2008.0,22.0,ＳＲＣ,準工業,未改装,1700.0
6095,甲子園,16.0,4.0,３ＬＤＫ,70.0,2008.0,22.0,ＲＣ,準工業,未改装,1600.0
6096,甲子園,14.0,4.0,３ＬＤＫ,60.0,2008.0,36.0,鉄骨造,１中住専,未改装,970.0
6097,甲子園,15.0,4.0,３ＬＤＫ,75.0,2008.0,22.0,ＳＲＣ,準工業,未改装,1800.0
6098,甲子園,18.0,3.0,２ＤＫ,40.0,2007.0,35.0,鉄骨造,２中住専,未改装,500.0
6099,甲子園口,21.0,4.0,３ＬＤＫ,70.0,2008.0,22.0,ＲＣ,準工業,改装済み,1700.0
6102,甲子園口,14.0,4.0,３ＬＤＫ,70.0,2008.0,7.0,ＳＲＣ,１種住居,未改装,2900.0
6103,甲子園口,16.0,4.0,３ＬＤＫ,50.0,2008.0,11.0,ＳＲＣ,近隣商業,未改装,1300.0
6104,甲子園口,13.0,3.0,２ＤＫ,45.0,2007.0,35.0,鉄骨造,２中住専,改装済み,1100.0
6105,甲東園,9.0,4.0,３ＬＤＫ,75.0,2008.0,8.0,ＲＣ,１低住専,未改装,3400.0
6106,甲東園,13.0,5.0,４ＬＤＫ,85.0,2008.0,2.0,ＲＣ,１低住専,未改装,4000.0
6107,甲東園,9.0,4.0,３ＬＤＫ,75.0,2007.0,7.0,ＲＣ,１中住専,未改装,3600.0
6108,甲東園,9.0,5.0,４ＬＤＫ,85.0,2007.0,7.0,ＲＣ,１中住専,未改装,3900.0
6109,香櫨園,8.0,4.0,３ＬＤＫ,70.0,2008.0,10.0,ＲＣ,１中住専,改装済み,2700.0
6110,香櫨園,8.0,5.0,４ＬＤＫ,90.0,2008.0,1.0,ＲＣ,１中住専,未改装,5700.0
6111,香櫨園,11.0,5.0,４ＬＤＫ,95.0,2008.0,2.0,ＲＣ,１中住専,未改装,4200.0
6112,香櫨園,11.0,5.0,４ＬＤＫ,100.0,2007.0,9.0,ＲＣ,１中住専,未改装,4000.0
6113,香櫨園,10.0,4.0,３ＬＤＫ,85.0,2007.0,10.0,ＲＣ,１中住専,未改装,3700.0
6114,香櫨園,11.0,3.0,２ＬＤＫ,75.0,2007.0,9.0,ＲＣ,１中住専,未改装,3000.0
6115,香櫨園,10.0,4.0,３ＬＤＫ,80.0,2008.0,2.0,ＲＣ,１中住専,未改装,3600.0
6116,香櫨園,2.0,3.0,２ＬＤＫ,60.0,2008.0,10.0,ＳＲＣ,準住居,改装済み,2200.0
6117,香櫨園,5.0,2.0,１ＤＫ,30.0,2007.0,9.0,ＲＣ,１中住専,未改装,780.0
6119,甲陽園,8.0,4.0,３ＬＤＫ,70.0,2007.0,7.0,ＲＣ,１種住居,未改装,3100.0
6121,西宮北口,1.0,4.0,３ＬＤＫ,70.0,2008.0,7.0,ＳＲＣ,商業,未改装,5000.0
6123,苦楽園口,5.0,4.0,３ＬＤＫ,85.0,2007.0,8.0,ＲＣ,１低住専,未改装,3900.0
6124,西宮(阪神),12.0,5.0,４ＤＫ,65.0,2008.0,34.0,ＳＲＣ,準工業,改装済み,1100.0
6125,西宮(阪神),17.0,4.0,３ＬＤＫ,65.0,2008.0,12.0,ＲＣ,準工業,改装済み,1900.0
6126,西宮(阪神),19.0,4.0,３ＬＤＫ,65.0,2008.0,12.0,ＲＣ,準工業,未改装,1400.0
6127,西宮(阪神),17.0,4.0,３ＬＤＫ,65.0,2007.0,11.0,ＲＣ,準工業,未改装,1600.0
6128,西宮(阪神),8.0,4.0,３ＬＤＫ,65.0,2007.0,33.0,ＳＲＣ,準工業,改装済み,960.0
6129,西宮(阪神),13.0,5.0,３ＬＤＫ＋Ｓ,65.0,2007.0,33.0,ＳＲＣ,準工業,未改装,980.0
6130,甲子園口,7.0,4.0,３ＬＤＫ,75.0,2008.0,1.0,ＲＣ,１中住専,未改装,3700.0
6131,甲子園口,9.0,2.0,１ＬＤＫ,70.0,2008.0,35.0,ＲＣ,１中住専,未改装,1200.0
6132,甲子園口,7.0,4.0,３ＬＤＫ,75.0,2008.0,2.0,ＲＣ,１中住専,未改装,3400.0
6133,甲子園口,9.0,4.0,３ＬＤＫ,70.0,2007.0,34.0,ＲＣ,１中住専,改装済み,1500.0
6134,甲子園口,10.0,4.0,３ＬＤＫ,55.0,2007.0,30.0,ＲＣ,１中住専,未改装,1100.0
6135,甲子園口,9.0,4.0,３ＬＤＫ,70.0,2007.0,34.0,ＲＣ,１中住専,改装済み,1500.0
6136,苦楽園口,15.0,4.0,３ＬＤＫ,85.0,2008.0,34.0,ＲＣ,１低住専,未改装,1400.0
6137,苦楽園口,14.0,4.0,３ＬＤＫ,70.0,2008.0,10.0,ＲＣ,１低住専,未改装,2900.0
6138,苦楽園口,15.0,4.0,３ＬＤＫ,75.0,2008.0,34.0,ＲＣ,１低住専,未改装,1200.0
6139,苦楽園口,13.0,4.0,３ＬＤＫ,75.0,2007.0,9.0,ＲＣ,１低住専,未改装,3300.0
6140,夙川,7.0,4.0,３ＬＤＫ,65.0,2007.0,9.0,ＲＣ,１中住専,未改装,3200.0
6141,夙川,7.0,2.0,１ＬＤＫ,75.0,2007.0,8.0,ＲＣ,１中住専,改装済み,3200.0
6142,甲子園口,11.0,5.0,４ＬＤＫ,85.0,2007.0,7.0,ＲＣ,１中住専,未改装,3700.0
6143,甲子園口,13.0,4.0,３ＬＤＫ,95.0,2007.0,7.0,ＲＣ,１中住専,未改装,4800.0
6144,甲子園口,8.0,4.0,３ＬＤＫ,75.0,2007.0,7.0,ＲＣ,１中住専,未改装,3500.0
6145,甲子園,10.0,5.0,４ＤＫ,70.0,2008.0,39.0,ＲＣ,１中住専,未改装,1600.0
6146,甲子園,8.0,4.0,３ＬＤＫ,75.0,2008.0,11.0,ＲＣ,１中住専,未改装,3800.0
6147,甲子園,6.0,4.0,３ＬＤＫ,85.0,2008.0,11.0,ＲＣ,１中住専,改装済み,3200.0
6148,甲子園,5.0,4.0,３ＬＤＫ,65.0,2008.0,39.0,ＲＣ,近隣商業,改装済み,1400.0
6149,甲子園,5.0,3.0,２ＤＫ,55.0,2008.0,39.0,ＲＣ,近隣商業,改装済み,1100.0
6150,甲子園,5.0,3.0,２ＬＤＫ,55.0,2008.0,39.0,ＲＣ,近隣商業,改装済み,1300.0
6151,甲子園,6.0,4.0,３ＬＤＫ,90.0,2007.0,34.0,ＲＣ,２種住居,改装済み,2100.0
6152,甲子園,16.0,4.0,３ＬＤＫ,65.0,2008.0,31.0,ＲＣ,２種住居,未改装,1100.0
6153,甲子園,23.0,4.0,３ＬＤＫ,65.0,2008.0,31.0,ＲＣ,２種住居,改装済み,1800.0
6154,甲子園,15.0,4.0,３ＬＤＫ,65.0,2008.0,31.0,ＲＣ,２種住居,未改装,1100.0
6155,甲子園,11.0,4.0,３ＬＤＫ,60.0,2008.0,10.0,ＲＣ,１中住専,未改装,2100.0
6156,甲子園,13.0,4.0,３ＬＤＫ,65.0,2007.0,1.0,ＲＣ,２種住居,未改装,2700.0
6157,甲子園,5.0,4.0,３ＬＤＫ,95.0,2007.0,10.0,ＲＣ,１中住専,未改装,2700.0
6158,甲子園口,4.0,5.0,４ＬＤＫ,80.0,2008.0,10.0,ＲＣ,近隣商業,未改装,3000.0
6159,甲子園口,10.0,3.0,２ＬＤＫ,65.0,2008.0,36.0,ＲＣ,１中住専,改装済み,1300.0
6160,甲子園口,7.0,4.0,３ＬＤＫ,75.0,2008.0,7.0,ＲＣ,１中住専,未改装,4200.0
6161,甲子園口,6.0,4.0,３ＬＤＫ,65.0,2008.0,12.0,ＲＣ,近隣商業,改装済み,2600.0
6162,甲子園口,8.0,4.0,３ＬＤＫ,80.0,2007.0,6.0,ＲＣ,１中住専,未改装,4200.0
6163,甲子園口,5.0,3.0,２ＬＤＫ,75.0,2007.0,12.0,ＲＣ,１中住専,未改装,3500.0
6164,甲子園口,1.0,4.0,３ＬＤＫ,90.0,2008.0,10.0,ＳＲＣ,近隣商業,未改装,3800.0
6165,甲子園口,4.0,3.0,２ＬＤＫ,75.0,2008.0,38.0,ＳＲＣ,１中住専,未改装,1700.0
6166,甲子園口,6.0,5.0,４ＬＤＫ,85.0,2008.0,30.0,ＲＣ,１中住専,未改装,2300.0
6167,甲子園口,4.0,4.0,３ＬＤＫ,70.0,2007.0,37.0,ＳＲＣ,１中住専,改装済み,1900.0
6169,甲子園口,4.0,5.0,４ＬＤＫ,130.0,2007.0,7.0,ＲＣ,１中住専,未改装,4100.0
6170,甲子園,6.0,4.0,３ＬＤＫ,60.0,2008.0,22.0,ＳＲＣ,近隣商業,改装済み,2000.0
6171,甲子園,6.0,4.0,３ＬＤＫ,65.0,2008.0,10.0,ＳＲＣ,近隣商業,未改装,1700.0
6172,甲子園,4.0,2.0,１ＬＤＫ,60.0,2007.0,1.0,ＲＣ,近隣商業,未改装,2800.0
6173,甲子園,6.0,4.0,３ＬＤＫ,60.0,2007.0,21.0,ＳＲＣ,近隣商業,未改装,1100.0
6174,甲子園,10.0,3.0,２ＬＤＫ,75.0,2008.0,5.0,ＲＣ,２中住専,未改装,3500.0
6175,甲子園,11.0,4.0,３ＬＤＫ,80.0,2008.0,7.0,ＲＣ,２中住専,改装済み,3300.0
6176,甲子園,11.0,4.0,３ＬＤＫ,70.0,2008.0,7.0,ＲＣ,２中住専,改装済み,3100.0
6177,甲子園,9.0,3.0,２ＬＤＫ,60.0,2007.0,3.0,ＲＣ,近隣商業,未改装,2600.0
6178,甲子園,10.0,4.0,３ＬＤＫ,105.0,2007.0,34.0,ＲＣ,近隣商業,改装済み,2100.0
6179,甲子園,9.0,3.0,２ＬＤＫ,50.0,2007.0,34.0,ＲＣ,近隣商業,未改装,1300.0
6180,久寿川,5.0,4.0,２ＬＤＫ＋Ｓ,60.0,2008.0,8.0,ＲＣ,１種住居,未改装,2200.0
6181,甲東園,1.0,5.0,４ＬＤＫ,85.0,2008.0,20.0,ＲＣ,近隣商業,未改装,3000.0
6182,甲東園,3.0,3.0,２ＬＤＫ,60.0,2008.0,35.0,ＳＲＣ,近隣商業,改装済み,1500.0
6183,甲東園,4.0,4.0,３ＬＤＫ,60.0,2008.0,35.0,ＳＲＣ,近隣商業,未改装,800.0
6184,甲東園,1.0,3.0,２ＤＫ,50.0,2008.0,9.0,ＳＲＣ,近隣商業,改装済み,2100.0
6185,甲東園,2.0,4.0,３ＬＤＫ,85.0,2008.0,35.0,ＳＲＣ,近隣商業,未改装,1500.0
6186,甲東園,2.0,4.0,３ＬＤＫ,75.0,2007.0,34.0,ＳＲＣ,近隣商業,未改装,1800.0
6187,甲東園,3.0,4.0,３ＬＤＫ,65.0,2007.0,7.0,ＲＣ,１中住専,未改装,3100.0
6188,甲東園,3.0,4.0,３ＬＤＫ,70.0,2007.0,34.0,ＳＲＣ,１中住専,改装済み,1400.0
6189,甲東園,2.0,4.0,３ＬＤＫ,60.0,2007.0,9.0,ＲＣ,近隣商業,改装済み,2100.0
6190,甲東園,3.0,4.0,３ＬＤＫ,80.0,2007.0,34.0,ＳＲＣ,近隣商業,未改装,1900.0
6192,香櫨園,8.0,4.0,３ＬＤＫ,70.0,2007.0,7.0,ＲＣ,１中住専,未改装,2600.0
6193,さくら夙川,10.0,4.0,３ＬＤＫ,70.0,2007.0,1.0,ＲＣ,１中住専,未改装,3100.0
6194,甲陽園,13.0,4.0,３ＬＤＫ,75.0,2008.0,9.0,ＲＣ,１低住専,未改装,1100.0
6195,甲陽園,2.0,4.0,３ＬＤＫ,75.0,2008.0,8.0,ＲＣ,２低住専,未改装,3700.0
6196,甲陽園,3.0,4.0,３ＬＤＫ,70.0,2007.0,7.0,ＲＣ,２低住専,未改装,3200.0
6197,甲陽園,2.0,3.0,２ＬＤＫ,70.0,2007.0,7.0,ＲＣ,２低住専,未改装,3600.0
6198,甲陽園,2.0,4.0,３ＬＤＫ,70.0,2007.0,7.0,ＲＣ,２低住専,未改装,3700.0
6199,甲陽園,10.0,4.0,３ＬＤＫ,70.0,2007.0,8.0,ＲＣ,１低住専,改装済み,2600.0
6200,甲陽園,3.0,4.0,３ＬＤＫ,70.0,2007.0,7.0,ＲＣ,１低住専,未改装,3200.0
6202,甲陽園,20.0,5.0,４ＬＤＫ,140.0,2008.0,17.0,ＲＣ,１中住専,未改装,2800.0
6203,甲陽園,18.0,4.0,３ＬＤＫ,70.0,2008.0,10.0,ＲＣ,１中住専,改装済み,2600.0
6204,甲陽園,7.0,3.0,２ＬＤＫ,75.0,2008.0,2.0,ＲＣ,１中住専,未改装,3100.0
6205,甲陽園,10.0,4.0,３ＬＤＫ,70.0,2007.0,11.0,ＲＣ,１中住専,未改装,2100.0
6206,甲陽園,3.0,3.0,２ＬＤＫ,75.0,2008.0,31.0,ＳＲＣ,近隣商業,未改装,1500.0
6207,甲陽園,3.0,4.0,３ＬＤＫ,85.0,2008.0,20.0,ＲＣ,近隣商業,未改装,2900.0
6208,甲陽園,3.0,5.0,４ＬＤＫ,75.0,2007.0,30.0,ＳＲＣ,近隣商業,未改装,1600.0
6209,甲陽園,1.0,2.0,１ＬＤＫ,50.0,2007.0,36.0,ＲＣ,近隣商業,未改装,890.0
6210,甲陽園,4.0,4.0,３ＬＤＫ,70.0,2008.0,8.0,ＲＣ,１中住専,未改装,3000.0
6211,苦楽園口,19.0,4.0,３ＬＤＫ,75.0,2007.0,11.0,ＲＣ,１中住専,未改装,1800.0
6212,甲陽園,9.0,4.0,３ＬＤＫ,75.0,2008.0,12.0,ＲＣ,１中住専,改装済み,1800.0
6213,甲陽園,10.0,4.0,３ＬＤＫ,70.0,2007.0,11.0,ＲＣ,１中住専,改装済み,1700.0
6214,西宮(阪神),17.0,4.0,３ＬＤＫ,70.0,2008.0,10.0,ＲＣ,１中住専,未改装,2300.0
6215,甲子園口,13.0,4.0,３ＬＤＫ,75.0,2008.0,4.0,ＲＣ,２中住専,改装済み,3200.0
6216,夙川,6.0,4.0,３ＬＤＫ,70.0,2008.0,3.0,ＲＣ,１種住居,未改装,3800.0
6217,夙川,4.0,4.0,３ＬＤＫ,70.0,2007.0,7.0,ＲＣ,１種住居,未改装,4200.0
6218,武庫川,13.0,5.0,４ＬＤＫ,85.0,2008.0,4.0,ＲＣ,２中住専,未改装,3200.0
6219,鳴尾・武庫川女子大前,10.0,3.0,２ＬＤＫ,55.0,2008.0,36.0,ＳＲＣ,１種住居,未改装,990.0
6220,鳴尾・武庫川女子大前,9.0,3.0,２ＬＤＫ,55.0,2008.0,36.0,ＳＲＣ,１種住居,未改装,900.0
6221,鳴尾・武庫川女子大前,9.0,3.0,２ＬＤＫ,55.0,2008.0,36.0,ＳＲＣ,１種住居,改装済み,1100.0
6222,鳴尾・武庫川女子大前,8.0,4.0,３ＬＤＫ,55.0,2008.0,18.0,ＲＣ,１種住居,改装済み,1900.0
6223,鳴尾・武庫川女子大前,9.0,3.0,２ＬＤＫ,55.0,2007.0,35.0,ＳＲＣ,１種住居,未改装,1000.0
6224,鳴尾・武庫川女子大前,9.0,3.0,２ＬＤＫ,60.0,2007.0,35.0,ＳＲＣ,１種住居,改装済み,1000.0
6225,武庫川,9.0,4.0,３ＬＤＫ,55.0,2007.0,17.0,ＲＣ,１種住居,未改装,1400.0
6226,武庫川,7.0,4.0,３ＬＤＫ,85.0,2008.0,4.0,ＲＣ,１種住居,未改装,3200.0
6227,苦楽園口,10.0,4.0,３ＬＤＫ,100.0,2008.0,4.0,ＲＣ,１低住専,未改装,6800.0
6228,苦楽園口,9.0,3.0,２ＬＤＫ,100.0,2008.0,4.0,ＲＣ,１低住専,改装済み,6900.0
6229,苦楽園口,10.0,4.0,３ＬＤＫ,80.0,2007.0,7.0,ＲＣ,１低住専,未改装,3900.0
6230,甲陽園,9.0,5.0,４ＬＤＫ,110.0,2008.0,17.0,ＲＣ,１中住専,未改装,3400.0
6231,さくら夙川,3.0,4.0,２ＬＤＫ＋Ｓ,60.0,2008.0,8.0,ＲＣ,近隣商業,未改装,2000.0
6232,生瀬,13.0,3.0,２ＬＤＫ,70.0,2008.0,16.0,ＲＣ,１中住専,未改装,780.0
6233,甲陽園,11.0,4.0,３ＬＤＫ,70.0,2008.0,4.0,ＲＣ,１中住専,未改装,3400.0
6234,夙川,6.0,4.0,３ＬＤＫ,80.0,2008.0,12.0,ＲＣ,１中住専,未改装,3500.0
6235,香櫨園,11.0,4.0,３ＬＤＫ,75.0,2007.0,0.0,ＲＣ,１中住専,未改装,3800.0
6236,香櫨園,13.0,4.0,３ＬＤＫ,70.0,2007.0,0.0,ＲＣ,１中住専,未改装,3800.0
6237,香櫨園,10.0,4.0,３ＬＤＫ,75.0,2007.0,10.0,ＲＣ,１中住専,未改装,2600.0
6239,西宮(阪神),10.0,5.0,４ＬＤＫ,85.0,2007.0,12.0,ＲＣ,近隣商業,未改装,3100.0
6240,甲東園,2.0,4.0,３ＬＤＫ,70.0,2008.0,9.0,ＲＣ,近隣商業,未改装,3800.0
6241,苦楽園口,11.0,4.0,３ＬＤＫ,70.0,2008.0,6.0,ＲＣ,１低住専,未改装,3400.0
6242,苦楽園口,11.0,4.0,３ＬＤＫ,85.0,2007.0,5.0,ＲＣ,１低住専,未改装,4400.0
6243,甲陽園,11.0,4.0,３ＬＤＫ,65.0,2008.0,7.0,ＲＣ,１低住専,未改装,1500.0
6244,甲陽園,12.0,4.0,３ＬＤＫ,70.0,2008.0,9.0,ＲＣ,１低住専,未改装,2800.0
6245,夙川,13.0,4.0,３ＬＤＫ,70.0,2008.0,10.0,ＲＣ,近隣商業,未改装,2300.0
6246,甲陽園,17.0,4.0,３ＬＤＫ,85.0,2008.0,5.0,ＲＣ,１低住専,未改装,3600.0
6247,西宮(ＪＲ),8.0,4.0,３ＬＤＫ,70.0,2007.0,10.0,ＲＣ,近隣商業,改装済み,2500.0
6248,西宮(阪神),6.0,4.0,３ＬＤＫ,70.0,2008.0,11.0,ＲＣ,近隣商業,改装済み,2600.0
6249,苦楽園口,13.0,5.0,４ＬＤＫ,80.0,2008.0,12.0,ＲＣ,１中住専,未改装,2100.0
6250,苦楽園口,19.0,4.0,３ＬＤＫ,80.0,2008.0,7.0,ＲＣ,１中住専,未改装,2700.0
6251,苦楽園口,12.0,4.0,３ＬＤＫ,70.0,2008.0,7.0,ＲＣ,１中住専,未改装,2300.0
6252,苦楽園口,15.0,4.0,３ＬＤＫ,75.0,2007.0,30.0,ＲＣ,１中住専,未改装,700.0
6253,苦楽園口,14.0,4.0,３ＬＤＫ,60.0,2007.0,30.0,ＲＣ,１中住専,未改装,1300.0
6254,甲陽園,14.0,4.0,３ＬＤＫ,75.0,2007.0,6.0,ＲＣ,１中住専,未改装,1900.0
6255,西宮北口,25.0,4.0,３ＬＤＫ,60.0,2007.0,30.0,ＳＲＣ,１中住専,未改装,880.0
6256,西宮北口,10.0,4.0,３ＬＤＫ,70.0,2008.0,5.0,ＲＣ,１中住専,未改装,4300.0
6257,西宮北口,15.0,3.0,２ＬＤＫ,65.0,2007.0,5.0,ＲＣ,１中住専,未改装,3100.0
6258,甲陽園,16.0,3.0,２ＬＤＫ,65.0,2008.0,19.0,ＲＣ,１中住専,未改装,1200.0
6259,甲陽園,29.0,5.0,４ＬＤＫ,75.0,2007.0,22.0,ＲＣ,１中住専,未改装,1600.0
6260,西宮北口,25.0,4.0,３ＬＤＫ,70.0,2008.0,19.0,ＲＣ,１中住専,未改装,1300.0
6261,西宮北口,26.0,5.0,４ＬＤＫ,90.0,2007.0,18.0,ＲＣ,１中住専,未改装,2000.0
6262,門戸厄神,24.0,4.0,３ＬＤＫ,75.0,2007.0,22.0,ＲＣ,１中住専,改装済み,1500.0
6263,門戸厄神,15.0,5.0,４ＬＤＫ,115.0,2007.0,22.0,ＲＣ,１中住専,改装済み,2700.0
6264,武庫川団地前,10.0,4.0,３ＬＤＫ,70.0,2008.0,25.0,ＳＲＣ,１中住専,改装済み,1400.0
6265,武庫川団地前,13.0,3.0,２ＬＤＫ,65.0,2008.0,23.0,ＳＲＣ,１中住専,改装済み,1100.0
6266,武庫川団地前,13.0,4.0,３ＬＤＫ,95.0,2008.0,23.0,ＳＲＣ,１中住専,改装済み,1600.0
6267,武庫川団地前,8.0,5.0,４ＬＤＫ,95.0,2008.0,12.0,ＲＣ,１中住専,改装済み,2700.0
6268,武庫川団地前,6.0,4.0,３ＬＤＫ,75.0,2008.0,17.0,ＲＣ,１中住専,未改装,1500.0
6269,武庫川団地前,9.0,4.0,３ＬＤＫ,65.0,2008.0,23.0,ＳＲＣ,１中住専,改装済み,1800.0
6270,武庫川団地前,13.0,5.0,４ＬＤＫ,95.0,2008.0,18.0,ＳＲＣ,１中住専,未改装,1800.0
6271,武庫川団地前,6.0,4.0,３ＬＤＫ,95.0,2008.0,25.0,ＳＲＣ,１中住専,改装済み,1900.0
6272,武庫川団地前,6.0,5.0,４ＬＤＫ,95.0,2008.0,8.0,ＲＣ,１中住専,未改装,2500.0
6273,武庫川団地前,3.0,4.0,３ＬＤＫ,80.0,2008.0,16.0,ＲＣ,１中住専,未改装,2000.0
6274,武庫川団地前,5.0,4.0,３ＬＤＫ,80.0,2007.0,15.0,ＲＣ,１中住専,未改装,1700.0
6275,武庫川団地前,10.0,5.0,４ＬＤＫ,95.0,2007.0,17.0,ＳＲＣ,１中住専,未改装,2600.0
6276,武庫川団地前,9.0,4.0,３ＬＤＫ,70.0,2007.0,24.0,ＳＲＣ,１中住専,未改装,1100.0
6277,武庫川団地前,4.0,4.0,３ＬＤＫ,80.0,2007.0,15.0,ＲＣ,１中住専,未改装,1600.0
6278,武庫川団地前,6.0,5.0,４ＬＤＫ,85.0,2007.0,3.0,ＲＣ,１中住専,未改装,2700.0
6279,武庫川団地前,8.0,4.0,３ＬＤＫ,80.0,2007.0,5.0,ＲＣ,１中住専,未改装,2200.0
6280,武庫川団地前,11.0,5.0,４ＬＤＫ,65.0,2007.0,22.0,ＳＲＣ,１中住専,未改装,1200.0
6281,夙川,11.0,3.0,２ＬＤＫ,60.0,2008.0,43.0,ＲＣ,１中住専,改装済み,1100.0
6282,夙川,9.0,3.0,２ＬＤＫ,60.0,2008.0,27.0,ＲＣ,１低住専,未改装,500.0
6283,西宮(ＪＲ),15.0,3.0,２ＬＤＫ,60.0,2007.0,32.0,ＳＲＣ,工業,改装済み,1200.0
6284,西宮北口,13.0,4.0,３ＬＤＫ,60.0,2008.0,33.0,ＳＲＣ,準工業,未改装,1300.0
6285,西宮北口,11.0,3.0,２ＬＤＫ,65.0,2007.0,8.0,ＲＣ,準工業,未改装,2300.0
6286,阪神国道,13.0,4.0,３ＬＤＫ,65.0,2007.0,32.0,ＳＲＣ,準工業,未改装,1200.0
6287,西宮北口,3.0,5.0,４ＬＤＫ,85.0,2008.0,8.0,ＳＲＣ,商業,未改装,4300.0
6288,西宮北口,11.0,4.0,３ＬＤＫ,75.0,2008.0,9.0,ＳＲＣ,１種住居,未改装,2800.0
6289,西宮北口,7.0,5.0,４ＬＤＫ,75.0,2008.0,3.0,ＲＣ,１種住居,未改装,3900.0
6290,香櫨園,9.0,3.0,２ＬＤＫ,60.0,2008.0,10.0,ＲＣ,１種住居,未改装,2100.0
6291,香櫨園,9.0,4.0,３ＬＤＫ,60.0,2007.0,10.0,ＲＣ,準工業,未改装,1500.0
6292,香櫨園,11.0,5.0,４ＬＤＫ,70.0,2007.0,10.0,ＲＣ,準工業,改装済み,2700.0
6293,西宮(阪神),1.0,3.0,２ＬＤＫ,80.0,2008.0,5.0,ＲＣ,商業,未改装,4600.0
6294,西宮(阪神),1.0,4.0,３ＬＤＫ,75.0,2007.0,1.0,ＲＣ,商業,未改装,4300.0
6295,甲東園,16.0,3.0,２ＬＤＫ,65.0,2008.0,29.0,ＲＣ,１中住専,未改装,830.0
6296,仁川,7.0,3.0,２ＬＤＫ,60.0,2008.0,0.0,ＲＣ,２中住専,未改装,3000.0
6297,仁川,7.0,4.0,３ＬＤＫ,70.0,2008.0,0.0,ＲＣ,２中住専,未改装,3700.0
6298,仁川,7.0,5.0,４ＬＤＫ,85.0,2008.0,0.0,ＲＣ,２中住専,未改装,4300.0
6299,仁川,9.0,4.0,３ＬＤＫ,65.0,2007.0,23.0,ＲＣ,１中住専,未改装,1200.0
6300,仁川,11.0,5.0,４ＬＤＫ,65.0,2007.0,23.0,ＲＣ,１中住専,改装済み,1800.0
6301,仁川,16.0,4.0,３ＬＤＫ,70.0,2007.0,21.0,ＲＣ,１中住専,未改装,1600.0
6302,仁川,14.0,4.0,３ＬＤＫ,70.0,2007.0,4.0,ＲＣ,１中住専,改装済み,2600.0
6303,阪神国道,2.0,4.0,３ＬＤＫ,70.0,2008.0,12.0,ＲＣ,近隣商業,未改装,2500.0
6304,今津(阪神),12.0,4.0,３ＬＤＫ,65.0,2008.0,7.0,ＲＣ,工業,未改装,2000.0
6305,阪神国道,9.0,3.0,２ＬＤＫ,65.0,2008.0,7.0,ＲＣ,工業,未改装,2500.0
6306,西宮(ＪＲ),3.0,4.0,３ＬＤＫ,65.0,2008.0,13.0,ＲＣ,準工業,未改装,2900.0
6307,西宮(ＪＲ),5.0,4.0,３ＬＤＫ,65.0,2008.0,14.0,ＲＣ,準工業,未改装,2200.0
6308,西宮(ＪＲ),3.0,4.0,３ＬＤＫ,65.0,2007.0,12.0,ＲＣ,準工業,未改装,3100.0
6309,西宮(ＪＲ),5.0,4.0,３ＬＤＫ,65.0,2007.0,8.0,ＲＣ,工業,未改装,2500.0
6310,阪神国道,3.0,4.0,３ＬＤＫ,75.0,2008.0,7.0,ＲＣ,準工業,未改装,3100.0
6311,阪神国道,3.0,4.0,３ＬＤＫ,70.0,2007.0,6.0,ＲＣ,準工業,未改装,2700.0
6312,今津(阪神),1.0,4.0,３ＬＤＫ,60.0,2008.0,4.0,ＲＣ,商業,改装済み,2200.0
6313,今津(阪神),2.0,4.0,３ＬＤＫ,55.0,2007.0,10.0,ＲＣ,近隣商業,未改装,1600.0
6315,今津(阪神),1.0,4.0,３ＬＤＫ,60.0,2008.0,8.0,ＳＲＣ,商業,未改装,2100.0
6316,今津(阪神),3.0,2.0,１ＤＫ,25.0,2007.0,18.0,ＲＣ,商業,改装済み,420.0
6317,今津(阪神),9.0,3.0,２ＬＤＫ,60.0,2008.0,12.0,ＳＲＣ,準工業,未改装,1400.0
6318,今津(阪神),8.0,4.0,３ＬＤＫ,60.0,2007.0,11.0,ＳＲＣ,１種住居,未改装,1700.0
6319,西宮(ＪＲ),7.0,3.0,２ＬＤＫ,60.0,2007.0,18.0,ＳＲＣ,１種住居,未改装,1100.0
6320,甲子園口,7.0,5.0,４ＬＤＫ,95.0,2008.0,21.0,ＲＣ,１中住専,未改装,2800.0
6321,甲子園口,7.0,4.0,３ＬＤＫ,70.0,2007.0,6.0,ＲＣ,１中住専,未改装,3000.0
6322,西宮(阪神),7.0,3.0,２ＬＤＫ,60.0,2007.0,9.0,ＲＣ,近隣商業,未改装,2300.0
6323,甲子園口,8.0,3.0,２ＬＤＫ,60.0,2008.0,36.0,ＲＣ,１中住専,改装済み,1500.0
6324,甲子園口,8.0,4.0,３ＬＤＫ,65.0,2007.0,35.0,ＲＣ,１中住専,未改装,1200.0
6325,西宮(阪神),3.0,3.0,２ＬＤＫ,65.0,2008.0,8.0,ＳＲＣ,商業,未改装,2300.0
6326,西宮(阪神),3.0,4.0,３ＬＤＫ,60.0,2007.0,7.0,ＳＲＣ,商業,未改装,1800.0
6328,甲子園口,9.0,4.0,３ＬＤＫ,75.0,2007.0,3.0,ＲＣ,１種住居,未改装,3500.0
6329,香櫨園,4.0,5.0,４ＬＤＫ,85.0,2008.0,6.0,ＲＣ,１中住専,未改装,3700.0
6330,西宮(ＪＲ),10.0,4.0,３ＬＤＫ,60.0,2007.0,3.0,ＲＣ,１種住居,未改装,2600.0
6331,西宮(ＪＲ),19.0,4.0,３ＬＤＫ,70.0,2008.0,11.0,ＲＣ,１種住居,改装済み,2500.0
6332,西宮北口,17.0,4.0,３ＬＤＫ,65.0,2008.0,11.0,ＲＣ,１種住居,未改装,2100.0
6333,西宮北口,20.0,4.0,３ＬＤＫ,70.0,2007.0,10.0,ＲＣ,１種住居,未改装,2100.0
6334,西宮名塩,5.0,5.0,４ＬＤＫ,95.0,2008.0,2.0,ＲＣ,近隣商業,未改装,2700.0
6335,生瀬,13.0,5.0,４ＬＤＫ,95.0,2008.0,4.0,ＲＣ,１種住居,未改装,2800.0
6336,宝塚,14.0,4.0,３ＬＤＫ,70.0,2007.0,10.0,ＳＲＣ,２中住専,改装済み,1800.0
6337,生瀬,13.0,4.0,３ＬＤＫ,75.0,2007.0,8.0,ＳＲＣ,２中住専,改装済み,1700.0
6338,鳴尾・武庫川女子大前,7.0,3.0,２ＤＫ,40.0,2008.0,43.0,鉄骨造,１種住居,未改装,590.0
6339,鳴尾・武庫川女子大前,6.0,4.0,３ＬＤＫ,65.0,2008.0,11.0,ＲＣ,２種住居,未改装,2700.0
6340,鳴尾・武庫川女子大前,5.0,4.0,３ＬＤＫ,80.0,2007.0,10.0,ＲＣ,近隣商業,未改装,2800.0
6341,仁川,12.0,4.0,３ＬＤＫ,70.0,2008.0,11.0,ＲＣ,１中住専,改装済み,2800.0
6342,仁川,9.0,4.0,３ＬＤＫ,55.0,2008.0,10.0,ＲＣ,１低住専,未改装,1900.0
6343,仁川,11.0,4.0,３ＤＫ,55.0,2008.0,10.0,ＲＣ,１低住専,未改装,1900.0
6344,仁川,4.0,5.0,４ＬＤＫ,85.0,2008.0,6.0,ＲＣ,１中住専,未改装,3600.0
6345,仁川,14.0,4.0,３ＬＤＫ,60.0,2007.0,11.0,ＲＣ,１低住専,未改装,2200.0
6346,西宮(阪神),9.0,2.0,１ＬＤＫ,25.0,2008.0,0.0,ＲＣ,近隣商業,未改装,2000.0
6347,西宮(阪神),9.0,2.0,１Ｋ,25.0,2008.0,0.0,ＲＣ,近隣商業,未改装,2000.0
6348,打出,30.0,5.0,４ＬＤＫ,85.0,2007.0,9.0,ＳＲＣ,１中住専,改装済み,2800.0
6349,西宮(阪神),30.0,4.0,３ＬＤＫ,70.0,2008.0,10.0,ＲＣ,１中住専,改装済み,1700.0
6350,西宮(阪神),30.0,4.0,３ＬＤＫ,70.0,2008.0,10.0,ＳＲＣ,１中住専,未改装,1700.0
6351,西宮(阪神),30.0,4.0,３ＬＤＫ,100.0,2008.0,4.0,ＳＲＣ,１中住専,未改装,3000.0
6352,西宮(阪神),30.0,3.0,２ＬＤＫ,70.0,2008.0,10.0,ＳＲＣ,１中住専,未改装,1600.0
6353,西宮(阪神),30.0,4.0,３ＬＤＫ,70.0,2008.0,10.0,ＳＲＣ,１中住専,未改装,1500.0
6354,西宮(阪神),30.0,3.0,２ＬＤＫ,65.0,2008.0,10.0,ＳＲＣ,１中住専,改装済み,1800.0
6355,西宮(阪神),30.0,4.0,３ＬＤＫ,80.0,2008.0,10.0,ＳＲＣ,１中住専,未改装,2100.0
6356,西宮(阪神),30.0,4.0,３ＬＤＫ,70.0,2008.0,10.0,ＳＲＣ,１中住専,未改装,1800.0
6357,西宮(阪神),30.0,5.0,４ＬＤＫ,80.0,2008.0,10.0,ＲＣ,１中住専,未改装,2100.0
6358,西宮(阪神),30.0,5.0,４ＬＤＫ,90.0,2008.0,10.0,ＲＣ,１中住専,未改装,2800.0
6359,西宮(阪神),30.0,4.0,３ＬＤＫ,85.0,2008.0,4.0,ＳＲＣ,１中住専,未改装,3400.0
6360,西宮(阪神),30.0,3.0,２ＬＤＫ,75.0,2008.0,9.0,ＳＲＣ,１中住専,未改装,2700.0
6361,西宮(阪神),30.0,4.0,３ＬＤＫ,70.0,2007.0,9.0,ＳＲＣ,１中住専,改装済み,1800.0
6362,西宮(阪神),30.0,3.0,２ＤＫ,65.0,2007.0,9.0,ＲＣ,１中住専,未改装,1500.0
6363,西宮(阪神),30.0,4.0,３ＬＤＫ,70.0,2007.0,9.0,ＳＲＣ,１中住専,未改装,1900.0
6364,門戸厄神,7.0,5.0,４ＬＤＫ,85.0,2008.0,6.0,ＲＣ,１中住専,改装済み,4600.0
6365,門戸厄神,7.0,4.0,３ＬＤＫ,75.0,2007.0,21.0,ＲＣ,１中住専,未改装,1800.0
6366,夙川,2.0,2.0,１ＤＫ,35.0,2008.0,23.0,ＲＣ,近隣商業,未改装,840.0
6367,夙川,2.0,1.0,１Ｒ,20.0,2008.0,22.0,ＲＣ,近隣商業,未改装,700.0
6368,夙川,3.0,2.0,１Ｋ,25.0,2008.0,8.0,ＲＣ,近隣商業,未改装,840.0
6369,夙川,3.0,2.0,１Ｋ,25.0,2008.0,8.0,ＲＣ,近隣商業,未改装,840.0
6370,夙川,3.0,4.0,３ＬＤＫ,95.0,2008.0,24.0,ＲＣ,近隣商業,未改装,2600.0
6371,西宮(ＪＲ),8.0,4.0,３ＬＤＫ,60.0,2008.0,11.0,ＲＣ,近隣商業,未改装,1900.0
6372,西宮(ＪＲ),7.0,4.0,３ＬＤＫ,75.0,2007.0,6.0,ＲＣ,１種住居,未改装,2900.0
6373,西宮(阪神),7.0,4.0,３ＬＤＫ,65.0,2008.0,7.0,ＲＣ,１種住居,未改装,2400.0
6374,甲子園,8.0,4.0,３ＬＤＫ,70.0,2008.0,7.0,ＲＣ,１中住専,未改装,3400.0
6375,甲子園,14.0,5.0,４ＬＤＫ,95.0,2007.0,6.0,ＲＣ,１中住専,未改装,4700.0
6376,鳴尾・武庫川女子大前,11.0,4.0,３ＬＤＫ,70.0,2007.0,6.0,ＲＣ,１中住専,未改装,3200.0
6377,西宮(阪神),3.0,4.0,３ＬＤＫ,65.0,2008.0,7.0,ＳＲＣ,商業,未改装,2700.0
6379,西宮(阪神),3.0,4.0,３ＬＤＫ,70.0,2007.0,6.0,ＳＲＣ,商業,改装済み,3200.0
6380,西宮(阪神),2.0,4.0,３ＬＤＫ,70.0,2007.0,8.0,ＳＲＣ,商業,改装済み,2600.0
6381,西宮(阪神),4.0,4.0,３ＬＤＫ,65.0,2007.0,9.0,ＳＲＣ,商業,未改装,2300.0
6382,西宮(阪神),3.0,4.0,３ＬＤＫ,100.0,2007.0,6.0,ＳＲＣ,商業,改装済み,2900.0
6383,久寿川,23.0,5.0,４ＬＤＫ,75.0,2008.0,8.0,ＲＣ,１種住居,未改装,2600.0
6384,甲子園,19.0,5.0,４ＬＤＫ,105.0,2008.0,6.0,ＲＣ,１種住居,未改装,3500.0
6385,甲子園,15.0,4.0,３ＬＤＫ,80.0,2008.0,6.0,ＳＲＣ,１種住居,未改装,3300.0
6386,甲子園,15.0,4.0,３ＬＤＫ,85.0,2008.0,6.0,ＳＲＣ,１中住専,未改装,3200.0
6387,甲子園,16.0,4.0,３ＬＤＫ,90.0,2008.0,6.0,ＳＲＣ,１種住居,未改装,3200.0
6388,甲子園,17.0,5.0,４ＬＤＫ,130.0,2007.0,5.0,ＳＲＣ,１種住居,改装済み,5500.0
6389,甲子園,16.0,4.0,３ＬＤＫ,110.0,2007.0,5.0,ＳＲＣ,１種住居,未改装,3600.0
6390,西宮(阪神),13.0,4.0,３ＬＤＫ,75.0,2008.0,5.0,ＳＲＣ,準工業,未改装,2700.0
6391,西宮(阪神),11.0,4.0,３ＬＤＫ,75.0,2008.0,5.0,ＳＲＣ,準工業,未改装,3000.0
6392,西宮(阪神),9.0,4.0,３ＬＤＫ,70.0,2008.0,5.0,ＳＲＣ,準工業,未改装,3100.0
6393,西宮(阪神),14.0,4.0,３ＬＤＫ,65.0,2007.0,6.0,ＲＣ,準工業,未改装,2400.0
6394,西宮(阪神),14.0,4.0,３ＬＤＫ,65.0,2007.0,6.0,ＲＣ,準工業,改装済み,2300.0
6395,西宮(阪神),11.0,4.0,３ＬＤＫ,65.0,2007.0,6.0,ＲＣ,準工業,未改装,1900.0
6396,西宮(阪神),5.0,4.0,３ＬＤＫ,65.0,2008.0,8.0,ＳＲＣ,近隣商業,未改装,2300.0
6397,洲先,3.0,4.0,３ＬＤＫ,75.0,2007.0,9.0,ＲＣ,１種住居,未改装,2700.0
6398,東鳴尾,4.0,5.0,４ＬＤＫ,95.0,2008.0,29.0,ＳＲＣ,１種住居,改装済み,2700.0
6399,東鳴尾,4.0,4.0,３ＬＤＫ,60.0,2008.0,31.0,ＲＣ,１種住居,未改装,1100.0
6400,今津(阪神),16.0,5.0,４ＬＤＫ,80.0,2008.0,21.0,ＲＣ,工業,未改装,1500.0
6401,今津(阪神),18.0,4.0,３ＬＤＫ,65.0,2008.0,12.0,ＲＣ,準工業,未改装,1600.0
6402,今津(阪神),13.0,5.0,４ＬＤＫ,80.0,2008.0,21.0,ＲＣ,準工業,改装済み,2000.0
6403,今津(阪神),11.0,5.0,４ＬＤＫ,75.0,2008.0,12.0,ＲＣ,準工業,改装済み,2000.0
6404,今津(阪神),19.0,4.0,３ＬＤＫ,65.0,2007.0,11.0,ＲＣ,準工業,未改装,1900.0
6405,今津(阪神),15.0,4.0,３ＬＤＫ,70.0,2007.0,3.0,ＲＣ,準工業,未改装,2500.0
6406,西宮(阪神),14.0,4.0,３ＬＤＫ,75.0,2008.0,12.0,ＲＣ,準工業,未改装,1900.0
6407,西宮(阪神),15.0,4.0,３ＬＤＫ,70.0,2008.0,4.0,ＲＣ,準工業,未改装,2600.0
6408,西宮(阪神),16.0,4.0,３ＬＤＫ,70.0,2008.0,4.0,ＲＣ,準工業,未改装,2700.0
6409,西宮(阪神),19.0,4.0,３ＬＤＫ,60.0,2008.0,11.0,ＳＲＣ,準工業,改装済み,1700.0
6410,西宮(阪神),16.0,5.0,４ＬＤＫ,80.0,2008.0,21.0,ＲＣ,準工業,改装済み,1900.0
6411,西宮(阪神),20.0,5.0,４ＬＤＫ,80.0,2008.0,21.0,ＲＣ,準工業,改装済み,2000.0
6413,西宮(阪神),20.0,5.0,４ＬＤＫ,80.0,2008.0,21.0,ＲＣ,準工業,未改装,1600.0
6414,西宮(阪神),15.0,5.0,４ＬＤＫ,90.0,2008.0,4.0,ＲＣ,準工業,未改装,3200.0
6415,西宮(阪神),18.0,4.0,３ＬＤＫ,65.0,2008.0,4.0,ＲＣ,準工業,未改装,2700.0
6416,西宮(阪神),19.0,5.0,４ＬＤＫ,80.0,2007.0,10.0,ＲＣ,準工業,未改装,2400.0
6417,西宮名塩,4.0,4.0,３ＬＤＫ,80.0,2008.0,12.0,ＲＣ,１中住専,改装済み,1600.0
6418,西宮名塩,10.0,4.0,３ＬＤＫ,80.0,2008.0,14.0,ＲＣ,１中住専,改装済み,1600.0
6419,西宮名塩,8.0,5.0,４ＬＤＫ,100.0,2008.0,14.0,ＲＣ,１中住専,未改装,1900.0
6420,西宮名塩,12.0,4.0,３ＬＤＫ,90.0,2008.0,15.0,ＲＣ,１中住専,未改装,2000.0
6421,西宮名塩,11.0,4.0,３ＬＤＫ,95.0,2008.0,14.0,ＲＣ,１中住専,未改装,2000.0
6422,西宮名塩,11.0,5.0,４ＬＤＫ,95.0,2008.0,14.0,ＲＣ,１中住専,未改装,2000.0
6423,西宮名塩,8.0,4.0,３ＬＤＫ,95.0,2007.0,13.0,ＲＣ,１中住専,未改装,2100.0
6425,西宮名塩,12.0,5.0,４ＬＤＫ,80.0,2007.0,4.0,ＲＣ,１中住専,未改装,2000.0
6426,西宮名塩,13.0,4.0,３ＬＤＫ,70.0,2007.0,10.0,ＲＣ,１中住専,未改装,1200.0
6427,苦楽園口,14.0,4.0,３ＬＤＫ,65.0,2008.0,36.0,ＲＣ,１中住専,改装済み,1400.0
6428,苦楽園口,16.0,3.0,２ＬＤＫ,75.0,2008.0,6.0,ＲＣ,１種住居,未改装,3600.0
6429,苦楽園口,16.0,4.0,３ＬＤＫ,75.0,2008.0,11.0,ＲＣ,１中住専,未改装,3200.0
6430,苦楽園口,16.0,4.0,３ＬＤＫ,55.0,2008.0,10.0,ＲＣ,１中住専,未改装,2100.0
6431,苦楽園口,15.0,4.0,３ＬＤＫ,85.0,2008.0,26.0,ＲＣ,１中住専,改装済み,2800.0
6432,苦楽園口,13.0,4.0,３ＬＤＫ,75.0,2007.0,9.0,ＲＣ,１中住専,未改装,3200.0
6434,苦楽園口,17.0,4.0,３ＬＤＫ,75.0,2007.0,5.0,ＲＣ,１中住専,未改装,3600.0
6435,苦楽園口,14.0,4.0,３ＬＤＫ,70.0,2007.0,10.0,ＲＣ,１中住専,未改装,3000.0
6436,苦楽園口,13.0,4.0,３ＬＤＫ,75.0,2007.0,9.0,ＲＣ,１中住専,改装済み,3300.0
6437,夙川,21.0,4.0,３ＬＤＫ,80.0,2007.0,25.0,ＲＣ,１種住居,改装済み,2800.0
6438,甲東園,16.0,3.0,２ＬＤＫ,70.0,2008.0,14.0,ＲＣ,１中住専,未改装,2300.0
6439,門戸厄神,16.0,4.0,３ＬＤＫ,65.0,2008.0,5.0,ＲＣ,１中住専,未改装,2400.0
6440,門戸厄神,15.0,4.0,３ＬＤＫ,70.0,2007.0,13.0,ＲＣ,１中住専,改装済み,2500.0
6441,門戸厄神,15.0,4.0,３ＬＤＫ,70.0,2007.0,13.0,ＲＣ,１中住専,未改装,2000.0
6442,西宮(阪神),7.0,4.0,３ＬＤＫ,90.0,2008.0,13.0,ＳＲＣ,近隣商業,未改装,3300.0
6443,西宮北口,14.0,5.0,４ＬＤＫ,75.0,2008.0,5.0,ＲＣ,２中住専,未改装,2800.0
6444,門戸厄神,15.0,4.0,３ＬＤＫ,60.0,2008.0,5.0,ＲＣ,１中住専,改装済み,2000.0
6445,夙川,13.0,4.0,３ＬＤＫ,80.0,2008.0,6.0,ＲＣ,１低住専,改装済み,3500.0
6446,西宮北口,11.0,4.0,３ＬＤＫ,65.0,2007.0,5.0,ＲＣ,１中住専,未改装,3500.0
6447,門戸厄神,6.0,4.0,３ＬＤＫ,70.0,2008.0,6.0,ＲＣ,１中住専,未改装,3300.0
6448,甲子園口,4.0,4.0,３ＬＤＫ,90.0,2008.0,5.0,ＲＣ,１中住専,未改装,4900.0
6449,甲子園口,6.0,3.0,２ＬＤＫ,95.0,2008.0,40.0,ＲＣ,１中住専,改装済み,2500.0
6450,甲子園口,8.0,4.0,３ＬＤＫ,100.0,2008.0,40.0,ＲＣ,１中住専,未改装,2500.0
6451,甲子園口,8.0,4.0,３ＬＤＫ,100.0,2007.0,39.0,ＲＣ,１中住専,未改装,2600.0
6452,甲子園口,5.0,4.0,３ＬＤＫ,80.0,2007.0,4.0,ＲＣ,１中住専,未改装,4800.0
6453,西宮北口,19.0,4.0,３ＬＤＫ,100.0,2008.0,40.0,ＲＣ,１中住専,未改装,2200.0
6454,鳴尾・武庫川女子大前,11.0,5.0,４ＬＤＫ,80.0,2007.0,28.0,ＳＲＣ,１中住専,未改装,1600.0
6455,夙川,12.0,4.0,３ＬＤＫ,70.0,2008.0,8.0,ＲＣ,１中住専,未改装,2800.0
6456,夙川,13.0,4.0,３ＬＤＫ,70.0,2007.0,7.0,ＳＲＣ,近隣商業,未改装,2900.0
6457,西宮(阪神),6.0,3.0,２ＬＤＫ,70.0,2008.0,8.0,ＳＲＣ,近隣商業,未改装,2900.0
6458,西宮(阪神),8.0,4.0,３ＬＤＫ,65.0,2007.0,7.0,ＲＣ,近隣商業,未改装,2400.0
6459,苦楽園口,8.0,4.0,３Ｋ,45.0,2008.0,38.0,鉄骨造,１低住専,未改装,500.0
6460,苦楽園口,4.0,4.0,３ＬＤＫ,65.0,2007.0,7.0,ＲＣ,１種住居,未改装,3100.0
6461,香櫨園,11.0,4.0,３ＬＤＫ,60.0,2007.0,10.0,ＲＣ,１中住専,未改装,2000.0
6462,西宮(阪神),4.0,4.0,３ＤＫ,50.0,2007.0,11.0,ＲＣ,近隣商業,改装済み,1500.0
6463,香櫨園,13.0,4.0,３ＬＤＫ,75.0,2007.0,6.0,ＲＣ,１種住居,未改装,3200.0
6464,苦楽園口,6.0,5.0,４ＬＤＫ,85.0,2008.0,7.0,ＲＣ,１中住専,未改装,4200.0
6465,苦楽園口,5.0,3.0,２ＬＤＫ,55.0,2008.0,7.0,ＲＣ,１中住専,未改装,2300.0
6466,香櫨園,4.0,4.0,３ＬＤＫ,110.0,2008.0,19.0,ＲＣ,１中住専,未改装,3700.0
6467,さくら夙川,8.0,4.0,３ＬＤＫ,110.0,2008.0,19.0,ＲＣ,１中住専,未改装,3700.0
6468,夙川,8.0,3.0,２ＬＤＫ,70.0,2008.0,2.0,ＲＣ,１中住専,未改装,4900.0
6469,夙川,10.0,5.0,４ＬＤＫ,85.0,2008.0,9.0,ＲＣ,１中住専,未改装,4200.0
6470,甲子園口,5.0,5.0,４ＬＤＫ,135.0,2008.0,15.0,ＲＣ,１中住専,未改装,6500.0
6471,甲子園口,9.0,4.0,３ＬＤＫ,70.0,2008.0,7.0,ＲＣ,１中住専,未改装,3200.0
6472,甲子園口,8.0,4.0,３ＬＤＫ,80.0,2007.0,19.0,ＲＣ,１中住専,未改装,2300.0
6473,甲子園口,9.0,4.0,３ＬＤＫ,60.0,2007.0,30.0,ＲＣ,１中住専,改装済み,1200.0
6474,西宮(ＪＲ),4.0,3.0,２ＬＤＫ,50.0,2008.0,2.0,ＲＣ,近隣商業,未改装,220.0
6476,西宮(ＪＲ),4.0,4.0,３ＬＤＫ,60.0,2007.0,19.0,ＲＣ,近隣商業,未改装,1400.0
6478,甲子園口,13.0,4.0,３ＬＤＫ,70.0,2007.0,4.0,ＲＣ,１中住専,未改装,3300.0
6479,西宮北口,9.0,4.0,３ＬＤＫ,70.0,2008.0,6.0,ＲＣ,１中住専,未改装,3100.0
6480,西宮北口,8.0,4.0,３ＬＤＫ,70.0,2008.0,12.0,ＲＣ,１中住専,改装済み,3000.0
6481,西宮北口,8.0,3.0,２ＬＤＫ,55.0,2008.0,8.0,ＲＣ,準住居,未改装,2600.0
6482,西宮北口,7.0,3.0,２ＬＤＫ,55.0,2007.0,11.0,ＲＣ,１中住専,未改装,2300.0
6483,西宮北口,7.0,3.0,２ＬＤＫ,55.0,2007.0,11.0,ＲＣ,１中住専,改装済み,2800.0
6484,西宮北口,8.0,4.0,３ＬＤＫ,70.0,2007.0,11.0,ＲＣ,１中住専,未改装,2800.0
6485,門戸厄神,8.0,4.0,３ＬＤＫ,70.0,2007.0,8.0,ＲＣ,２中住専,改装済み,2600.0
6486,甲子園,11.0,5.0,４ＬＤＫ,95.0,2008.0,6.0,ＲＣ,２中住専,未改装,3900.0
6487,甲子園,11.0,4.0,３ＬＤＫ,75.0,2008.0,6.0,ＲＣ,２中住専,未改装,3200.0
6488,甲子園,11.0,4.0,３ＬＤＫ,70.0,2008.0,6.0,ＲＣ,２中住専,未改装,2500.0
6489,甲子園,15.0,5.0,４ＬＤＫ,105.0,2008.0,3.0,ＲＣ,２中住専,未改装,4000.0
6490,甲子園,11.0,4.0,３ＬＤＫ,85.0,2008.0,3.0,ＲＣ,２種住居,未改装,3700.0
6491,甲子園,15.0,4.0,３ＬＤＫ,70.0,2008.0,7.0,ＲＣ,１中住専,未改装,2300.0
6492,甲子園,11.0,4.0,３ＬＤＫ,75.0,2007.0,2.0,ＲＣ,２種住居,未改装,2800.0
6493,甲子園,12.0,4.0,３ＬＤＫ,75.0,2007.0,2.0,ＲＣ,２種住居,未改装,3500.0
6494,苦楽園口,2.0,4.0,３ＬＤＫ,70.0,2008.0,7.0,ＲＣ,１中住専,未改装,4400.0
6495,香櫨園,3.0,5.0,４ＬＤＫ,80.0,2008.0,11.0,ＲＣ,１種住居,改装済み,3600.0
6496,西宮(ＪＲ),16.0,5.0,４ＬＤＫ,85.0,2008.0,11.0,ＲＣ,１種住居,未改装,2700.0
6497,西宮(ＪＲ),13.0,4.0,３ＬＤＫ,65.0,2007.0,10.0,ＲＣ,１種住居,未改装,1800.0
6498,西宮北口,12.0,5.0,４ＬＤＫ,75.0,2008.0,11.0,ＲＣ,１種住居,未改装,2500.0
6499,門戸厄神,12.0,5.0,４ＬＤＫ,75.0,2008.0,10.0,ＲＣ,１中住専,未改装,3100.0
6500,門戸厄神,3.0,4.0,３ＬＤＫ,65.0,2008.0,11.0,ＳＲＣ,１中住専,未改装,3000.0
6501,門戸厄神,5.0,4.0,３ＬＤＫ,65.0,2008.0,11.0,ＳＲＣ,１中住専,未改装,2800.0
6502,門戸厄神,1.0,4.0,３ＬＤＫ,65.0,2007.0,10.0,ＳＲＣ,１中住専,未改装,3300.0
6503,門戸厄神,4.0,4.0,３ＬＤＫ,65.0,2007.0,10.0,ＳＲＣ,１中住専,未改装,2500.0
6505,門戸厄神,7.0,4.0,３ＬＤＫ,70.0,2008.0,6.0,ＲＣ,１中住専,未改装,3600.0
6506,門戸厄神,3.0,4.0,３ＬＤＫ,75.0,2008.0,9.0,ＲＣ,１中住専,未改装,2900.0
6507,西宮北口,20.0,4.0,３ＬＤＫ,65.0,2007.0,9.0,ＲＣ,１種住居,未改装,2000.0
6508,打出,9.0,4.0,３ＬＤＫ,120.0,2007.0,17.0,ＲＣ,１中住専,未改装,3700.0
6509,西宮北口,4.0,3.0,２ＬＤＫ,75.0,2008.0,8.0,ＳＲＣ,２種住居,未改装,3500.0
6510,西宮北口,5.0,4.0,３ＬＤＫ,80.0,2008.0,8.0,ＳＲＣ,２種住居,未改装,4300.0
6511,西宮北口,4.0,3.0,２ＬＤＫ,50.0,2008.0,3.0,ＲＣ,２種住居,未改装,2900.0
6512,西宮北口,5.0,4.0,３ＬＤＫ,80.0,2008.0,8.0,ＳＲＣ,２種住居,未改装,3700.0
6513,西宮北口,4.0,4.0,３ＬＤＫ,80.0,2007.0,7.0,ＳＲＣ,２種住居,改装済み,4900.0
6514,西宮北口,2.0,4.0,３ＬＤＫ,80.0,2007.0,7.0,ＳＲＣ,２種住居,未改装,3900.0
6516,西宮北口,4.0,5.0,４ＬＤＫ,100.0,2007.0,7.0,ＳＲＣ,２種住居,未改装,5500.0
6517,西宮北口,3.0,3.0,２ＬＤＫ,65.0,2007.0,7.0,ＳＲＣ,２種住居,未改装,3700.0
6518,西宮北口,2.0,4.0,３ＬＤＫ,95.0,2007.0,7.0,ＳＲＣ,２種住居,未改装,5000.0
6519,西宮北口,4.0,2.0,１ＬＤＫ,50.0,2007.0,7.0,ＳＲＣ,２種住居,未改装,2500.0
6520,西宮(阪神),3.0,4.0,３ＬＤＫ,80.0,2008.0,10.0,ＳＲＣ,商業,未改装,3400.0
6521,甲陽園,14.0,4.0,３ＬＤＫ,60.0,2008.0,32.0,ＲＣ,１中住専,改装済み,1100.0
6522,甲陽園,15.0,4.0,３ＬＤＫ,60.0,2008.0,32.0,ＲＣ,１中住専,未改装,550.0
6523,甲子園,21.0,4.0,３ＬＤＫ,85.0,2008.0,8.0,ＲＣ,１中住専,未改装,3100.0
6524,甲子園,17.0,4.0,３ＬＤＫ,70.0,2007.0,9.0,ＲＣ,１中住専,未改装,2700.0
6526,鳴尾・武庫川女子大前,18.0,5.0,４ＬＤＫ,85.0,2008.0,8.0,ＲＣ,１中住専,未改装,3400.0
6527,鳴尾・武庫川女子大前,13.0,4.0,３ＬＤＫ,75.0,2007.0,13.0,ＲＣ,１中住専,未改装,2500.0
6528,武庫川,18.0,4.0,３ＬＤＫ,75.0,2008.0,14.0,ＲＣ,１種住居,未改装,2400.0
6529,夙川,8.0,4.0,３ＬＤＫ,75.0,2008.0,11.0,ＲＣ,１中住専,未改装,4000.0
6530,夙川,7.0,4.0,３ＬＤＫ,70.0,2007.0,10.0,ＲＣ,１中住専,未改装,2600.0
6531,門戸厄神,11.0,4.0,３ＬＤＫ,70.0,2008.0,8.0,ＲＣ,１中住専,未改装,2600.0
6533,西宮(阪神),4.0,2.0,１Ｋ,20.0,2008.0,23.0,ＲＣ,商業,改装済み,310.0
