表層形,品詞,品詞細分類1,品詞細分類2,品詞細分類3,活用型,活用形,原形,読み,発音
山月,名詞,固有名詞,地域,一般,*,*,山月,ヤマツキ,ヤマツキ
記,名詞,接尾,一般,*,*,*,記,キ,キ
 ,記号,空白,*,*,*,*, , , 
中島,名詞,固有名詞,人名,姓,*,*,中島,ナカジマ,ナカジマ
敦,名詞,固有名詞,人名,名,*,*,敦,アツシ,アツシ
     ,記号,空白,*,*,*,*,     ,     ,     
隴西,名詞,一般,*,*,*,*,隴西,隴西,隴西
の,助詞,連体化,*,*,*,*,の,ノ,ノ
李,名詞,固有名詞,人名,姓,*,*,李,リ,リ
徴,名詞,一般,*,*,*,*,徴,シルシ,シルシ
は,助詞,係助詞,*,*,*,*,は,ハ,ワ
博学,名詞,形容動詞語幹,*,*,*,*,博学,ハクガク,ハクガク
才,名詞,一般,*,*,*,*,才,サイ,サイ
穎,名詞,一般,*,*,*,*,穎,穎,穎
、,記号,読点,*,*,*,*,、,、,、
天宝,名詞,固有名詞,地域,一般,*,*,天宝,テンポウ,テンポー
の,助詞,連体化,*,*,*,*,の,ノ,ノ
末,名詞,非自立,副詞可能,*,*,*,末,スエ,スエ
年,名詞,一般,*,*,*,*,年,トシ,トシ
、,記号,読点,*,*,*,*,、,、,、
若くして,副詞,一般,*,*,*,*,若くして,ワカクシテ,ワカクシテ
名,名詞,一般,*,*,*,*,名,ナ,ナ
を,助詞,格助詞,一般,*,*,*,を,ヲ,ヲ
虎,名詞,一般,*,*,*,*,虎,トラ,トラ
榜,名詞,一般,*,*,*,*,榜,榜,榜
に,助詞,格助詞,一般,*,*,*,に,ニ,ニ
連ね,動詞,自立,*,*,一段,連用形,連ねる,ツラネ,ツラネ
、,記号,読点,*,*,*,*,、,、,、
ついで,接続詞,*,*,*,*,*,ついで,ツイデ,ツイデ
江南,名詞,固有名詞,人名,姓,*,*,江南,コウナン,コーナン
尉,名詞,一般,*,*,*,*,尉,ジョウ,ジョー
に,助詞,格助詞,一般,*,*,*,に,ニ,ニ
補せ,動詞,自立,*,*,サ変・−スル,未然レル接続,補する,ホセ,ホセ
られ,動詞,接尾,*,*,一段,連用形,られる,ラレ,ラレ
た,助動詞,*,*,*,特殊・タ,基本形,た,タ,タ
が,助詞,接続助詞,*,*,*,*,が,ガ,ガ
、,記号,読点,*,*,*,*,、,、,、
性,名詞,一般,*,*,*,*,性,セイ,セイ
、,記号,読点,*,*,*,*,、,、,、
狷介,名詞,一般,*,*,*,*,狷介,ケンカイ,ケンカイ
、,記号,読点,*,*,*,*,、,、,、
自ら,名詞,副詞可能,*,*,*,*,自ら,ミズカラ,ミズカラ
恃,名詞,一般,*,*,*,*,恃,恃,恃
むところ,名詞,一般,*,*,*,*,むところ,むところ,むところ
頗る,副詞,一般,*,*,*,*,頗る,スコブル,スコブル
厚く,形容詞,自立,*,*,形容詞・アウオ段,連用テ接続,厚い,アツク,アツク
、,記号,読点,*,*,*,*,、,、,、
賤吏,名詞,一般,*,*,*,*,賤吏,賤吏,賤吏
に,助詞,格助詞,一般,*,*,*,に,ニ,ニ
甘んずる,動詞,自立,*,*,サ変・−ズル,基本形,甘んずる,アマンズル,アマンズル
を,助詞,格助詞,一般,*,*,*,を,ヲ,ヲ
潔し,形容詞,自立,*,*,形容詞・アウオ段,文語基本形,潔い,イサギヨシ,イサギヨシ
と,助詞,格助詞,引用,*,*,*,と,ト,ト
し,動詞,自立,*,*,サ変・スル,未然形,する,シ,シ
なかっ,助動詞,*,*,*,特殊・ナイ,連用タ接続,ない,ナカッ,ナカッ
た,助動詞,*,*,*,特殊・タ,基本形,た,タ,タ
。,記号,句点,*,*,*,*,。,。,。
いくばく,副詞,一般,*,*,*,*,いくばく,イクバク,イクバク
も,助詞,係助詞,*,*,*,*,も,モ,モ
なく,形容詞,自立,*,*,形容詞・アウオ段,連用テ接続,ない,ナク,ナク
官,名詞,一般,*,*,*,*,官,カン,カン
を,助詞,格助詞,一般,*,*,*,を,ヲ,ヲ
退い,動詞,自立,*,*,五段・カ行イ音便,連用タ接続,退く,シリゾイ,シリゾイ
た,助動詞,*,*,*,特殊・タ,基本形,た,タ,タ
後,名詞,非自立,副詞可能,*,*,*,後,ノチ,ノチ
は,助詞,係助詞,*,*,*,*,は,ハ,ワ
、,記号,読点,*,*,*,*,、,、,、
故山,名詞,一般,*,*,*,*,故山,コザン,コザン
、,記号,読点,*,*,*,*,、,、,、
虢略,名詞,一般,*,*,*,*,虢略,虢略,虢略
に,助詞,格助詞,一般,*,*,*,に,ニ,ニ
帰臥,名詞,サ変接続,*,*,*,*,帰臥,キガ,キガ
し,動詞,自立,*,*,サ変・スル,連用形,する,シ,シ
、,記号,読点,*,*,*,*,、,、,、
人,名詞,一般,*,*,*,*,人,ヒト,ヒト
と,助詞,並立助詞,*,*,*,*,と,ト,ト
交,名詞,一般,*,*,*,*,交,交,交
を,助詞,格助詞,一般,*,*,*,を,ヲ,ヲ
絶っ,動詞,自立,*,*,五段・タ行,連用タ接続,絶つ,タッ,タッ
て,助詞,接続助詞,*,*,*,*,て,テ,テ
、,記号,読点,*,*,*,*,、,、,、
ひたすら,副詞,一般,*,*,*,*,ひたすら,ヒタスラ,ヒタスラ
詩作,名詞,サ変接続,*,*,*,*,詩作,シサク,シサク
に,助詞,格助詞,一般,*,*,*,に,ニ,ニ
耽っ,動詞,自立,*,*,五段・ラ行,連用タ接続,耽る,フケッ,フケッ
た,助動詞,*,*,*,特殊・タ,基本形,た,タ,タ
。,記号,句点,*,*,*,*,。,。,。
下,接頭詞,数接続,*,*,*,*,下,シモ,シモ
吏,名詞,一般,*,*,*,*,吏,吏,吏
と,助詞,格助詞,一般,*,*,*,と,ト,ト
なっ,動詞,自立,*,*,五段・ラ行,連用タ接続,なる,ナッ,ナッ
て,助詞,接続助詞,*,*,*,*,て,テ,テ
長く,形容詞,自立,*,*,形容詞・アウオ段,連用テ接続,長い,ナガク,ナガク
膝,名詞,一般,*,*,*,*,膝,ヒザ,ヒザ
を,助詞,格助詞,一般,*,*,*,を,ヲ,ヲ
俗悪,名詞,形容動詞語幹,*,*,*,*,俗悪,ゾクアク,ゾクアク
な,助動詞,*,*,*,特殊・ダ,体言接続,だ,ナ,ナ
大官,名詞,一般,*,*,*,*,大官,タイカン,タイカン
の,助詞,連体化,*,*,*,*,の,ノ,ノ
前,名詞,副詞可能,*,*,*,*,前,マエ,マエ
に,助詞,格助詞,一般,*,*,*,に,ニ,ニ
屈する,動詞,自立,*,*,サ変・−スル,基本形,屈する,クッスル,クッスル
より,助詞,格助詞,一般,*,*,*,より,ヨリ,ヨリ
は,助詞,係助詞,*,*,*,*,は,ハ,ワ
、,記号,読点,*,*,*,*,、,、,、
詩家,名詞,一般,*,*,*,*,詩家,シカ,シカ
として,助詞,格助詞,連語,*,*,*,として,トシテ,トシテ
の,助詞,連体化,*,*,*,*,の,ノ,ノ
名,名詞,一般,*,*,*,*,名,ナ,ナ
を,助詞,格助詞,一般,*,*,*,を,ヲ,ヲ
死後,名詞,副詞可能,*,*,*,*,死後,シゴ,シゴ
百,名詞,数,*,*,*,*,百,ヒャク,ヒャク
年,名詞,接尾,助数詞,*,*,*,年,ネン,ネン
に,助詞,格助詞,一般,*,*,*,に,ニ,ニ
遺そ,動詞,自立,*,*,五段・サ行,未然ウ接続,遺す,ノコソ,ノコソ
う,助動詞,*,*,*,不変化型,基本形,う,ウ,ウ
と,助詞,格助詞,引用,*,*,*,と,ト,ト
し,動詞,自立,*,*,サ変・スル,連用形,する,シ,シ
た,助動詞,*,*,*,特殊・タ,基本形,た,タ,タ
の,名詞,非自立,一般,*,*,*,の,ノ,ノ
で,助動詞,*,*,*,特殊・ダ,連用形,だ,デ,デ
ある,助動詞,*,*,*,五段・ラ行アル,基本形,ある,アル,アル
。,記号,句点,*,*,*,*,。,。,。
しかし,接続詞,*,*,*,*,*,しかし,シカシ,シカシ
、,記号,読点,*,*,*,*,、,、,、
文名,名詞,一般,*,*,*,*,文名,ブンメイ,ブンメイ
は,助詞,係助詞,*,*,*,*,は,ハ,ワ
容易,名詞,形容動詞語幹,*,*,*,*,容易,ヨウイ,ヨーイ
に,助詞,格助詞,一般,*,*,*,に,ニ,ニ
揚ら,動詞,自立,*,*,五段・ラ行,未然形,揚る,アガラ,アガラ
ず,助動詞,*,*,*,特殊・ヌ,連用ニ接続,ぬ,ズ,ズ
、,記号,読点,*,*,*,*,、,、,、
生活,名詞,サ変接続,*,*,*,*,生活,セイカツ,セイカツ
は,助詞,係助詞,*,*,*,*,は,ハ,ワ
日,名詞,一般,*,*,*,*,日,ヒ,ヒ
を,助詞,格助詞,一般,*,*,*,を,ヲ,ヲ
逐う,動詞,自立,*,*,五段・ワ行促音便,基本形,逐う,オウ,オウ
て,助詞,接続助詞,*,*,*,*,て,テ,テ
苦しく,形容詞,自立,*,*,形容詞・イ段,連用テ接続,苦しい,クルシク,クルシク
なる,動詞,自立,*,*,五段・ラ行,基本形,なる,ナル,ナル
。,記号,句点,*,*,*,*,。,。,。
李,名詞,固有名詞,人名,姓,*,*,李,リ,リ
徴,名詞,一般,*,*,*,*,徴,シルシ,シルシ
は,助詞,係助詞,*,*,*,*,は,ハ,ワ
漸く,副詞,一般,*,*,*,*,漸く,ヨウヤク,ヨーヤク
焦躁,名詞,サ変接続,*,*,*,*,焦躁,ショウソウ,ショーソー
に,助詞,格助詞,一般,*,*,*,に,ニ,ニ
駆ら,動詞,自立,*,*,五段・ラ行,未然形,駆る,カラ,カラ
れ,動詞,接尾,*,*,一段,連用形,れる,レ,レ
て,助詞,接続助詞,*,*,*,*,て,テ,テ
来,動詞,非自立,*,*,カ変・来ル,連用形,来る,キ,キ
た,助動詞,*,*,*,特殊・タ,基本形,た,タ,タ
。,記号,句点,*,*,*,*,。,。,。
この,連体詞,*,*,*,*,*,この,コノ,コノ
頃,名詞,非自立,副詞可能,*,*,*,頃,コロ,コロ
から,助詞,格助詞,一般,*,*,*,から,カラ,カラ
その,連体詞,*,*,*,*,*,その,ソノ,ソノ
容貌,名詞,一般,*,*,*,*,容貌,ヨウボウ,ヨーボー
も,助詞,係助詞,*,*,*,*,も,モ,モ
峭刻,名詞,一般,*,*,*,*,峭刻,峭刻,峭刻
と,助詞,格助詞,一般,*,*,*,と,ト,ト
なり,動詞,自立,*,*,五段・ラ行,連用形,なる,ナリ,ナリ
、,記号,読点,*,*,*,*,、,、,、
肉,名詞,一般,*,*,*,*,肉,ニク,ニク
落ち,名詞,接尾,一般,*,*,*,落ち,オチ,オチ
骨,名詞,接尾,一般,*,*,*,骨,ボネ,ボネ
秀で,動詞,自立,*,*,一段,連用形,秀でる,ヒイデ,ヒイデ
、,記号,読点,*,*,*,*,、,、,、
眼光,名詞,一般,*,*,*,*,眼光,ガンコウ,ガンコー
のみ,助詞,副助詞,*,*,*,*,のみ,ノミ,ノミ
徒,名詞,一般,*,*,*,*,徒,ト,ト
ら,名詞,接尾,一般,*,*,*,ら,ラ,ラ
に,助詞,格助詞,一般,*,*,*,に,ニ,ニ
炯々,名詞,一般,*,*,*,*,炯々,ケイケイ,ケイケイ
として,助詞,格助詞,連語,*,*,*,として,トシテ,トシテ
、,記号,読点,*,*,*,*,、,、,、
曾,名詞,一般,*,*,*,*,曾,曾,曾
て,助詞,格助詞,連語,*,*,*,て,テ,テ
進士,名詞,一般,*,*,*,*,進士,シンシ,シンシ
に,助詞,格助詞,一般,*,*,*,に,ニ,ニ
登,名詞,一般,*,*,*,*,登,トウ,トー
第,接頭詞,数接続,*,*,*,*,第,ダイ,ダイ
し,動詞,自立,*,*,サ変・スル,連用形,する,シ,シ
た,助動詞,*,*,*,特殊・タ,基本形,た,タ,タ
頃,名詞,非自立,副詞可能,*,*,*,頃,コロ,コロ
の,助詞,連体化,*,*,*,*,の,ノ,ノ
豊頬,名詞,一般,*,*,*,*,豊頬,ホウキョウ,ホーキョー
の,助詞,連体化,*,*,*,*,の,ノ,ノ
美少年,名詞,一般,*,*,*,*,美少年,ビショウネン,ビショーネン
の,助詞,連体化,*,*,*,*,の,ノ,ノ
俤,名詞,一般,*,*,*,*,俤,オモカゲ,オモカゲ
は,助詞,係助詞,*,*,*,*,は,ハ,ワ
、,記号,読点,*,*,*,*,、,、,、
何処,名詞,代名詞,一般,*,*,*,何処,ドコ,ドコ
に,助詞,格助詞,一般,*,*,*,に,ニ,ニ
求め,動詞,自立,*,*,一段,連用形,求める,モトメ,モトメ
よう,名詞,接尾,一般,*,*,*,よう,ヨウ,ヨー
も,助詞,係助詞,*,*,*,*,も,モ,モ
ない,形容詞,自立,*,*,形容詞・アウオ段,基本形,ない,ナイ,ナイ
。,記号,句点,*,*,*,*,。,。,。
数,名詞,数,*,*,*,*,数,スウ,スー
年,名詞,接尾,助数詞,*,*,*,年,ネン,ネン
の,助詞,連体化,*,*,*,*,の,ノ,ノ
後,名詞,非自立,副詞可能,*,*,*,後,ノチ,ノチ
、,記号,読点,*,*,*,*,、,、,、
貧窮,名詞,一般,*,*,*,*,貧窮,ヒンキュウ,ヒンキュー
に,助詞,格助詞,一般,*,*,*,に,ニ,ニ
堪え,動詞,自立,*,*,一段,未然形,堪える,コタエ,コタエ
ず,助動詞,*,*,*,特殊・ヌ,連用ニ接続,ぬ,ズ,ズ
、,記号,読点,*,*,*,*,、,、,、
妻子,名詞,一般,*,*,*,*,妻子,サイシ,サイシ
の,助詞,連体化,*,*,*,*,の,ノ,ノ
衣食,名詞,一般,*,*,*,*,衣食,イショク,イショク
の,助詞,連体化,*,*,*,*,の,ノ,ノ
ため,名詞,非自立,副詞可能,*,*,*,ため,タメ,タメ
に,助詞,格助詞,一般,*,*,*,に,ニ,ニ
遂に,副詞,一般,*,*,*,*,遂に,ツイニ,ツイニ
節,名詞,一般,*,*,*,*,節,フシ,フシ
を,助詞,格助詞,一般,*,*,*,を,ヲ,ヲ
屈し,動詞,自立,*,*,五段・サ行,連用形,屈す,クッシ,クッシ
て,助詞,接続助詞,*,*,*,*,て,テ,テ
、,記号,読点,*,*,*,*,、,、,、
再び,副詞,助詞類接続,*,*,*,*,再び,フタタビ,フタタビ
東,名詞,一般,*,*,*,*,東,ヒガシ,ヒガシ
へ,助詞,格助詞,一般,*,*,*,へ,ヘ,エ
赴き,動詞,自立,*,*,五段・カ行イ音便,連用形,赴く,オモムキ,オモムキ
、,記号,読点,*,*,*,*,、,、,、
一,名詞,数,*,*,*,*,一,イチ,イチ
地方,名詞,一般,*,*,*,*,地方,チホウ,チホー
官吏,名詞,一般,*,*,*,*,官吏,カンリ,カンリ
の,助詞,連体化,*,*,*,*,の,ノ,ノ
職,名詞,一般,*,*,*,*,職,ショク,ショク
を,助詞,格助詞,一般,*,*,*,を,ヲ,ヲ
奉ずる,動詞,自立,*,*,サ変・−ズル,基本形,奉ずる,ホウズル,ホーズル
こと,名詞,非自立,一般,*,*,*,こと,コト,コト
に,助詞,格助詞,一般,*,*,*,に,ニ,ニ
なっ,動詞,自立,*,*,五段・ラ行,連用タ接続,なる,ナッ,ナッ
た,助動詞,*,*,*,特殊・タ,基本形,た,タ,タ
。,記号,句点,*,*,*,*,。,。,。
一方,接続詞,*,*,*,*,*,一方,イッポウ,イッポー
、,記号,読点,*,*,*,*,、,、,、
これ,名詞,代名詞,一般,*,*,*,これ,コレ,コレ
は,助詞,係助詞,*,*,*,*,は,ハ,ワ
、,記号,読点,*,*,*,*,、,、,、
己,名詞,代名詞,一般,*,*,*,己,オノレ,オノレ
の,助詞,連体化,*,*,*,*,の,ノ,ノ
詩,名詞,一般,*,*,*,*,詩,シ,シ
業,名詞,接尾,一般,*,*,*,業,ギョウ,ギョー
に,助詞,格助詞,一般,*,*,*,に,ニ,ニ
半ば,名詞,副詞可能,*,*,*,*,半ば,ナカバ,ナカバ
絶望,名詞,サ変接続,*,*,*,*,絶望,ゼツボウ,ゼツボー
し,動詞,自立,*,*,サ変・スル,連用形,する,シ,シ
た,助動詞,*,*,*,特殊・タ,基本形,た,タ,タ
ため,名詞,非自立,副詞可能,*,*,*,ため,タメ,タメ
で,助詞,格助詞,一般,*,*,*,で,デ,デ
も,助詞,係助詞,*,*,*,*,も,モ,モ
ある,動詞,自立,*,*,五段・ラ行,基本形,ある,アル,アル
。,記号,句点,*,*,*,*,。,。,。
曾,名詞,一般,*,*,*,*,曾,曾,曾
て,助詞,格助詞,連語,*,*,*,て,テ,テ
の,助詞,連体化,*,*,*,*,の,ノ,ノ
同輩,名詞,一般,*,*,*,*,同輩,ドウハイ,ドーハイ
は,助詞,係助詞,*,*,*,*,は,ハ,ワ
既に,副詞,一般,*,*,*,*,既に,スデニ,スデニ
遥か,名詞,形容動詞語幹,*,*,*,*,遥か,ハルカ,ハルカ
高位,名詞,形容動詞語幹,*,*,*,*,高位,コウイ,コーイ
に,助詞,副詞化,*,*,*,*,に,ニ,ニ
進み,動詞,自立,*,*,五段・マ行,連用形,進む,ススミ,ススミ
、,記号,読点,*,*,*,*,、,、,、
彼,名詞,代名詞,一般,*,*,*,彼,カレ,カレ
が,助詞,格助詞,一般,*,*,*,が,ガ,ガ
昔,名詞,副詞可能,*,*,*,*,昔,ムカシ,ムカシ
、,記号,読点,*,*,*,*,、,、,、
鈍物,名詞,一般,*,*,*,*,鈍物,ドンブツ,ドンブツ
として,助詞,格助詞,連語,*,*,*,として,トシテ,トシテ
歯牙,名詞,一般,*,*,*,*,歯牙,シガ,シガ
に,助詞,格助詞,一般,*,*,*,に,ニ,ニ
も,助詞,係助詞,*,*,*,*,も,モ,モ
かけ,動詞,自立,*,*,一段,未然形,かける,カケ,カケ
なかっ,助動詞,*,*,*,特殊・ナイ,連用タ接続,ない,ナカッ,ナカッ
た,助動詞,*,*,*,特殊・タ,基本形,た,タ,タ
その,連体詞,*,*,*,*,*,その,ソノ,ソノ
連中,名詞,一般,*,*,*,*,連中,レンチュウ,レンチュー
の,助詞,連体化,*,*,*,*,の,ノ,ノ
下命,名詞,サ変接続,*,*,*,*,下命,カメイ,カメイ
を,助詞,格助詞,一般,*,*,*,を,ヲ,ヲ
拝,名詞,サ変接続,*,*,*,*,拝,ハイ,ハイ
さ,動詞,自立,*,*,サ変・スル,未然レル接続,する,サ,サ
ね,助動詞,*,*,*,特殊・ヌ,仮定形,ぬ,ネ,ネ
ば,助詞,接続助詞,*,*,*,*,ば,バ,バ
なら,動詞,非自立,*,*,五段・ラ行,未然形,なる,ナラ,ナラ
ぬ,助動詞,*,*,*,特殊・ヌ,基本形,ぬ,ヌ,ヌ
こと,名詞,非自立,一般,*,*,*,こと,コト,コト
が,助詞,格助詞,一般,*,*,*,が,ガ,ガ
、,記号,読点,*,*,*,*,、,、,、
往年,名詞,一般,*,*,*,*,往年,オウネン,オーネン
の,助詞,連体化,*,*,*,*,の,ノ,ノ
儁才李,名詞,一般,*,*,*,*,儁才李,儁才李,儁才李
徴,名詞,一般,*,*,*,*,徴,シルシ,シルシ
の,助詞,連体化,*,*,*,*,の,ノ,ノ
自尊心,名詞,一般,*,*,*,*,自尊心,ジソンシン,ジソンシン
を,助詞,格助詞,一般,*,*,*,を,ヲ,ヲ
如何,名詞,形容動詞語幹,*,*,*,*,如何,イカガ,イカガ
に,助詞,副詞化,*,*,*,*,に,ニ,ニ
傷,名詞,一般,*,*,*,*,傷,キズ,キズ
けた,名詞,接尾,助数詞,*,*,*,けた,ケタ,ケタ
か,助詞,副助詞／並立助詞／終助詞,*,*,*,*,か,カ,カ
は,助詞,係助詞,*,*,*,*,は,ハ,ワ
、,記号,読点,*,*,*,*,、,、,、
想像,名詞,サ変接続,*,*,*,*,想像,ソウゾウ,ソーゾー
に,助詞,格助詞,一般,*,*,*,に,ニ,ニ
難く,形容詞,自立,*,*,形容詞・アウオ段,連用テ接続,難い,カタク,カタク
ない,助動詞,*,*,*,特殊・ナイ,基本形,ない,ナイ,ナイ
。,記号,句点,*,*,*,*,。,。,。
彼,名詞,代名詞,一般,*,*,*,彼,カレ,カレ
は,助詞,係助詞,*,*,*,*,は,ハ,ワ
怏々,名詞,一般,*,*,*,*,怏々,オウオウ,オーオー
として,助詞,格助詞,連語,*,*,*,として,トシテ,トシテ
楽しま,動詞,自立,*,*,五段・マ行,未然形,楽しむ,タノシマ,タノシマ
ず,助動詞,*,*,*,特殊・ヌ,連用ニ接続,ぬ,ズ,ズ
、,記号,読点,*,*,*,*,、,、,、
狂,名詞,サ変接続,*,*,*,*,狂,キョウ,キョー
悖,動詞,自立,*,*,五段・ラ行,体言接続特殊２,悖る,モト,モト
の,助詞,連体化,*,*,*,*,の,ノ,ノ
性,名詞,一般,*,*,*,*,性,セイ,セイ
は,助詞,係助詞,*,*,*,*,は,ハ,ワ
愈々,副詞,一般,*,*,*,*,愈々,イヨイヨ,イヨイヨ
抑え,動詞,自立,*,*,一段,連用形,抑える,オサエ,オサエ
難く,形容詞,非自立,*,*,形容詞・アウオ段,連用テ接続,難い,ガタク,ガタク
なっ,動詞,自立,*,*,五段・ラ行,連用タ接続,なる,ナッ,ナッ
た,助動詞,*,*,*,特殊・タ,基本形,た,タ,タ
。,記号,句点,*,*,*,*,。,。,。
一,名詞,数,*,*,*,*,一,イチ,イチ
年,名詞,接尾,助数詞,*,*,*,年,ネン,ネン
の,助詞,連体化,*,*,*,*,の,ノ,ノ
後,名詞,非自立,副詞可能,*,*,*,後,ノチ,ノチ
、,記号,読点,*,*,*,*,、,、,、
公用,名詞,一般,*,*,*,*,公用,コウヨウ,コーヨー
で,助詞,格助詞,一般,*,*,*,で,デ,デ
旅,名詞,サ変接続,*,*,*,*,旅,タビ,タビ
に,助詞,格助詞,一般,*,*,*,に,ニ,ニ
出,動詞,自立,*,*,一段,連用形,出る,デ,デ
、,記号,読点,*,*,*,*,、,、,、
汝,名詞,一般,*,*,*,*,汝,ナンジ,ナンジ
水,名詞,接尾,一般,*,*,*,水,スイ,スイ
の,助詞,連体化,*,*,*,*,の,ノ,ノ
ほとり,名詞,一般,*,*,*,*,ほとり,ホトリ,ホトリ
に,助詞,格助詞,一般,*,*,*,に,ニ,ニ
宿っ,動詞,自立,*,*,五段・ラ行,連用タ接続,宿る,ヤドッ,ヤドッ
た,助動詞,*,*,*,特殊・タ,基本形,た,タ,タ
時,名詞,非自立,副詞可能,*,*,*,時,トキ,トキ
、,記号,読点,*,*,*,*,、,、,、
遂に,副詞,一般,*,*,*,*,遂に,ツイニ,ツイニ
発狂,名詞,サ変接続,*,*,*,*,発狂,ハッキョウ,ハッキョー
し,動詞,自立,*,*,サ変・スル,連用形,する,シ,シ
た,助動詞,*,*,*,特殊・タ,基本形,た,タ,タ
。,記号,句点,*,*,*,*,。,。,。
或,連体詞,*,*,*,*,*,或,アル,アル
夜半,名詞,副詞可能,*,*,*,*,夜半,ヤハン,ヤハン
、,記号,読点,*,*,*,*,、,、,、
急,名詞,形容動詞語幹,*,*,*,*,急,キュウ,キュー
に,助詞,副詞化,*,*,*,*,に,ニ,ニ
顔色,名詞,一般,*,*,*,*,顔色,カオイロ,カオイロ
を,助詞,格助詞,一般,*,*,*,を,ヲ,ヲ
変え,動詞,自立,*,*,一段,連用形,変える,カエ,カエ
て,助詞,接続助詞,*,*,*,*,て,テ,テ
寝床,名詞,一般,*,*,*,*,寝床,ネドコ,ネドコ
から,助詞,格助詞,一般,*,*,*,から,カラ,カラ
起,名詞,固有名詞,地域,一般,*,*,起,オコシ,オコシ
上る,動詞,自立,*,*,五段・ラ行,基本形,上る,ノボル,ノボル
と,助詞,接続助詞,*,*,*,*,と,ト,ト
、,記号,読点,*,*,*,*,、,、,、
何,名詞,代名詞,一般,*,*,*,何,ナニ,ナニ
か,助詞,副助詞／並立助詞／終助詞,*,*,*,*,か,カ,カ
訳,名詞,接尾,一般,*,*,*,訳,ヤク,ヤク
の,助詞,格助詞,一般,*,*,*,の,ノ,ノ
分ら,動詞,自立,*,*,五段・ラ行,未然形,分る,ワカラ,ワカラ
ぬ,助動詞,*,*,*,特殊・ヌ,基本形,ぬ,ヌ,ヌ
こと,名詞,非自立,一般,*,*,*,こと,コト,コト
を,助詞,格助詞,一般,*,*,*,を,ヲ,ヲ
叫び,動詞,自立,*,*,五段・バ行,連用形,叫ぶ,サケビ,サケビ
つつ,助詞,接続助詞,*,*,*,*,つつ,ツツ,ツツ
そのまま,副詞,一般,*,*,*,*,そのまま,ソノママ,ソノママ
下,名詞,一般,*,*,*,*,下,シタ,シタ
に,助詞,格助詞,一般,*,*,*,に,ニ,ニ
とび,動詞,自立,*,*,五段・バ行,連用形,とぶ,トビ,トビ
下り,動詞,自立,*,*,一段,連用形,下りる,オリ,オリ
て,助詞,接続助詞,*,*,*,*,て,テ,テ
、,記号,読点,*,*,*,*,、,、,、
闇,名詞,一般,*,*,*,*,闇,ヤミ,ヤミ
の,助詞,連体化,*,*,*,*,の,ノ,ノ
中,名詞,非自立,副詞可能,*,*,*,中,ナカ,ナカ
へ,助詞,格助詞,一般,*,*,*,へ,ヘ,エ
駈,動詞,自立,*,*,五段・ラ行,体言接続特殊２,駈る,カ,カ
出し,動詞,非自立,*,*,五段・サ行,連用形,出す,ダシ,ダシ
た,助動詞,*,*,*,特殊・タ,基本形,た,タ,タ
。,記号,句点,*,*,*,*,。,。,。
彼,名詞,代名詞,一般,*,*,*,彼,カレ,カレ
は,助詞,係助詞,*,*,*,*,は,ハ,ワ
二度と,副詞,一般,*,*,*,*,二度と,ニドト,ニドト
戻っ,動詞,自立,*,*,五段・ラ行,連用タ接続,戻る,モドッ,モドッ
て,助詞,接続助詞,*,*,*,*,て,テ,テ
来,動詞,非自立,*,*,カ変・来ル,未然形,来る,コ,コ
なかっ,助動詞,*,*,*,特殊・ナイ,連用タ接続,ない,ナカッ,ナカッ
た,助動詞,*,*,*,特殊・タ,基本形,た,タ,タ
。,記号,句点,*,*,*,*,。,。,。
附近,名詞,一般,*,*,*,*,附近,フキン,フキン
の,助詞,連体化,*,*,*,*,の,ノ,ノ
山野,名詞,一般,*,*,*,*,山野,サンヤ,サンヤ
を,助詞,格助詞,一般,*,*,*,を,ヲ,ヲ
捜索,名詞,サ変接続,*,*,*,*,捜索,ソウサク,ソーサク
し,動詞,自立,*,*,サ変・スル,連用形,する,シ,シ
て,助詞,接続助詞,*,*,*,*,て,テ,テ
も,助詞,係助詞,*,*,*,*,も,モ,モ
、,記号,読点,*,*,*,*,、,、,、
何,名詞,代名詞,一般,*,*,*,何,ナニ,ナニ
の,助詞,連体化,*,*,*,*,の,ノ,ノ
手掛り,名詞,一般,*,*,*,*,手掛り,テガカリ,テガカリ
も,助詞,係助詞,*,*,*,*,も,モ,モ
ない,形容詞,自立,*,*,形容詞・アウオ段,基本形,ない,ナイ,ナイ
。,記号,句点,*,*,*,*,。,。,。
その後,名詞,副詞可能,*,*,*,*,その後,ソノゴ,ソノゴ
李,名詞,固有名詞,人名,姓,*,*,李,リ,リ
徴,名詞,一般,*,*,*,*,徴,シルシ,シルシ
が,助詞,格助詞,一般,*,*,*,が,ガ,ガ
どう,副詞,助詞類接続,*,*,*,*,どう,ドウ,ドー
なっ,動詞,自立,*,*,五段・ラ行,連用タ接続,なる,ナッ,ナッ
た,助動詞,*,*,*,特殊・タ,基本形,た,タ,タ
か,助詞,副助詞／並立助詞／終助詞,*,*,*,*,か,カ,カ
を,助詞,格助詞,一般,*,*,*,を,ヲ,ヲ
知る,動詞,自立,*,*,五段・ラ行,基本形,知る,シル,シル
者,名詞,非自立,一般,*,*,*,者,モノ,モノ
は,助詞,係助詞,*,*,*,*,は,ハ,ワ
、,記号,読点,*,*,*,*,、,、,、
誰,名詞,代名詞,一般,*,*,*,誰,ダレ,ダレ
も,助詞,係助詞,*,*,*,*,も,モ,モ
なかっ,形容詞,自立,*,*,形容詞・アウオ段,連用タ接続,ない,ナカッ,ナカッ
た,助動詞,*,*,*,特殊・タ,基本形,た,タ,タ
。,記号,句点,*,*,*,*,。,。,。
  ,記号,空白,*,*,*,*,  ,  ,  
翌年,名詞,副詞可能,*,*,*,*,翌年,ヨクネン,ヨクネン
、,記号,読点,*,*,*,*,、,、,、
監察,名詞,サ変接続,*,*,*,*,監察,カンサツ,カンサツ
御,接頭詞,名詞接続,*,*,*,*,御,ゴ,ゴ
史,名詞,接尾,一般,*,*,*,史,シ,シ
、,記号,読点,*,*,*,*,、,、,、
陳,名詞,固有名詞,人名,姓,*,*,陳,チン,チン
郡,名詞,一般,*,*,*,*,郡,グン,グン
の,助詞,連体化,*,*,*,*,の,ノ,ノ
袁傪,名詞,固有名詞,組織,*,*,*,袁傪,袁傪,袁傪
という,助詞,格助詞,連語,*,*,*,という,トイウ,トユウ
者,名詞,非自立,一般,*,*,*,者,モノ,モノ
、,記号,読点,*,*,*,*,、,、,、
勅命,名詞,一般,*,*,*,*,勅命,チョクメイ,チョクメイ
を,助詞,格助詞,一般,*,*,*,を,ヲ,ヲ
奉じ,動詞,自立,*,*,一段,連用形,奉じる,ホウジ,ホージ
て,助詞,接続助詞,*,*,*,*,て,テ,テ
嶺,名詞,一般,*,*,*,*,嶺,ミネ,ミネ
南,名詞,一般,*,*,*,*,南,ミナミ,ミナミ
に,助詞,格助詞,一般,*,*,*,に,ニ,ニ
使,名詞,接尾,一般,*,*,*,使,シ,シ
し,動詞,自立,*,*,サ変・スル,連用形,する,シ,シ
、,記号,読点,*,*,*,*,、,、,、
途,名詞,一般,*,*,*,*,途,ト,ト
に,助詞,格助詞,一般,*,*,*,に,ニ,ニ
商,名詞,一般,*,*,*,*,商,ショウ,ショー
於,名詞,一般,*,*,*,*,於,於,於
の,助詞,連体化,*,*,*,*,の,ノ,ノ
地,名詞,一般,*,*,*,*,地,チ,チ
に,助詞,格助詞,一般,*,*,*,に,ニ,ニ
宿っ,動詞,自立,*,*,五段・ラ行,連用タ接続,宿る,ヤドッ,ヤドッ
た,助動詞,*,*,*,特殊・タ,基本形,た,タ,タ
。,記号,句点,*,*,*,*,。,。,。
次,名詞,一般,*,*,*,*,次,ツギ,ツギ
の,助詞,連体化,*,*,*,*,の,ノ,ノ
朝,名詞,副詞可能,*,*,*,*,朝,アサ,アサ
未だ,副詞,一般,*,*,*,*,未だ,イマダ,イマダ
暗い,形容詞,自立,*,*,形容詞・アウオ段,基本形,暗い,クライ,クライ
中,名詞,非自立,副詞可能,*,*,*,中,ナカ,ナカ
に,助詞,格助詞,一般,*,*,*,に,ニ,ニ
出発,名詞,サ変接続,*,*,*,*,出発,シュッパツ,シュッパツ
しよ,動詞,自立,*,*,サ変・スル,未然ウ接続,する,シヨ,シヨ
う,助動詞,*,*,*,不変化型,基本形,う,ウ,ウ
と,助詞,格助詞,引用,*,*,*,と,ト,ト
し,動詞,自立,*,*,サ変・スル,連用形,する,シ,シ
た,助動詞,*,*,*,特殊・タ,基本形,た,タ,タ
ところ,名詞,非自立,副詞可能,*,*,*,ところ,トコロ,トコロ
、,記号,読点,*,*,*,*,、,、,、
駅,名詞,一般,*,*,*,*,駅,エキ,エキ
吏,名詞,一般,*,*,*,*,吏,吏,吏
が,助詞,格助詞,一般,*,*,*,が,ガ,ガ
言う,動詞,自立,*,*,五段・ワ行促音便,基本形,言う,イウ,イウ
こと,名詞,非自立,一般,*,*,*,こと,コト,コト
に,助詞,格助詞,一般,*,*,*,に,ニ,ニ
、,記号,読点,*,*,*,*,、,、,、
これから,副詞,助詞類接続,*,*,*,*,これから,コレカラ,コレカラ
先,名詞,一般,*,*,*,*,先,サキ,サキ
の,助詞,連体化,*,*,*,*,の,ノ,ノ
道,名詞,一般,*,*,*,*,道,ミチ,ミチ
に,助詞,格助詞,一般,*,*,*,に,ニ,ニ
人,名詞,一般,*,*,*,*,人,ヒト,ヒト
喰虎,名詞,一般,*,*,*,*,喰虎,喰虎,喰虎
が,助詞,格助詞,一般,*,*,*,が,ガ,ガ
出る,動詞,自立,*,*,一段,基本形,出る,デル,デル
故,名詞,非自立,副詞可能,*,*,*,故,ユエ,ユエ
、,記号,読点,*,*,*,*,、,、,、
旅人,名詞,一般,*,*,*,*,旅人,タビビト,タビビト
は,助詞,係助詞,*,*,*,*,は,ハ,ワ
白昼,名詞,副詞可能,*,*,*,*,白昼,ハクチュウ,ハクチュー
で,助動詞,*,*,*,特殊・ダ,連用形,だ,デ,デ
なけれ,助動詞,*,*,*,特殊・ナイ,仮定形,ない,ナケレ,ナケレ
ば,助詞,接続助詞,*,*,*,*,ば,バ,バ
、,記号,読点,*,*,*,*,、,、,、
通れ,動詞,自立,*,*,一段,未然形,通れる,トオレ,トーレ
ない,助動詞,*,*,*,特殊・ナイ,基本形,ない,ナイ,ナイ
。,記号,句点,*,*,*,*,。,。,。
今,名詞,副詞可能,*,*,*,*,今,イマ,イマ
は,助詞,係助詞,*,*,*,*,は,ハ,ワ
まだ,副詞,助詞類接続,*,*,*,*,まだ,マダ,マダ
朝,名詞,副詞可能,*,*,*,*,朝,アサ,アサ
が,助詞,格助詞,一般,*,*,*,が,ガ,ガ
早い,形容詞,自立,*,*,形容詞・アウオ段,基本形,早い,ハヤイ,ハヤイ
から,助詞,接続助詞,*,*,*,*,から,カラ,カラ
、,記号,読点,*,*,*,*,、,、,、
今,名詞,副詞可能,*,*,*,*,今,イマ,イマ
少し,副詞,助詞類接続,*,*,*,*,少し,スコシ,スコシ
待た,動詞,自立,*,*,五段・タ行,未然形,待つ,マタ,マタ
れ,動詞,接尾,*,*,一段,連用形,れる,レ,レ
た,助動詞,*,*,*,特殊・タ,基本形,た,タ,タ
が,助詞,接続助詞,*,*,*,*,が,ガ,ガ
宜しい,形容詞,自立,*,*,形容詞・イ段,基本形,宜しい,ヨロシイ,ヨロシイ
でしょ,助動詞,*,*,*,特殊・デス,未然形,です,デショ,デショ
う,助動詞,*,*,*,不変化型,基本形,う,ウ,ウ
と,助詞,格助詞,引用,*,*,*,と,ト,ト
。,記号,句点,*,*,*,*,。,。,。
袁傪,名詞,一般,*,*,*,*,袁傪,袁傪,袁傪
は,助詞,係助詞,*,*,*,*,は,ハ,ワ
、,記号,読点,*,*,*,*,、,、,、
しかし,接続詞,*,*,*,*,*,しかし,シカシ,シカシ
、,記号,読点,*,*,*,*,、,、,、
供廻り,名詞,一般,*,*,*,*,供廻り,トモマワリ,トモマワリ
の,助詞,連体化,*,*,*,*,の,ノ,ノ
多勢,名詞,一般,*,*,*,*,多勢,タゼイ,タゼイ
な,助動詞,*,*,*,特殊・ダ,体言接続,だ,ナ,ナ
の,名詞,非自立,一般,*,*,*,の,ノ,ノ
を,助詞,格助詞,一般,*,*,*,を,ヲ,ヲ
恃,名詞,一般,*,*,*,*,恃,恃,恃
み,動詞,自立,*,*,一段,連用形,みる,ミ,ミ
、,記号,読点,*,*,*,*,、,、,、
駅,名詞,一般,*,*,*,*,駅,エキ,エキ
吏,名詞,一般,*,*,*,*,吏,吏,吏
の,助詞,連体化,*,*,*,*,の,ノ,ノ
言葉,名詞,一般,*,*,*,*,言葉,コトバ,コトバ
を,助詞,格助詞,一般,*,*,*,を,ヲ,ヲ
斥け,動詞,自立,*,*,一段,連用形,斥ける,シリゾケ,シリゾケ
て,助詞,接続助詞,*,*,*,*,て,テ,テ
、,記号,読点,*,*,*,*,、,、,、
出発,名詞,サ変接続,*,*,*,*,出発,シュッパツ,シュッパツ
し,動詞,自立,*,*,サ変・スル,連用形,する,シ,シ
た,助動詞,*,*,*,特殊・タ,基本形,た,タ,タ
。,記号,句点,*,*,*,*,。,。,。
残月,名詞,一般,*,*,*,*,残月,ザンゲツ,ザンゲツ
の,助詞,連体化,*,*,*,*,の,ノ,ノ
光,名詞,一般,*,*,*,*,光,ヒカリ,ヒカリ
を,助詞,格助詞,一般,*,*,*,を,ヲ,ヲ
たより,名詞,ナイ形容詞語幹,*,*,*,*,たより,タヨリ,タヨリ
に,助詞,格助詞,一般,*,*,*,に,ニ,ニ
林,名詞,一般,*,*,*,*,林,ハヤシ,ハヤシ
中,名詞,接尾,副詞可能,*,*,*,中,チュウ,チュー
の,助詞,連体化,*,*,*,*,の,ノ,ノ
草地,名詞,固有名詞,人名,姓,*,*,草地,クサチ,クサチ
を,助詞,格助詞,一般,*,*,*,を,ヲ,ヲ
通っ,動詞,自立,*,*,五段・ラ行,連用タ接続,通る,トオッ,トーッ
て,助詞,接続助詞,*,*,*,*,て,テ,テ
行っ,動詞,非自立,*,*,五段・カ行促音便,連用タ接続,行く,イッ,イッ
た,助動詞,*,*,*,特殊・タ,基本形,た,タ,タ
時,名詞,非自立,副詞可能,*,*,*,時,トキ,トキ
、,記号,読点,*,*,*,*,、,、,、
果して,副詞,一般,*,*,*,*,果して,ハタシテ,ハタシテ
一,名詞,数,*,*,*,*,一,イチ,イチ
匹,名詞,接尾,助数詞,*,*,*,匹,ヒキ,ヒキ
の,助詞,連体化,*,*,*,*,の,ノ,ノ
猛虎,名詞,一般,*,*,*,*,猛虎,モウコ,モーコ
が,助詞,格助詞,一般,*,*,*,が,ガ,ガ
叢,名詞,一般,*,*,*,*,叢,クサムラ,クサムラ
の,助詞,連体化,*,*,*,*,の,ノ,ノ
中,名詞,非自立,副詞可能,*,*,*,中,ナカ,ナカ
から,助詞,格助詞,一般,*,*,*,から,カラ,カラ
躍り出,動詞,自立,*,*,一段,連用形,躍り出る,オドリデ,オドリデ
た,助動詞,*,*,*,特殊・タ,基本形,た,タ,タ
。,記号,句点,*,*,*,*,。,。,。
虎,名詞,一般,*,*,*,*,虎,トラ,トラ
は,助詞,係助詞,*,*,*,*,は,ハ,ワ
、,記号,読点,*,*,*,*,、,、,、
あわや,副詞,助詞類接続,*,*,*,*,あわや,アワヤ,アワヤ
袁傪,名詞,一般,*,*,*,*,袁傪,袁傪,袁傪
に,助詞,格助詞,一般,*,*,*,に,ニ,ニ
躍りかかる,動詞,自立,*,*,五段・ラ行,基本形,躍りかかる,オドリカカル,オドリカカル
か,助詞,副助詞／並立助詞／終助詞,*,*,*,*,か,カ,カ
と,助詞,格助詞,引用,*,*,*,と,ト,ト
見え,動詞,自立,*,*,一段,連用形,見える,ミエ,ミエ
た,助動詞,*,*,*,特殊・タ,基本形,た,タ,タ
が,助詞,接続助詞,*,*,*,*,が,ガ,ガ
、,記号,読点,*,*,*,*,、,、,、
忽ち,副詞,一般,*,*,*,*,忽ち,タチマチ,タチマチ
身,名詞,一般,*,*,*,*,身,ミ,ミ
を,助詞,格助詞,一般,*,*,*,を,ヲ,ヲ
飜,名詞,一般,*,*,*,*,飜,飜,飜
し,動詞,自立,*,*,サ変・スル,連用形,する,シ,シ
て,助詞,接続助詞,*,*,*,*,て,テ,テ
、,記号,読点,*,*,*,*,、,、,、
元,名詞,一般,*,*,*,*,元,モト,モト
の,助詞,連体化,*,*,*,*,の,ノ,ノ
叢,名詞,一般,*,*,*,*,叢,クサムラ,クサムラ
に,助詞,格助詞,一般,*,*,*,に,ニ,ニ
隠れ,動詞,自立,*,*,一段,連用形,隠れる,カクレ,カクレ
た,助動詞,*,*,*,特殊・タ,基本形,た,タ,タ
。,記号,句点,*,*,*,*,。,。,。
叢,名詞,一般,*,*,*,*,叢,クサムラ,クサムラ
の,助詞,連体化,*,*,*,*,の,ノ,ノ
中,名詞,非自立,副詞可能,*,*,*,中,ナカ,ナカ
から,助詞,格助詞,一般,*,*,*,から,カラ,カラ
人間,名詞,一般,*,*,*,*,人間,ニンゲン,ニンゲン
の,助詞,連体化,*,*,*,*,の,ノ,ノ
声,名詞,一般,*,*,*,*,声,コエ,コエ
で,助詞,格助詞,一般,*,*,*,で,デ,デ
「,記号,括弧開,*,*,*,*,「,「,「
あぶない,形容詞,自立,*,*,形容詞・アウオ段,基本形,あぶない,アブナイ,アブナイ
ところ,名詞,非自立,副詞可能,*,*,*,ところ,トコロ,トコロ
だっ,助動詞,*,*,*,特殊・ダ,連用タ接続,だ,ダッ,ダッ
た,助動詞,*,*,*,特殊・タ,基本形,た,タ,タ
」,記号,括弧閉,*,*,*,*,」,」,」
と,助詞,格助詞,引用,*,*,*,と,ト,ト
繰返し,名詞,一般,*,*,*,*,繰返し,クリカエシ,クリカエシ
呟く,動詞,自立,*,*,五段・カ行イ音便,基本形,呟く,ツブヤク,ツブヤク
の,名詞,非自立,一般,*,*,*,の,ノ,ノ
が,助詞,格助詞,一般,*,*,*,が,ガ,ガ
聞え,動詞,自立,*,*,一段,連用形,聞える,キコエ,キコエ
た,助動詞,*,*,*,特殊・タ,基本形,た,タ,タ
。,記号,句点,*,*,*,*,。,。,。
その,連体詞,*,*,*,*,*,その,ソノ,ソノ
声,名詞,一般,*,*,*,*,声,コエ,コエ
に,助詞,格助詞,一般,*,*,*,に,ニ,ニ
袁傪,名詞,一般,*,*,*,*,袁傪,袁傪,袁傪
は,助詞,係助詞,*,*,*,*,は,ハ,ワ
聞き,動詞,自立,*,*,五段・カ行イ音便,連用形,聞く,キキ,キキ
憶え,動詞,自立,*,*,一段,連用形,憶える,オボエ,オボエ
が,助詞,格助詞,一般,*,*,*,が,ガ,ガ
あっ,動詞,自立,*,*,五段・ラ行,連用タ接続,ある,アッ,アッ
た,助動詞,*,*,*,特殊・タ,基本形,た,タ,タ
。,記号,句点,*,*,*,*,。,。,。
驚,名詞,固有名詞,地域,一般,*,*,驚,オドロキ,オドロキ
懼,名詞,一般,*,*,*,*,懼,懼,懼
の,助詞,連体化,*,*,*,*,の,ノ,ノ
中,名詞,非自立,副詞可能,*,*,*,中,ナカ,ナカ
に,助詞,格助詞,一般,*,*,*,に,ニ,ニ
も,助詞,係助詞,*,*,*,*,も,モ,モ
、,記号,読点,*,*,*,*,、,、,、
彼,名詞,代名詞,一般,*,*,*,彼,カレ,カレ
は,助詞,係助詞,*,*,*,*,は,ハ,ワ
咄嗟,名詞,一般,*,*,*,*,咄嗟,トッサ,トッサ
に,助詞,格助詞,一般,*,*,*,に,ニ,ニ
思いあたっ,動詞,自立,*,*,五段・ラ行,連用タ接続,思いあたる,オモイアタッ,オモイアタッ
て,助詞,接続助詞,*,*,*,*,て,テ,テ
、,記号,読点,*,*,*,*,、,、,、
叫ん,動詞,自立,*,*,五段・バ行,連用タ接続,叫ぶ,サケン,サケン
だ,助動詞,*,*,*,特殊・タ,基本形,だ,ダ,ダ
。,記号,句点,*,*,*,*,。,。,。
「,記号,括弧開,*,*,*,*,「,「,「
その,連体詞,*,*,*,*,*,その,ソノ,ソノ
声,名詞,一般,*,*,*,*,声,コエ,コエ
は,助詞,係助詞,*,*,*,*,は,ハ,ワ
、,記号,読点,*,*,*,*,、,、,、
我が,連体詞,*,*,*,*,*,我が,ワガ,ワガ
友,名詞,一般,*,*,*,*,友,トモ,トモ
、,記号,読点,*,*,*,*,、,、,、
李,名詞,固有名詞,人名,姓,*,*,李,リ,リ
徴,名詞,サ変接続,*,*,*,*,徴,チョウ,チョー
子,名詞,接尾,一般,*,*,*,子,コ,コ
で,助詞,格助詞,一般,*,*,*,で,デ,デ
は,助詞,係助詞,*,*,*,*,は,ハ,ワ
ない,助動詞,*,*,*,特殊・ナイ,基本形,ない,ナイ,ナイ
か,助詞,副助詞／並立助詞／終助詞,*,*,*,*,か,カ,カ
？,記号,一般,*,*,*,*,？,？,？
」,記号,括弧閉,*,*,*,*,」,」,」
袁傪,名詞,一般,*,*,*,*,袁傪,袁傪,袁傪
は,助詞,係助詞,*,*,*,*,は,ハ,ワ
李,名詞,固有名詞,人名,姓,*,*,李,リ,リ
徴,名詞,一般,*,*,*,*,徴,シルシ,シルシ
と,助詞,並立助詞,*,*,*,*,と,ト,ト
同年,名詞,副詞可能,*,*,*,*,同年,ドウネン,ドーネン
に,助詞,格助詞,一般,*,*,*,に,ニ,ニ
進士,名詞,一般,*,*,*,*,進士,シンシ,シンシ
の,助詞,連体化,*,*,*,*,の,ノ,ノ
第,接頭詞,数接続,*,*,*,*,第,ダイ,ダイ
に,助詞,格助詞,一般,*,*,*,に,ニ,ニ
登り,動詞,自立,*,*,五段・ラ行,連用形,登る,ノボリ,ノボリ
、,記号,読点,*,*,*,*,、,、,、
友人,名詞,一般,*,*,*,*,友人,ユウジン,ユージン
の,助詞,格助詞,一般,*,*,*,の,ノ,ノ
少かっ,形容詞,自立,*,*,形容詞・アウオ段,連用タ接続,少い,スクナカッ,スクナカッ
た,助動詞,*,*,*,特殊・タ,基本形,た,タ,タ
李,名詞,固有名詞,人名,姓,*,*,李,リ,リ
徴,名詞,サ変接続,*,*,*,*,徴,チョウ,チョー
にとって,助詞,格助詞,連語,*,*,*,にとって,ニトッテ,ニトッテ
は,助詞,係助詞,*,*,*,*,は,ハ,ワ
、,記号,読点,*,*,*,*,、,、,、
最も,副詞,一般,*,*,*,*,最も,モットモ,モットモ
親しい,形容詞,自立,*,*,形容詞・イ段,基本形,親しい,シタシイ,シタシイ
友,名詞,一般,*,*,*,*,友,トモ,トモ
で,助動詞,*,*,*,特殊・ダ,連用形,だ,デ,デ
あっ,助動詞,*,*,*,五段・ラ行アル,連用タ接続,ある,アッ,アッ
た,助動詞,*,*,*,特殊・タ,基本形,た,タ,タ
。,記号,句点,*,*,*,*,。,。,。
温和,名詞,形容動詞語幹,*,*,*,*,温和,オンワ,オンワ
な,助動詞,*,*,*,特殊・ダ,体言接続,だ,ナ,ナ
袁傪,名詞,一般,*,*,*,*,袁傪,袁傪,袁傪
の,助詞,連体化,*,*,*,*,の,ノ,ノ
性格,名詞,一般,*,*,*,*,性格,セイカク,セイカク
が,助詞,格助詞,一般,*,*,*,が,ガ,ガ
、,記号,読点,*,*,*,*,、,、,、
峻,名詞,固有名詞,人名,名,*,*,峻,タカシ,タカシ
峭,名詞,一般,*,*,*,*,峭,峭,峭
な,助動詞,*,*,*,特殊・ダ,体言接続,だ,ナ,ナ
李,名詞,固有名詞,人名,姓,*,*,李,リ,リ
徴,名詞,一般,*,*,*,*,徴,シルシ,シルシ
の,助詞,連体化,*,*,*,*,の,ノ,ノ
性情,名詞,一般,*,*,*,*,性情,セイジョウ,セイジョー
と,助詞,格助詞,一般,*,*,*,と,ト,ト
衝突,名詞,サ変接続,*,*,*,*,衝突,ショウトツ,ショートツ
し,動詞,自立,*,*,サ変・スル,未然形,する,シ,シ
なかっ,助動詞,*,*,*,特殊・ナイ,連用タ接続,ない,ナカッ,ナカッ
た,助動詞,*,*,*,特殊・タ,基本形,た,タ,タ
ため,名詞,非自立,副詞可能,*,*,*,ため,タメ,タメ
で,助動詞,*,*,*,特殊・ダ,連用形,だ,デ,デ
あろ,助動詞,*,*,*,五段・ラ行アル,未然ウ接続,ある,アロ,アロ
う,助動詞,*,*,*,不変化型,基本形,う,ウ,ウ
。,記号,句点,*,*,*,*,。,。,。
  ,記号,空白,*,*,*,*,  ,  ,  
叢,名詞,一般,*,*,*,*,叢,クサムラ,クサムラ
の,助詞,連体化,*,*,*,*,の,ノ,ノ
中,名詞,非自立,副詞可能,*,*,*,中,ナカ,ナカ
から,助詞,格助詞,一般,*,*,*,から,カラ,カラ
は,助詞,係助詞,*,*,*,*,は,ハ,ワ
、,記号,読点,*,*,*,*,、,、,、
暫く,副詞,一般,*,*,*,*,暫く,シバラク,シバラク
返辞,名詞,サ変接続,*,*,*,*,返辞,ヘンジ,ヘンジ
が,助詞,格助詞,一般,*,*,*,が,ガ,ガ
無かっ,形容詞,自立,*,*,形容詞・アウオ段,連用タ接続,無い,ナカッ,ナカッ
た,助動詞,*,*,*,特殊・タ,基本形,た,タ,タ
。,記号,句点,*,*,*,*,。,。,。
しのび,動詞,自立,*,*,五段・バ行,連用形,しのぶ,シノビ,シノビ
泣き,名詞,一般,*,*,*,*,泣き,ナキ,ナキ
か,助詞,副助詞／並立助詞／終助詞,*,*,*,*,か,カ,カ
と,助詞,格助詞,引用,*,*,*,と,ト,ト
思わ,動詞,自立,*,*,五段・ワ行促音便,未然形,思う,オモワ,オモワ
れる,動詞,接尾,*,*,一段,基本形,れる,レル,レル
微か,名詞,形容動詞語幹,*,*,*,*,微か,カスカ,カスカ
な,助動詞,*,*,*,特殊・ダ,体言接続,だ,ナ,ナ
声,名詞,一般,*,*,*,*,声,コエ,コエ
が,助詞,格助詞,一般,*,*,*,が,ガ,ガ
時々,副詞,一般,*,*,*,*,時々,トキドキ,トキドキ
洩れる,動詞,自立,*,*,一段,基本形,洩れる,モレル,モレル
ばかり,助詞,副助詞,*,*,*,*,ばかり,バカリ,バカリ
で,助動詞,*,*,*,特殊・ダ,連用形,だ,デ,デ
ある,助動詞,*,*,*,五段・ラ行アル,基本形,ある,アル,アル
。,記号,句点,*,*,*,*,。,。,。
やや,副詞,一般,*,*,*,*,やや,ヤヤ,ヤヤ
あっ,動詞,自立,*,*,五段・ラ行,連用タ接続,ある,アッ,アッ
て,助詞,接続助詞,*,*,*,*,て,テ,テ
、,記号,読点,*,*,*,*,、,、,、
低い,形容詞,自立,*,*,形容詞・アウオ段,基本形,低い,ヒクイ,ヒクイ
声,名詞,一般,*,*,*,*,声,コエ,コエ
が,助詞,格助詞,一般,*,*,*,が,ガ,ガ
答え,動詞,自立,*,*,一段,連用形,答える,コタエ,コタエ
た,助動詞,*,*,*,特殊・タ,基本形,た,タ,タ
。,記号,句点,*,*,*,*,。,。,。
「,記号,括弧開,*,*,*,*,「,「,「
如何にも,副詞,一般,*,*,*,*,如何にも,イカニモ,イカニモ
自分,名詞,一般,*,*,*,*,自分,ジブン,ジブン
は,助詞,係助詞,*,*,*,*,は,ハ,ワ
隴西,名詞,一般,*,*,*,*,隴西,隴西,隴西
の,助詞,連体化,*,*,*,*,の,ノ,ノ
李,名詞,固有名詞,人名,姓,*,*,李,リ,リ
徴,名詞,一般,*,*,*,*,徴,シルシ,シルシ
で,助動詞,*,*,*,特殊・ダ,連用形,だ,デ,デ
ある,助動詞,*,*,*,五段・ラ行アル,基本形,ある,アル,アル
」,記号,括弧閉,*,*,*,*,」,」,」
と,助詞,格助詞,引用,*,*,*,と,ト,ト
。,記号,句点,*,*,*,*,。,。,。
  ,記号,空白,*,*,*,*,  ,  ,  
袁傪,名詞,一般,*,*,*,*,袁傪,袁傪,袁傪
は,助詞,係助詞,*,*,*,*,は,ハ,ワ
恐怖,名詞,サ変接続,*,*,*,*,恐怖,キョウフ,キョーフ
を,助詞,格助詞,一般,*,*,*,を,ヲ,ヲ
忘れ,動詞,自立,*,*,一段,連用形,忘れる,ワスレ,ワスレ
、,記号,読点,*,*,*,*,、,、,、
馬,名詞,一般,*,*,*,*,馬,ウマ,ウマ
から,助詞,格助詞,一般,*,*,*,から,カラ,カラ
下り,動詞,自立,*,*,一段,連用形,下りる,オリ,オリ
て,助詞,接続助詞,*,*,*,*,て,テ,テ
叢,名詞,一般,*,*,*,*,叢,クサムラ,クサムラ
に,助詞,格助詞,一般,*,*,*,に,ニ,ニ
近づき,動詞,自立,*,*,五段・カ行イ音便,連用形,近づく,チカヅキ,チカズキ
、,記号,読点,*,*,*,*,、,、,、
懐かし,形容詞,自立,*,*,形容詞・イ段,ガル接続,懐かしい,ナツカシ,ナツカシ
げ,名詞,接尾,一般,*,*,*,げ,ゲ,ゲ
に,助詞,格助詞,一般,*,*,*,に,ニ,ニ
久闊,名詞,一般,*,*,*,*,久闊,キュウカツ,キューカツ
を,助詞,格助詞,一般,*,*,*,を,ヲ,ヲ
叙,名詞,サ変接続,*,*,*,*,叙,ジョ,ジョ
し,動詞,自立,*,*,サ変・スル,連用形,する,シ,シ
た,助動詞,*,*,*,特殊・タ,基本形,た,タ,タ
。,記号,句点,*,*,*,*,。,。,。
そして,接続詞,*,*,*,*,*,そして,ソシテ,ソシテ
、,記号,読点,*,*,*,*,、,、,、
何故,副詞,助詞類接続,*,*,*,*,何故,ナゼ,ナゼ
叢,名詞,一般,*,*,*,*,叢,クサムラ,クサムラ
から,助詞,格助詞,一般,*,*,*,から,カラ,カラ
出,動詞,自立,*,*,一段,連用形,出る,デ,デ
て,助詞,接続助詞,*,*,*,*,て,テ,テ
来,動詞,非自立,*,*,カ変・来ル,未然形,来る,コ,コ
ない,助動詞,*,*,*,特殊・ナイ,基本形,ない,ナイ,ナイ
の,名詞,非自立,一般,*,*,*,の,ノ,ノ
か,助詞,副助詞／並立助詞／終助詞,*,*,*,*,か,カ,カ
と,助詞,格助詞,引用,*,*,*,と,ト,ト
問う,動詞,自立,*,*,五段・ワ行ウ音便,連用タ接続,問う,トウ,トウ
た,助動詞,*,*,*,特殊・タ,基本形,た,タ,タ
。,記号,句点,*,*,*,*,。,。,。
李,名詞,固有名詞,人名,姓,*,*,李,リ,リ
徴,名詞,一般,*,*,*,*,徴,シルシ,シルシ
の,助詞,連体化,*,*,*,*,の,ノ,ノ
声,名詞,一般,*,*,*,*,声,コエ,コエ
が,助詞,格助詞,一般,*,*,*,が,ガ,ガ
答え,動詞,自立,*,*,一段,連用形,答える,コタエ,コタエ
て,助詞,接続助詞,*,*,*,*,て,テ,テ
言う,動詞,自立,*,*,五段・ワ行促音便,基本形,言う,イウ,イウ
。,記号,句点,*,*,*,*,。,。,。
自分,名詞,一般,*,*,*,*,自分,ジブン,ジブン
は,助詞,係助詞,*,*,*,*,は,ハ,ワ
今や,副詞,一般,*,*,*,*,今や,イマヤ,イマヤ
異類,名詞,一般,*,*,*,*,異類,イルイ,イルイ
の,助詞,連体化,*,*,*,*,の,ノ,ノ
身,名詞,一般,*,*,*,*,身,ミ,ミ
と,助詞,格助詞,一般,*,*,*,と,ト,ト
なっ,動詞,自立,*,*,五段・ラ行,連用タ接続,なる,ナッ,ナッ
て,助詞,接続助詞,*,*,*,*,て,テ,テ
いる,動詞,非自立,*,*,一段,基本形,いる,イル,イル
。,記号,句点,*,*,*,*,。,。,。
どうして,副詞,一般,*,*,*,*,どうして,ドウシテ,ドーシテ
、,記号,読点,*,*,*,*,、,、,、
おめおめ,副詞,一般,*,*,*,*,おめおめ,オメオメ,オメオメ
と,助詞,副詞化,*,*,*,*,と,ト,ト
故人,名詞,一般,*,*,*,*,故人,コジン,コジン
の,助詞,連体化,*,*,*,*,の,ノ,ノ
前,名詞,副詞可能,*,*,*,*,前,マエ,マエ
に,助詞,格助詞,一般,*,*,*,に,ニ,ニ
あさましい,形容詞,自立,*,*,形容詞・イ段,基本形,あさましい,アサマシイ,アサマシイ
姿,名詞,一般,*,*,*,*,姿,スガタ,スガタ
を,助詞,格助詞,一般,*,*,*,を,ヲ,ヲ
さらせよ,動詞,自立,*,*,一段,未然ウ接続,さらせる,サラセヨ,サラセヨ
う,助動詞,*,*,*,不変化型,基本形,う,ウ,ウ
か,助詞,副助詞／並立助詞／終助詞,*,*,*,*,か,カ,カ
。,記号,句点,*,*,*,*,。,。,。
かつ,接続詞,*,*,*,*,*,かつ,カツ,カツ
又,接続詞,*,*,*,*,*,又,マタ,マタ
、,記号,読点,*,*,*,*,、,、,、
自分,名詞,一般,*,*,*,*,自分,ジブン,ジブン
が,助詞,格助詞,一般,*,*,*,が,ガ,ガ
姿,名詞,一般,*,*,*,*,姿,スガタ,スガタ
を,助詞,格助詞,一般,*,*,*,を,ヲ,ヲ
現せ,動詞,自立,*,*,五段・サ行,仮定形,現す,アラワセ,アラワセ
ば,助詞,接続助詞,*,*,*,*,ば,バ,バ
、,記号,読点,*,*,*,*,、,、,、
必ず,副詞,助詞類接続,*,*,*,*,必ず,カナラズ,カナラズ
君,名詞,代名詞,一般,*,*,*,君,キミ,キミ
に,助詞,格助詞,一般,*,*,*,に,ニ,ニ
畏怖,名詞,サ変接続,*,*,*,*,畏怖,イフ,イフ
嫌,名詞,形容動詞語幹,*,*,*,*,嫌,イヤ,イヤ
厭,名詞,形容動詞語幹,*,*,*,*,厭,イヤ,イヤ
の,助詞,連体化,*,*,*,*,の,ノ,ノ
情,名詞,一般,*,*,*,*,情,ジョウ,ジョー
を,助詞,格助詞,一般,*,*,*,を,ヲ,ヲ
起さ,動詞,自立,*,*,五段・サ行,未然形,起す,オコサ,オコサ
せる,動詞,接尾,*,*,一段,基本形,せる,セル,セル
に,助詞,格助詞,一般,*,*,*,に,ニ,ニ
決っ,動詞,自立,*,*,五段・ラ行,連用タ接続,決る,キマッ,キマッ
て,助詞,接続助詞,*,*,*,*,て,テ,テ
いる,動詞,非自立,*,*,一段,基本形,いる,イル,イル
から,助詞,接続助詞,*,*,*,*,から,カラ,カラ
だ,助動詞,*,*,*,特殊・ダ,基本形,だ,ダ,ダ
。,記号,句点,*,*,*,*,。,。,。
しかし,接続詞,*,*,*,*,*,しかし,シカシ,シカシ
、,記号,読点,*,*,*,*,、,、,、
今,名詞,副詞可能,*,*,*,*,今,イマ,イマ
、,記号,読点,*,*,*,*,、,、,、
図ら,動詞,自立,*,*,五段・ラ行,未然形,図る,ハカラ,ハカラ
ず,助動詞,*,*,*,特殊・ヌ,連用ニ接続,ぬ,ズ,ズ
も,助詞,係助詞,*,*,*,*,も,モ,モ
故人,名詞,一般,*,*,*,*,故人,コジン,コジン
に,助詞,格助詞,一般,*,*,*,に,ニ,ニ
遇う,動詞,自立,*,*,五段・ワ行促音便,基本形,遇う,アウ,アウ
こと,名詞,非自立,一般,*,*,*,こと,コト,コト
を,助詞,格助詞,一般,*,*,*,を,ヲ,ヲ
得,動詞,自立,*,*,一段,連用形,得る,エ,エ
て,助詞,接続助詞,*,*,*,*,て,テ,テ
、,記号,読点,*,*,*,*,、,、,、
愧赧,名詞,一般,*,*,*,*,愧赧,愧赧,愧赧
の,助詞,連体化,*,*,*,*,の,ノ,ノ
念,名詞,一般,*,*,*,*,念,ネン,ネン
を,助詞,格助詞,一般,*,*,*,を,ヲ,ヲ
も,助詞,係助詞,*,*,*,*,も,モ,モ
忘れる,動詞,自立,*,*,一段,基本形,忘れる,ワスレル,ワスレル
程,名詞,非自立,一般,*,*,*,程,ホド,ホド
に,助詞,格助詞,一般,*,*,*,に,ニ,ニ
懐かしい,形容詞,自立,*,*,形容詞・イ段,基本形,懐かしい,ナツカシイ,ナツカシイ
。,記号,句点,*,*,*,*,。,。,。
どう,副詞,助詞類接続,*,*,*,*,どう,ドウ,ドー
か,助詞,副助詞／並立助詞／終助詞,*,*,*,*,か,カ,カ
、,記号,読点,*,*,*,*,、,、,、
ほんの,連体詞,*,*,*,*,*,ほんの,ホンノ,ホンノ
暫く,副詞,一般,*,*,*,*,暫く,シバラク,シバラク
で,助動詞,*,*,*,特殊・ダ,連用形,だ,デ,デ
いい,形容詞,非自立,*,*,形容詞・イイ,基本形,いい,イイ,イイ
から,助詞,接続助詞,*,*,*,*,から,カラ,カラ
、,記号,読点,*,*,*,*,、,、,、
我が,連体詞,*,*,*,*,*,我が,ワガ,ワガ
醜悪,名詞,形容動詞語幹,*,*,*,*,醜悪,シュウアク,シューアク
な,助動詞,*,*,*,特殊・ダ,体言接続,だ,ナ,ナ
今,名詞,副詞可能,*,*,*,*,今,イマ,イマ
の,助詞,連体化,*,*,*,*,の,ノ,ノ
外形,名詞,一般,*,*,*,*,外形,ガイケイ,ガイケイ
を,助詞,格助詞,一般,*,*,*,を,ヲ,ヲ
厭わ,動詞,自立,*,*,五段・ワ行促音便,未然形,厭う,イトワ,イトワ
ず,助動詞,*,*,*,特殊・ヌ,連用ニ接続,ぬ,ズ,ズ
、,記号,読点,*,*,*,*,、,、,、
曾,名詞,一般,*,*,*,*,曾,曾,曾
て,助詞,格助詞,連語,*,*,*,て,テ,テ
君,名詞,代名詞,一般,*,*,*,君,キミ,キミ
の,助詞,連体化,*,*,*,*,の,ノ,ノ
友,名詞,一般,*,*,*,*,友,トモ,トモ
李,名詞,固有名詞,人名,姓,*,*,李,リ,リ
徴,名詞,一般,*,*,*,*,徴,シルシ,シルシ
で,助動詞,*,*,*,特殊・ダ,連用形,だ,デ,デ
あっ,助動詞,*,*,*,五段・ラ行アル,連用タ接続,ある,アッ,アッ
た,助動詞,*,*,*,特殊・タ,基本形,た,タ,タ
この,連体詞,*,*,*,*,*,この,コノ,コノ
自分,名詞,一般,*,*,*,*,自分,ジブン,ジブン
と,助詞,格助詞,一般,*,*,*,と,ト,ト
話,名詞,サ変接続,*,*,*,*,話,ハナシ,ハナシ
を,助詞,格助詞,一般,*,*,*,を,ヲ,ヲ
交し,動詞,自立,*,*,五段・サ行,連用形,交す,カワシ,カワシ
て,助詞,接続助詞,*,*,*,*,て,テ,テ
くれ,動詞,非自立,*,*,一段・クレル,未然形,くれる,クレ,クレ
ない,助動詞,*,*,*,特殊・ナイ,基本形,ない,ナイ,ナイ
だろ,助動詞,*,*,*,特殊・ダ,未然形,だ,ダロ,ダロ
う,助動詞,*,*,*,不変化型,基本形,う,ウ,ウ
か,助詞,副助詞／並立助詞／終助詞,*,*,*,*,か,カ,カ
。,記号,句点,*,*,*,*,。,。,。
  ,記号,空白,*,*,*,*,  ,  ,  
後で,副詞,一般,*,*,*,*,後で,アトデ,アトデ
考えれ,動詞,自立,*,*,一段,仮定形,考える,カンガエレ,カンガエレ
ば,助詞,接続助詞,*,*,*,*,ば,バ,バ
不思議,名詞,形容動詞語幹,*,*,*,*,不思議,フシギ,フシギ
だっ,助動詞,*,*,*,特殊・ダ,連用タ接続,だ,ダッ,ダッ
た,助動詞,*,*,*,特殊・タ,基本形,た,タ,タ
が,助詞,接続助詞,*,*,*,*,が,ガ,ガ
、,記号,読点,*,*,*,*,、,、,、
その,連体詞,*,*,*,*,*,その,ソノ,ソノ
時,名詞,非自立,副詞可能,*,*,*,時,トキ,トキ
、,記号,読点,*,*,*,*,、,、,、
袁傪,名詞,一般,*,*,*,*,袁傪,袁傪,袁傪
は,助詞,係助詞,*,*,*,*,は,ハ,ワ
、,記号,読点,*,*,*,*,、,、,、
この,連体詞,*,*,*,*,*,この,コノ,コノ
超自然,名詞,一般,*,*,*,*,超自然,チョウシゼン,チョーシゼン
の,助詞,連体化,*,*,*,*,の,ノ,ノ
怪異,名詞,一般,*,*,*,*,怪異,カイイ,カイイ
を,助詞,格助詞,一般,*,*,*,を,ヲ,ヲ
、,記号,読点,*,*,*,*,、,、,、
実に,副詞,一般,*,*,*,*,実に,ジツニ,ジツニ
素直,名詞,形容動詞語幹,*,*,*,*,素直,スナオ,スナオ
に,助詞,副詞化,*,*,*,*,に,ニ,ニ
受容,名詞,サ変接続,*,*,*,*,受容,ジュヨウ,ジュヨー
れ,動詞,接尾,*,*,一段,連用形,れる,レ,レ
て,助詞,接続助詞,*,*,*,*,て,テ,テ
、,記号,読点,*,*,*,*,、,、,、
少し,副詞,助詞類接続,*,*,*,*,少し,スコシ,スコシ
も,助詞,係助詞,*,*,*,*,も,モ,モ
怪,名詞,一般,*,*,*,*,怪,カイ,カイ
も,助詞,係助詞,*,*,*,*,も,モ,モ
う,助動詞,*,*,*,不変化型,基本形,う,ウ,ウ
と,助詞,格助詞,一般,*,*,*,と,ト,ト
し,動詞,自立,*,*,サ変・スル,未然形,する,シ,シ
なかっ,助動詞,*,*,*,特殊・ナイ,連用タ接続,ない,ナカッ,ナカッ
た,助動詞,*,*,*,特殊・タ,基本形,た,タ,タ
。,記号,句点,*,*,*,*,。,。,。
彼,名詞,代名詞,一般,*,*,*,彼,カレ,カレ
は,助詞,係助詞,*,*,*,*,は,ハ,ワ
部下,名詞,一般,*,*,*,*,部下,ブカ,ブカ
に,助詞,格助詞,一般,*,*,*,に,ニ,ニ
命じ,動詞,自立,*,*,一段,連用形,命じる,メイジ,メイジ
て,助詞,接続助詞,*,*,*,*,て,テ,テ
行列,名詞,サ変接続,*,*,*,*,行列,ギョウレツ,ギョーレツ
の,助詞,連体化,*,*,*,*,の,ノ,ノ
進行,名詞,サ変接続,*,*,*,*,進行,シンコウ,シンコー
を,助詞,格助詞,一般,*,*,*,を,ヲ,ヲ
停め,動詞,自立,*,*,一段,連用形,停める,トメ,トメ
、,記号,読点,*,*,*,*,、,、,、
自分,名詞,一般,*,*,*,*,自分,ジブン,ジブン
は,助詞,係助詞,*,*,*,*,は,ハ,ワ
叢,名詞,一般,*,*,*,*,叢,クサムラ,クサムラ
の,助詞,連体化,*,*,*,*,の,ノ,ノ
傍,名詞,一般,*,*,*,*,傍,ハタ,ハタ
に,助詞,格助詞,一般,*,*,*,に,ニ,ニ
立っ,動詞,自立,*,*,五段・タ行,連用タ接続,立つ,タッ,タッ
て,助詞,接続助詞,*,*,*,*,て,テ,テ
、,記号,読点,*,*,*,*,、,、,、
見え,動詞,自立,*,*,一段,未然形,見える,ミエ,ミエ
ざる,助動詞,*,*,*,特殊・ヌ,体言接続,ぬ,ザル,ザル
声,名詞,一般,*,*,*,*,声,コエ,コエ
と,助詞,格助詞,一般,*,*,*,と,ト,ト
対談,名詞,サ変接続,*,*,*,*,対談,タイダン,タイダン
し,動詞,自立,*,*,サ変・スル,連用形,する,シ,シ
た,助動詞,*,*,*,特殊・タ,基本形,た,タ,タ
。,記号,句点,*,*,*,*,。,。,。
都,名詞,一般,*,*,*,*,都,ト,ト
の,助詞,連体化,*,*,*,*,の,ノ,ノ
噂,名詞,サ変接続,*,*,*,*,噂,ウワサ,ウワサ
、,記号,読点,*,*,*,*,、,、,、
旧友,名詞,一般,*,*,*,*,旧友,キュウユウ,キューユー
の,助詞,連体化,*,*,*,*,の,ノ,ノ
消息,名詞,一般,*,*,*,*,消息,ショウソク,ショーソク
、,記号,読点,*,*,*,*,、,、,、
袁傪,名詞,一般,*,*,*,*,袁傪,袁傪,袁傪
が,助詞,格助詞,一般,*,*,*,が,ガ,ガ
現在,名詞,副詞可能,*,*,*,*,現在,ゲンザイ,ゲンザイ
の,助詞,連体化,*,*,*,*,の,ノ,ノ
地位,名詞,一般,*,*,*,*,地位,チイ,チイ
、,記号,読点,*,*,*,*,、,、,、
それ,名詞,代名詞,一般,*,*,*,それ,ソレ,ソレ
に対する,助詞,格助詞,連語,*,*,*,に対する,ニタイスル,ニタイスル
李,名詞,固有名詞,人名,姓,*,*,李,リ,リ
徴,名詞,一般,*,*,*,*,徴,シルシ,シルシ
の,助詞,連体化,*,*,*,*,の,ノ,ノ
祝辞,名詞,一般,*,*,*,*,祝辞,シュクジ,シュクジ
。,記号,句点,*,*,*,*,。,。,。
青年,名詞,一般,*,*,*,*,青年,セイネン,セイネン
時代,名詞,一般,*,*,*,*,時代,ジダイ,ジダイ
に,助詞,格助詞,一般,*,*,*,に,ニ,ニ
親しかっ,形容詞,自立,*,*,形容詞・イ段,連用タ接続,親しい,シタシカッ,シタシカッ
た,助動詞,*,*,*,特殊・タ,基本形,た,タ,タ
者,名詞,非自立,一般,*,*,*,者,モノ,モノ
同志,名詞,一般,*,*,*,*,同志,ドウシ,ドーシ
の,助詞,連体化,*,*,*,*,の,ノ,ノ
、,記号,読点,*,*,*,*,、,、,、
あの,連体詞,*,*,*,*,*,あの,アノ,アノ
隔て,名詞,一般,*,*,*,*,隔て,ヘダテ,ヘダテ
の,助詞,格助詞,一般,*,*,*,の,ノ,ノ
ない,形容詞,自立,*,*,形容詞・アウオ段,基本形,ない,ナイ,ナイ
語調,名詞,一般,*,*,*,*,語調,ゴチョウ,ゴチョー
で,助詞,格助詞,一般,*,*,*,で,デ,デ
、,記号,読点,*,*,*,*,、,、,、
それ,名詞,代名詞,一般,*,*,*,それ,ソレ,ソレ
等,名詞,接尾,一般,*,*,*,等,トウ,トー
が,助詞,格助詞,一般,*,*,*,が,ガ,ガ
語ら,動詞,自立,*,*,五段・ラ行,未然形,語る,カタラ,カタラ
れ,動詞,接尾,*,*,一段,連用形,れる,レ,レ
た,助動詞,*,*,*,特殊・タ,基本形,た,タ,タ
後,名詞,非自立,副詞可能,*,*,*,後,ノチ,ノチ
、,記号,読点,*,*,*,*,、,、,、
袁傪,名詞,一般,*,*,*,*,袁傪,袁傪,袁傪
は,助詞,係助詞,*,*,*,*,は,ハ,ワ
、,記号,読点,*,*,*,*,、,、,、
李,名詞,固有名詞,人名,姓,*,*,李,リ,リ
徴,名詞,一般,*,*,*,*,徴,シルシ,シルシ
が,助詞,格助詞,一般,*,*,*,が,ガ,ガ
どうして,副詞,一般,*,*,*,*,どうして,ドウシテ,ドーシテ
今,名詞,副詞可能,*,*,*,*,今,イマ,イマ
の,助詞,連体化,*,*,*,*,の,ノ,ノ
身,名詞,一般,*,*,*,*,身,ミ,ミ
と,助詞,格助詞,一般,*,*,*,と,ト,ト
なる,動詞,自立,*,*,五段・ラ行,基本形,なる,ナル,ナル
に,助詞,格助詞,一般,*,*,*,に,ニ,ニ
至っ,動詞,自立,*,*,五段・ラ行,連用タ接続,至る,イタッ,イタッ
た,助動詞,*,*,*,特殊・タ,基本形,た,タ,タ
か,助詞,副助詞／並立助詞／終助詞,*,*,*,*,か,カ,カ
を,助詞,格助詞,一般,*,*,*,を,ヲ,ヲ
訊ね,動詞,自立,*,*,一段,連用形,訊ねる,タズネ,タズネ
た,助動詞,*,*,*,特殊・タ,基本形,た,タ,タ
。,記号,句点,*,*,*,*,。,。,。
草,名詞,一般,*,*,*,*,草,クサ,クサ
中,名詞,接尾,副詞可能,*,*,*,中,チュウ,チュー
の,助詞,連体化,*,*,*,*,の,ノ,ノ
声,名詞,一般,*,*,*,*,声,コエ,コエ
は,助詞,係助詞,*,*,*,*,は,ハ,ワ
次,名詞,一般,*,*,*,*,次,ツギ,ツギ
の,助詞,連体化,*,*,*,*,の,ノ,ノ
よう,名詞,非自立,助動詞語幹,*,*,*,よう,ヨウ,ヨー
に,助詞,格助詞,一般,*,*,*,に,ニ,ニ
語っ,動詞,自立,*,*,五段・ラ行,連用タ接続,語る,カタッ,カタッ
た,助動詞,*,*,*,特殊・タ,基本形,た,タ,タ
。,記号,句点,*,*,*,*,。,。,。
  ,記号,空白,*,*,*,*,  ,  ,  
今,名詞,副詞可能,*,*,*,*,今,イマ,イマ
から,助詞,格助詞,一般,*,*,*,から,カラ,カラ
一,名詞,数,*,*,*,*,一,イチ,イチ
年,名詞,接尾,助数詞,*,*,*,年,ネン,ネン
程,助詞,副助詞,*,*,*,*,程,ホド,ホド
前,名詞,副詞可能,*,*,*,*,前,マエ,マエ
、,記号,読点,*,*,*,*,、,、,、
自分,名詞,一般,*,*,*,*,自分,ジブン,ジブン
が,助詞,格助詞,一般,*,*,*,が,ガ,ガ
旅,名詞,サ変接続,*,*,*,*,旅,タビ,タビ
に,助詞,格助詞,一般,*,*,*,に,ニ,ニ
出,動詞,自立,*,*,一段,連用形,出る,デ,デ
て,助詞,接続助詞,*,*,*,*,て,テ,テ
汝,名詞,一般,*,*,*,*,汝,ナンジ,ナンジ
水,名詞,接尾,一般,*,*,*,水,スイ,スイ
の,助詞,連体化,*,*,*,*,の,ノ,ノ
ほとり,名詞,一般,*,*,*,*,ほとり,ホトリ,ホトリ
に,助詞,格助詞,一般,*,*,*,に,ニ,ニ
泊っ,動詞,自立,*,*,五段・ラ行,連用タ接続,泊る,トマッ,トマッ
た,助動詞,*,*,*,特殊・タ,基本形,た,タ,タ
夜,名詞,副詞可能,*,*,*,*,夜,ヨル,ヨル
の,助詞,連体化,*,*,*,*,の,ノ,ノ
こと,名詞,非自立,一般,*,*,*,こと,コト,コト
、,記号,読点,*,*,*,*,、,、,、
一睡,名詞,サ変接続,*,*,*,*,一睡,イッスイ,イッスイ
し,動詞,自立,*,*,サ変・スル,連用形,する,シ,シ
て,助詞,接続助詞,*,*,*,*,て,テ,テ
から,助詞,格助詞,一般,*,*,*,から,カラ,カラ
、,記号,読点,*,*,*,*,、,、,、
ふと,副詞,一般,*,*,*,*,ふと,フト,フト
眼,名詞,一般,*,*,*,*,眼,メ,メ
を,助詞,格助詞,一般,*,*,*,を,ヲ,ヲ
覚ます,動詞,自立,*,*,五段・サ行,基本形,覚ます,サマス,サマス
と,助詞,接続助詞,*,*,*,*,と,ト,ト
、,記号,読点,*,*,*,*,、,、,、
戸外,名詞,一般,*,*,*,*,戸外,コガイ,コガイ
で,助詞,格助詞,一般,*,*,*,で,デ,デ
誰,名詞,代名詞,一般,*,*,*,誰,ダレ,ダレ
か,助詞,副助詞／並立助詞／終助詞,*,*,*,*,か,カ,カ
が,助詞,格助詞,一般,*,*,*,が,ガ,ガ
我が,連体詞,*,*,*,*,*,我が,ワガ,ワガ
名,名詞,一般,*,*,*,*,名,ナ,ナ
を,助詞,格助詞,一般,*,*,*,を,ヲ,ヲ
呼ん,動詞,自立,*,*,五段・バ行,連用タ接続,呼ぶ,ヨン,ヨン
で,助詞,接続助詞,*,*,*,*,で,デ,デ
いる,動詞,非自立,*,*,一段,基本形,いる,イル,イル
。,記号,句点,*,*,*,*,。,。,。
声,名詞,一般,*,*,*,*,声,コエ,コエ
に,助詞,格助詞,一般,*,*,*,に,ニ,ニ
応じ,動詞,自立,*,*,一段,連用形,応じる,オウジ,オージ
て,助詞,接続助詞,*,*,*,*,て,テ,テ
外,名詞,一般,*,*,*,*,外,ソト,ソト
へ,助詞,格助詞,一般,*,*,*,へ,ヘ,エ
出,動詞,自立,*,*,一段,連用形,出る,デ,デ
て,助詞,接続助詞,*,*,*,*,て,テ,テ
見る,動詞,自立,*,*,一段,基本形,見る,ミル,ミル
と,助詞,接続助詞,*,*,*,*,と,ト,ト
、,記号,読点,*,*,*,*,、,、,、
声,名詞,一般,*,*,*,*,声,コエ,コエ
は,助詞,係助詞,*,*,*,*,は,ハ,ワ
闇,名詞,一般,*,*,*,*,闇,ヤミ,ヤミ
の,助詞,連体化,*,*,*,*,の,ノ,ノ
中,名詞,非自立,副詞可能,*,*,*,中,ナカ,ナカ
から,助詞,格助詞,一般,*,*,*,から,カラ,カラ
頻りに,副詞,一般,*,*,*,*,頻りに,シキリニ,シキリニ
自分,名詞,一般,*,*,*,*,自分,ジブン,ジブン
を,助詞,格助詞,一般,*,*,*,を,ヲ,ヲ
招く,動詞,自立,*,*,五段・カ行イ音便,基本形,招く,マネク,マネク
。,記号,句点,*,*,*,*,。,。,。
覚えず,副詞,一般,*,*,*,*,覚えず,オボエズ,オボエズ
、,記号,読点,*,*,*,*,、,、,、
自分,名詞,一般,*,*,*,*,自分,ジブン,ジブン
は,助詞,係助詞,*,*,*,*,は,ハ,ワ
声,名詞,一般,*,*,*,*,声,コエ,コエ
を,助詞,格助詞,一般,*,*,*,を,ヲ,ヲ
追う,動詞,自立,*,*,五段・ワ行促音便,基本形,追う,オウ,オウ
て,助詞,接続助詞,*,*,*,*,て,テ,テ
走り出し,動詞,自立,*,*,五段・サ行,連用形,走り出す,ハシリダシ,ハシリダシ
た,助動詞,*,*,*,特殊・タ,基本形,た,タ,タ
。,記号,句点,*,*,*,*,。,。,。
無我夢中,名詞,一般,*,*,*,*,無我夢中,ムガムチュウ,ムガムチュー
で,助詞,格助詞,一般,*,*,*,で,デ,デ
駈け,動詞,自立,*,*,一段,連用形,駈ける,カケ,カケ
て,助詞,接続助詞,*,*,*,*,て,テ,テ
行く,動詞,非自立,*,*,五段・カ行促音便,基本形,行く,イク,イク
中,名詞,非自立,副詞可能,*,*,*,中,ナカ,ナカ
に,助詞,格助詞,一般,*,*,*,に,ニ,ニ
、,記号,読点,*,*,*,*,、,、,、
何時しか,副詞,一般,*,*,*,*,何時しか,イツシカ,イツシカ
途,名詞,一般,*,*,*,*,途,ト,ト
は,助詞,係助詞,*,*,*,*,は,ハ,ワ
山林,名詞,一般,*,*,*,*,山林,サンリン,サンリン
に,助詞,格助詞,一般,*,*,*,に,ニ,ニ
入り,動詞,自立,*,*,五段・ラ行,連用形,入る,ハイリ,ハイリ
、,記号,読点,*,*,*,*,、,、,、
しかも,接続詞,*,*,*,*,*,しかも,シカモ,シカモ
、,記号,読点,*,*,*,*,、,、,、
知ら,動詞,自立,*,*,五段・ラ行,未然形,知る,シラ,シラ
ぬ,助動詞,*,*,*,特殊・ヌ,基本形,ぬ,ヌ,ヌ
間,名詞,一般,*,*,*,*,間,マ,マ
に,助詞,格助詞,一般,*,*,*,に,ニ,ニ
自分,名詞,一般,*,*,*,*,自分,ジブン,ジブン
は,助詞,係助詞,*,*,*,*,は,ハ,ワ
左右,名詞,サ変接続,*,*,*,*,左右,サユウ,サユー
の,助詞,連体化,*,*,*,*,の,ノ,ノ
手,名詞,一般,*,*,*,*,手,テ,テ
で,助詞,格助詞,一般,*,*,*,で,デ,デ
地,名詞,一般,*,*,*,*,地,チ,チ
を,助詞,格助詞,一般,*,*,*,を,ヲ,ヲ
攫ん,動詞,自立,*,*,五段・マ行,連用タ接続,攫む,ツカン,ツカン
で,助詞,接続助詞,*,*,*,*,で,デ,デ
走っ,動詞,自立,*,*,五段・ラ行,連用タ接続,走る,ハシッ,ハシッ
て,助詞,接続助詞,*,*,*,*,て,テ,テ
い,動詞,非自立,*,*,一段,連用形,いる,イ,イ
た,助動詞,*,*,*,特殊・タ,基本形,た,タ,タ
。,記号,句点,*,*,*,*,。,。,。
何,名詞,代名詞,一般,*,*,*,何,ナニ,ナニ
か,助詞,副助詞／並立助詞／終助詞,*,*,*,*,か,カ,カ
身体,名詞,一般,*,*,*,*,身体,シンタイ,シンタイ
中,名詞,接尾,副詞可能,*,*,*,中,チュウ,チュー
に,助詞,格助詞,一般,*,*,*,に,ニ,ニ
力,名詞,一般,*,*,*,*,力,チカラ,チカラ
が,助詞,格助詞,一般,*,*,*,が,ガ,ガ
充ち,動詞,自立,*,*,一段,連用形,充ちる,ミチ,ミチ
満ち,動詞,自立,*,*,一段,連用形,満ちる,ミチ,ミチ
た,助動詞,*,*,*,特殊・タ,基本形,た,タ,タ
よう,名詞,非自立,助動詞語幹,*,*,*,よう,ヨウ,ヨー
な,助動詞,*,*,*,特殊・ダ,体言接続,だ,ナ,ナ
感じ,名詞,一般,*,*,*,*,感じ,カンジ,カンジ
で,助詞,格助詞,一般,*,*,*,で,デ,デ
、,記号,読点,*,*,*,*,、,、,、
軽々と,副詞,一般,*,*,*,*,軽々と,カルガルト,カルガルト
岩石,名詞,一般,*,*,*,*,岩石,ガンセキ,ガンセキ
を,助詞,格助詞,一般,*,*,*,を,ヲ,ヲ
跳び,動詞,自立,*,*,五段・バ行,連用形,跳ぶ,トビ,トビ
越え,動詞,自立,*,*,一段,連用形,越える,コエ,コエ
て,助詞,接続助詞,*,*,*,*,て,テ,テ
行っ,動詞,非自立,*,*,五段・カ行促音便,連用タ接続,行く,イッ,イッ
た,助動詞,*,*,*,特殊・タ,基本形,た,タ,タ
。,記号,句点,*,*,*,*,。,。,。
気,名詞,一般,*,*,*,*,気,キ,キ
が,助詞,格助詞,一般,*,*,*,が,ガ,ガ
付く,動詞,自立,*,*,五段・カ行イ音便,基本形,付く,ツク,ツク
と,助詞,接続助詞,*,*,*,*,と,ト,ト
、,記号,読点,*,*,*,*,、,、,、
手先,名詞,一般,*,*,*,*,手先,テサキ,テサキ
や,助詞,並立助詞,*,*,*,*,や,ヤ,ヤ
肱,名詞,一般,*,*,*,*,肱,ヒジ,ヒジ
の,助詞,連体化,*,*,*,*,の,ノ,ノ
あたり,名詞,一般,*,*,*,*,あたり,アタリ,アタリ
に,助詞,格助詞,一般,*,*,*,に,ニ,ニ
毛,名詞,一般,*,*,*,*,毛,ケ,ケ
を,助詞,格助詞,一般,*,*,*,を,ヲ,ヲ
生じ,動詞,自立,*,*,一段,連用形,生じる,ショウジ,ショージ
て,助詞,接続助詞,*,*,*,*,て,テ,テ
いる,動詞,非自立,*,*,一段,基本形,いる,イル,イル
らしい,助動詞,*,*,*,形容詞・イ段,基本形,らしい,ラシイ,ラシイ
。,記号,句点,*,*,*,*,。,。,。
少し,副詞,助詞類接続,*,*,*,*,少し,スコシ,スコシ
明るく,形容詞,自立,*,*,形容詞・アウオ段,連用テ接続,明るい,アカルク,アカルク
なっ,動詞,自立,*,*,五段・ラ行,連用タ接続,なる,ナッ,ナッ
て,助詞,接続助詞,*,*,*,*,て,テ,テ
から,助詞,格助詞,一般,*,*,*,から,カラ,カラ
、,記号,読点,*,*,*,*,、,、,、
谷川,名詞,固有名詞,人名,姓,*,*,谷川,タニガワ,タニガワ
に,助詞,格助詞,一般,*,*,*,に,ニ,ニ
臨ん,動詞,自立,*,*,五段・マ行,連用タ接続,臨む,ノゾン,ノゾン
で,助詞,接続助詞,*,*,*,*,で,デ,デ
姿,名詞,一般,*,*,*,*,姿,スガタ,スガタ
を,助詞,格助詞,一般,*,*,*,を,ヲ,ヲ
映し,動詞,自立,*,*,五段・サ行,連用形,映す,ウツシ,ウツシ
て,助詞,接続助詞,*,*,*,*,て,テ,テ
見る,動詞,自立,*,*,一段,基本形,見る,ミル,ミル
と,助詞,接続助詞,*,*,*,*,と,ト,ト
、,記号,読点,*,*,*,*,、,、,、
既に,副詞,一般,*,*,*,*,既に,スデニ,スデニ
虎,名詞,一般,*,*,*,*,虎,トラ,トラ
と,助詞,格助詞,一般,*,*,*,と,ト,ト
なっ,動詞,自立,*,*,五段・ラ行,連用タ接続,なる,ナッ,ナッ
て,助詞,接続助詞,*,*,*,*,て,テ,テ
い,動詞,非自立,*,*,一段,連用形,いる,イ,イ
た,助動詞,*,*,*,特殊・タ,基本形,た,タ,タ
。,記号,句点,*,*,*,*,。,。,。
自分,名詞,一般,*,*,*,*,自分,ジブン,ジブン
は,助詞,係助詞,*,*,*,*,は,ハ,ワ
初め,名詞,副詞可能,*,*,*,*,初め,ハジメ,ハジメ
眼,名詞,一般,*,*,*,*,眼,メ,メ
を,助詞,格助詞,一般,*,*,*,を,ヲ,ヲ
信じ,動詞,自立,*,*,一段,未然形,信じる,シンジ,シンジ
なかっ,助動詞,*,*,*,特殊・ナイ,連用タ接続,ない,ナカッ,ナカッ
た,助動詞,*,*,*,特殊・タ,基本形,た,タ,タ
。,記号,句点,*,*,*,*,。,。,。
次に,接続詞,*,*,*,*,*,次に,ツギニ,ツギニ
、,記号,読点,*,*,*,*,、,、,、
これ,名詞,代名詞,一般,*,*,*,これ,コレ,コレ
は,助詞,係助詞,*,*,*,*,は,ハ,ワ
夢,名詞,一般,*,*,*,*,夢,ユメ,ユメ
に,助詞,格助詞,一般,*,*,*,に,ニ,ニ
違い,名詞,ナイ形容詞語幹,*,*,*,*,違い,チガイ,チガイ
ない,助動詞,*,*,*,特殊・ナイ,基本形,ない,ナイ,ナイ
と,助詞,格助詞,引用,*,*,*,と,ト,ト
考え,動詞,自立,*,*,一段,連用形,考える,カンガエ,カンガエ
た,助動詞,*,*,*,特殊・タ,基本形,た,タ,タ
。,記号,句点,*,*,*,*,。,。,。
夢,名詞,一般,*,*,*,*,夢,ユメ,ユメ
の,助詞,連体化,*,*,*,*,の,ノ,ノ
中,名詞,非自立,副詞可能,*,*,*,中,ナカ,ナカ
で,助詞,格助詞,一般,*,*,*,で,デ,デ
、,記号,読点,*,*,*,*,、,、,、
これ,名詞,代名詞,一般,*,*,*,これ,コレ,コレ
は,助詞,係助詞,*,*,*,*,は,ハ,ワ
夢,名詞,一般,*,*,*,*,夢,ユメ,ユメ
だ,助動詞,*,*,*,特殊・ダ,基本形,だ,ダ,ダ
ぞ,助詞,終助詞,*,*,*,*,ぞ,ゾ,ゾ
と,助詞,格助詞,引用,*,*,*,と,ト,ト
知っ,動詞,自立,*,*,五段・ラ行,連用タ接続,知る,シッ,シッ
て,助詞,接続助詞,*,*,*,*,て,テ,テ
いる,動詞,非自立,*,*,一段,基本形,いる,イル,イル
よう,名詞,非自立,助動詞語幹,*,*,*,よう,ヨウ,ヨー
な,助動詞,*,*,*,特殊・ダ,体言接続,だ,ナ,ナ
夢,名詞,一般,*,*,*,*,夢,ユメ,ユメ
を,助詞,格助詞,一般,*,*,*,を,ヲ,ヲ
、,記号,読点,*,*,*,*,、,、,、
自分,名詞,一般,*,*,*,*,自分,ジブン,ジブン
は,助詞,係助詞,*,*,*,*,は,ハ,ワ
それ,名詞,代名詞,一般,*,*,*,それ,ソレ,ソレ
まで,助詞,副助詞,*,*,*,*,まで,マデ,マデ
に,助詞,格助詞,一般,*,*,*,に,ニ,ニ
見,動詞,自立,*,*,一段,連用形,見る,ミ,ミ
た,助動詞,*,*,*,特殊・タ,基本形,た,タ,タ
こと,名詞,非自立,一般,*,*,*,こと,コト,コト
が,助詞,格助詞,一般,*,*,*,が,ガ,ガ
あっ,動詞,自立,*,*,五段・ラ行,連用タ接続,ある,アッ,アッ
た,助動詞,*,*,*,特殊・タ,基本形,た,タ,タ
から,助詞,接続助詞,*,*,*,*,から,カラ,カラ
。,記号,句点,*,*,*,*,。,。,。
どうしても,副詞,一般,*,*,*,*,どうしても,ドウシテモ,ドーシテモ
夢,名詞,一般,*,*,*,*,夢,ユメ,ユメ
で,助動詞,*,*,*,特殊・ダ,連用形,だ,デ,デ
ない,助動詞,*,*,*,特殊・ナイ,基本形,ない,ナイ,ナイ
と,助詞,接続助詞,*,*,*,*,と,ト,ト
悟ら,動詞,自立,*,*,五段・ラ行,未然形,悟る,サトラ,サトラ
ね,助動詞,*,*,*,特殊・ヌ,仮定形,ぬ,ネ,ネ
ば,助詞,接続助詞,*,*,*,*,ば,バ,バ
なら,動詞,非自立,*,*,五段・ラ行,未然形,なる,ナラ,ナラ
なかっ,助動詞,*,*,*,特殊・ナイ,連用タ接続,ない,ナカッ,ナカッ
た,助動詞,*,*,*,特殊・タ,基本形,た,タ,タ
時,名詞,非自立,副詞可能,*,*,*,時,トキ,トキ
、,記号,読点,*,*,*,*,、,、,、
自分,名詞,一般,*,*,*,*,自分,ジブン,ジブン
は,助詞,係助詞,*,*,*,*,は,ハ,ワ
茫然,名詞,一般,*,*,*,*,茫然,ボウゼン,ボーゼン
と,助詞,格助詞,一般,*,*,*,と,ト,ト
し,動詞,自立,*,*,サ変・スル,連用形,する,シ,シ
た,助動詞,*,*,*,特殊・タ,基本形,た,タ,タ
。,記号,句点,*,*,*,*,。,。,。
そうして,接続詞,*,*,*,*,*,そうして,ソウシテ,ソーシテ
懼,名詞,一般,*,*,*,*,懼,懼,懼
れ,動詞,接尾,*,*,一段,連用形,れる,レ,レ
た,助動詞,*,*,*,特殊・タ,基本形,た,タ,タ
。,記号,句点,*,*,*,*,。,。,。
全く,副詞,助詞類接続,*,*,*,*,全く,マッタク,マッタク
、,記号,読点,*,*,*,*,、,、,、
どんな,連体詞,*,*,*,*,*,どんな,ドンナ,ドンナ
事,名詞,非自立,一般,*,*,*,事,コト,コト
で,助動詞,*,*,*,特殊・ダ,連用形,だ,デ,デ
も,助詞,係助詞,*,*,*,*,も,モ,モ
起り,動詞,自立,*,*,五段・ラ行,連用形,起る,オコリ,オコリ
得る,動詞,非自立,*,*,一段,基本形,得る,エル,エル
の,名詞,非自立,一般,*,*,*,の,ノ,ノ
だ,助動詞,*,*,*,特殊・ダ,基本形,だ,ダ,ダ
と,助詞,格助詞,引用,*,*,*,と,ト,ト
思う,動詞,自立,*,*,五段・ワ行ウ音便,連用タ接続,思う,オモウ,オモウ
て,助詞,接続助詞,*,*,*,*,て,テ,テ
、,記号,読点,*,*,*,*,、,、,、
深く,形容詞,自立,*,*,形容詞・アウオ段,連用テ接続,深い,フカク,フカク
懼,名詞,一般,*,*,*,*,懼,懼,懼
れ,動詞,接尾,*,*,一段,連用形,れる,レ,レ
た,助動詞,*,*,*,特殊・タ,基本形,た,タ,タ
。,記号,句点,*,*,*,*,。,。,。
しかし,接続詞,*,*,*,*,*,しかし,シカシ,シカシ
、,記号,読点,*,*,*,*,、,、,、
何故,副詞,助詞類接続,*,*,*,*,何故,ナゼ,ナゼ
こんな,連体詞,*,*,*,*,*,こんな,コンナ,コンナ
事,名詞,非自立,一般,*,*,*,事,コト,コト
に,助詞,格助詞,一般,*,*,*,に,ニ,ニ
なっ,動詞,自立,*,*,五段・ラ行,連用タ接続,なる,ナッ,ナッ
た,助動詞,*,*,*,特殊・タ,基本形,た,タ,タ
の,名詞,非自立,一般,*,*,*,の,ノ,ノ
だろ,助動詞,*,*,*,特殊・ダ,未然形,だ,ダロ,ダロ
う,助動詞,*,*,*,不変化型,基本形,う,ウ,ウ
。,記号,句点,*,*,*,*,。,。,。
分ら,動詞,自立,*,*,五段・ラ行,未然形,分る,ワカラ,ワカラ
ぬ,助動詞,*,*,*,特殊・ヌ,基本形,ぬ,ヌ,ヌ
。,記号,句点,*,*,*,*,。,。,。
全く,副詞,助詞類接続,*,*,*,*,全く,マッタク,マッタク
何事,名詞,一般,*,*,*,*,何事,ナニゴト,ナニゴト
も,助詞,係助詞,*,*,*,*,も,モ,モ
我々,名詞,代名詞,一般,*,*,*,我々,ワレワレ,ワレワレ
に,助詞,格助詞,一般,*,*,*,に,ニ,ニ
は,助詞,係助詞,*,*,*,*,は,ハ,ワ
判ら,動詞,自立,*,*,五段・ラ行,未然形,判る,ワカラ,ワカラ
ぬ,助動詞,*,*,*,特殊・ヌ,基本形,ぬ,ヌ,ヌ
。,記号,句点,*,*,*,*,。,。,。
理由,名詞,一般,*,*,*,*,理由,リユウ,リユー
も,助詞,係助詞,*,*,*,*,も,モ,モ
分ら,動詞,自立,*,*,五段・ラ行,未然形,分る,ワカラ,ワカラ
ず,助動詞,*,*,*,特殊・ヌ,連用ニ接続,ぬ,ズ,ズ
に,助詞,格助詞,一般,*,*,*,に,ニ,ニ
押付け,動詞,自立,*,*,一段,未然形,押付ける,オシツケ,オシツケ
られ,動詞,接尾,*,*,一段,連用形,られる,ラレ,ラレ
た,助動詞,*,*,*,特殊・タ,基本形,た,タ,タ
もの,名詞,非自立,一般,*,*,*,もの,モノ,モノ
を,助詞,格助詞,一般,*,*,*,を,ヲ,ヲ
大人しく,形容詞,自立,*,*,形容詞・イ段,連用テ接続,大人しい,オトナシク,オトナシク
受取っ,動詞,自立,*,*,五段・ラ行,連用タ接続,受取る,ウケトッ,ウケトッ
て,助詞,接続助詞,*,*,*,*,て,テ,テ
、,記号,読点,*,*,*,*,、,、,、
理由,名詞,一般,*,*,*,*,理由,リユウ,リユー
も,助詞,係助詞,*,*,*,*,も,モ,モ
分ら,動詞,自立,*,*,五段・ラ行,未然形,分る,ワカラ,ワカラ
ず,助動詞,*,*,*,特殊・ヌ,連用ニ接続,ぬ,ズ,ズ
に,助詞,格助詞,一般,*,*,*,に,ニ,ニ
生き,動詞,自立,*,*,一段,連用形,生きる,イキ,イキ
て,助詞,接続助詞,*,*,*,*,て,テ,テ
行く,動詞,非自立,*,*,五段・カ行促音便,基本形,行く,イク,イク
の,名詞,非自立,一般,*,*,*,の,ノ,ノ
が,助詞,格助詞,一般,*,*,*,が,ガ,ガ
、,記号,読点,*,*,*,*,、,、,、
我々,名詞,代名詞,一般,*,*,*,我々,ワレワレ,ワレワレ
生きもの,名詞,一般,*,*,*,*,生きもの,イキモノ,イキモノ
の,助詞,連体化,*,*,*,*,の,ノ,ノ
さだめ,動詞,自立,*,*,一段,連用形,さだめる,サダメ,サダメ
だ,助動詞,*,*,*,特殊・ダ,基本形,だ,ダ,ダ
。,記号,句点,*,*,*,*,。,。,。
自分,名詞,一般,*,*,*,*,自分,ジブン,ジブン
は,助詞,係助詞,*,*,*,*,は,ハ,ワ
直ぐ,副詞,助詞類接続,*,*,*,*,直ぐ,スグ,スグ
に,助詞,副詞化,*,*,*,*,に,ニ,ニ
死,名詞,一般,*,*,*,*,死,シ,シ
を,助詞,格助詞,一般,*,*,*,を,ヲ,ヲ
想う,動詞,自立,*,*,五段・ワ行ウ音便,連用タ接続,想う,オモウ,オモウ
た,助動詞,*,*,*,特殊・タ,基本形,た,タ,タ
。,記号,句点,*,*,*,*,。,。,。
しかし,接続詞,*,*,*,*,*,しかし,シカシ,シカシ
、,記号,読点,*,*,*,*,、,、,、
その,連体詞,*,*,*,*,*,その,ソノ,ソノ
時,名詞,非自立,副詞可能,*,*,*,時,トキ,トキ
、,記号,読点,*,*,*,*,、,、,、
眼,名詞,一般,*,*,*,*,眼,メ,メ
の,助詞,連体化,*,*,*,*,の,ノ,ノ
前,名詞,副詞可能,*,*,*,*,前,マエ,マエ
を,助詞,格助詞,一般,*,*,*,を,ヲ,ヲ
一,名詞,数,*,*,*,*,一,イチ,イチ
匹,名詞,接尾,助数詞,*,*,*,匹,ヒキ,ヒキ
の,助詞,連体化,*,*,*,*,の,ノ,ノ
兎,名詞,一般,*,*,*,*,兎,ウサギ,ウサギ
が,助詞,格助詞,一般,*,*,*,が,ガ,ガ
駈け,動詞,自立,*,*,一段,連用形,駈ける,カケ,カケ
過ぎる,動詞,非自立,*,*,一段,基本形,過ぎる,スギル,スギル
の,名詞,非自立,一般,*,*,*,の,ノ,ノ
を,助詞,格助詞,一般,*,*,*,を,ヲ,ヲ
見,動詞,自立,*,*,一段,連用形,見る,ミ,ミ
た,助動詞,*,*,*,特殊・タ,基本形,た,タ,タ
途端,名詞,非自立,副詞可能,*,*,*,途端,トタン,トタン
に,助詞,格助詞,一般,*,*,*,に,ニ,ニ
、,記号,読点,*,*,*,*,、,、,、
自分,名詞,一般,*,*,*,*,自分,ジブン,ジブン
の,助詞,連体化,*,*,*,*,の,ノ,ノ
中,名詞,非自立,副詞可能,*,*,*,中,ナカ,ナカ
の,助詞,連体化,*,*,*,*,の,ノ,ノ
人間,名詞,一般,*,*,*,*,人間,ニンゲン,ニンゲン
は,助詞,係助詞,*,*,*,*,は,ハ,ワ
忽ち,副詞,一般,*,*,*,*,忽ち,タチマチ,タチマチ
姿,名詞,一般,*,*,*,*,姿,スガタ,スガタ
を,助詞,格助詞,一般,*,*,*,を,ヲ,ヲ
消し,動詞,自立,*,*,五段・サ行,連用形,消す,ケシ,ケシ
た,助動詞,*,*,*,特殊・タ,基本形,た,タ,タ
。,記号,句点,*,*,*,*,。,。,。
再び,副詞,助詞類接続,*,*,*,*,再び,フタタビ,フタタビ
自分,名詞,一般,*,*,*,*,自分,ジブン,ジブン
の,助詞,連体化,*,*,*,*,の,ノ,ノ
中,名詞,非自立,副詞可能,*,*,*,中,ナカ,ナカ
の,助詞,連体化,*,*,*,*,の,ノ,ノ
人間,名詞,一般,*,*,*,*,人間,ニンゲン,ニンゲン
が,助詞,格助詞,一般,*,*,*,が,ガ,ガ
目,名詞,一般,*,*,*,*,目,メ,メ
を,助詞,格助詞,一般,*,*,*,を,ヲ,ヲ
覚まし,動詞,自立,*,*,五段・サ行,連用形,覚ます,サマシ,サマシ
た,助動詞,*,*,*,特殊・タ,基本形,た,タ,タ
時,名詞,非自立,副詞可能,*,*,*,時,トキ,トキ
、,記号,読点,*,*,*,*,、,、,、
自分,名詞,一般,*,*,*,*,自分,ジブン,ジブン
の,助詞,連体化,*,*,*,*,の,ノ,ノ
口,名詞,一般,*,*,*,*,口,クチ,クチ
は,助詞,係助詞,*,*,*,*,は,ハ,ワ
兎,名詞,一般,*,*,*,*,兎,ウサギ,ウサギ
の,助詞,連体化,*,*,*,*,の,ノ,ノ
血,名詞,一般,*,*,*,*,血,チ,チ
に,助詞,格助詞,一般,*,*,*,に,ニ,ニ
塗れ,動詞,自立,*,*,一段,連用形,塗れる,マミレ,マミレ
、,記号,読点,*,*,*,*,、,、,、
あたり,名詞,一般,*,*,*,*,あたり,アタリ,アタリ
に,助詞,格助詞,一般,*,*,*,に,ニ,ニ
は,助詞,係助詞,*,*,*,*,は,ハ,ワ
兎の毛,名詞,一般,*,*,*,*,兎の毛,ウノケ,ウノケ
が,助詞,格助詞,一般,*,*,*,が,ガ,ガ
散らばっ,動詞,自立,*,*,五段・ラ行,連用タ接続,散らばる,チラバッ,チラバッ
て,助詞,接続助詞,*,*,*,*,て,テ,テ
い,動詞,非自立,*,*,一段,連用形,いる,イ,イ
た,助動詞,*,*,*,特殊・タ,基本形,た,タ,タ
。,記号,句点,*,*,*,*,。,。,。
これ,名詞,代名詞,一般,*,*,*,これ,コレ,コレ
が,助詞,格助詞,一般,*,*,*,が,ガ,ガ
虎,名詞,一般,*,*,*,*,虎,トラ,トラ
として,助詞,格助詞,連語,*,*,*,として,トシテ,トシテ
の,助詞,連体化,*,*,*,*,の,ノ,ノ
最初,名詞,一般,*,*,*,*,最初,サイショ,サイショ
の,助詞,連体化,*,*,*,*,の,ノ,ノ
経験,名詞,サ変接続,*,*,*,*,経験,ケイケン,ケイケン
で,助動詞,*,*,*,特殊・ダ,連用形,だ,デ,デ
あっ,助動詞,*,*,*,五段・ラ行アル,連用タ接続,ある,アッ,アッ
た,助動詞,*,*,*,特殊・タ,基本形,た,タ,タ
。,記号,句点,*,*,*,*,。,。,。
それ,名詞,代名詞,一般,*,*,*,それ,ソレ,ソレ
以来,名詞,副詞可能,*,*,*,*,以来,イライ,イライ
今,名詞,副詞可能,*,*,*,*,今,イマ,イマ
まで,助詞,副助詞,*,*,*,*,まで,マデ,マデ
に,助詞,格助詞,一般,*,*,*,に,ニ,ニ
どんな,連体詞,*,*,*,*,*,どんな,ドンナ,ドンナ
所行,名詞,一般,*,*,*,*,所行,ショギョウ,ショギョー
を,助詞,格助詞,一般,*,*,*,を,ヲ,ヲ
し,動詞,自立,*,*,サ変・スル,連用形,する,シ,シ
続け,動詞,非自立,*,*,一段,連用形,続ける,ツヅケ,ツズケ
て,助詞,接続助詞,*,*,*,*,て,テ,テ
来,動詞,非自立,*,*,カ変・来ル,連用形,来る,キ,キ
た,助動詞,*,*,*,特殊・タ,基本形,た,タ,タ
か,助詞,副助詞／並立助詞／終助詞,*,*,*,*,か,カ,カ
、,記号,読点,*,*,*,*,、,、,、
それ,名詞,代名詞,一般,*,*,*,それ,ソレ,ソレ
は,助詞,係助詞,*,*,*,*,は,ハ,ワ
到底,副詞,一般,*,*,*,*,到底,トウテイ,トーテイ
語る,動詞,自立,*,*,五段・ラ行,基本形,語る,カタル,カタル
に,助詞,格助詞,一般,*,*,*,に,ニ,ニ
忍び,名詞,一般,*,*,*,*,忍び,シノビ,シノビ
ない,形容詞,自立,*,*,形容詞・アウオ段,基本形,ない,ナイ,ナイ
。,記号,句点,*,*,*,*,。,。,。
ただ,接続詞,*,*,*,*,*,ただ,タダ,タダ
、,記号,読点,*,*,*,*,、,、,、
一,名詞,数,*,*,*,*,一,イチ,イチ
日,名詞,接尾,助数詞,*,*,*,日,ニチ,ニチ
の,助詞,連体化,*,*,*,*,の,ノ,ノ
中,名詞,非自立,副詞可能,*,*,*,中,ナカ,ナカ
に,助詞,格助詞,一般,*,*,*,に,ニ,ニ
必ず,副詞,助詞類接続,*,*,*,*,必ず,カナラズ,カナラズ
数,名詞,数,*,*,*,*,数,スウ,スー
時間,名詞,接尾,助数詞,*,*,*,時間,ジカン,ジカン
は,助詞,係助詞,*,*,*,*,は,ハ,ワ
、,記号,読点,*,*,*,*,、,、,、
人間,名詞,一般,*,*,*,*,人間,ニンゲン,ニンゲン
の,助詞,連体化,*,*,*,*,の,ノ,ノ
心,名詞,一般,*,*,*,*,心,ココロ,ココロ
が,助詞,格助詞,一般,*,*,*,が,ガ,ガ
還っ,動詞,自立,*,*,五段・ラ行,連用タ接続,還る,カエッ,カエッ
て,助詞,接続助詞,*,*,*,*,て,テ,テ
来る,動詞,非自立,*,*,カ変・来ル,基本形,来る,クル,クル
。,記号,句点,*,*,*,*,。,。,。
そういう,連体詞,*,*,*,*,*,そういう,ソウイウ,ソーユウ
時,名詞,非自立,副詞可能,*,*,*,時,トキ,トキ
に,助詞,格助詞,一般,*,*,*,に,ニ,ニ
は,助詞,係助詞,*,*,*,*,は,ハ,ワ
、,記号,読点,*,*,*,*,、,、,、
曾,名詞,一般,*,*,*,*,曾,曾,曾
て,助詞,格助詞,連語,*,*,*,て,テ,テ
の,助詞,連体化,*,*,*,*,の,ノ,ノ
日,名詞,非自立,副詞可能,*,*,*,日,ヒ,ヒ
と,助詞,格助詞,一般,*,*,*,と,ト,ト
同じく,副詞,一般,*,*,*,*,同じく,オナジク,オナジク
、,記号,読点,*,*,*,*,、,、,、
人語,名詞,一般,*,*,*,*,人語,ジンゴ,ジンゴ
も,助詞,係助詞,*,*,*,*,も,モ,モ
操れれ,動詞,自立,*,*,一段,仮定形,操れる,アヤツレレ,アヤツレレ
ば,助詞,接続助詞,*,*,*,*,ば,バ,バ
、,記号,読点,*,*,*,*,、,、,、
複雑,名詞,形容動詞語幹,*,*,*,*,複雑,フクザツ,フクザツ
な,助動詞,*,*,*,特殊・ダ,体言接続,だ,ナ,ナ
思考,名詞,サ変接続,*,*,*,*,思考,シコウ,シコー
に,助詞,格助詞,一般,*,*,*,に,ニ,ニ
も,助詞,係助詞,*,*,*,*,も,モ,モ
堪え,動詞,自立,*,*,一段,連用形,堪える,コタエ,コタエ
得る,動詞,非自立,*,*,一段,基本形,得る,エル,エル
し,助詞,接続助詞,*,*,*,*,し,シ,シ
、,記号,読点,*,*,*,*,、,、,、
経書,名詞,一般,*,*,*,*,経書,ケイショ,ケイショ
の,助詞,連体化,*,*,*,*,の,ノ,ノ
章句,名詞,一般,*,*,*,*,章句,ショウク,ショーク
を,助詞,格助詞,一般,*,*,*,を,ヲ,ヲ
誦,名詞,一般,*,*,*,*,誦,誦,誦
ん,助詞,格助詞,一般,*,*,*,ん,ン,ン
ずる,動詞,自立,*,*,五段・ラ行,基本形,ずる,ズル,ズル
こと,名詞,非自立,一般,*,*,*,こと,コト,コト
も,助詞,係助詞,*,*,*,*,も,モ,モ
出来る,動詞,自立,*,*,一段,基本形,出来る,デキル,デキル
。,記号,句点,*,*,*,*,。,。,。
その,連体詞,*,*,*,*,*,その,ソノ,ソノ
人間,名詞,一般,*,*,*,*,人間,ニンゲン,ニンゲン
の,助詞,連体化,*,*,*,*,の,ノ,ノ
心,名詞,一般,*,*,*,*,心,ココロ,ココロ
で,助詞,格助詞,一般,*,*,*,で,デ,デ
、,記号,読点,*,*,*,*,、,、,、
虎,名詞,一般,*,*,*,*,虎,トラ,トラ
として,助詞,格助詞,連語,*,*,*,として,トシテ,トシテ
の,助詞,連体化,*,*,*,*,の,ノ,ノ
己,名詞,代名詞,一般,*,*,*,己,オノレ,オノレ
の,助詞,連体化,*,*,*,*,の,ノ,ノ
残虐,名詞,形容動詞語幹,*,*,*,*,残虐,ザンギャク,ザンギャク
な,助動詞,*,*,*,特殊・ダ,体言接続,だ,ナ,ナ
行,名詞,一般,*,*,*,*,行,クダリ,クダリ
の,助詞,連体化,*,*,*,*,の,ノ,ノ
あと,名詞,一般,*,*,*,*,あと,アト,アト
を,助詞,格助詞,一般,*,*,*,を,ヲ,ヲ
見,動詞,自立,*,*,一段,連用形,見る,ミ,ミ
、,記号,読点,*,*,*,*,、,、,、
己,名詞,代名詞,一般,*,*,*,己,オノレ,オノレ
の,助詞,連体化,*,*,*,*,の,ノ,ノ
運命,名詞,一般,*,*,*,*,運命,ウンメイ,ウンメイ
を,助詞,格助詞,一般,*,*,*,を,ヲ,ヲ
ふりかえる,動詞,自立,*,*,一段,基本形,ふりかえる,フリカエル,フリカエル
時,名詞,非自立,副詞可能,*,*,*,時,トキ,トキ
が,助詞,格助詞,一般,*,*,*,が,ガ,ガ
、,記号,読点,*,*,*,*,、,、,、
最も,副詞,一般,*,*,*,*,最も,モットモ,モットモ
情なく,形容詞,自立,*,*,形容詞・アウオ段,連用テ接続,情ない,ナサケナク,ナサケナク
、,記号,読点,*,*,*,*,、,、,、
恐,動詞,自立,*,*,一段,連用形,恐る,オソレ,オソレ
しく,動詞,自立,*,*,五段・カ行イ音便,基本形,しく,シク,シク
、,記号,読点,*,*,*,*,、,、,、
憤ろ,動詞,自立,*,*,五段・ラ行,未然ウ接続,憤る,イキドオロ,イキドーロ
し,助動詞,*,*,*,文語・キ,体言接続,き,シ,シ
い,名詞,一般,*,*,*,*,い,イ,イ
。,記号,句点,*,*,*,*,。,。,。
しかし,接続詞,*,*,*,*,*,しかし,シカシ,シカシ
、,記号,読点,*,*,*,*,、,、,、
その,連体詞,*,*,*,*,*,その,ソノ,ソノ
、,記号,読点,*,*,*,*,、,、,、
人間,名詞,一般,*,*,*,*,人間,ニンゲン,ニンゲン
に,助詞,格助詞,一般,*,*,*,に,ニ,ニ
かえる,動詞,自立,*,*,一段,基本形,かえる,カエル,カエル
数,名詞,数,*,*,*,*,数,スウ,スー
時間,名詞,接尾,助数詞,*,*,*,時間,ジカン,ジカン
も,助詞,係助詞,*,*,*,*,も,モ,モ
、,記号,読点,*,*,*,*,、,、,、
日,名詞,一般,*,*,*,*,日,ヒ,ヒ
を,助詞,格助詞,一般,*,*,*,を,ヲ,ヲ
経る,動詞,自立,*,*,一段,基本形,経る,ヘル,ヘル
に従って,助詞,格助詞,連語,*,*,*,に従って,ニシタガッテ,ニシタガッテ
次第に,副詞,一般,*,*,*,*,次第に,シダイニ,シダイニ
短く,形容詞,自立,*,*,形容詞・アウオ段,連用テ接続,短い,ミジカク,ミジカク
なっ,動詞,自立,*,*,五段・ラ行,連用タ接続,なる,ナッ,ナッ
て,助詞,接続助詞,*,*,*,*,て,テ,テ
行く,動詞,非自立,*,*,五段・カ行促音便,基本形,行く,イク,イク
。,記号,句点,*,*,*,*,。,。,。
今,名詞,副詞可能,*,*,*,*,今,イマ,イマ
まで,助詞,副助詞,*,*,*,*,まで,マデ,マデ
は,助詞,係助詞,*,*,*,*,は,ハ,ワ
、,記号,読点,*,*,*,*,、,、,、
どうして,副詞,一般,*,*,*,*,どうして,ドウシテ,ドーシテ
虎,名詞,一般,*,*,*,*,虎,トラ,トラ
など,助詞,副助詞,*,*,*,*,など,ナド,ナド
に,助詞,格助詞,一般,*,*,*,に,ニ,ニ
なっ,動詞,自立,*,*,五段・ラ行,連用タ接続,なる,ナッ,ナッ
た,助動詞,*,*,*,特殊・タ,基本形,た,タ,タ
か,助詞,副助詞／並立助詞／終助詞,*,*,*,*,か,カ,カ
と,助詞,格助詞,引用,*,*,*,と,ト,ト
怪しん,動詞,自立,*,*,五段・マ行,連用タ接続,怪しむ,アヤシン,アヤシン
で,助詞,接続助詞,*,*,*,*,で,デ,デ
い,動詞,非自立,*,*,一段,連用形,いる,イ,イ
た,助動詞,*,*,*,特殊・タ,基本形,た,タ,タ
のに,助詞,接続助詞,*,*,*,*,のに,ノニ,ノニ
、,記号,読点,*,*,*,*,、,、,、
この間,名詞,副詞可能,*,*,*,*,この間,コノカン,コノカン
ひょいと,副詞,一般,*,*,*,*,ひょいと,ヒョイト,ヒョイト
気,名詞,一般,*,*,*,*,気,キ,キ
が,助詞,格助詞,一般,*,*,*,が,ガ,ガ
付い,動詞,自立,*,*,五段・カ行イ音便,連用タ接続,付く,ツイ,ツイ
て,助詞,接続助詞,*,*,*,*,て,テ,テ
見,動詞,自立,*,*,一段,連用形,見る,ミ,ミ
たら,助動詞,*,*,*,特殊・タ,仮定形,た,タラ,タラ
、,記号,読点,*,*,*,*,、,、,、
己,名詞,代名詞,一般,*,*,*,己,オノレ,オノレ
は,助詞,係助詞,*,*,*,*,は,ハ,ワ
どうして,副詞,一般,*,*,*,*,どうして,ドウシテ,ドーシテ
以前,名詞,副詞可能,*,*,*,*,以前,イゼン,イゼン
、,記号,読点,*,*,*,*,、,、,、
人間,名詞,一般,*,*,*,*,人間,ニンゲン,ニンゲン
だっ,助動詞,*,*,*,特殊・ダ,連用タ接続,だ,ダッ,ダッ
た,助動詞,*,*,*,特殊・タ,基本形,た,タ,タ
の,名詞,非自立,一般,*,*,*,の,ノ,ノ
か,助詞,副助詞／並立助詞／終助詞,*,*,*,*,か,カ,カ
と,助詞,格助詞,引用,*,*,*,と,ト,ト
考え,動詞,自立,*,*,一段,連用形,考える,カンガエ,カンガエ
て,助詞,接続助詞,*,*,*,*,て,テ,テ
い,動詞,非自立,*,*,一段,連用形,いる,イ,イ
た,助動詞,*,*,*,特殊・タ,基本形,た,タ,タ
。,記号,句点,*,*,*,*,。,。,。
これ,名詞,代名詞,一般,*,*,*,これ,コレ,コレ
は,助詞,係助詞,*,*,*,*,は,ハ,ワ
恐し,形容詞,自立,*,*,形容詞・アウオ段,文語基本形,恐い,コワシ,コワシ
い,動詞,非自立,*,*,一段,連用形,いる,イ,イ
こと,名詞,非自立,一般,*,*,*,こと,コト,コト
だ,助動詞,*,*,*,特殊・ダ,基本形,だ,ダ,ダ
。,記号,句点,*,*,*,*,。,。,。
今,名詞,副詞可能,*,*,*,*,今,イマ,イマ
少し,副詞,助詞類接続,*,*,*,*,少し,スコシ,スコシ
経て,動詞,自立,*,*,五段・タ行,仮定形,経つ,タテ,タテ
ば,助詞,接続助詞,*,*,*,*,ば,バ,バ
、,記号,読点,*,*,*,*,、,、,、
己,名詞,代名詞,一般,*,*,*,己,オノレ,オノレ
の,助詞,連体化,*,*,*,*,の,ノ,ノ
中,名詞,非自立,副詞可能,*,*,*,中,ナカ,ナカ
の,助詞,連体化,*,*,*,*,の,ノ,ノ
人間,名詞,一般,*,*,*,*,人間,ニンゲン,ニンゲン
の,助詞,連体化,*,*,*,*,の,ノ,ノ
心,名詞,一般,*,*,*,*,心,ココロ,ココロ
は,助詞,係助詞,*,*,*,*,は,ハ,ワ
、,記号,読点,*,*,*,*,、,、,、
獣,名詞,一般,*,*,*,*,獣,シシ,シシ
として,助詞,格助詞,連語,*,*,*,として,トシテ,トシテ
の,助詞,連体化,*,*,*,*,の,ノ,ノ
習慣,名詞,一般,*,*,*,*,習慣,シュウカン,シューカン
の,助詞,連体化,*,*,*,*,の,ノ,ノ
中,名詞,非自立,副詞可能,*,*,*,中,ナカ,ナカ
に,助詞,格助詞,一般,*,*,*,に,ニ,ニ
すっかり,副詞,一般,*,*,*,*,すっかり,スッカリ,スッカリ
埋れ,動詞,自立,*,*,一段,連用形,埋れる,ウモレ,ウモレ
て,助詞,接続助詞,*,*,*,*,て,テ,テ
消え,動詞,自立,*,*,一段,連用形,消える,キエ,キエ
て,助詞,接続助詞,*,*,*,*,て,テ,テ
了,名詞,固有名詞,人名,名,*,*,了,リョウ,リョー
うだろ,動詞,自立,*,*,五段・ラ行,未然ウ接続,うだる,ウダロ,ウダロ
う,助動詞,*,*,*,不変化型,基本形,う,ウ,ウ
。,記号,句点,*,*,*,*,。,。,。
ちょうど,副詞,一般,*,*,*,*,ちょうど,チョウド,チョード
、,記号,読点,*,*,*,*,、,、,、
古い,形容詞,自立,*,*,形容詞・アウオ段,基本形,古い,フルイ,フルイ
宮殿,名詞,一般,*,*,*,*,宮殿,キュウデン,キューデン
の,助詞,連体化,*,*,*,*,の,ノ,ノ
礎,名詞,一般,*,*,*,*,礎,イシズエ,イシズエ
が,助詞,格助詞,一般,*,*,*,が,ガ,ガ
次第に,副詞,一般,*,*,*,*,次第に,シダイニ,シダイニ
土砂,名詞,一般,*,*,*,*,土砂,ドシャ,ドシャ
に,助詞,格助詞,一般,*,*,*,に,ニ,ニ
埋没,名詞,サ変接続,*,*,*,*,埋没,マイボツ,マイボツ
する,動詞,自立,*,*,サ変・スル,基本形,する,スル,スル
よう,名詞,非自立,助動詞語幹,*,*,*,よう,ヨウ,ヨー
に,助詞,格助詞,一般,*,*,*,に,ニ,ニ
。,記号,句点,*,*,*,*,。,。,。
そう,副詞,助詞類接続,*,*,*,*,そう,ソウ,ソー
すれ,動詞,自立,*,*,サ変・スル,仮定形,する,スレ,スレ
ば,助詞,接続助詞,*,*,*,*,ば,バ,バ
、,記号,読点,*,*,*,*,、,、,、
しまいに,副詞,助詞類接続,*,*,*,*,しまいに,シマイニ,シマイニ
己,名詞,代名詞,一般,*,*,*,己,オノレ,オノレ
は,助詞,係助詞,*,*,*,*,は,ハ,ワ
自分,名詞,一般,*,*,*,*,自分,ジブン,ジブン
の,助詞,連体化,*,*,*,*,の,ノ,ノ
過去,名詞,副詞可能,*,*,*,*,過去,カコ,カコ
を,助詞,格助詞,一般,*,*,*,を,ヲ,ヲ
忘れ,動詞,自立,*,*,一段,連用形,忘れる,ワスレ,ワスレ
果て,動詞,自立,*,*,一段,連用形,果てる,ハテ,ハテ
、,記号,読点,*,*,*,*,、,、,、
一,名詞,数,*,*,*,*,一,イチ,イチ
匹,名詞,接尾,助数詞,*,*,*,匹,ヒキ,ヒキ
の,助詞,連体化,*,*,*,*,の,ノ,ノ
虎,名詞,一般,*,*,*,*,虎,トラ,トラ
として,助詞,格助詞,連語,*,*,*,として,トシテ,トシテ
狂い,名詞,一般,*,*,*,*,狂い,クルイ,クルイ
廻り,動詞,自立,*,*,五段・ラ行,連用形,廻る,マワリ,マワリ
、,記号,読点,*,*,*,*,、,、,、
今日,名詞,副詞可能,*,*,*,*,今日,キョウ,キョー
の,助詞,連体化,*,*,*,*,の,ノ,ノ
よう,名詞,非自立,助動詞語幹,*,*,*,よう,ヨウ,ヨー
に,助詞,副詞化,*,*,*,*,に,ニ,ニ
途,名詞,一般,*,*,*,*,途,ト,ト
で,助詞,格助詞,一般,*,*,*,で,デ,デ
君,名詞,代名詞,一般,*,*,*,君,キミ,キミ
と,助詞,格助詞,一般,*,*,*,と,ト,ト
出会っ,動詞,自立,*,*,五段・ワ行促音便,連用タ接続,出会う,デアッ,デアッ
て,助詞,接続助詞,*,*,*,*,て,テ,テ
も,助詞,係助詞,*,*,*,*,も,モ,モ
故人,名詞,一般,*,*,*,*,故人,コジン,コジン
と,助詞,格助詞,引用,*,*,*,と,ト,ト
認める,動詞,自立,*,*,一段,基本形,認める,ミトメル,ミトメル
こと,名詞,非自立,一般,*,*,*,こと,コト,コト
なく,形容詞,自立,*,*,形容詞・アウオ段,連用テ接続,ない,ナク,ナク
、,記号,読点,*,*,*,*,、,、,、
君,名詞,代名詞,一般,*,*,*,君,キミ,キミ
を,助詞,格助詞,一般,*,*,*,を,ヲ,ヲ
裂き,動詞,自立,*,*,五段・カ行イ音便,連用形,裂く,サキ,サキ
喰う,動詞,自立,*,*,五段・ワ行促音便,基本形,喰う,クウ,クウ
て,助詞,接続助詞,*,*,*,*,て,テ,テ
何,名詞,代名詞,一般,*,*,*,何,ナニ,ナニ
の,助詞,連体化,*,*,*,*,の,ノ,ノ
悔,名詞,一般,*,*,*,*,悔,悔,悔
も,助詞,係助詞,*,*,*,*,も,モ,モ
感じ,動詞,自立,*,*,一段,未然形,感じる,カンジ,カンジ
ない,助動詞,*,*,*,特殊・ナイ,基本形,ない,ナイ,ナイ
だろ,助動詞,*,*,*,特殊・ダ,未然形,だ,ダロ,ダロ
う,助動詞,*,*,*,不変化型,基本形,う,ウ,ウ
。,記号,句点,*,*,*,*,。,。,。
一体,名詞,一般,*,*,*,*,一体,イッタイ,イッタイ
、,記号,読点,*,*,*,*,、,、,、
獣,名詞,一般,*,*,*,*,獣,シシ,シシ
で,助詞,格助詞,一般,*,*,*,で,デ,デ
も,助詞,係助詞,*,*,*,*,も,モ,モ
人間,名詞,一般,*,*,*,*,人間,ニンゲン,ニンゲン
で,助詞,格助詞,一般,*,*,*,で,デ,デ
も,助詞,係助詞,*,*,*,*,も,モ,モ
、,記号,読点,*,*,*,*,、,、,、
もと,名詞,一般,*,*,*,*,もと,モト,モト
は,助詞,係助詞,*,*,*,*,は,ハ,ワ
何,名詞,代名詞,一般,*,*,*,何,ナニ,ナニ
か,助詞,副助詞／並立助詞／終助詞,*,*,*,*,か,カ,カ
他,名詞,一般,*,*,*,*,他,タ,タ
の,助詞,連体化,*,*,*,*,の,ノ,ノ
もの,名詞,非自立,一般,*,*,*,もの,モノ,モノ
だっ,助動詞,*,*,*,特殊・ダ,連用タ接続,だ,ダッ,ダッ
た,助動詞,*,*,*,特殊・タ,基本形,た,タ,タ
ん,名詞,非自立,一般,*,*,*,ん,ン,ン
だろ,助動詞,*,*,*,特殊・ダ,未然形,だ,ダロ,ダロ
う,助動詞,*,*,*,不変化型,基本形,う,ウ,ウ
。,記号,句点,*,*,*,*,。,。,。
初め,名詞,副詞可能,*,*,*,*,初め,ハジメ,ハジメ
は,助詞,係助詞,*,*,*,*,は,ハ,ワ
それ,名詞,代名詞,一般,*,*,*,それ,ソレ,ソレ
を,助詞,格助詞,一般,*,*,*,を,ヲ,ヲ
憶え,動詞,自立,*,*,一段,連用形,憶える,オボエ,オボエ
て,助詞,接続助詞,*,*,*,*,て,テ,テ
いる,動詞,非自立,*,*,一段,基本形,いる,イル,イル
が,助詞,接続助詞,*,*,*,*,が,ガ,ガ
、,記号,読点,*,*,*,*,、,、,、
次第に,副詞,一般,*,*,*,*,次第に,シダイニ,シダイニ
忘れ,動詞,自立,*,*,一段,連用形,忘れる,ワスレ,ワスレ
て,助詞,接続助詞,*,*,*,*,て,テ,テ
了,名詞,固有名詞,人名,名,*,*,了,リョウ,リョー
い,動詞,自立,*,*,一段,連用形,いる,イ,イ
、,記号,読点,*,*,*,*,、,、,、
初め,名詞,副詞可能,*,*,*,*,初め,ハジメ,ハジメ
から,助詞,格助詞,一般,*,*,*,から,カラ,カラ
今,名詞,副詞可能,*,*,*,*,今,イマ,イマ
の,助詞,連体化,*,*,*,*,の,ノ,ノ
形,名詞,一般,*,*,*,*,形,カタチ,カタチ
の,助詞,連体化,*,*,*,*,の,ノ,ノ
もの,名詞,非自立,一般,*,*,*,もの,モノ,モノ
だっ,助動詞,*,*,*,特殊・ダ,連用タ接続,だ,ダッ,ダッ
た,助動詞,*,*,*,特殊・タ,基本形,た,タ,タ
と,助詞,格助詞,引用,*,*,*,と,ト,ト
思い込ん,動詞,自立,*,*,五段・マ行,連用タ接続,思い込む,オモイコン,オモイコン
で,助詞,接続助詞,*,*,*,*,で,デ,デ
いる,動詞,非自立,*,*,一段,基本形,いる,イル,イル
の,名詞,非自立,一般,*,*,*,の,ノ,ノ
で,助動詞,*,*,*,特殊・ダ,連用形,だ,デ,デ
は,助詞,係助詞,*,*,*,*,は,ハ,ワ
ない,助動詞,*,*,*,特殊・ナイ,基本形,ない,ナイ,ナイ
か,助詞,副助詞／並立助詞／終助詞,*,*,*,*,か,カ,カ
？,記号,一般,*,*,*,*,？,？,？
 ,記号,空白,*,*,*,*, , , 
いや,接続詞,*,*,*,*,*,いや,イヤ,イヤ
、,記号,読点,*,*,*,*,、,、,、
そんな,連体詞,*,*,*,*,*,そんな,ソンナ,ソンナ
事,名詞,非自立,一般,*,*,*,事,コト,コト
は,助詞,係助詞,*,*,*,*,は,ハ,ワ
どう,副詞,助詞類接続,*,*,*,*,どう,ドウ,ドー
でも,助詞,副助詞,*,*,*,*,でも,デモ,デモ
いい,形容詞,自立,*,*,形容詞・イイ,基本形,いい,イイ,イイ
。,記号,句点,*,*,*,*,。,。,。
己,名詞,代名詞,一般,*,*,*,己,オノレ,オノレ
の,助詞,連体化,*,*,*,*,の,ノ,ノ
中,名詞,非自立,副詞可能,*,*,*,中,ナカ,ナカ
の,助詞,連体化,*,*,*,*,の,ノ,ノ
人間,名詞,一般,*,*,*,*,人間,ニンゲン,ニンゲン
の,助詞,連体化,*,*,*,*,の,ノ,ノ
心,名詞,一般,*,*,*,*,心,ココロ,ココロ
が,助詞,格助詞,一般,*,*,*,が,ガ,ガ
すっかり,副詞,一般,*,*,*,*,すっかり,スッカリ,スッカリ
消え,動詞,自立,*,*,一段,連用形,消える,キエ,キエ
て,助詞,接続助詞,*,*,*,*,て,テ,テ
了,名詞,固有名詞,人名,名,*,*,了,リョウ,リョー
え,フィラー,*,*,*,*,*,え,エ,エ
ば,助詞,接続助詞,*,*,*,*,ば,バ,バ
、,記号,読点,*,*,*,*,、,、,、
恐らく,副詞,一般,*,*,*,*,恐らく,オソラク,オソラク
、,記号,読点,*,*,*,*,、,、,、
その,連体詞,*,*,*,*,*,その,ソノ,ソノ
方,名詞,非自立,一般,*,*,*,方,ホウ,ホー
が,助詞,格助詞,一般,*,*,*,が,ガ,ガ
、,記号,読点,*,*,*,*,、,、,、
己,名詞,代名詞,一般,*,*,*,己,オノレ,オノレ
は,助詞,係助詞,*,*,*,*,は,ハ,ワ
しあわせ,名詞,形容動詞語幹,*,*,*,*,しあわせ,シアワセ,シアワセ
に,助詞,副詞化,*,*,*,*,に,ニ,ニ
なれる,動詞,自立,*,*,一段,基本形,なれる,ナレル,ナレル
だろ,助動詞,*,*,*,特殊・ダ,未然形,だ,ダロ,ダロ
う,助動詞,*,*,*,不変化型,基本形,う,ウ,ウ
。,記号,句点,*,*,*,*,。,。,。
だ,助動詞,*,*,*,特殊・ダ,基本形,だ,ダ,ダ
のに,助詞,接続助詞,*,*,*,*,のに,ノニ,ノニ
、,記号,読点,*,*,*,*,、,、,、
己,名詞,代名詞,一般,*,*,*,己,オノレ,オノレ
の,助詞,連体化,*,*,*,*,の,ノ,ノ
中,名詞,非自立,副詞可能,*,*,*,中,ナカ,ナカ
の,助詞,連体化,*,*,*,*,の,ノ,ノ
人間,名詞,一般,*,*,*,*,人間,ニンゲン,ニンゲン
は,助詞,係助詞,*,*,*,*,は,ハ,ワ
、,記号,読点,*,*,*,*,、,、,、
その,連体詞,*,*,*,*,*,その,ソノ,ソノ
事,名詞,非自立,一般,*,*,*,事,コト,コト
を,助詞,格助詞,一般,*,*,*,を,ヲ,ヲ
、,記号,読点,*,*,*,*,、,、,、
この,連体詞,*,*,*,*,*,この,コノ,コノ
上,名詞,非自立,副詞可能,*,*,*,上,ウエ,ウエ
なく,形容詞,自立,*,*,形容詞・アウオ段,連用テ接続,ない,ナク,ナク
恐し,形容詞,自立,*,*,形容詞・アウオ段,文語基本形,恐い,コワシ,コワシ
く,形容詞,自立,*,*,形容詞・アウオ段,ガル接続,くい,ク,ク
感じ,動詞,自立,*,*,一段,連用形,感じる,カンジ,カンジ
て,助詞,接続助詞,*,*,*,*,て,テ,テ
いる,動詞,非自立,*,*,一段,基本形,いる,イル,イル
の,名詞,非自立,一般,*,*,*,の,ノ,ノ
だ,助動詞,*,*,*,特殊・ダ,基本形,だ,ダ,ダ
。,記号,句点,*,*,*,*,。,。,。
ああ,感動詞,*,*,*,*,*,ああ,アア,アー
、,記号,読点,*,*,*,*,、,、,、
全く,副詞,助詞類接続,*,*,*,*,全く,マッタク,マッタク
、,記号,読点,*,*,*,*,、,、,、
どんなに,副詞,一般,*,*,*,*,どんなに,ドンナニ,ドンナニ
、,記号,読点,*,*,*,*,、,、,、
恐,動詞,自立,*,*,一段,連用形,恐る,オソレ,オソレ
しく,動詞,自立,*,*,五段・カ行イ音便,基本形,しく,シク,シク
、,記号,読点,*,*,*,*,、,、,、
哀しく,形容詞,自立,*,*,形容詞・イ段,連用テ接続,哀しい,カナシク,カナシク
、,記号,読点,*,*,*,*,、,、,、
切なく,形容詞,自立,*,*,形容詞・アウオ段,連用テ接続,切ない,セツナク,セツナク
思っ,動詞,自立,*,*,五段・ワ行促音便,連用タ接続,思う,オモッ,オモッ
て,助詞,接続助詞,*,*,*,*,て,テ,テ
いる,動詞,非自立,*,*,一段,基本形,いる,イル,イル
だろ,助動詞,*,*,*,特殊・ダ,未然形,だ,ダロ,ダロ
う,助動詞,*,*,*,不変化型,基本形,う,ウ,ウ
！,記号,一般,*,*,*,*,！,！,！
 ,記号,空白,*,*,*,*, , , 
己,名詞,代名詞,一般,*,*,*,己,オノレ,オノレ
が,助詞,格助詞,一般,*,*,*,が,ガ,ガ
人間,名詞,一般,*,*,*,*,人間,ニンゲン,ニンゲン
だっ,助動詞,*,*,*,特殊・ダ,連用タ接続,だ,ダッ,ダッ
た,助動詞,*,*,*,特殊・タ,基本形,た,タ,タ
記憶,名詞,サ変接続,*,*,*,*,記憶,キオク,キオク
の,助詞,格助詞,一般,*,*,*,の,ノ,ノ
なくなる,動詞,自立,*,*,五段・ラ行,基本形,なくなる,ナクナル,ナクナル
こと,名詞,非自立,一般,*,*,*,こと,コト,コト
を,助詞,格助詞,一般,*,*,*,を,ヲ,ヲ
。,記号,句点,*,*,*,*,。,。,。
この,連体詞,*,*,*,*,*,この,コノ,コノ
気持,名詞,一般,*,*,*,*,気持,キモチ,キモチ
は,助詞,係助詞,*,*,*,*,は,ハ,ワ
誰,名詞,代名詞,一般,*,*,*,誰,ダレ,ダレ
に,助詞,格助詞,一般,*,*,*,に,ニ,ニ
も,助詞,係助詞,*,*,*,*,も,モ,モ
分ら,動詞,自立,*,*,五段・ラ行,未然形,分る,ワカラ,ワカラ
ない,助動詞,*,*,*,特殊・ナイ,基本形,ない,ナイ,ナイ
。,記号,句点,*,*,*,*,。,。,。
誰,名詞,代名詞,一般,*,*,*,誰,ダレ,ダレ
に,助詞,格助詞,一般,*,*,*,に,ニ,ニ
も,助詞,係助詞,*,*,*,*,も,モ,モ
分ら,動詞,自立,*,*,五段・ラ行,未然形,分る,ワカラ,ワカラ
ない,助動詞,*,*,*,特殊・ナイ,基本形,ない,ナイ,ナイ
。,記号,句点,*,*,*,*,。,。,。
己,名詞,代名詞,一般,*,*,*,己,オノレ,オノレ
と,助詞,格助詞,一般,*,*,*,と,ト,ト
同じ,連体詞,*,*,*,*,*,同じ,オナジ,オナジ
身の上,名詞,一般,*,*,*,*,身の上,ミノウエ,ミノウエ
に,助詞,格助詞,一般,*,*,*,に,ニ,ニ
成っ,動詞,自立,*,*,五段・ラ行,連用タ接続,成る,ナッ,ナッ
た,助動詞,*,*,*,特殊・タ,基本形,た,タ,タ
者,名詞,非自立,一般,*,*,*,者,モノ,モノ
で,助動詞,*,*,*,特殊・ダ,連用形,だ,デ,デ
なけれ,助動詞,*,*,*,特殊・ナイ,仮定形,ない,ナケレ,ナケレ
ば,助詞,接続助詞,*,*,*,*,ば,バ,バ
。,記号,句点,*,*,*,*,。,。,。
ところで,接続詞,*,*,*,*,*,ところで,トコロデ,トコロデ
、,記号,読点,*,*,*,*,、,、,、
そう,副詞,助詞類接続,*,*,*,*,そう,ソウ,ソー
だ,助動詞,*,*,*,特殊・ダ,基本形,だ,ダ,ダ
。,記号,句点,*,*,*,*,。,。,。
己,名詞,代名詞,一般,*,*,*,己,オノレ,オノレ
が,助詞,格助詞,一般,*,*,*,が,ガ,ガ
すっかり,副詞,一般,*,*,*,*,すっかり,スッカリ,スッカリ
人間,名詞,一般,*,*,*,*,人間,ニンゲン,ニンゲン
で,助動詞,*,*,*,特殊・ダ,連用形,だ,デ,デ
なく,助動詞,*,*,*,特殊・ナイ,連用テ接続,ない,ナク,ナク
なっ,動詞,自立,*,*,五段・ラ行,連用タ接続,なる,ナッ,ナッ
て,助詞,接続助詞,*,*,*,*,て,テ,テ
了,名詞,固有名詞,人名,名,*,*,了,リョウ,リョー
う,感動詞,*,*,*,*,*,う,ウ,ウ
前,名詞,副詞可能,*,*,*,*,前,マエ,マエ
に,助詞,格助詞,一般,*,*,*,に,ニ,ニ
、,記号,読点,*,*,*,*,、,、,、
一つ,名詞,一般,*,*,*,*,一つ,ヒトツ,ヒトツ
頼ん,動詞,自立,*,*,五段・マ行,連用タ接続,頼む,タノン,タノン
で,助詞,接続助詞,*,*,*,*,で,デ,デ
置き,動詞,自立,*,*,五段・カ行イ音便,連用形,置く,オキ,オキ
たい,助動詞,*,*,*,特殊・タイ,基本形,たい,タイ,タイ
こと,名詞,非自立,一般,*,*,*,こと,コト,コト
が,助詞,格助詞,一般,*,*,*,が,ガ,ガ
ある,動詞,自立,*,*,五段・ラ行,基本形,ある,アル,アル
。,記号,句点,*,*,*,*,。,。,。
  ,記号,空白,*,*,*,*,  ,  ,  
袁傪,名詞,一般,*,*,*,*,袁傪,袁傪,袁傪
はじめ,名詞,副詞可能,*,*,*,*,はじめ,ハジメ,ハジメ
一,名詞,数,*,*,*,*,一,イチ,イチ
行,名詞,接尾,助数詞,*,*,*,行,コウ,コー
は,助詞,係助詞,*,*,*,*,は,ハ,ワ
、,記号,読点,*,*,*,*,、,、,、
息,名詞,サ変接続,*,*,*,*,息,イキ,イキ
を,助詞,格助詞,一般,*,*,*,を,ヲ,ヲ
のん,動詞,自立,*,*,五段・マ行,連用タ接続,のむ,ノン,ノン
で,助詞,接続助詞,*,*,*,*,で,デ,デ
、,記号,読点,*,*,*,*,、,、,、
叢,名詞,一般,*,*,*,*,叢,クサムラ,クサムラ
中,名詞,接尾,副詞可能,*,*,*,中,チュウ,チュー
の,助詞,連体化,*,*,*,*,の,ノ,ノ
声,名詞,一般,*,*,*,*,声,コエ,コエ
の,助詞,格助詞,一般,*,*,*,の,ノ,ノ
語る,動詞,自立,*,*,五段・ラ行,基本形,語る,カタル,カタル
不思議,名詞,形容動詞語幹,*,*,*,*,不思議,フシギ,フシギ
に,助詞,副詞化,*,*,*,*,に,ニ,ニ
聞入,名詞,固有名詞,組織,*,*,*,聞入,聞入,聞入
って,助詞,格助詞,連語,*,*,*,って,ッテ,ッテ
い,動詞,自立,*,*,一段,連用形,いる,イ,イ
た,助動詞,*,*,*,特殊・タ,基本形,た,タ,タ
。,記号,句点,*,*,*,*,。,。,。
声,名詞,一般,*,*,*,*,声,コエ,コエ
は,助詞,係助詞,*,*,*,*,は,ハ,ワ
続け,動詞,自立,*,*,一段,連用形,続ける,ツヅケ,ツズケ
て,助詞,接続助詞,*,*,*,*,て,テ,テ
言う,動詞,自立,*,*,五段・ワ行促音便,基本形,言う,イウ,イウ
。,記号,句点,*,*,*,*,。,。,。
  ,記号,空白,*,*,*,*,  ,  ,  
他,名詞,一般,*,*,*,*,他,タ,タ
で,助詞,格助詞,一般,*,*,*,で,デ,デ
も,助詞,係助詞,*,*,*,*,も,モ,モ
ない,形容詞,自立,*,*,形容詞・アウオ段,基本形,ない,ナイ,ナイ
。,記号,句点,*,*,*,*,。,。,。
自分,名詞,一般,*,*,*,*,自分,ジブン,ジブン
は,助詞,係助詞,*,*,*,*,は,ハ,ワ
元来,名詞,副詞可能,*,*,*,*,元来,ガンライ,ガンライ
詩人,名詞,一般,*,*,*,*,詩人,シジン,シジン
として,助詞,格助詞,連語,*,*,*,として,トシテ,トシテ
名,名詞,一般,*,*,*,*,名,ナ,ナ
を,助詞,格助詞,一般,*,*,*,を,ヲ,ヲ
成す,動詞,自立,*,*,五段・サ行,基本形,成す,ナス,ナス
積り,名詞,一般,*,*,*,*,積り,ツモリ,ツモリ
で,助詞,格助詞,一般,*,*,*,で,デ,デ
い,動詞,自立,*,*,一段,連用形,いる,イ,イ
た,助動詞,*,*,*,特殊・タ,基本形,た,タ,タ
。,記号,句点,*,*,*,*,。,。,。
しかも,接続詞,*,*,*,*,*,しかも,シカモ,シカモ
、,記号,読点,*,*,*,*,、,、,、
業,名詞,接尾,一般,*,*,*,業,ギョウ,ギョー
未だ,副詞,一般,*,*,*,*,未だ,イマダ,イマダ
成ら,動詞,自立,*,*,五段・ラ行,未然形,成る,ナラ,ナラ
ざる,助動詞,*,*,*,特殊・ヌ,体言接続,ぬ,ザル,ザル
に,助詞,格助詞,一般,*,*,*,に,ニ,ニ
、,記号,読点,*,*,*,*,、,、,、
この,連体詞,*,*,*,*,*,この,コノ,コノ
運命,名詞,一般,*,*,*,*,運命,ウンメイ,ウンメイ
に,助詞,格助詞,一般,*,*,*,に,ニ,ニ
立至っ,動詞,自立,*,*,五段・ラ行,連用タ接続,立至る,タチイタッ,タチイタッ
た,助動詞,*,*,*,特殊・タ,基本形,た,タ,タ
。,記号,句点,*,*,*,*,。,。,。
曾,名詞,一般,*,*,*,*,曾,曾,曾
て,助詞,格助詞,連語,*,*,*,て,テ,テ
作る,動詞,自立,*,*,五段・ラ行,基本形,作る,ツクル,ツクル
ところ,名詞,非自立,副詞可能,*,*,*,ところ,トコロ,トコロ
の,助詞,連体化,*,*,*,*,の,ノ,ノ
詩,名詞,一般,*,*,*,*,詩,シ,シ
数,名詞,数,*,*,*,*,数,スウ,スー
百,名詞,数,*,*,*,*,百,ヒャク,ヒャク
篇,名詞,接尾,助数詞,*,*,*,篇,ヘン,ヘン
、,記号,読点,*,*,*,*,、,、,、
固,形容詞,自立,*,*,形容詞・アウオ段,ガル接続,固い,カタ,カタ
より,助詞,格助詞,一般,*,*,*,より,ヨリ,ヨリ
、,記号,読点,*,*,*,*,、,、,、
まだ,副詞,助詞類接続,*,*,*,*,まだ,マダ,マダ
世,名詞,一般,*,*,*,*,世,ヨ,ヨ
に,助詞,格助詞,一般,*,*,*,に,ニ,ニ
行わ,動詞,自立,*,*,五段・ワ行促音便,未然形,行う,オコナワ,オコナワ
れ,動詞,接尾,*,*,一段,連用形,れる,レ,レ
て,助詞,接続助詞,*,*,*,*,て,テ,テ
おら,動詞,非自立,*,*,五段・ラ行,未然形,おる,オラ,オラ
ぬ,助動詞,*,*,*,特殊・ヌ,基本形,ぬ,ヌ,ヌ
。,記号,句点,*,*,*,*,。,。,。
遺稿,名詞,一般,*,*,*,*,遺稿,イコウ,イコー
の,助詞,連体化,*,*,*,*,の,ノ,ノ
所在,名詞,一般,*,*,*,*,所在,ショザイ,ショザイ
も,助詞,係助詞,*,*,*,*,も,モ,モ
最早,副詞,一般,*,*,*,*,最早,モハヤ,モハヤ
判ら,動詞,自立,*,*,五段・ラ行,未然形,判る,ワカラ,ワカラ
なく,助動詞,*,*,*,特殊・ナイ,連用テ接続,ない,ナク,ナク
なっ,動詞,自立,*,*,五段・ラ行,連用タ接続,なる,ナッ,ナッ
て,助詞,接続助詞,*,*,*,*,て,テ,テ
いよ,動詞,非自立,*,*,一段,未然ウ接続,いる,イヨ,イヨ
う,助動詞,*,*,*,不変化型,基本形,う,ウ,ウ
。,記号,句点,*,*,*,*,。,。,。
ところで,接続詞,*,*,*,*,*,ところで,トコロデ,トコロデ
、,記号,読点,*,*,*,*,、,、,、
その,連体詞,*,*,*,*,*,その,ソノ,ソノ
中,名詞,非自立,副詞可能,*,*,*,中,ナカ,ナカ
、,記号,読点,*,*,*,*,、,、,、
今,名詞,副詞可能,*,*,*,*,今,イマ,イマ
も,助詞,係助詞,*,*,*,*,も,モ,モ
尚,副詞,一般,*,*,*,*,尚,ナオ,ナオ
記,名詞,サ変接続,*,*,*,*,記,キ,キ
誦せ,動詞,自立,*,*,サ変・−スル,未然レル接続,誦する,ショウセ,ショーセ
る,動詞,非自立,*,*,一段,基本形,る,ル,ル
もの,名詞,非自立,一般,*,*,*,もの,モノ,モノ
が,助詞,格助詞,一般,*,*,*,が,ガ,ガ
数,名詞,数,*,*,*,*,数,スウ,スー
十,名詞,数,*,*,*,*,十,ジュウ,ジュー
ある,動詞,自立,*,*,五段・ラ行,基本形,ある,アル,アル
。,記号,句点,*,*,*,*,。,。,。
これ,名詞,代名詞,一般,*,*,*,これ,コレ,コレ
を,助詞,格助詞,一般,*,*,*,を,ヲ,ヲ
我が,連体詞,*,*,*,*,*,我が,ワガ,ワガ
為,名詞,非自立,副詞可能,*,*,*,為,タメ,タメ
に,助詞,格助詞,一般,*,*,*,に,ニ,ニ
伝,名詞,一般,*,*,*,*,伝,ツテ,ツテ
録,名詞,サ変接続,*,*,*,*,録,ロク,ロク
し,動詞,自立,*,*,サ変・スル,連用形,する,シ,シ
て,助詞,接続助詞,*,*,*,*,て,テ,テ
戴き,動詞,自立,*,*,五段・カ行イ音便,連用形,戴く,イタダキ,イタダキ
たい,助動詞,*,*,*,特殊・タイ,基本形,たい,タイ,タイ
の,名詞,非自立,一般,*,*,*,の,ノ,ノ
だ,助動詞,*,*,*,特殊・ダ,基本形,だ,ダ,ダ
。,記号,句点,*,*,*,*,。,。,。
何,名詞,代名詞,一般,*,*,*,何,ナニ,ナニ
も,助詞,係助詞,*,*,*,*,も,モ,モ
、,記号,読点,*,*,*,*,、,、,、
これ,名詞,代名詞,一般,*,*,*,これ,コレ,コレ
に,助詞,格助詞,一般,*,*,*,に,ニ,ニ
仍,名詞,固有名詞,組織,*,*,*,仍,仍,仍
って,助詞,格助詞,連語,*,*,*,って,ッテ,ッテ
一,名詞,数,*,*,*,*,一,イチ,イチ
人前,名詞,接尾,助数詞,*,*,*,人前,ニンマエ,ニンマエ
の,助詞,連体化,*,*,*,*,の,ノ,ノ
詩人,名詞,一般,*,*,*,*,詩人,シジン,シジン
面,名詞,接尾,一般,*,*,*,面,メン,メン
を,助詞,格助詞,一般,*,*,*,を,ヲ,ヲ
し,動詞,自立,*,*,サ変・スル,連用形,する,シ,シ
たい,助動詞,*,*,*,特殊・タイ,基本形,たい,タイ,タイ
の,名詞,非自立,一般,*,*,*,の,ノ,ノ
で,助動詞,*,*,*,特殊・ダ,連用形,だ,デ,デ
は,助詞,係助詞,*,*,*,*,は,ハ,ワ
ない,助動詞,*,*,*,特殊・ナイ,基本形,ない,ナイ,ナイ
。,記号,句点,*,*,*,*,。,。,。
作,名詞,一般,*,*,*,*,作,サク,サク
の,助詞,連体化,*,*,*,*,の,ノ,ノ
巧拙,名詞,一般,*,*,*,*,巧拙,コウセツ,コーセツ
は,助詞,係助詞,*,*,*,*,は,ハ,ワ
知ら,動詞,自立,*,*,五段・ラ行,未然形,知る,シラ,シラ
ず,助動詞,*,*,*,特殊・ヌ,連用ニ接続,ぬ,ズ,ズ
、,記号,読点,*,*,*,*,、,、,、
とにかく,副詞,一般,*,*,*,*,とにかく,トニカク,トニカク
、,記号,読点,*,*,*,*,、,、,、
産,名詞,一般,*,*,*,*,産,サン,サン
を,助詞,格助詞,一般,*,*,*,を,ヲ,ヲ
破り,動詞,自立,*,*,五段・ラ行,連用形,破る,ヤブリ,ヤブリ
心,名詞,接尾,一般,*,*,*,心,シン,シン
を,助詞,格助詞,一般,*,*,*,を,ヲ,ヲ
狂わせ,動詞,自立,*,*,一段,連用形,狂わせる,クルワセ,クルワセ
て,助詞,接続助詞,*,*,*,*,て,テ,テ
まで,助詞,副助詞,*,*,*,*,まで,マデ,マデ
自分,名詞,一般,*,*,*,*,自分,ジブン,ジブン
が,助詞,格助詞,一般,*,*,*,が,ガ,ガ
生涯,名詞,副詞可能,*,*,*,*,生涯,ショウガイ,ショーガイ
それ,名詞,代名詞,一般,*,*,*,それ,ソレ,ソレ
に,助詞,格助詞,一般,*,*,*,に,ニ,ニ
執着,名詞,サ変接続,*,*,*,*,執着,シュウチャク,シューチャク
し,動詞,自立,*,*,サ変・スル,連用形,する,シ,シ
た,助動詞,*,*,*,特殊・タ,基本形,た,タ,タ
ところ,名詞,非自立,副詞可能,*,*,*,ところ,トコロ,トコロ
の,助詞,連体化,*,*,*,*,の,ノ,ノ
もの,名詞,非自立,一般,*,*,*,もの,モノ,モノ
を,助詞,格助詞,一般,*,*,*,を,ヲ,ヲ
、,記号,読点,*,*,*,*,、,、,、
一部,名詞,副詞可能,*,*,*,*,一部,イチブ,イチブ
なり,名詞,一般,*,*,*,*,なり,ナリ,ナリ
とも,助詞,副助詞,*,*,*,*,とも,トモ,トモ
後代,名詞,一般,*,*,*,*,後代,コウダイ,コーダイ
に,助詞,格助詞,一般,*,*,*,に,ニ,ニ
伝え,動詞,自立,*,*,一段,未然形,伝える,ツタエ,ツタエ
ない,助動詞,*,*,*,特殊・ナイ,基本形,ない,ナイ,ナイ
で,助動詞,*,*,*,特殊・ダ,連用形,だ,デ,デ
は,助詞,係助詞,*,*,*,*,は,ハ,ワ
、,記号,読点,*,*,*,*,、,、,、
死ん,動詞,自立,*,*,五段・ナ行,連用タ接続,死ぬ,シン,シン
で,助詞,接続助詞,*,*,*,*,で,デ,デ
も,助詞,係助詞,*,*,*,*,も,モ,モ
死に,動詞,自立,*,*,五段・ナ行,連用形,死ぬ,シニ,シニ
切れ,動詞,非自立,*,*,一段,未然形,切れる,キレ,キレ
ない,助動詞,*,*,*,特殊・ナイ,基本形,ない,ナイ,ナイ
の,名詞,非自立,一般,*,*,*,の,ノ,ノ
だ,助動詞,*,*,*,特殊・ダ,基本形,だ,ダ,ダ
。,記号,句点,*,*,*,*,。,。,。
  ,記号,空白,*,*,*,*,  ,  ,  
袁傪,名詞,一般,*,*,*,*,袁傪,袁傪,袁傪
は,助詞,係助詞,*,*,*,*,は,ハ,ワ
部下,名詞,一般,*,*,*,*,部下,ブカ,ブカ
に,助詞,格助詞,一般,*,*,*,に,ニ,ニ
命じ,動詞,自立,*,*,一段,連用形,命じる,メイジ,メイジ
、,記号,読点,*,*,*,*,、,、,、
筆,名詞,一般,*,*,*,*,筆,フデ,フデ
を,助詞,格助詞,一般,*,*,*,を,ヲ,ヲ
執っ,動詞,自立,*,*,五段・ラ行,連用タ接続,執る,トッ,トッ
て,助詞,接続助詞,*,*,*,*,て,テ,テ
叢,名詞,一般,*,*,*,*,叢,クサムラ,クサムラ
中,名詞,接尾,副詞可能,*,*,*,中,チュウ,チュー
の,助詞,連体化,*,*,*,*,の,ノ,ノ
声,名詞,一般,*,*,*,*,声,コエ,コエ
に,助詞,格助詞,一般,*,*,*,に,ニ,ニ
随,名詞,一般,*,*,*,*,随,ズイ,ズイ
って,助詞,格助詞,連語,*,*,*,って,ッテ,ッテ
書きとら,動詞,自立,*,*,五段・ラ行,未然形,書きとる,カキトラ,カキトラ
せ,動詞,接尾,*,*,一段,連用形,せる,セ,セ
た,助動詞,*,*,*,特殊・タ,基本形,た,タ,タ
。,記号,句点,*,*,*,*,。,。,。
李,名詞,固有名詞,人名,姓,*,*,李,リ,リ
徴,名詞,一般,*,*,*,*,徴,シルシ,シルシ
の,助詞,連体化,*,*,*,*,の,ノ,ノ
声,名詞,一般,*,*,*,*,声,コエ,コエ
は,助詞,係助詞,*,*,*,*,は,ハ,ワ
叢,名詞,一般,*,*,*,*,叢,クサムラ,クサムラ
の,助詞,連体化,*,*,*,*,の,ノ,ノ
中,名詞,非自立,副詞可能,*,*,*,中,ナカ,ナカ
から,助詞,格助詞,一般,*,*,*,から,カラ,カラ
朗々,名詞,一般,*,*,*,*,朗々,ロウロウ,ローロー
と,助詞,格助詞,引用,*,*,*,と,ト,ト
響い,動詞,自立,*,*,五段・カ行イ音便,連用タ接続,響く,ヒビイ,ヒビイ
た,助動詞,*,*,*,特殊・タ,基本形,た,タ,タ
。,記号,句点,*,*,*,*,。,。,。
長短,名詞,一般,*,*,*,*,長短,チョウタン,チョータン
凡そ,名詞,一般,*,*,*,*,凡そ,オヨソ,オヨソ
三,名詞,数,*,*,*,*,三,サン,サン
十,名詞,数,*,*,*,*,十,ジュウ,ジュー
篇,名詞,接尾,助数詞,*,*,*,篇,ヘン,ヘン
、,記号,読点,*,*,*,*,、,、,、
格調,名詞,一般,*,*,*,*,格調,カクチョウ,カクチョー
高雅,名詞,一般,*,*,*,*,高雅,コウガ,コーガ
、,記号,読点,*,*,*,*,、,、,、
意趣,名詞,一般,*,*,*,*,意趣,イシュ,イシュ
卓,名詞,一般,*,*,*,*,卓,タク,タク
逸,名詞,サ変接続,*,*,*,*,逸,イッ,イッ
、,記号,読点,*,*,*,*,、,、,、
一読,名詞,サ変接続,*,*,*,*,一読,イチドク,イチドク
し,動詞,自立,*,*,サ変・スル,連用形,する,シ,シ
て,助詞,接続助詞,*,*,*,*,て,テ,テ
作者,名詞,一般,*,*,*,*,作者,サクシャ,サクシャ
の,助詞,連体化,*,*,*,*,の,ノ,ノ
才,名詞,一般,*,*,*,*,才,サイ,サイ
の,助詞,連体化,*,*,*,*,の,ノ,ノ
非凡,名詞,一般,*,*,*,*,非凡,ヒボン,ヒボン
を,助詞,格助詞,一般,*,*,*,を,ヲ,ヲ
思わ,動詞,自立,*,*,五段・ワ行促音便,未然形,思う,オモワ,オモワ
せる,動詞,接尾,*,*,一段,基本形,せる,セル,セル
もの,名詞,非自立,一般,*,*,*,もの,モノ,モノ
ばかり,助詞,副助詞,*,*,*,*,ばかり,バカリ,バカリ
で,助動詞,*,*,*,特殊・ダ,連用形,だ,デ,デ
ある,助動詞,*,*,*,五段・ラ行アル,基本形,ある,アル,アル
。,記号,句点,*,*,*,*,。,。,。
しかし,接続詞,*,*,*,*,*,しかし,シカシ,シカシ
、,記号,読点,*,*,*,*,、,、,、
袁傪,名詞,一般,*,*,*,*,袁傪,袁傪,袁傪
は,助詞,係助詞,*,*,*,*,は,ハ,ワ
感嘆,名詞,サ変接続,*,*,*,*,感嘆,カンタン,カンタン
し,動詞,自立,*,*,サ変・スル,連用形,する,シ,シ
ながら,助詞,接続助詞,*,*,*,*,ながら,ナガラ,ナガラ
も,助詞,係助詞,*,*,*,*,も,モ,モ
漠然と,副詞,助詞類接続,*,*,*,*,漠然と,バクゼント,バクゼント
次,名詞,一般,*,*,*,*,次,ツギ,ツギ
の,助詞,連体化,*,*,*,*,の,ノ,ノ
よう,名詞,非自立,助動詞語幹,*,*,*,よう,ヨウ,ヨー
に,助詞,副詞化,*,*,*,*,に,ニ,ニ
感じ,動詞,自立,*,*,一段,連用形,感じる,カンジ,カンジ
て,助詞,接続助詞,*,*,*,*,て,テ,テ
い,動詞,非自立,*,*,一段,連用形,いる,イ,イ
た,助動詞,*,*,*,特殊・タ,基本形,た,タ,タ
。,記号,句点,*,*,*,*,。,。,。
成,名詞,固有名詞,地域,一般,*,*,成,ナル,ナル
程,助詞,副助詞,*,*,*,*,程,ホド,ホド
、,記号,読点,*,*,*,*,、,、,、
作者,名詞,一般,*,*,*,*,作者,サクシャ,サクシャ
の,助詞,連体化,*,*,*,*,の,ノ,ノ
素質,名詞,一般,*,*,*,*,素質,ソシツ,ソシツ
が,助詞,格助詞,一般,*,*,*,が,ガ,ガ
第,接頭詞,数接続,*,*,*,*,第,ダイ,ダイ
一流,名詞,一般,*,*,*,*,一流,イチリュウ,イチリュー
に,助詞,格助詞,一般,*,*,*,に,ニ,ニ
属する,動詞,自立,*,*,サ変・−スル,基本形,属する,ゾクスル,ゾクスル
もの,名詞,非自立,一般,*,*,*,もの,モノ,モノ
で,助動詞,*,*,*,特殊・ダ,連用形,だ,デ,デ
ある,助動詞,*,*,*,五段・ラ行アル,基本形,ある,アル,アル
こと,名詞,非自立,一般,*,*,*,こと,コト,コト
は,助詞,係助詞,*,*,*,*,は,ハ,ワ
疑い,名詞,一般,*,*,*,*,疑い,ウタガイ,ウタガイ
ない,形容詞,自立,*,*,形容詞・アウオ段,基本形,ない,ナイ,ナイ
。,記号,句点,*,*,*,*,。,。,。
しかし,接続詞,*,*,*,*,*,しかし,シカシ,シカシ
、,記号,読点,*,*,*,*,、,、,、
この,連体詞,*,*,*,*,*,この,コノ,コノ
まま,名詞,非自立,副詞可能,*,*,*,まま,ママ,ママ
で,助詞,格助詞,一般,*,*,*,で,デ,デ
は,助詞,係助詞,*,*,*,*,は,ハ,ワ
、,記号,読点,*,*,*,*,、,、,、
第,接頭詞,数接続,*,*,*,*,第,ダイ,ダイ
一流,名詞,一般,*,*,*,*,一流,イチリュウ,イチリュー
の,助詞,連体化,*,*,*,*,の,ノ,ノ
作品,名詞,一般,*,*,*,*,作品,サクヒン,サクヒン
と,助詞,格助詞,一般,*,*,*,と,ト,ト
なる,動詞,自立,*,*,五段・ラ行,基本形,なる,ナル,ナル
の,名詞,非自立,一般,*,*,*,の,ノ,ノ
に,助詞,格助詞,一般,*,*,*,に,ニ,ニ
は,助詞,係助詞,*,*,*,*,は,ハ,ワ
、,記号,読点,*,*,*,*,、,、,、
何処,名詞,代名詞,一般,*,*,*,何処,ドコ,ドコ
か,助詞,副助詞／並立助詞／終助詞,*,*,*,*,か,カ,カ
（,記号,括弧開,*,*,*,*,（,（,（
非常,名詞,形容動詞語幹,*,*,*,*,非常,ヒジョウ,ヒジョー
に,助詞,副詞化,*,*,*,*,に,ニ,ニ
微妙,名詞,形容動詞語幹,*,*,*,*,微妙,ビミョウ,ビミョー
な,助動詞,*,*,*,特殊・ダ,体言接続,だ,ナ,ナ
点,名詞,非自立,一般,*,*,*,点,テン,テン
に,助詞,格助詞,一般,*,*,*,に,ニ,ニ
於,名詞,一般,*,*,*,*,於,於,於
て,助詞,格助詞,連語,*,*,*,て,テ,テ
）,記号,括弧閉,*,*,*,*,）,）,）
欠ける,動詞,自立,*,*,一段,基本形,欠ける,カケル,カケル
ところ,名詞,非自立,副詞可能,*,*,*,ところ,トコロ,トコロ
が,助詞,格助詞,一般,*,*,*,が,ガ,ガ
ある,動詞,自立,*,*,五段・ラ行,基本形,ある,アル,アル
の,名詞,非自立,一般,*,*,*,の,ノ,ノ
で,助動詞,*,*,*,特殊・ダ,連用形,だ,デ,デ
は,助詞,係助詞,*,*,*,*,は,ハ,ワ
ない,助動詞,*,*,*,特殊・ナイ,基本形,ない,ナイ,ナイ
か,助詞,副助詞／並立助詞／終助詞,*,*,*,*,か,カ,カ
、,記号,読点,*,*,*,*,、,、,、
と,助詞,格助詞,引用,*,*,*,と,ト,ト
。,記号,句点,*,*,*,*,。,。,。
  ,記号,空白,*,*,*,*,  ,  ,  
旧,接頭詞,名詞接続,*,*,*,*,旧,キュウ,キュー
詩,名詞,一般,*,*,*,*,詩,シ,シ
を,助詞,格助詞,一般,*,*,*,を,ヲ,ヲ
吐き,動詞,自立,*,*,五段・カ行イ音便,連用形,吐く,ハキ,ハキ
終っ,動詞,自立,*,*,五段・ラ行,連用タ接続,終る,オワッ,オワッ
た,助動詞,*,*,*,特殊・タ,基本形,た,タ,タ
李,名詞,固有名詞,人名,姓,*,*,李,リ,リ
徴,名詞,一般,*,*,*,*,徴,シルシ,シルシ
の,助詞,連体化,*,*,*,*,の,ノ,ノ
声,名詞,一般,*,*,*,*,声,コエ,コエ
は,助詞,係助詞,*,*,*,*,は,ハ,ワ
、,記号,読点,*,*,*,*,、,、,、
突然,副詞,助詞類接続,*,*,*,*,突然,トツゼン,トツゼン
調子,名詞,一般,*,*,*,*,調子,チョウシ,チョーシ
を,助詞,格助詞,一般,*,*,*,を,ヲ,ヲ
変え,動詞,自立,*,*,一段,連用形,変える,カエ,カエ
、,記号,読点,*,*,*,*,、,、,、
自ら,名詞,副詞可能,*,*,*,*,自ら,ミズカラ,ミズカラ
を,助詞,格助詞,一般,*,*,*,を,ヲ,ヲ
嘲る,動詞,自立,*,*,五段・ラ行,基本形,嘲る,アザケル,アザケル
か,助詞,副助詞／並立助詞／終助詞,*,*,*,*,か,カ,カ
如く,名詞,一般,*,*,*,*,如く,ゴトク,ゴトク
に,助詞,格助詞,一般,*,*,*,に,ニ,ニ
言っ,動詞,自立,*,*,五段・ワ行促音便,連用タ接続,言う,イッ,イッ
た,助動詞,*,*,*,特殊・タ,基本形,た,タ,タ
。,記号,句点,*,*,*,*,。,。,。
  ,記号,空白,*,*,*,*,  ,  ,  
羞,名詞,一般,*,*,*,*,羞,羞,羞
し,動詞,自立,*,*,サ変・スル,連用形,する,シ,シ
い,動詞,非自立,*,*,一段,連用形,いる,イ,イ
こと,名詞,非自立,一般,*,*,*,こと,コト,コト
だ,助動詞,*,*,*,特殊・ダ,基本形,だ,ダ,ダ
が,助詞,接続助詞,*,*,*,*,が,ガ,ガ
、,記号,読点,*,*,*,*,、,、,、
今,名詞,副詞可能,*,*,*,*,今,イマ,イマ
でも,助詞,副助詞,*,*,*,*,でも,デモ,デモ
、,記号,読点,*,*,*,*,、,、,、
こんな,連体詞,*,*,*,*,*,こんな,コンナ,コンナ
あさましい,形容詞,自立,*,*,形容詞・イ段,基本形,あさましい,アサマシイ,アサマシイ
身,名詞,一般,*,*,*,*,身,ミ,ミ
と,助詞,格助詞,一般,*,*,*,と,ト,ト
成り,動詞,自立,*,*,五段・ラ行,連用形,成る,ナリ,ナリ
果て,動詞,自立,*,*,一段,連用形,果てる,ハテ,ハテ
た,助動詞,*,*,*,特殊・タ,基本形,た,タ,タ
今,名詞,副詞可能,*,*,*,*,今,イマ,イマ
でも,助詞,副助詞,*,*,*,*,でも,デモ,デモ
、,記号,読点,*,*,*,*,、,、,、
己,名詞,代名詞,一般,*,*,*,己,オノレ,オノレ
は,助詞,係助詞,*,*,*,*,は,ハ,ワ
、,記号,読点,*,*,*,*,、,、,、
己,名詞,代名詞,一般,*,*,*,己,オノレ,オノレ
の,助詞,連体化,*,*,*,*,の,ノ,ノ
詩集,名詞,一般,*,*,*,*,詩集,シシュウ,シシュー
が,助詞,格助詞,一般,*,*,*,が,ガ,ガ
長安,名詞,固有名詞,地域,一般,*,*,長安,ナガヤス,ナガヤス
風流,名詞,一般,*,*,*,*,風流,フリュウ,フリュー
人士,名詞,一般,*,*,*,*,人士,ジンシ,ジンシ
の,助詞,連体化,*,*,*,*,の,ノ,ノ
机,名詞,一般,*,*,*,*,机,ツクエ,ツクエ
の,助詞,連体化,*,*,*,*,の,ノ,ノ
上,名詞,非自立,副詞可能,*,*,*,上,ウエ,ウエ
に,助詞,格助詞,一般,*,*,*,に,ニ,ニ
置か,動詞,自立,*,*,五段・カ行イ音便,未然形,置く,オカ,オカ
れ,動詞,接尾,*,*,一段,連用形,れる,レ,レ
て,助詞,接続助詞,*,*,*,*,て,テ,テ
いる,動詞,非自立,*,*,一段,基本形,いる,イル,イル
様,名詞,接尾,人名,*,*,*,様,サマ,サマ
を,助詞,格助詞,一般,*,*,*,を,ヲ,ヲ
、,記号,読点,*,*,*,*,、,、,、
夢,名詞,一般,*,*,*,*,夢,ユメ,ユメ
に,助詞,格助詞,一般,*,*,*,に,ニ,ニ
見る,動詞,自立,*,*,一段,基本形,見る,ミル,ミル
こと,名詞,非自立,一般,*,*,*,こと,コト,コト
が,助詞,格助詞,一般,*,*,*,が,ガ,ガ
ある,動詞,自立,*,*,五段・ラ行,基本形,ある,アル,アル
の,名詞,非自立,一般,*,*,*,の,ノ,ノ
だ,助動詞,*,*,*,特殊・ダ,基本形,だ,ダ,ダ
。,記号,句点,*,*,*,*,。,。,。
岩窟,名詞,一般,*,*,*,*,岩窟,ガンクツ,ガンクツ
の,助詞,連体化,*,*,*,*,の,ノ,ノ
中,名詞,非自立,副詞可能,*,*,*,中,ナカ,ナカ
に,助詞,格助詞,一般,*,*,*,に,ニ,ニ
横たわっ,動詞,自立,*,*,五段・ラ行,連用タ接続,横たわる,ヨコタワッ,ヨコタワッ
て,助詞,接続助詞,*,*,*,*,て,テ,テ
見る,動詞,自立,*,*,一段,基本形,見る,ミル,ミル
夢,名詞,一般,*,*,*,*,夢,ユメ,ユメ
に,助詞,格助詞,一般,*,*,*,に,ニ,ニ
だ,助動詞,*,*,*,特殊・ダ,基本形,だ,ダ,ダ
よ,助詞,終助詞,*,*,*,*,よ,ヨ,ヨ
。,記号,句点,*,*,*,*,。,。,。
嗤,名詞,固有名詞,組織,*,*,*,嗤,嗤,嗤
って,助詞,格助詞,連語,*,*,*,って,ッテ,ッテ
くれ,動詞,非自立,*,*,一段・クレル,命令ｅ,くれる,クレ,クレ
。,記号,句点,*,*,*,*,。,。,。
詩人,名詞,一般,*,*,*,*,詩人,シジン,シジン
に,助詞,格助詞,一般,*,*,*,に,ニ,ニ
成り,動詞,自立,*,*,五段・ラ行,連用形,成る,ナリ,ナリ
そこ,名詞,代名詞,一般,*,*,*,そこ,ソコ,ソコ
なっ,動詞,自立,*,*,五段・ラ行,連用タ接続,なる,ナッ,ナッ
て,助詞,接続助詞,*,*,*,*,て,テ,テ
虎,名詞,一般,*,*,*,*,虎,トラ,トラ
に,助詞,格助詞,一般,*,*,*,に,ニ,ニ
なっ,動詞,自立,*,*,五段・ラ行,連用タ接続,なる,ナッ,ナッ
た,助動詞,*,*,*,特殊・タ,基本形,た,タ,タ
哀れ,名詞,形容動詞語幹,*,*,*,*,哀れ,アワレ,アワレ
な,助動詞,*,*,*,特殊・ダ,体言接続,だ,ナ,ナ
男,名詞,一般,*,*,*,*,男,オトコ,オトコ
を,助詞,格助詞,一般,*,*,*,を,ヲ,ヲ
。,記号,句点,*,*,*,*,。,。,。
（,記号,括弧開,*,*,*,*,（,（,（
袁傪,名詞,一般,*,*,*,*,袁傪,袁傪,袁傪
は,助詞,係助詞,*,*,*,*,は,ハ,ワ
昔,名詞,副詞可能,*,*,*,*,昔,ムカシ,ムカシ
の,助詞,連体化,*,*,*,*,の,ノ,ノ
青年,名詞,一般,*,*,*,*,青年,セイネン,セイネン
李,名詞,固有名詞,人名,姓,*,*,李,リ,リ
徴,名詞,一般,*,*,*,*,徴,シルシ,シルシ
の,助詞,連体化,*,*,*,*,の,ノ,ノ
自嘲,名詞,サ変接続,*,*,*,*,自嘲,ジチョウ,ジチョー
癖,名詞,接尾,一般,*,*,*,癖,ヘキ,ヘキ
を,助詞,格助詞,一般,*,*,*,を,ヲ,ヲ
思出,名詞,一般,*,*,*,*,思出,思出,思出
し,動詞,自立,*,*,サ変・スル,連用形,する,シ,シ
ながら,助詞,接続助詞,*,*,*,*,ながら,ナガラ,ナガラ
、,記号,読点,*,*,*,*,、,、,、
哀しく,形容詞,自立,*,*,形容詞・イ段,連用テ接続,哀しい,カナシク,カナシク
聞い,動詞,自立,*,*,五段・カ行イ音便,連用タ接続,聞く,キイ,キイ
て,助詞,接続助詞,*,*,*,*,て,テ,テ
い,動詞,非自立,*,*,一段,連用形,いる,イ,イ
た,助動詞,*,*,*,特殊・タ,基本形,た,タ,タ
。,記号,句点,*,*,*,*,。,。,。
）,記号,括弧閉,*,*,*,*,）,）,）
そう,名詞,特殊,助動詞語幹,*,*,*,そう,ソウ,ソー
だ,助動詞,*,*,*,特殊・ダ,基本形,だ,ダ,ダ
。,記号,句点,*,*,*,*,。,。,。
お,接頭詞,名詞接続,*,*,*,*,お,オ,オ
笑い草,名詞,一般,*,*,*,*,笑い草,ワライグサ,ワライグサ
ついで,名詞,一般,*,*,*,*,ついで,ツイデ,ツイデ
に,助詞,格助詞,一般,*,*,*,に,ニ,ニ
、,記号,読点,*,*,*,*,、,、,、
今,名詞,副詞可能,*,*,*,*,今,イマ,イマ
の,助詞,連体化,*,*,*,*,の,ノ,ノ
懐,名詞,一般,*,*,*,*,懐,フトコロ,フトコロ
を,助詞,格助詞,一般,*,*,*,を,ヲ,ヲ
即席,名詞,一般,*,*,*,*,即席,ソクセキ,ソクセキ
の,助詞,連体化,*,*,*,*,の,ノ,ノ
詩,名詞,一般,*,*,*,*,詩,シ,シ
に,助詞,格助詞,一般,*,*,*,に,ニ,ニ
述べ,動詞,自立,*,*,一段,連用形,述べる,ノベ,ノベ
て,助詞,接続助詞,*,*,*,*,て,テ,テ
見よ,動詞,自立,*,*,一段,未然ウ接続,見る,ミヨ,ミヨ
う,助動詞,*,*,*,不変化型,基本形,う,ウ,ウ
か,助詞,副助詞／並立助詞／終助詞,*,*,*,*,か,カ,カ
。,記号,句点,*,*,*,*,。,。,。
この,連体詞,*,*,*,*,*,この,コノ,コノ
虎,名詞,一般,*,*,*,*,虎,トラ,トラ
の,助詞,連体化,*,*,*,*,の,ノ,ノ
中,名詞,非自立,副詞可能,*,*,*,中,ナカ,ナカ
に,助詞,格助詞,一般,*,*,*,に,ニ,ニ
、,記号,読点,*,*,*,*,、,、,、
まだ,副詞,助詞類接続,*,*,*,*,まだ,マダ,マダ
、,記号,読点,*,*,*,*,、,、,、
曾,名詞,一般,*,*,*,*,曾,曾,曾
て,助詞,格助詞,連語,*,*,*,て,テ,テ
の,助詞,連体化,*,*,*,*,の,ノ,ノ
李,名詞,固有名詞,人名,姓,*,*,李,リ,リ
徴,名詞,一般,*,*,*,*,徴,シルシ,シルシ
が,助詞,格助詞,一般,*,*,*,が,ガ,ガ
生き,動詞,自立,*,*,一段,連用形,生きる,イキ,イキ
て,助詞,接続助詞,*,*,*,*,て,テ,テ
いる,動詞,非自立,*,*,一段,基本形,いる,イル,イル
しるし,名詞,一般,*,*,*,*,しるし,シルシ,シルシ
に,助詞,格助詞,一般,*,*,*,に,ニ,ニ
。,記号,句点,*,*,*,*,。,。,。
  ,記号,空白,*,*,*,*,  ,  ,  
袁傪,名詞,一般,*,*,*,*,袁傪,袁傪,袁傪
は,助詞,係助詞,*,*,*,*,は,ハ,ワ
又,接続詞,*,*,*,*,*,又,マタ,マタ
下,接頭詞,数接続,*,*,*,*,下,シモ,シモ
吏,名詞,一般,*,*,*,*,吏,吏,吏
に,助詞,格助詞,一般,*,*,*,に,ニ,ニ
命じ,動詞,自立,*,*,一段,連用形,命じる,メイジ,メイジ
て,助詞,接続助詞,*,*,*,*,て,テ,テ
これ,名詞,代名詞,一般,*,*,*,これ,コレ,コレ
を,助詞,格助詞,一般,*,*,*,を,ヲ,ヲ
書きとら,動詞,自立,*,*,五段・ラ行,未然形,書きとる,カキトラ,カキトラ
せ,動詞,接尾,*,*,一段,連用形,せる,セ,セ
た,助動詞,*,*,*,特殊・タ,基本形,た,タ,タ
。,記号,句点,*,*,*,*,。,。,。
その,連体詞,*,*,*,*,*,その,ソノ,ソノ
詩,名詞,一般,*,*,*,*,詩,シ,シ
に,助詞,格助詞,一般,*,*,*,に,ニ,ニ
言う,動詞,自立,*,*,五段・ワ行促音便,基本形,言う,イウ,イウ
。,記号,句点,*,*,*,*,。,。,。
     ,記号,空白,*,*,*,*,     ,     ,     
偶因,名詞,一般,*,*,*,*,偶因,グウイン,グーイン
狂,名詞,接尾,一般,*,*,*,狂,キョウ,キョー
疾成殊,名詞,一般,*,*,*,*,疾成殊,疾成殊,疾成殊
類,名詞,接尾,一般,*,*,*,類,ルイ,ルイ
 ,記号,空白,*,*,*,*, , , 
災,名詞,一般,*,*,*,*,災,ワザワイ,ワザワイ
患相仍,名詞,一般,*,*,*,*,患相仍,患相仍,患相仍
不可,名詞,接尾,一般,*,*,*,不可,フカ,フカ
逃,名詞,一般,*,*,*,*,逃,逃,逃
    ,記号,空白,*,*,*,*,    ,    ,    
今日,名詞,副詞可能,*,*,*,*,今日,キョウ,キョー
爪牙,名詞,一般,*,*,*,*,爪牙,ソウガ,ソーガ
誰,名詞,代名詞,一般,*,*,*,誰,ダレ,ダレ
敢敵,名詞,一般,*,*,*,*,敢敵,敢敵,敢敵
 ,記号,空白,*,*,*,*, , , 
当時,名詞,副詞可能,*,*,*,*,当時,トウジ,トージ
声,名詞,接尾,一般,*,*,*,声,ゴエ,ゴエ
跡,名詞,一般,*,*,*,*,跡,アト,アト
共,名詞,接尾,一般,*,*,*,共,ドモ,ドモ
相,名詞,接尾,一般,*,*,*,相,ショウ,ショー
高,名詞,接尾,一般,*,*,*,高,ダカ,ダカ
    ,記号,空白,*,*,*,*,    ,    ,    
我,名詞,一般,*,*,*,*,我,ワガ,ワガ
為,名詞,非自立,副詞可能,*,*,*,為,タメ,タメ
異物,名詞,一般,*,*,*,*,異物,イブツ,イブツ
蓬,名詞,一般,*,*,*,*,蓬,ヨモギ,ヨモギ
茅,名詞,一般,*,*,*,*,茅,カヤ,カヤ
下,名詞,接尾,一般,*,*,*,下,カ,カ
 ,記号,空白,*,*,*,*, , , 
君,名詞,代名詞,一般,*,*,*,君,キミ,キミ
已乗軺,名詞,一般,*,*,*,*,已乗軺,已乗軺,已乗軺
気勢,名詞,一般,*,*,*,*,気勢,キセイ,キセイ
豪,名詞,固有名詞,地域,国,*,*,豪,ゴウ,ゴー
    ,記号,空白,*,*,*,*,    ,    ,    
此夕渓,名詞,固有名詞,地域,一般,*,*,此夕渓,此夕渓,此夕渓
山,名詞,接尾,地域,*,*,*,山,サン,サン
対,名詞,接続詞的,*,*,*,*,対,タイ,タイ
明月,名詞,固有名詞,地域,一般,*,*,明月,メイゲツ,メイゲツ
 ,記号,空白,*,*,*,*, , , 
不,接頭詞,名詞接続,*,*,*,*,不,フ,フ
成長,名詞,サ変接続,*,*,*,*,成長,セイチョウ,セイチョー
嘯但成,名詞,一般,*,*,*,*,嘯但成,嘯但成,嘯但成
嘷,名詞,一般,*,*,*,*,嘷,嘷,嘷
   ,記号,空白,*,*,*,*,   ,   ,   
時に,副詞,一般,*,*,*,*,時に,トキニ,トキニ
、,記号,読点,*,*,*,*,、,、,、
残月,名詞,一般,*,*,*,*,残月,ザンゲツ,ザンゲツ
、,記号,読点,*,*,*,*,、,、,、
光,名詞,一般,*,*,*,*,光,ヒカリ,ヒカリ
冷やか,名詞,形容動詞語幹,*,*,*,*,冷やか,ヒヤヤカ,ヒヤヤカ
に,助詞,副詞化,*,*,*,*,に,ニ,ニ
、,記号,読点,*,*,*,*,、,、,、
白露,名詞,一般,*,*,*,*,白露,シラツユ,シラツユ
は,助詞,係助詞,*,*,*,*,は,ハ,ワ
地,名詞,一般,*,*,*,*,地,チ,チ
に,助詞,格助詞,一般,*,*,*,に,ニ,ニ
滋,名詞,固有名詞,人名,名,*,*,滋,シゲル,シゲル
く,動詞,非自立,*,*,五段・カ行促音便,基本形,く,ク,ク
、,記号,読点,*,*,*,*,、,、,、
樹,名詞,一般,*,*,*,*,樹,キ,キ
間,名詞,接尾,一般,*,*,*,間,カン,カン
を,助詞,格助詞,一般,*,*,*,を,ヲ,ヲ
渡る,動詞,自立,*,*,五段・ラ行,基本形,渡る,ワタル,ワタル
冷風,名詞,一般,*,*,*,*,冷風,レイフウ,レイフー
は,助詞,係助詞,*,*,*,*,は,ハ,ワ
既に,副詞,一般,*,*,*,*,既に,スデニ,スデニ
暁,名詞,一般,*,*,*,*,暁,アカツキ,アカツキ
の,助詞,連体化,*,*,*,*,の,ノ,ノ
近き,形容詞,自立,*,*,形容詞・アウオ段,体言接続,近い,チカキ,チカキ
を,助詞,格助詞,一般,*,*,*,を,ヲ,ヲ
告げ,動詞,自立,*,*,一段,連用形,告げる,ツゲ,ツゲ
て,助詞,接続助詞,*,*,*,*,て,テ,テ
い,動詞,非自立,*,*,一段,連用形,いる,イ,イ
た,助動詞,*,*,*,特殊・タ,基本形,た,タ,タ
。,記号,句点,*,*,*,*,。,。,。
人々,名詞,一般,*,*,*,*,人々,ヒトビト,ヒトビト
は,助詞,係助詞,*,*,*,*,は,ハ,ワ
最早,副詞,一般,*,*,*,*,最早,モハヤ,モハヤ
、,記号,読点,*,*,*,*,、,、,、
事,名詞,一般,*,*,*,*,事,コト,コト
の,助詞,連体化,*,*,*,*,の,ノ,ノ
奇異,名詞,形容動詞語幹,*,*,*,*,奇異,キイ,キイ
を,助詞,格助詞,一般,*,*,*,を,ヲ,ヲ
忘れ,動詞,自立,*,*,一段,連用形,忘れる,ワスレ,ワスレ
、,記号,読点,*,*,*,*,、,、,、
粛然,名詞,一般,*,*,*,*,粛然,シュクゼン,シュクゼン
として,助詞,格助詞,連語,*,*,*,として,トシテ,トシテ
、,記号,読点,*,*,*,*,、,、,、
この,連体詞,*,*,*,*,*,この,コノ,コノ
詩人,名詞,一般,*,*,*,*,詩人,シジン,シジン
の,助詞,連体化,*,*,*,*,の,ノ,ノ
薄倖,名詞,一般,*,*,*,*,薄倖,ハッコウ,ハッコー
を,助詞,格助詞,一般,*,*,*,を,ヲ,ヲ
嘆,名詞,一般,*,*,*,*,嘆,嘆,嘆
じ,助動詞,*,*,*,不変化型,基本形,じ,ジ,ジ
た,助動詞,*,*,*,特殊・タ,基本形,た,タ,タ
。,記号,句点,*,*,*,*,。,。,。
李,名詞,固有名詞,人名,姓,*,*,李,リ,リ
徴,名詞,一般,*,*,*,*,徴,シルシ,シルシ
の,助詞,連体化,*,*,*,*,の,ノ,ノ
声,名詞,一般,*,*,*,*,声,コエ,コエ
は,助詞,係助詞,*,*,*,*,は,ハ,ワ
再び,副詞,助詞類接続,*,*,*,*,再び,フタタビ,フタタビ
続ける,動詞,自立,*,*,一段,基本形,続ける,ツヅケル,ツズケル
。,記号,句点,*,*,*,*,。,。,。
  ,記号,空白,*,*,*,*,  ,  ,  
何故,副詞,助詞類接続,*,*,*,*,何故,ナゼ,ナゼ
こんな,連体詞,*,*,*,*,*,こんな,コンナ,コンナ
運命,名詞,一般,*,*,*,*,運命,ウンメイ,ウンメイ
に,助詞,格助詞,一般,*,*,*,に,ニ,ニ
なっ,動詞,自立,*,*,五段・ラ行,連用タ接続,なる,ナッ,ナッ
た,助動詞,*,*,*,特殊・タ,基本形,た,タ,タ
か,助詞,副助詞／並立助詞／終助詞,*,*,*,*,か,カ,カ
判ら,動詞,自立,*,*,五段・ラ行,未然形,判る,ワカラ,ワカラ
ぬ,助動詞,*,*,*,特殊・ヌ,基本形,ぬ,ヌ,ヌ
と,助詞,格助詞,引用,*,*,*,と,ト,ト
、,記号,読点,*,*,*,*,、,、,、
先刻,名詞,副詞可能,*,*,*,*,先刻,センコク,センコク
は,助詞,係助詞,*,*,*,*,は,ハ,ワ
言っ,動詞,自立,*,*,五段・ワ行促音便,連用タ接続,言う,イッ,イッ
た,助動詞,*,*,*,特殊・タ,基本形,た,タ,タ
が,助詞,接続助詞,*,*,*,*,が,ガ,ガ
、,記号,読点,*,*,*,*,、,、,、
しかし,接続詞,*,*,*,*,*,しかし,シカシ,シカシ
、,記号,読点,*,*,*,*,、,、,、
考え,名詞,一般,*,*,*,*,考え,カンガエ,カンガエ
よう,名詞,接尾,一般,*,*,*,よう,ヨウ,ヨー
に,助詞,格助詞,一般,*,*,*,に,ニ,ニ
依れ,動詞,自立,*,*,五段・ラ行,仮定形,依る,ヨレ,ヨレ
ば,助詞,接続助詞,*,*,*,*,ば,バ,バ
、,記号,読点,*,*,*,*,、,、,、
思い当る,動詞,自立,*,*,五段・ラ行,基本形,思い当る,オモイアタル,オモイアタル
こと,名詞,非自立,一般,*,*,*,こと,コト,コト
が,助詞,格助詞,一般,*,*,*,が,ガ,ガ
全然,副詞,助詞類接続,*,*,*,*,全然,ゼンゼン,ゼンゼン
ない,形容詞,自立,*,*,形容詞・アウオ段,基本形,ない,ナイ,ナイ
でも,助詞,副助詞,*,*,*,*,でも,デモ,デモ
ない,助動詞,*,*,*,特殊・ナイ,基本形,ない,ナイ,ナイ
。,記号,句点,*,*,*,*,。,。,。
人間,名詞,一般,*,*,*,*,人間,ニンゲン,ニンゲン
で,助動詞,*,*,*,特殊・ダ,連用形,だ,デ,デ
あっ,助動詞,*,*,*,五段・ラ行アル,連用タ接続,ある,アッ,アッ
た,助動詞,*,*,*,特殊・タ,基本形,た,タ,タ
時,名詞,非自立,副詞可能,*,*,*,時,トキ,トキ
、,記号,読点,*,*,*,*,、,、,、
己,名詞,代名詞,一般,*,*,*,己,オノレ,オノレ
は,助詞,係助詞,*,*,*,*,は,ハ,ワ
努め,動詞,自立,*,*,一段,連用形,努める,ツトメ,ツトメ
て,助詞,接続助詞,*,*,*,*,て,テ,テ
人,名詞,一般,*,*,*,*,人,ヒト,ヒト
と,助詞,格助詞,一般,*,*,*,と,ト,ト
の,助詞,連体化,*,*,*,*,の,ノ,ノ
交,名詞,一般,*,*,*,*,交,交,交
を,助詞,格助詞,一般,*,*,*,を,ヲ,ヲ
避け,動詞,自立,*,*,一段,連用形,避ける,サケ,サケ
た,助動詞,*,*,*,特殊・タ,基本形,た,タ,タ
。,記号,句点,*,*,*,*,。,。,。
人々,名詞,一般,*,*,*,*,人々,ヒトビト,ヒトビト
は,助詞,係助詞,*,*,*,*,は,ハ,ワ
己,名詞,代名詞,一般,*,*,*,己,オノレ,オノレ
を,助詞,格助詞,一般,*,*,*,を,ヲ,ヲ
倨傲,名詞,形容動詞語幹,*,*,*,*,倨傲,キョゴウ,キョゴー
だ,助動詞,*,*,*,特殊・ダ,基本形,だ,ダ,ダ
、,記号,読点,*,*,*,*,、,、,、
尊大,名詞,形容動詞語幹,*,*,*,*,尊大,ソンダイ,ソンダイ
だ,助動詞,*,*,*,特殊・ダ,基本形,だ,ダ,ダ
と,助詞,格助詞,引用,*,*,*,と,ト,ト
いっ,動詞,自立,*,*,五段・ワ行促音便,連用タ接続,いう,イッ,イッ
た,助動詞,*,*,*,特殊・タ,基本形,た,タ,タ
。,記号,句点,*,*,*,*,。,。,。
実は,接続詞,*,*,*,*,*,実は,ジツハ,ジツワ
、,記号,読点,*,*,*,*,、,、,、
それ,名詞,代名詞,一般,*,*,*,それ,ソレ,ソレ
が,助詞,格助詞,一般,*,*,*,が,ガ,ガ
殆ど,名詞,副詞可能,*,*,*,*,殆ど,ホトンド,ホトンド
羞恥心,名詞,一般,*,*,*,*,羞恥心,シュウチシン,シューチシン
に,助詞,格助詞,一般,*,*,*,に,ニ,ニ
近い,形容詞,自立,*,*,形容詞・アウオ段,基本形,近い,チカイ,チカイ
もの,名詞,非自立,一般,*,*,*,もの,モノ,モノ
で,助動詞,*,*,*,特殊・ダ,連用形,だ,デ,デ
ある,助動詞,*,*,*,五段・ラ行アル,基本形,ある,アル,アル
こと,名詞,非自立,一般,*,*,*,こと,コト,コト
を,助詞,格助詞,一般,*,*,*,を,ヲ,ヲ
、,記号,読点,*,*,*,*,、,、,、
人々,名詞,一般,*,*,*,*,人々,ヒトビト,ヒトビト
は,助詞,係助詞,*,*,*,*,は,ハ,ワ
知ら,動詞,自立,*,*,五段・ラ行,未然形,知る,シラ,シラ
なかっ,助動詞,*,*,*,特殊・ナイ,連用タ接続,ない,ナカッ,ナカッ
た,助動詞,*,*,*,特殊・タ,基本形,た,タ,タ
。,記号,句点,*,*,*,*,。,。,。
勿論,副詞,一般,*,*,*,*,勿論,モチロン,モチロン
、,記号,読点,*,*,*,*,、,、,、
曾,名詞,一般,*,*,*,*,曾,曾,曾
て,助詞,格助詞,連語,*,*,*,て,テ,テ
の,助詞,連体化,*,*,*,*,の,ノ,ノ
郷党,名詞,一般,*,*,*,*,郷党,キョウトウ,キョートー
の,助詞,連体化,*,*,*,*,の,ノ,ノ
鬼才,名詞,一般,*,*,*,*,鬼才,キサイ,キサイ
と,助詞,格助詞,引用,*,*,*,と,ト,ト
いわ,動詞,自立,*,*,五段・ワ行促音便,未然形,いう,イワ,イワ
れ,動詞,接尾,*,*,一段,連用形,れる,レ,レ
た,助動詞,*,*,*,特殊・タ,基本形,た,タ,タ
自分,名詞,一般,*,*,*,*,自分,ジブン,ジブン
に,助詞,格助詞,一般,*,*,*,に,ニ,ニ
、,記号,読点,*,*,*,*,、,、,、
自尊心,名詞,一般,*,*,*,*,自尊心,ジソンシン,ジソンシン
が,助詞,格助詞,一般,*,*,*,が,ガ,ガ
無かっ,形容詞,自立,*,*,形容詞・アウオ段,連用タ接続,無い,ナカッ,ナカッ
た,助動詞,*,*,*,特殊・タ,基本形,た,タ,タ
と,助詞,格助詞,引用,*,*,*,と,ト,ト
は,助詞,係助詞,*,*,*,*,は,ハ,ワ
云わ,動詞,自立,*,*,五段・ワ行促音便,未然形,云う,イワ,イワ
ない,助動詞,*,*,*,特殊・ナイ,基本形,ない,ナイ,ナイ
。,記号,句点,*,*,*,*,。,。,。
しかし,接続詞,*,*,*,*,*,しかし,シカシ,シカシ
、,記号,読点,*,*,*,*,、,、,、
それ,名詞,代名詞,一般,*,*,*,それ,ソレ,ソレ
は,助詞,係助詞,*,*,*,*,は,ハ,ワ
臆病,名詞,形容動詞語幹,*,*,*,*,臆病,オクビョウ,オクビョー
な,助動詞,*,*,*,特殊・ダ,体言接続,だ,ナ,ナ
自尊心,名詞,一般,*,*,*,*,自尊心,ジソンシン,ジソンシン
と,助詞,格助詞,一般,*,*,*,と,ト,ト
で,助詞,格助詞,一般,*,*,*,で,デ,デ
も,助詞,係助詞,*,*,*,*,も,モ,モ
いう,動詞,自立,*,*,五段・ワ行促音便,基本形,いう,イウ,イウ
べき,助動詞,*,*,*,文語・ベシ,体言接続,べし,ベキ,ベキ
もの,名詞,非自立,一般,*,*,*,もの,モノ,モノ
で,助動詞,*,*,*,特殊・ダ,連用形,だ,デ,デ
あっ,助動詞,*,*,*,五段・ラ行アル,連用タ接続,ある,アッ,アッ
た,助動詞,*,*,*,特殊・タ,基本形,た,タ,タ
。,記号,句点,*,*,*,*,。,。,。
己,名詞,代名詞,一般,*,*,*,己,オノレ,オノレ
は,助詞,係助詞,*,*,*,*,は,ハ,ワ
詩,名詞,一般,*,*,*,*,詩,シ,シ
によって,助詞,格助詞,連語,*,*,*,によって,ニヨッテ,ニヨッテ
名,名詞,一般,*,*,*,*,名,ナ,ナ
を,助詞,格助詞,一般,*,*,*,を,ヲ,ヲ
成そ,動詞,自立,*,*,五段・サ行,未然ウ接続,成す,ナソ,ナソ
う,助動詞,*,*,*,不変化型,基本形,う,ウ,ウ
と,助詞,格助詞,引用,*,*,*,と,ト,ト
思い,動詞,自立,*,*,五段・ワ行促音便,連用形,思う,オモイ,オモイ
ながら,助詞,接続助詞,*,*,*,*,ながら,ナガラ,ナガラ
、,記号,読点,*,*,*,*,、,、,、
進ん,動詞,自立,*,*,五段・マ行,連用タ接続,進む,ススン,ススン
で,助詞,接続助詞,*,*,*,*,で,デ,デ
師,名詞,一般,*,*,*,*,師,シ,シ
に,助詞,格助詞,一般,*,*,*,に,ニ,ニ
就い,動詞,自立,*,*,五段・カ行イ音便,連用タ接続,就く,ツイ,ツイ
たり,助詞,並立助詞,*,*,*,*,たり,タリ,タリ
、,記号,読点,*,*,*,*,、,、,、
求め,動詞,自立,*,*,一段,連用形,求める,モトメ,モトメ
て,助詞,接続助詞,*,*,*,*,て,テ,テ
詩,名詞,一般,*,*,*,*,詩,シ,シ
友,名詞,一般,*,*,*,*,友,トモ,トモ
と,助詞,格助詞,一般,*,*,*,と,ト,ト
交っ,動詞,自立,*,*,五段・ワ行促音便,連用タ接続,交う,カッ,カッ
て,助詞,接続助詞,*,*,*,*,て,テ,テ
切磋琢磨,名詞,サ変接続,*,*,*,*,切磋琢磨,セッサタクマ,セッサタクマ
に,助詞,格助詞,一般,*,*,*,に,ニ,ニ
努め,動詞,自立,*,*,一段,連用形,努める,ツトメ,ツトメ
たり,助詞,並立助詞,*,*,*,*,たり,タリ,タリ
する,動詞,自立,*,*,サ変・スル,基本形,する,スル,スル
こと,名詞,非自立,一般,*,*,*,こと,コト,コト
を,助詞,格助詞,一般,*,*,*,を,ヲ,ヲ
し,動詞,自立,*,*,サ変・スル,未然形,する,シ,シ
なかっ,助動詞,*,*,*,特殊・ナイ,連用タ接続,ない,ナカッ,ナカッ
た,助動詞,*,*,*,特殊・タ,基本形,た,タ,タ
。,記号,句点,*,*,*,*,。,。,。
か,助詞,副助詞／並立助詞／終助詞,*,*,*,*,か,カ,カ
と,助詞,格助詞,引用,*,*,*,と,ト,ト
いっ,動詞,自立,*,*,五段・ワ行促音便,連用タ接続,いう,イッ,イッ
て,助詞,接続助詞,*,*,*,*,て,テ,テ
、,記号,読点,*,*,*,*,、,、,、
又,接続詞,*,*,*,*,*,又,マタ,マタ
、,記号,読点,*,*,*,*,、,、,、
己,名詞,代名詞,一般,*,*,*,己,オノレ,オノレ
は,助詞,係助詞,*,*,*,*,は,ハ,ワ
俗物,名詞,一般,*,*,*,*,俗物,ゾクブツ,ゾクブツ
の,助詞,連体化,*,*,*,*,の,ノ,ノ
間,名詞,一般,*,*,*,*,間,マ,マ
に,助詞,格助詞,一般,*,*,*,に,ニ,ニ
伍する,動詞,自立,*,*,サ変・−スル,基本形,伍する,ゴスル,ゴスル
こと,名詞,非自立,一般,*,*,*,こと,コト,コト
も,助詞,係助詞,*,*,*,*,も,モ,モ
潔し,形容詞,自立,*,*,形容詞・アウオ段,文語基本形,潔い,イサギヨシ,イサギヨシ
と,助詞,格助詞,引用,*,*,*,と,ト,ト
し,動詞,自立,*,*,サ変・スル,未然形,する,シ,シ
なかっ,助動詞,*,*,*,特殊・ナイ,連用タ接続,ない,ナカッ,ナカッ
た,助動詞,*,*,*,特殊・タ,基本形,た,タ,タ
。,記号,句点,*,*,*,*,。,。,。
共に,副詞,一般,*,*,*,*,共に,トモニ,トモニ
、,記号,読点,*,*,*,*,、,、,、
我が,連体詞,*,*,*,*,*,我が,ワガ,ワガ
臆病,名詞,形容動詞語幹,*,*,*,*,臆病,オクビョウ,オクビョー
な,助動詞,*,*,*,特殊・ダ,体言接続,だ,ナ,ナ
自尊心,名詞,一般,*,*,*,*,自尊心,ジソンシン,ジソンシン
と,助詞,並立助詞,*,*,*,*,と,ト,ト
、,記号,読点,*,*,*,*,、,、,、
尊大,名詞,形容動詞語幹,*,*,*,*,尊大,ソンダイ,ソンダイ
な,助動詞,*,*,*,特殊・ダ,体言接続,だ,ナ,ナ
羞恥心,名詞,一般,*,*,*,*,羞恥心,シュウチシン,シューチシン
と,助詞,格助詞,一般,*,*,*,と,ト,ト
の,助詞,連体化,*,*,*,*,の,ノ,ノ
所為,名詞,一般,*,*,*,*,所為,ショイ,ショイ
で,助動詞,*,*,*,特殊・ダ,連用形,だ,デ,デ
ある,助動詞,*,*,*,五段・ラ行アル,基本形,ある,アル,アル
。,記号,句点,*,*,*,*,。,。,。
己,名詞,代名詞,一般,*,*,*,己,オノレ,オノレ
の,助詞,連体化,*,*,*,*,の,ノ,ノ
珠,名詞,一般,*,*,*,*,珠,タマ,タマ
に,助詞,格助詞,一般,*,*,*,に,ニ,ニ
非,接頭詞,名詞接続,*,*,*,*,非,ヒ,ヒ
ざる,名詞,一般,*,*,*,*,ざる,ザル,ザル
こと,名詞,非自立,一般,*,*,*,こと,コト,コト
を,助詞,格助詞,一般,*,*,*,を,ヲ,ヲ
惧,名詞,一般,*,*,*,*,惧,惧,惧
れる,動詞,接尾,*,*,一段,基本形,れる,レル,レル
が,助詞,接続助詞,*,*,*,*,が,ガ,ガ
故に,接続詞,*,*,*,*,*,故に,ユエニ,ユエニ
、,記号,読点,*,*,*,*,、,、,、
敢,名詞,一般,*,*,*,*,敢,敢,敢
て,助詞,格助詞,連語,*,*,*,て,テ,テ
刻苦,名詞,サ変接続,*,*,*,*,刻苦,コック,コック
し,動詞,自立,*,*,サ変・スル,連用形,する,シ,シ
て,助詞,接続助詞,*,*,*,*,て,テ,テ
磨こ,動詞,自立,*,*,五段・カ行イ音便,未然ウ接続,磨く,ミガコ,ミガコ
う,助動詞,*,*,*,不変化型,基本形,う,ウ,ウ
と,助詞,格助詞,引用,*,*,*,と,ト,ト
も,助詞,係助詞,*,*,*,*,も,モ,モ
せ,動詞,自立,*,*,サ変・スル,未然ヌ接続,する,セ,セ
ず,助動詞,*,*,*,特殊・ヌ,連用ニ接続,ぬ,ズ,ズ
、,記号,読点,*,*,*,*,、,、,、
又,接続詞,*,*,*,*,*,又,マタ,マタ
、,記号,読点,*,*,*,*,、,、,、
己,名詞,代名詞,一般,*,*,*,己,オノレ,オノレ
の,助詞,連体化,*,*,*,*,の,ノ,ノ
珠,名詞,一般,*,*,*,*,珠,タマ,タマ
なる,動詞,自立,*,*,五段・ラ行,基本形,なる,ナル,ナル
べき,助動詞,*,*,*,文語・ベシ,体言接続,べし,ベキ,ベキ
を,助詞,格助詞,一般,*,*,*,を,ヲ,ヲ
半ば,名詞,副詞可能,*,*,*,*,半ば,ナカバ,ナカバ
信ずる,動詞,自立,*,*,サ変・−ズル,基本形,信ずる,シンズル,シンズル
が,助詞,接続助詞,*,*,*,*,が,ガ,ガ
故に,接続詞,*,*,*,*,*,故に,ユエニ,ユエニ
、,記号,読点,*,*,*,*,、,、,、
碌々,名詞,一般,*,*,*,*,碌々,ロクロク,ロクロク
として,助詞,格助詞,連語,*,*,*,として,トシテ,トシテ
瓦,名詞,一般,*,*,*,*,瓦,カワラ,カワラ
に,助詞,格助詞,一般,*,*,*,に,ニ,ニ
伍する,動詞,自立,*,*,サ変・−スル,基本形,伍する,ゴスル,ゴスル
こと,名詞,非自立,一般,*,*,*,こと,コト,コト
も,助詞,係助詞,*,*,*,*,も,モ,モ
出来,動詞,自立,*,*,一段,未然形,出来る,デキ,デキ
なかっ,助動詞,*,*,*,特殊・ナイ,連用タ接続,ない,ナカッ,ナカッ
た,助動詞,*,*,*,特殊・タ,基本形,た,タ,タ
。,記号,句点,*,*,*,*,。,。,。
己,名詞,代名詞,一般,*,*,*,己,オノレ,オノレ
は,助詞,係助詞,*,*,*,*,は,ハ,ワ
次第に,副詞,一般,*,*,*,*,次第に,シダイニ,シダイニ
世,名詞,一般,*,*,*,*,世,ヨ,ヨ
と,助詞,格助詞,引用,*,*,*,と,ト,ト
離れ,動詞,自立,*,*,一段,連用形,離れる,ハナレ,ハナレ
、,記号,読点,*,*,*,*,、,、,、
人,名詞,一般,*,*,*,*,人,ヒト,ヒト
と,助詞,格助詞,一般,*,*,*,と,ト,ト
遠ざかり,動詞,自立,*,*,五段・ラ行,連用形,遠ざかる,トオザカリ,トーザカリ
、,記号,読点,*,*,*,*,、,、,、
憤,動詞,自立,*,*,五段・ラ行,体言接続特殊２,憤る,イキドオ,イキドー
悶,名詞,一般,*,*,*,*,悶,悶,悶
と,助詞,並立助詞,*,*,*,*,と,ト,ト
慙恚,名詞,一般,*,*,*,*,慙恚,慙恚,慙恚
と,助詞,並立助詞,*,*,*,*,と,ト,ト
によって,助詞,格助詞,連語,*,*,*,によって,ニヨッテ,ニヨッテ
益々,副詞,一般,*,*,*,*,益々,マスマス,マスマス
己,名詞,代名詞,一般,*,*,*,己,オノレ,オノレ
の,助詞,連体化,*,*,*,*,の,ノ,ノ
内,名詞,非自立,副詞可能,*,*,*,内,ウチ,ウチ
なる,助動詞,*,*,*,文語・ナリ,体言接続,なり,ナル,ナル
臆病,名詞,形容動詞語幹,*,*,*,*,臆病,オクビョウ,オクビョー
な,助動詞,*,*,*,特殊・ダ,体言接続,だ,ナ,ナ
自尊心,名詞,一般,*,*,*,*,自尊心,ジソンシン,ジソンシン
を,助詞,格助詞,一般,*,*,*,を,ヲ,ヲ
飼い,動詞,自立,*,*,五段・ワ行促音便,連用形,飼う,カイ,カイ
ふとら,動詞,自立,*,*,五段・ラ行,未然形,ふとる,フトラ,フトラ
せる,動詞,接尾,*,*,一段,基本形,せる,セル,セル
結果,名詞,副詞可能,*,*,*,*,結果,ケッカ,ケッカ
に,助詞,格助詞,一般,*,*,*,に,ニ,ニ
なっ,動詞,自立,*,*,五段・ラ行,連用タ接続,なる,ナッ,ナッ
た,助動詞,*,*,*,特殊・タ,基本形,た,タ,タ
。,記号,句点,*,*,*,*,。,。,。
人間,名詞,一般,*,*,*,*,人間,ニンゲン,ニンゲン
は,助詞,係助詞,*,*,*,*,は,ハ,ワ
誰,名詞,代名詞,一般,*,*,*,誰,ダレ,ダレ
でも,助詞,副助詞,*,*,*,*,でも,デモ,デモ
猛獣,名詞,一般,*,*,*,*,猛獣,モウジュウ,モージュー
使,名詞,接尾,一般,*,*,*,使,シ,シ
で,助動詞,*,*,*,特殊・ダ,連用形,だ,デ,デ
あり,助動詞,*,*,*,五段・ラ行アル,連用形,ある,アリ,アリ
、,記号,読点,*,*,*,*,、,、,、
その,連体詞,*,*,*,*,*,その,ソノ,ソノ
猛獣,名詞,一般,*,*,*,*,猛獣,モウジュウ,モージュー
に,助詞,格助詞,一般,*,*,*,に,ニ,ニ
当る,動詞,自立,*,*,五段・ラ行,基本形,当る,アタル,アタル
の,名詞,非自立,一般,*,*,*,の,ノ,ノ
が,助詞,格助詞,一般,*,*,*,が,ガ,ガ
、,記号,読点,*,*,*,*,、,、,、
各人,名詞,一般,*,*,*,*,各人,カクジン,カクジン
の,助詞,連体化,*,*,*,*,の,ノ,ノ
性情,名詞,一般,*,*,*,*,性情,セイジョウ,セイジョー
だ,助動詞,*,*,*,特殊・ダ,基本形,だ,ダ,ダ
と,助詞,格助詞,引用,*,*,*,と,ト,ト
いう,動詞,自立,*,*,五段・ワ行促音便,基本形,いう,イウ,イウ
。,記号,句点,*,*,*,*,。,。,。
己,名詞,代名詞,一般,*,*,*,己,オノレ,オノレ
の,助詞,連体化,*,*,*,*,の,ノ,ノ
場合,名詞,副詞可能,*,*,*,*,場合,バアイ,バアイ
、,記号,読点,*,*,*,*,、,、,、
この,連体詞,*,*,*,*,*,この,コノ,コノ
尊大,名詞,形容動詞語幹,*,*,*,*,尊大,ソンダイ,ソンダイ
な,助動詞,*,*,*,特殊・ダ,体言接続,だ,ナ,ナ
羞恥心,名詞,一般,*,*,*,*,羞恥心,シュウチシン,シューチシン
が,助詞,格助詞,一般,*,*,*,が,ガ,ガ
猛獣,名詞,一般,*,*,*,*,猛獣,モウジュウ,モージュー
だっ,助動詞,*,*,*,特殊・ダ,連用タ接続,だ,ダッ,ダッ
た,助動詞,*,*,*,特殊・タ,基本形,た,タ,タ
。,記号,句点,*,*,*,*,。,。,。
虎,名詞,一般,*,*,*,*,虎,トラ,トラ
だっ,助動詞,*,*,*,特殊・ダ,連用タ接続,だ,ダッ,ダッ
た,助動詞,*,*,*,特殊・タ,基本形,た,タ,タ
の,名詞,非自立,一般,*,*,*,の,ノ,ノ
だ,助動詞,*,*,*,特殊・ダ,基本形,だ,ダ,ダ
。,記号,句点,*,*,*,*,。,。,。
これ,名詞,代名詞,一般,*,*,*,これ,コレ,コレ
が,助詞,格助詞,一般,*,*,*,が,ガ,ガ
己,名詞,代名詞,一般,*,*,*,己,オノレ,オノレ
を,助詞,格助詞,一般,*,*,*,を,ヲ,ヲ
損,名詞,一般,*,*,*,*,損,ソン,ソン
い,動詞,自立,*,*,一段,連用形,いる,イ,イ
、,記号,読点,*,*,*,*,、,、,、
妻子,名詞,一般,*,*,*,*,妻子,サイシ,サイシ
を,助詞,格助詞,一般,*,*,*,を,ヲ,ヲ
苦しめ,動詞,自立,*,*,一段,連用形,苦しめる,クルシメ,クルシメ
、,記号,読点,*,*,*,*,、,、,、
友人,名詞,一般,*,*,*,*,友人,ユウジン,ユージン
を,助詞,格助詞,一般,*,*,*,を,ヲ,ヲ
傷つけ,動詞,自立,*,*,一段,連用形,傷つける,キズツケ,キズツケ
、,記号,読点,*,*,*,*,、,、,、
果て,名詞,一般,*,*,*,*,果て,ハテ,ハテ
は,助詞,係助詞,*,*,*,*,は,ハ,ワ
、,記号,読点,*,*,*,*,、,、,、
己,名詞,代名詞,一般,*,*,*,己,オノレ,オノレ
の,助詞,連体化,*,*,*,*,の,ノ,ノ
外形,名詞,一般,*,*,*,*,外形,ガイケイ,ガイケイ
を,助詞,格助詞,一般,*,*,*,を,ヲ,ヲ
かく,動詞,自立,*,*,五段・カ行イ音便,基本形,かく,カク,カク
の,名詞,非自立,一般,*,*,*,の,ノ,ノ
如く,助動詞,*,*,*,文語・ゴトシ,連用形,如し,ゴトク,ゴトク
、,記号,読点,*,*,*,*,、,、,、
内心,名詞,一般,*,*,*,*,内心,ナイシン,ナイシン
に,助詞,格助詞,一般,*,*,*,に,ニ,ニ
ふさわしい,形容詞,自立,*,*,形容詞・イ段,基本形,ふさわしい,フサワシイ,フサワシイ
もの,名詞,非自立,一般,*,*,*,もの,モノ,モノ
に,助詞,格助詞,一般,*,*,*,に,ニ,ニ
変え,動詞,自立,*,*,一段,連用形,変える,カエ,カエ
て,助詞,接続助詞,*,*,*,*,て,テ,テ
了,名詞,固有名詞,人名,名,*,*,了,リョウ,リョー
っ,動詞,非自立,*,*,五段・カ行促音便,連用タ接続,く,ッ,ッ
た,助動詞,*,*,*,特殊・タ,基本形,た,タ,タ
の,名詞,非自立,一般,*,*,*,の,ノ,ノ
だ,助動詞,*,*,*,特殊・ダ,基本形,だ,ダ,ダ
。,記号,句点,*,*,*,*,。,。,。
今,名詞,副詞可能,*,*,*,*,今,イマ,イマ
思え,動詞,自立,*,*,五段・ワ行促音便,仮定形,思う,オモエ,オモエ
ば,助詞,接続助詞,*,*,*,*,ば,バ,バ
、,記号,読点,*,*,*,*,、,、,、
全く,副詞,助詞類接続,*,*,*,*,全く,マッタク,マッタク
、,記号,読点,*,*,*,*,、,、,、
己,名詞,代名詞,一般,*,*,*,己,オノレ,オノレ
は,助詞,係助詞,*,*,*,*,は,ハ,ワ
、,記号,読点,*,*,*,*,、,、,、
己,名詞,代名詞,一般,*,*,*,己,オノレ,オノレ
の,助詞,格助詞,一般,*,*,*,の,ノ,ノ
有っ,動詞,自立,*,*,五段・ラ行,連用タ接続,有る,アッ,アッ
て,助詞,接続助詞,*,*,*,*,て,テ,テ
い,動詞,非自立,*,*,一段,連用形,いる,イ,イ
た,助動詞,*,*,*,特殊・タ,基本形,た,タ,タ
僅か,名詞,形容動詞語幹,*,*,*,*,僅か,ワズカ,ワズカ
ばかり,助詞,副助詞,*,*,*,*,ばかり,バカリ,バカリ
の,助詞,連体化,*,*,*,*,の,ノ,ノ
才能,名詞,一般,*,*,*,*,才能,サイノウ,サイノー
を,助詞,格助詞,一般,*,*,*,を,ヲ,ヲ
空費,名詞,サ変接続,*,*,*,*,空費,クウヒ,クーヒ
し,動詞,自立,*,*,サ変・スル,連用形,する,シ,シ
て,助詞,接続助詞,*,*,*,*,て,テ,テ
了,名詞,固有名詞,人名,名,*,*,了,リョウ,リョー
っ,動詞,非自立,*,*,五段・カ行促音便,連用タ接続,く,ッ,ッ
た,助動詞,*,*,*,特殊・タ,基本形,た,タ,タ
訳,名詞,非自立,一般,*,*,*,訳,ワケ,ワケ
だ,助動詞,*,*,*,特殊・ダ,基本形,だ,ダ,ダ
。,記号,句点,*,*,*,*,。,。,。
人生,名詞,一般,*,*,*,*,人生,ジンセイ,ジンセイ
は,助詞,係助詞,*,*,*,*,は,ハ,ワ
何事,名詞,一般,*,*,*,*,何事,ナニゴト,ナニゴト
を,助詞,格助詞,一般,*,*,*,を,ヲ,ヲ
も,助詞,係助詞,*,*,*,*,も,モ,モ
為さ,動詞,自立,*,*,五段・サ行,未然形,為す,ナサ,ナサ
ぬ,助動詞,*,*,*,特殊・ヌ,基本形,ぬ,ヌ,ヌ
に,助詞,格助詞,一般,*,*,*,に,ニ,ニ
は,助詞,係助詞,*,*,*,*,は,ハ,ワ
余りに,副詞,助詞類接続,*,*,*,*,余りに,アマリニ,アマリニ
長い,形容詞,自立,*,*,形容詞・アウオ段,基本形,長い,ナガイ,ナガイ
が,助詞,接続助詞,*,*,*,*,が,ガ,ガ
、,記号,読点,*,*,*,*,、,、,、
何事,名詞,一般,*,*,*,*,何事,ナニゴト,ナニゴト
か,助詞,副助詞／並立助詞／終助詞,*,*,*,*,か,カ,カ
を,助詞,格助詞,一般,*,*,*,を,ヲ,ヲ
為す,動詞,自立,*,*,五段・サ行,基本形,為す,ナス,ナス
に,助詞,格助詞,一般,*,*,*,に,ニ,ニ
は,助詞,係助詞,*,*,*,*,は,ハ,ワ
余りに,副詞,助詞類接続,*,*,*,*,余りに,アマリニ,アマリニ
短い,形容詞,自立,*,*,形容詞・アウオ段,基本形,短い,ミジカイ,ミジカイ
など,助詞,副助詞,*,*,*,*,など,ナド,ナド
と,助詞,格助詞,引用,*,*,*,と,ト,ト
口先,名詞,一般,*,*,*,*,口先,クチサキ,クチサキ
ばかり,助詞,副助詞,*,*,*,*,ばかり,バカリ,バカリ
の,助詞,連体化,*,*,*,*,の,ノ,ノ
警句,名詞,一般,*,*,*,*,警句,ケイク,ケイク
を,助詞,格助詞,一般,*,*,*,を,ヲ,ヲ
弄,名詞,サ変接続,*,*,*,*,弄,ロウ,ロー
し,動詞,自立,*,*,サ変・スル,連用形,する,シ,シ
ながら,助詞,接続助詞,*,*,*,*,ながら,ナガラ,ナガラ
、,記号,読点,*,*,*,*,、,、,、
事実,名詞,副詞可能,*,*,*,*,事実,ジジツ,ジジツ
は,助詞,係助詞,*,*,*,*,は,ハ,ワ
、,記号,読点,*,*,*,*,、,、,、
才能,名詞,一般,*,*,*,*,才能,サイノウ,サイノー
の,助詞,連体化,*,*,*,*,の,ノ,ノ
不足,名詞,サ変接続,*,*,*,*,不足,フソク,フソク
を,助詞,格助詞,一般,*,*,*,を,ヲ,ヲ
暴露,名詞,サ変接続,*,*,*,*,暴露,バクロ,バクロ
する,動詞,自立,*,*,サ変・スル,基本形,する,スル,スル
かも,助詞,副助詞,*,*,*,*,かも,カモ,カモ
知れ,動詞,自立,*,*,一段,未然形,知れる,シレ,シレ
ない,助動詞,*,*,*,特殊・ナイ,基本形,ない,ナイ,ナイ
と,助詞,格助詞,引用,*,*,*,と,ト,ト
の,助詞,連体化,*,*,*,*,の,ノ,ノ
卑怯,名詞,形容動詞語幹,*,*,*,*,卑怯,ヒキョウ,ヒキョー
な,助動詞,*,*,*,特殊・ダ,体言接続,だ,ナ,ナ
危惧,名詞,サ変接続,*,*,*,*,危惧,キグ,キグ
と,助詞,並立助詞,*,*,*,*,と,ト,ト
、,記号,読点,*,*,*,*,、,、,、
刻苦,名詞,サ変接続,*,*,*,*,刻苦,コック,コック
を,助詞,格助詞,一般,*,*,*,を,ヲ,ヲ
厭う,動詞,自立,*,*,五段・ワ行促音便,基本形,厭う,イトウ,イトウ
怠惰,名詞,形容動詞語幹,*,*,*,*,怠惰,タイダ,タイダ
と,助詞,並立助詞,*,*,*,*,と,ト,ト
が,助詞,格助詞,一般,*,*,*,が,ガ,ガ
己,名詞,代名詞,一般,*,*,*,己,オノレ,オノレ
の,助詞,連体化,*,*,*,*,の,ノ,ノ
凡て,名詞,副詞可能,*,*,*,*,凡て,スベテ,スベテ
だっ,助動詞,*,*,*,特殊・ダ,連用タ接続,だ,ダッ,ダッ
た,助動詞,*,*,*,特殊・タ,基本形,た,タ,タ
の,名詞,非自立,一般,*,*,*,の,ノ,ノ
だ,助動詞,*,*,*,特殊・ダ,基本形,だ,ダ,ダ
。,記号,句点,*,*,*,*,。,。,。
己,名詞,代名詞,一般,*,*,*,己,オノレ,オノレ
より,助詞,格助詞,一般,*,*,*,より,ヨリ,ヨリ
も,助詞,係助詞,*,*,*,*,も,モ,モ
遥か,名詞,形容動詞語幹,*,*,*,*,遥か,ハルカ,ハルカ
に,助詞,副詞化,*,*,*,*,に,ニ,ニ
乏しい,形容詞,自立,*,*,形容詞・イ段,基本形,乏しい,トボシイ,トボシイ
才能,名詞,一般,*,*,*,*,才能,サイノウ,サイノー
で,助動詞,*,*,*,特殊・ダ,連用形,だ,デ,デ
あり,助動詞,*,*,*,五段・ラ行アル,連用形,ある,アリ,アリ
ながら,助詞,接続助詞,*,*,*,*,ながら,ナガラ,ナガラ
、,記号,読点,*,*,*,*,、,、,、
それ,名詞,代名詞,一般,*,*,*,それ,ソレ,ソレ
を,助詞,格助詞,一般,*,*,*,を,ヲ,ヲ
専一,名詞,一般,*,*,*,*,専一,センイツ,センイツ
に,助詞,格助詞,一般,*,*,*,に,ニ,ニ
磨い,動詞,自立,*,*,五段・カ行イ音便,連用タ接続,磨く,ミガイ,ミガイ
た,助動詞,*,*,*,特殊・タ,基本形,た,タ,タ
が,助詞,接続助詞,*,*,*,*,が,ガ,ガ
ため,名詞,非自立,副詞可能,*,*,*,ため,タメ,タメ
に,助詞,格助詞,一般,*,*,*,に,ニ,ニ
、,記号,読点,*,*,*,*,、,、,、
堂々たる,連体詞,*,*,*,*,*,堂々たる,ドウドウタル,ドードータル
詩家,名詞,一般,*,*,*,*,詩家,シカ,シカ
と,助詞,格助詞,一般,*,*,*,と,ト,ト
なっ,動詞,自立,*,*,五段・ラ行,連用タ接続,なる,ナッ,ナッ
た,助動詞,*,*,*,特殊・タ,基本形,た,タ,タ
者,名詞,非自立,一般,*,*,*,者,モノ,モノ
が,助詞,格助詞,一般,*,*,*,が,ガ,ガ
幾ら,名詞,一般,*,*,*,*,幾ら,イクラ,イクラ
でも,助詞,副助詞,*,*,*,*,でも,デモ,デモ
いる,動詞,自立,*,*,一段,基本形,いる,イル,イル
の,名詞,非自立,一般,*,*,*,の,ノ,ノ
だ,助動詞,*,*,*,特殊・ダ,基本形,だ,ダ,ダ
。,記号,句点,*,*,*,*,。,。,。
虎,名詞,一般,*,*,*,*,虎,トラ,トラ
と,助詞,格助詞,一般,*,*,*,と,ト,ト
成り,動詞,自立,*,*,五段・ラ行,連用形,成る,ナリ,ナリ
果て,動詞,自立,*,*,一段,連用形,果てる,ハテ,ハテ
た,助動詞,*,*,*,特殊・タ,基本形,た,タ,タ
今,名詞,副詞可能,*,*,*,*,今,イマ,イマ
、,記号,読点,*,*,*,*,、,、,、
己,名詞,代名詞,一般,*,*,*,己,オノレ,オノレ
は,助詞,係助詞,*,*,*,*,は,ハ,ワ
漸く,副詞,一般,*,*,*,*,漸く,ヨウヤク,ヨーヤク
それ,名詞,代名詞,一般,*,*,*,それ,ソレ,ソレ
に,助詞,格助詞,一般,*,*,*,に,ニ,ニ
気が付い,動詞,自立,*,*,五段・カ行イ音便,連用タ接続,気が付く,キガツイ,キガツイ
た,助動詞,*,*,*,特殊・タ,基本形,た,タ,タ
。,記号,句点,*,*,*,*,。,。,。
それ,名詞,代名詞,一般,*,*,*,それ,ソレ,ソレ
を,助詞,格助詞,一般,*,*,*,を,ヲ,ヲ
思う,動詞,自立,*,*,五段・ワ行促音便,基本形,思う,オモウ,オモウ
と,助詞,接続助詞,*,*,*,*,と,ト,ト
、,記号,読点,*,*,*,*,、,、,、
己,名詞,代名詞,一般,*,*,*,己,オノレ,オノレ
は,助詞,係助詞,*,*,*,*,は,ハ,ワ
今,名詞,副詞可能,*,*,*,*,今,イマ,イマ
も,助詞,係助詞,*,*,*,*,も,モ,モ
胸,名詞,一般,*,*,*,*,胸,ムネ,ムネ
を,助詞,格助詞,一般,*,*,*,を,ヲ,ヲ
灼か,動詞,自立,*,*,五段・カ行イ音便,未然形,灼く,ヤカ,ヤカ
れる,動詞,接尾,*,*,一段,基本形,れる,レル,レル
よう,名詞,非自立,助動詞語幹,*,*,*,よう,ヨウ,ヨー
な,助動詞,*,*,*,特殊・ダ,体言接続,だ,ナ,ナ
悔,名詞,一般,*,*,*,*,悔,悔,悔
を,助詞,格助詞,一般,*,*,*,を,ヲ,ヲ
感じる,動詞,自立,*,*,一段,基本形,感じる,カンジル,カンジル
。,記号,句点,*,*,*,*,。,。,。
己,名詞,代名詞,一般,*,*,*,己,オノレ,オノレ
に,助詞,格助詞,一般,*,*,*,に,ニ,ニ
は,助詞,係助詞,*,*,*,*,は,ハ,ワ
最早,副詞,一般,*,*,*,*,最早,モハヤ,モハヤ
人間,名詞,一般,*,*,*,*,人間,ニンゲン,ニンゲン
として,助詞,格助詞,連語,*,*,*,として,トシテ,トシテ
の,助詞,連体化,*,*,*,*,の,ノ,ノ
生活,名詞,サ変接続,*,*,*,*,生活,セイカツ,セイカツ
は,助詞,係助詞,*,*,*,*,は,ハ,ワ
出来,動詞,自立,*,*,一段,未然形,出来る,デキ,デキ
ない,助動詞,*,*,*,特殊・ナイ,基本形,ない,ナイ,ナイ
。,記号,句点,*,*,*,*,。,。,。
たとえ,副詞,一般,*,*,*,*,たとえ,タトエ,タトエ
、,記号,読点,*,*,*,*,、,、,、
今,名詞,副詞可能,*,*,*,*,今,イマ,イマ
、,記号,読点,*,*,*,*,、,、,、
己,名詞,代名詞,一般,*,*,*,己,オノレ,オノレ
が,助詞,格助詞,一般,*,*,*,が,ガ,ガ
頭,名詞,一般,*,*,*,*,頭,アタマ,アタマ
の,助詞,連体化,*,*,*,*,の,ノ,ノ
中,名詞,非自立,副詞可能,*,*,*,中,ナカ,ナカ
で,助詞,格助詞,一般,*,*,*,で,デ,デ
、,記号,読点,*,*,*,*,、,、,、
どんな,連体詞,*,*,*,*,*,どんな,ドンナ,ドンナ
優れ,動詞,自立,*,*,一段,連用形,優れる,スグレ,スグレ
た,助動詞,*,*,*,特殊・タ,基本形,た,タ,タ
詩,名詞,一般,*,*,*,*,詩,シ,シ
を,助詞,格助詞,一般,*,*,*,を,ヲ,ヲ
作っ,動詞,自立,*,*,五段・ラ行,連用タ接続,作る,ツクッ,ツクッ
た,助動詞,*,*,*,特殊・タ,基本形,た,タ,タ
に,助詞,格助詞,一般,*,*,*,に,ニ,ニ
し,動詞,自立,*,*,サ変・スル,連用形,する,シ,シ
た,助動詞,*,*,*,特殊・タ,基本形,た,タ,タ
ところ,名詞,非自立,副詞可能,*,*,*,ところ,トコロ,トコロ
で,助詞,格助詞,一般,*,*,*,で,デ,デ
、,記号,読点,*,*,*,*,、,、,、
どういう,連体詞,*,*,*,*,*,どういう,ドウイウ,ドーユウ
手段,名詞,一般,*,*,*,*,手段,シュダン,シュダン
で,助詞,格助詞,一般,*,*,*,で,デ,デ
発表,名詞,サ変接続,*,*,*,*,発表,ハッピョウ,ハッピョー
できよ,動詞,自立,*,*,一段,未然ウ接続,できる,デキヨ,デキヨ
う,助動詞,*,*,*,不変化型,基本形,う,ウ,ウ
。,記号,句点,*,*,*,*,。,。,。
まして,副詞,一般,*,*,*,*,まして,マシテ,マシテ
、,記号,読点,*,*,*,*,、,、,、
己,名詞,代名詞,一般,*,*,*,己,オノレ,オノレ
の,助詞,連体化,*,*,*,*,の,ノ,ノ
頭,名詞,一般,*,*,*,*,頭,アタマ,アタマ
は,助詞,係助詞,*,*,*,*,は,ハ,ワ
日毎,名詞,副詞可能,*,*,*,*,日毎,ヒゴト,ヒゴト
に,助詞,格助詞,一般,*,*,*,に,ニ,ニ
虎,名詞,一般,*,*,*,*,虎,トラ,トラ
に,助詞,格助詞,一般,*,*,*,に,ニ,ニ
近づい,動詞,自立,*,*,五段・カ行イ音便,連用タ接続,近づく,チカヅイ,チカズイ
て,助詞,接続助詞,*,*,*,*,て,テ,テ
行く,動詞,非自立,*,*,五段・カ行促音便,基本形,行く,イク,イク
。,記号,句点,*,*,*,*,。,。,。
どう,副詞,助詞類接続,*,*,*,*,どう,ドウ,ドー
すれ,動詞,自立,*,*,サ変・スル,仮定形,する,スレ,スレ
ば,助詞,接続助詞,*,*,*,*,ば,バ,バ
いい,形容詞,自立,*,*,形容詞・イイ,基本形,いい,イイ,イイ
の,名詞,非自立,一般,*,*,*,の,ノ,ノ
だ,助動詞,*,*,*,特殊・ダ,基本形,だ,ダ,ダ
。,記号,句点,*,*,*,*,。,。,。
己,名詞,代名詞,一般,*,*,*,己,オノレ,オノレ
の,助詞,連体化,*,*,*,*,の,ノ,ノ
空費,名詞,サ変接続,*,*,*,*,空費,クウヒ,クーヒ
さ,動詞,自立,*,*,サ変・スル,未然レル接続,する,サ,サ
れ,動詞,接尾,*,*,一段,連用形,れる,レ,レ
た,助動詞,*,*,*,特殊・タ,基本形,た,タ,タ
過去,名詞,副詞可能,*,*,*,*,過去,カコ,カコ
は,助詞,係助詞,*,*,*,*,は,ハ,ワ
？,記号,一般,*,*,*,*,？,？,？
 ,記号,空白,*,*,*,*, , , 
己,名詞,代名詞,一般,*,*,*,己,オノレ,オノレ
は,助詞,係助詞,*,*,*,*,は,ハ,ワ
堪ら,動詞,自立,*,*,五段・ラ行,未然形,堪る,タマラ,タマラ
なく,助動詞,*,*,*,特殊・ナイ,連用テ接続,ない,ナク,ナク
なる,動詞,自立,*,*,五段・ラ行,基本形,なる,ナル,ナル
。,記号,句点,*,*,*,*,。,。,。
そういう,連体詞,*,*,*,*,*,そういう,ソウイウ,ソーユウ
時,名詞,非自立,副詞可能,*,*,*,時,トキ,トキ
、,記号,読点,*,*,*,*,、,、,、
己,名詞,代名詞,一般,*,*,*,己,オノレ,オノレ
は,助詞,係助詞,*,*,*,*,は,ハ,ワ
、,記号,読点,*,*,*,*,、,、,、
向う,名詞,一般,*,*,*,*,向う,ムコウ,ムコー
の,助詞,連体化,*,*,*,*,の,ノ,ノ
山,名詞,一般,*,*,*,*,山,ヤマ,ヤマ
の,助詞,連体化,*,*,*,*,の,ノ,ノ
頂,名詞,一般,*,*,*,*,頂,イタダキ,イタダキ
の,助詞,連体化,*,*,*,*,の,ノ,ノ
巖,名詞,一般,*,*,*,*,巖,イワオ,イワオ
に,助詞,格助詞,一般,*,*,*,に,ニ,ニ
上り,動詞,自立,*,*,五段・ラ行,連用形,上る,ノボリ,ノボリ
、,記号,読点,*,*,*,*,、,、,、
空谷,名詞,一般,*,*,*,*,空谷,クウコク,クーコク
に,助詞,格助詞,一般,*,*,*,に,ニ,ニ
向っ,動詞,自立,*,*,五段・ワ行促音便,連用タ接続,向う,ムカッ,ムカッ
て,助詞,接続助詞,*,*,*,*,て,テ,テ
吼える,動詞,自立,*,*,一段,基本形,吼える,ホエル,ホエル
。,記号,句点,*,*,*,*,。,。,。
この,連体詞,*,*,*,*,*,この,コノ,コノ
胸,名詞,一般,*,*,*,*,胸,ムネ,ムネ
を,助詞,格助詞,一般,*,*,*,を,ヲ,ヲ
灼く,動詞,自立,*,*,五段・カ行イ音便,基本形,灼く,ヤク,ヤク
悲しみ,名詞,一般,*,*,*,*,悲しみ,カナシミ,カナシミ
を,助詞,格助詞,一般,*,*,*,を,ヲ,ヲ
誰,名詞,代名詞,一般,*,*,*,誰,ダレ,ダレ
か,助詞,副助詞／並立助詞／終助詞,*,*,*,*,か,カ,カ
に,助詞,格助詞,一般,*,*,*,に,ニ,ニ
訴え,動詞,自立,*,*,一段,連用形,訴える,ウッタエ,ウッタエ
たい,助動詞,*,*,*,特殊・タイ,基本形,たい,タイ,タイ
の,名詞,非自立,一般,*,*,*,の,ノ,ノ
だ,助動詞,*,*,*,特殊・ダ,基本形,だ,ダ,ダ
。,記号,句点,*,*,*,*,。,。,。
己,名詞,代名詞,一般,*,*,*,己,オノレ,オノレ
は,助詞,係助詞,*,*,*,*,は,ハ,ワ
昨夕,名詞,副詞可能,*,*,*,*,昨夕,サクユウ,サクユー
も,助詞,係助詞,*,*,*,*,も,モ,モ
、,記号,読点,*,*,*,*,、,、,、
彼処,名詞,代名詞,一般,*,*,*,彼処,アソコ,アソコ
で,助詞,格助詞,一般,*,*,*,で,デ,デ
月,名詞,一般,*,*,*,*,月,ツキ,ツキ
に,助詞,格助詞,一般,*,*,*,に,ニ,ニ
向っ,動詞,自立,*,*,五段・ワ行促音便,連用タ接続,向う,ムカッ,ムカッ
て,助詞,接続助詞,*,*,*,*,て,テ,テ
咆,名詞,一般,*,*,*,*,咆,咆,咆
え,動詞,自立,*,*,一段,連用形,える,エ,エ
た,助動詞,*,*,*,特殊・タ,基本形,た,タ,タ
。,記号,句点,*,*,*,*,。,。,。
誰,名詞,代名詞,一般,*,*,*,誰,ダレ,ダレ
か,助詞,副助詞／並立助詞／終助詞,*,*,*,*,か,カ,カ
に,助詞,格助詞,一般,*,*,*,に,ニ,ニ
この,連体詞,*,*,*,*,*,この,コノ,コノ
苦しみ,名詞,一般,*,*,*,*,苦しみ,クルシミ,クルシミ
が,助詞,格助詞,一般,*,*,*,が,ガ,ガ
分っ,動詞,自立,*,*,五段・ラ行,連用タ接続,分る,ワカッ,ワカッ
て,助詞,接続助詞,*,*,*,*,て,テ,テ
貰え,動詞,自立,*,*,一段,未然形,貰える,モラエ,モラエ
ない,助動詞,*,*,*,特殊・ナイ,基本形,ない,ナイ,ナイ
か,助詞,副助詞／並立助詞／終助詞,*,*,*,*,か,カ,カ
と,助詞,格助詞,引用,*,*,*,と,ト,ト
。,記号,句点,*,*,*,*,。,。,。
しかし,接続詞,*,*,*,*,*,しかし,シカシ,シカシ
、,記号,読点,*,*,*,*,、,、,、
獣,名詞,一般,*,*,*,*,獣,シシ,シシ
ども,名詞,接尾,一般,*,*,*,ども,ドモ,ドモ
は,助詞,係助詞,*,*,*,*,は,ハ,ワ
己,名詞,代名詞,一般,*,*,*,己,オノレ,オノレ
の,助詞,連体化,*,*,*,*,の,ノ,ノ
声,名詞,一般,*,*,*,*,声,コエ,コエ
を,助詞,格助詞,一般,*,*,*,を,ヲ,ヲ
聞い,動詞,自立,*,*,五段・カ行イ音便,連用タ接続,聞く,キイ,キイ
て,助詞,接続助詞,*,*,*,*,て,テ,テ
、,記号,読点,*,*,*,*,、,、,、
唯,副詞,一般,*,*,*,*,唯,タダ,タダ
、,記号,読点,*,*,*,*,、,、,、
懼,名詞,一般,*,*,*,*,懼,懼,懼
れ,動詞,接尾,*,*,一段,連用形,れる,レ,レ
、,記号,読点,*,*,*,*,、,、,、
ひれ伏す,動詞,自立,*,*,五段・サ行,基本形,ひれ伏す,ヒレフス,ヒレフス
ばかり,助詞,副助詞,*,*,*,*,ばかり,バカリ,バカリ
。,記号,句点,*,*,*,*,。,。,。
山,名詞,一般,*,*,*,*,山,ヤマ,ヤマ
も,助詞,係助詞,*,*,*,*,も,モ,モ
樹,名詞,一般,*,*,*,*,樹,キ,キ
も,助詞,係助詞,*,*,*,*,も,モ,モ
月,名詞,一般,*,*,*,*,月,ツキ,ツキ
も,助詞,係助詞,*,*,*,*,も,モ,モ
露,名詞,形容動詞語幹,*,*,*,*,露,アラワ,アラワ
も,助詞,係助詞,*,*,*,*,も,モ,モ
、,記号,読点,*,*,*,*,、,、,、
一,名詞,数,*,*,*,*,一,イチ,イチ
匹,名詞,接尾,助数詞,*,*,*,匹,ヒキ,ヒキ
の,助詞,連体化,*,*,*,*,の,ノ,ノ
虎,名詞,一般,*,*,*,*,虎,トラ,トラ
が,助詞,格助詞,一般,*,*,*,が,ガ,ガ
怒り狂っ,動詞,自立,*,*,五段・ワ行促音便,連用タ接続,怒り狂う,イカリクルッ,イカリクルッ
て,助詞,接続助詞,*,*,*,*,て,テ,テ
、,記号,読点,*,*,*,*,、,、,、
哮っ,動詞,自立,*,*,五段・ラ行,連用タ接続,哮る,タケッ,タケッ
て,助詞,接続助詞,*,*,*,*,て,テ,テ
いる,動詞,非自立,*,*,一段,基本形,いる,イル,イル
と,助詞,格助詞,引用,*,*,*,と,ト,ト
しか,助詞,係助詞,*,*,*,*,しか,シカ,シカ
考え,動詞,自立,*,*,一段,未然形,考える,カンガエ,カンガエ
ない,助動詞,*,*,*,特殊・ナイ,基本形,ない,ナイ,ナイ
。,記号,句点,*,*,*,*,。,。,。
天,名詞,一般,*,*,*,*,天,テン,テン
に,助詞,格助詞,一般,*,*,*,に,ニ,ニ
躍り,動詞,自立,*,*,五段・ラ行,連用形,躍る,オドリ,オドリ
地,名詞,接尾,一般,*,*,*,地,チ,チ
に,助詞,格助詞,一般,*,*,*,に,ニ,ニ
伏し,動詞,自立,*,*,五段・サ行,連用形,伏す,フシ,フシ
て,助詞,接続助詞,*,*,*,*,て,テ,テ
嘆い,動詞,自立,*,*,五段・カ行イ音便,連用タ接続,嘆く,ナゲイ,ナゲイ
て,助詞,接続助詞,*,*,*,*,て,テ,テ
も,助詞,係助詞,*,*,*,*,も,モ,モ
、,記号,読点,*,*,*,*,、,、,、
誰,名詞,代名詞,一般,*,*,*,誰,ダレ,ダレ
一,名詞,数,*,*,*,*,一,イチ,イチ
人,名詞,接尾,助数詞,*,*,*,人,ニン,ニン
己,名詞,代名詞,一般,*,*,*,己,オノレ,オノレ
の,助詞,連体化,*,*,*,*,の,ノ,ノ
気持,名詞,一般,*,*,*,*,気持,キモチ,キモチ
を,助詞,格助詞,一般,*,*,*,を,ヲ,ヲ
分っ,動詞,自立,*,*,五段・タ行,連用タ接続,分つ,ワカッ,ワカッ
て,助詞,接続助詞,*,*,*,*,て,テ,テ
くれる,動詞,非自立,*,*,一段・クレル,基本形,くれる,クレル,クレル
者,名詞,非自立,一般,*,*,*,者,モノ,モノ
は,助詞,係助詞,*,*,*,*,は,ハ,ワ
ない,助動詞,*,*,*,特殊・ナイ,基本形,ない,ナイ,ナイ
。,記号,句点,*,*,*,*,。,。,。
ちょうど,副詞,一般,*,*,*,*,ちょうど,チョウド,チョード
、,記号,読点,*,*,*,*,、,、,、
人間,名詞,一般,*,*,*,*,人間,ニンゲン,ニンゲン
だっ,助動詞,*,*,*,特殊・ダ,連用タ接続,だ,ダッ,ダッ
た,助動詞,*,*,*,特殊・タ,基本形,た,タ,タ
頃,名詞,非自立,副詞可能,*,*,*,頃,コロ,コロ
、,記号,読点,*,*,*,*,、,、,、
己,名詞,代名詞,一般,*,*,*,己,オノレ,オノレ
の,助詞,連体化,*,*,*,*,の,ノ,ノ
傷つき,動詞,自立,*,*,五段・カ行イ音便,連用形,傷つく,キズツキ,キズツキ
易い,形容詞,自立,*,*,形容詞・アウオ段,基本形,易い,ヤスイ,ヤスイ
内心,名詞,一般,*,*,*,*,内心,ナイシン,ナイシン
を,助詞,格助詞,一般,*,*,*,を,ヲ,ヲ
誰,名詞,代名詞,一般,*,*,*,誰,ダレ,ダレ
も,助詞,係助詞,*,*,*,*,も,モ,モ
理解,名詞,サ変接続,*,*,*,*,理解,リカイ,リカイ
し,動詞,自立,*,*,サ変・スル,連用形,する,シ,シ
て,助詞,接続助詞,*,*,*,*,て,テ,テ
くれ,動詞,非自立,*,*,一段・クレル,未然形,くれる,クレ,クレ
なかっ,助動詞,*,*,*,特殊・ナイ,連用タ接続,ない,ナカッ,ナカッ
た,助動詞,*,*,*,特殊・タ,基本形,た,タ,タ
よう,名詞,非自立,助動詞語幹,*,*,*,よう,ヨウ,ヨー
に,助詞,格助詞,一般,*,*,*,に,ニ,ニ
。,記号,句点,*,*,*,*,。,。,。
己,名詞,代名詞,一般,*,*,*,己,オノレ,オノレ
の,助詞,連体化,*,*,*,*,の,ノ,ノ
毛皮,名詞,一般,*,*,*,*,毛皮,ケガワ,ケガワ
の,助詞,連体化,*,*,*,*,の,ノ,ノ
濡れ,動詞,自立,*,*,一段,連用形,濡れる,ヌレ,ヌレ
た,助動詞,*,*,*,特殊・タ,基本形,た,タ,タ
の,名詞,非自立,一般,*,*,*,の,ノ,ノ
は,助詞,係助詞,*,*,*,*,は,ハ,ワ
、,記号,読点,*,*,*,*,、,、,、
夜露,名詞,一般,*,*,*,*,夜露,ヨツユ,ヨツユ
の,助詞,連体化,*,*,*,*,の,ノ,ノ
ため,名詞,非自立,副詞可能,*,*,*,ため,タメ,タメ
ばかり,助詞,副助詞,*,*,*,*,ばかり,バカリ,バカリ
で,助動詞,*,*,*,特殊・ダ,連用形,だ,デ,デ
は,助詞,係助詞,*,*,*,*,は,ハ,ワ
ない,助動詞,*,*,*,特殊・ナイ,基本形,ない,ナイ,ナイ
。,記号,句点,*,*,*,*,。,。,。
  ,記号,空白,*,*,*,*,  ,  ,  
漸く,副詞,一般,*,*,*,*,漸く,ヨウヤク,ヨーヤク
四,名詞,数,*,*,*,*,四,ヨン,ヨン
辺,名詞,接尾,助数詞,*,*,*,辺,ヘン,ヘン
の,助詞,連体化,*,*,*,*,の,ノ,ノ
暗,形容詞,自立,*,*,形容詞・アウオ段,ガル接続,暗い,クラ,クラ
さ,名詞,接尾,特殊,*,*,*,さ,サ,サ
が,助詞,格助詞,一般,*,*,*,が,ガ,ガ
薄らい,動詞,自立,*,*,五段・ガ行,連用タ接続,薄らぐ,ウスライ,ウスライ
で,助詞,接続助詞,*,*,*,*,で,デ,デ
来,動詞,非自立,*,*,カ変・来ル,連用形,来る,キ,キ
た,助動詞,*,*,*,特殊・タ,基本形,た,タ,タ
。,記号,句点,*,*,*,*,。,。,。
木の間,名詞,一般,*,*,*,*,木の間,コノマ,コノマ
を,助詞,格助詞,一般,*,*,*,を,ヲ,ヲ
伝っ,動詞,自立,*,*,五段・ワ行促音便,連用タ接続,伝う,ツタッ,ツタッ
て,助詞,接続助詞,*,*,*,*,て,テ,テ
、,記号,読点,*,*,*,*,、,、,、
何処,名詞,代名詞,一般,*,*,*,何処,ドコ,ドコ
から,助詞,格助詞,一般,*,*,*,から,カラ,カラ
か,助詞,副助詞／並立助詞／終助詞,*,*,*,*,か,カ,カ
、,記号,読点,*,*,*,*,、,、,、
暁,名詞,一般,*,*,*,*,暁,アカツキ,アカツキ
角,名詞,接尾,一般,*,*,*,角,カク,カク
が,助詞,格助詞,一般,*,*,*,が,ガ,ガ
哀し,形容詞,自立,*,*,形容詞・イ段,ガル接続,哀しい,カナシ,カナシ
げ,名詞,接尾,一般,*,*,*,げ,ゲ,ゲ
に,助詞,格助詞,一般,*,*,*,に,ニ,ニ
響き,動詞,自立,*,*,五段・カ行イ音便,連用形,響く,ヒビキ,ヒビキ
始め,動詞,非自立,*,*,一段,連用形,始める,ハジメ,ハジメ
た,助動詞,*,*,*,特殊・タ,基本形,た,タ,タ
。,記号,句点,*,*,*,*,。,。,。
  ,記号,空白,*,*,*,*,  ,  ,  
最早,副詞,一般,*,*,*,*,最早,モハヤ,モハヤ
、,記号,読点,*,*,*,*,、,、,、
別れ,名詞,一般,*,*,*,*,別れ,ワカレ,ワカレ
を,助詞,格助詞,一般,*,*,*,を,ヲ,ヲ
告げ,動詞,自立,*,*,一段,未然形,告げる,ツゲ,ツゲ
ね,助動詞,*,*,*,特殊・ヌ,仮定形,ぬ,ネ,ネ
ば,助詞,接続助詞,*,*,*,*,ば,バ,バ
なら,動詞,非自立,*,*,五段・ラ行,未然形,なる,ナラ,ナラ
ぬ,助動詞,*,*,*,特殊・ヌ,基本形,ぬ,ヌ,ヌ
。,記号,句点,*,*,*,*,。,。,。
酔わ,動詞,自立,*,*,五段・ワ行促音便,未然形,酔う,ヨワ,ヨワ
ね,助動詞,*,*,*,特殊・ヌ,仮定形,ぬ,ネ,ネ
ば,助詞,接続助詞,*,*,*,*,ば,バ,バ
なら,動詞,非自立,*,*,五段・ラ行,未然形,なる,ナラ,ナラ
ぬ,助動詞,*,*,*,特殊・ヌ,基本形,ぬ,ヌ,ヌ
時,名詞,非自立,副詞可能,*,*,*,時,トキ,トキ
が,助詞,格助詞,一般,*,*,*,が,ガ,ガ
、,記号,読点,*,*,*,*,、,、,、
（,記号,括弧開,*,*,*,*,（,（,（
虎,名詞,一般,*,*,*,*,虎,トラ,トラ
に,助詞,格助詞,一般,*,*,*,に,ニ,ニ
還ら,動詞,自立,*,*,五段・ラ行,未然形,還る,カエラ,カエラ
ね,助動詞,*,*,*,特殊・ヌ,仮定形,ぬ,ネ,ネ
ば,助詞,接続助詞,*,*,*,*,ば,バ,バ
なら,動詞,非自立,*,*,五段・ラ行,未然形,なる,ナラ,ナラ
ぬ,助動詞,*,*,*,特殊・ヌ,基本形,ぬ,ヌ,ヌ
時,名詞,非自立,副詞可能,*,*,*,時,トキ,トキ
が,助詞,格助詞,一般,*,*,*,が,ガ,ガ
）,記号,括弧閉,*,*,*,*,）,）,）
近づい,動詞,自立,*,*,五段・カ行イ音便,連用タ接続,近づく,チカヅイ,チカズイ
た,助動詞,*,*,*,特殊・タ,基本形,た,タ,タ
から,助詞,接続助詞,*,*,*,*,から,カラ,カラ
、,記号,読点,*,*,*,*,、,、,、
と,助詞,格助詞,引用,*,*,*,と,ト,ト
、,記号,読点,*,*,*,*,、,、,、
李,名詞,固有名詞,人名,姓,*,*,李,リ,リ
徴,名詞,一般,*,*,*,*,徴,シルシ,シルシ
の,助詞,連体化,*,*,*,*,の,ノ,ノ
声,名詞,一般,*,*,*,*,声,コエ,コエ
が,助詞,格助詞,一般,*,*,*,が,ガ,ガ
言っ,動詞,自立,*,*,五段・ワ行促音便,連用タ接続,言う,イッ,イッ
た,助動詞,*,*,*,特殊・タ,基本形,た,タ,タ
。,記号,句点,*,*,*,*,。,。,。
だが,接続詞,*,*,*,*,*,だが,ダガ,ダガ
、,記号,読点,*,*,*,*,、,、,、
お,接頭詞,名詞接続,*,*,*,*,お,オ,オ
別れ,名詞,一般,*,*,*,*,別れ,ワカレ,ワカレ
する,動詞,自立,*,*,サ変・スル,基本形,する,スル,スル
前,名詞,副詞可能,*,*,*,*,前,マエ,マエ
に,助詞,格助詞,一般,*,*,*,に,ニ,ニ
もう,副詞,一般,*,*,*,*,もう,モウ,モー
一つ,名詞,一般,*,*,*,*,一つ,ヒトツ,ヒトツ
頼み,名詞,一般,*,*,*,*,頼み,タノミ,タノミ
が,助詞,格助詞,一般,*,*,*,が,ガ,ガ
ある,動詞,自立,*,*,五段・ラ行,基本形,ある,アル,アル
。,記号,句点,*,*,*,*,。,。,。
それ,名詞,代名詞,一般,*,*,*,それ,ソレ,ソレ
は,助詞,係助詞,*,*,*,*,は,ハ,ワ
我が,連体詞,*,*,*,*,*,我が,ワガ,ワガ
妻子,名詞,一般,*,*,*,*,妻子,サイシ,サイシ
の,助詞,連体化,*,*,*,*,の,ノ,ノ
こと,名詞,非自立,一般,*,*,*,こと,コト,コト
だ,助動詞,*,*,*,特殊・ダ,基本形,だ,ダ,ダ
。,記号,句点,*,*,*,*,。,。,。
彼等,名詞,代名詞,一般,*,*,*,彼等,カレラ,カレラ
は,助詞,係助詞,*,*,*,*,は,ハ,ワ
未だ,副詞,一般,*,*,*,*,未だ,イマダ,イマダ
虢略,名詞,一般,*,*,*,*,虢略,虢略,虢略
に,助詞,格助詞,一般,*,*,*,に,ニ,ニ
いる,動詞,自立,*,*,一段,基本形,いる,イル,イル
。,記号,句点,*,*,*,*,。,。,。
固,形容詞,自立,*,*,形容詞・アウオ段,ガル接続,固い,カタ,カタ
より,助詞,格助詞,一般,*,*,*,より,ヨリ,ヨリ
、,記号,読点,*,*,*,*,、,、,、
己,名詞,代名詞,一般,*,*,*,己,オノレ,オノレ
の,助詞,連体化,*,*,*,*,の,ノ,ノ
運命,名詞,一般,*,*,*,*,運命,ウンメイ,ウンメイ
に,助詞,格助詞,一般,*,*,*,に,ニ,ニ
就い,動詞,自立,*,*,五段・カ行イ音便,連用タ接続,就く,ツイ,ツイ
て,助詞,接続助詞,*,*,*,*,て,テ,テ
は,助詞,係助詞,*,*,*,*,は,ハ,ワ
知る,動詞,自立,*,*,五段・ラ行,基本形,知る,シル,シル
筈,名詞,非自立,一般,*,*,*,筈,ハズ,ハズ
が,助詞,格助詞,一般,*,*,*,が,ガ,ガ
ない,形容詞,自立,*,*,形容詞・アウオ段,基本形,ない,ナイ,ナイ
。,記号,句点,*,*,*,*,。,。,。
君,名詞,代名詞,一般,*,*,*,君,キミ,キミ
が,助詞,格助詞,一般,*,*,*,が,ガ,ガ
南,名詞,一般,*,*,*,*,南,ミナミ,ミナミ
から,助詞,格助詞,一般,*,*,*,から,カラ,カラ
帰っ,動詞,自立,*,*,五段・ラ行,連用タ接続,帰る,カエッ,カエッ
たら,助動詞,*,*,*,特殊・タ,仮定形,た,タラ,タラ
、,記号,読点,*,*,*,*,、,、,、
己,名詞,代名詞,一般,*,*,*,己,オノレ,オノレ
は,助詞,係助詞,*,*,*,*,は,ハ,ワ
既に,副詞,一般,*,*,*,*,既に,スデニ,スデニ
死ん,動詞,自立,*,*,五段・ナ行,連用タ接続,死ぬ,シン,シン
だ,助動詞,*,*,*,特殊・タ,基本形,だ,ダ,ダ
と,助詞,格助詞,引用,*,*,*,と,ト,ト
彼等,名詞,代名詞,一般,*,*,*,彼等,カレラ,カレラ
に,助詞,格助詞,一般,*,*,*,に,ニ,ニ
告げ,動詞,自立,*,*,一段,連用形,告げる,ツゲ,ツゲ
て,助詞,接続助詞,*,*,*,*,て,テ,テ
貰え,動詞,自立,*,*,一段,未然形,貰える,モラエ,モラエ
ない,助動詞,*,*,*,特殊・ナイ,基本形,ない,ナイ,ナイ
だろ,助動詞,*,*,*,特殊・ダ,未然形,だ,ダロ,ダロ
う,助動詞,*,*,*,不変化型,基本形,う,ウ,ウ
か,助詞,副助詞／並立助詞／終助詞,*,*,*,*,か,カ,カ
。,記号,句点,*,*,*,*,。,。,。
決して,副詞,一般,*,*,*,*,決して,ケッシテ,ケッシテ
今日,名詞,副詞可能,*,*,*,*,今日,キョウ,キョー
の,助詞,連体化,*,*,*,*,の,ノ,ノ
こと,名詞,非自立,一般,*,*,*,こと,コト,コト
だけ,助詞,副助詞,*,*,*,*,だけ,ダケ,ダケ
は,助詞,係助詞,*,*,*,*,は,ハ,ワ
明かさ,動詞,自立,*,*,五段・サ行,未然形,明かす,アカサ,アカサ
ない,助動詞,*,*,*,特殊・ナイ,連用デ接続,ない,ナイ,ナイ
で,助詞,接続助詞,*,*,*,*,で,デ,デ
欲しい,形容詞,非自立,*,*,形容詞・イ段,基本形,欲しい,ホシイ,ホシイ
。,記号,句点,*,*,*,*,。,。,。
厚かましい,形容詞,自立,*,*,形容詞・イ段,基本形,厚かましい,アツカマシイ,アツカマシイ
お,接頭詞,名詞接続,*,*,*,*,お,オ,オ
願,名詞,一般,*,*,*,*,願,ネガイ,ネガイ
だ,助動詞,*,*,*,特殊・ダ,基本形,だ,ダ,ダ
が,助詞,接続助詞,*,*,*,*,が,ガ,ガ
、,記号,読点,*,*,*,*,、,、,、
彼等,名詞,代名詞,一般,*,*,*,彼等,カレラ,カレラ
の,助詞,連体化,*,*,*,*,の,ノ,ノ
孤,名詞,一般,*,*,*,*,孤,コ,コ
弱,名詞,接尾,一般,*,*,*,弱,ジャク,ジャク
を,助詞,格助詞,一般,*,*,*,を,ヲ,ヲ
憐れん,動詞,自立,*,*,五段・マ行,連用タ接続,憐れむ,アワレン,アワレン
で,助詞,接続助詞,*,*,*,*,で,デ,デ
、,記号,読点,*,*,*,*,、,、,、
今後,名詞,副詞可能,*,*,*,*,今後,コンゴ,コンゴ
とも,助詞,副助詞,*,*,*,*,とも,トモ,トモ
道,名詞,一般,*,*,*,*,道,ミチ,ミチ
塗,名詞,一般,*,*,*,*,塗,ヌリ,ヌリ
に,助詞,格助詞,一般,*,*,*,に,ニ,ニ
飢凍,名詞,一般,*,*,*,*,飢凍,飢凍,飢凍
する,動詞,自立,*,*,サ変・スル,基本形,する,スル,スル
こと,名詞,非自立,一般,*,*,*,こと,コト,コト
の,助詞,格助詞,一般,*,*,*,の,ノ,ノ
ない,形容詞,自立,*,*,形容詞・アウオ段,基本形,ない,ナイ,ナイ
よう,名詞,非自立,助動詞語幹,*,*,*,よう,ヨウ,ヨー
に,助詞,副詞化,*,*,*,*,に,ニ,ニ
計らっ,動詞,自立,*,*,五段・ワ行促音便,連用タ接続,計らう,ハカラッ,ハカラッ
て,助詞,接続助詞,*,*,*,*,て,テ,テ
戴ける,動詞,自立,*,*,一段,基本形,戴ける,イタダケル,イタダケル
なら,助動詞,*,*,*,特殊・ダ,仮定形,だ,ナラ,ナラ
ば,助詞,接続助詞,*,*,*,*,ば,バ,バ
、,記号,読点,*,*,*,*,、,、,、
自分,名詞,一般,*,*,*,*,自分,ジブン,ジブン
にとって,助詞,格助詞,連語,*,*,*,にとって,ニトッテ,ニトッテ
、,記号,読点,*,*,*,*,、,、,、
恩,名詞,一般,*,*,*,*,恩,オン,オン
倖,名詞,一般,*,*,*,*,倖,倖,倖
、,記号,読点,*,*,*,*,、,、,、
これ,名詞,代名詞,一般,*,*,*,これ,コレ,コレ
に,助詞,格助詞,一般,*,*,*,に,ニ,ニ
過ぎ,動詞,自立,*,*,一段,連用形,過ぎる,スギ,スギ
たる,助動詞,*,*,*,文語・ナリ,体言接続,たり,タル,タル
は,助詞,係助詞,*,*,*,*,は,ハ,ワ
莫,名詞,一般,*,*,*,*,莫,莫,莫
い,名詞,一般,*,*,*,*,い,イ,イ
。,記号,句点,*,*,*,*,。,。,。
  ,記号,空白,*,*,*,*,  ,  ,  
言,名詞,一般,*,*,*,*,言,ゲン,ゲン
終っ,動詞,自立,*,*,五段・ラ行,連用タ接続,終る,オワッ,オワッ
て,助詞,接続助詞,*,*,*,*,て,テ,テ
、,記号,読点,*,*,*,*,、,、,、
叢,名詞,一般,*,*,*,*,叢,クサムラ,クサムラ
中,名詞,接尾,副詞可能,*,*,*,中,チュウ,チュー
から,助詞,格助詞,一般,*,*,*,から,カラ,カラ
慟哭,名詞,サ変接続,*,*,*,*,慟哭,ドウコク,ドーコク
の,助詞,連体化,*,*,*,*,の,ノ,ノ
声,名詞,一般,*,*,*,*,声,コエ,コエ
が,助詞,格助詞,一般,*,*,*,が,ガ,ガ
聞え,動詞,自立,*,*,一段,連用形,聞える,キコエ,キコエ
た,助動詞,*,*,*,特殊・タ,基本形,た,タ,タ
。,記号,句点,*,*,*,*,。,。,。
袁,名詞,一般,*,*,*,*,袁,袁,袁
も,助詞,係助詞,*,*,*,*,も,モ,モ
また,接続詞,*,*,*,*,*,また,マタ,マタ
涙,名詞,一般,*,*,*,*,涙,ナミダ,ナミダ
を,助詞,格助詞,一般,*,*,*,を,ヲ,ヲ
泛,名詞,一般,*,*,*,*,泛,泛,泛
べ,助詞,終助詞,*,*,*,*,べ,ベ,ベ
、,記号,読点,*,*,*,*,、,、,、
欣,名詞,一般,*,*,*,*,欣,欣,欣
んで,助詞,接続助詞,*,*,*,*,んで,ンデ,ンデ
李,名詞,固有名詞,人名,姓,*,*,李,リ,リ
徴,名詞,一般,*,*,*,*,徴,シルシ,シルシ
の,助詞,連体化,*,*,*,*,の,ノ,ノ
意,名詞,一般,*,*,*,*,意,イ,イ
に,助詞,格助詞,一般,*,*,*,に,ニ,ニ
副,接頭詞,名詞接続,*,*,*,*,副,フク,フク
い,動詞,自立,*,*,一段,連用形,いる,イ,イ
たい,助動詞,*,*,*,特殊・タイ,基本形,たい,タイ,タイ
旨,名詞,非自立,一般,*,*,*,旨,ムネ,ムネ
を,助詞,格助詞,一般,*,*,*,を,ヲ,ヲ
答え,動詞,自立,*,*,一段,連用形,答える,コタエ,コタエ
た,助動詞,*,*,*,特殊・タ,基本形,た,タ,タ
。,記号,句点,*,*,*,*,。,。,。
李,名詞,固有名詞,人名,姓,*,*,李,リ,リ
徴,名詞,一般,*,*,*,*,徴,シルシ,シルシ
の,助詞,連体化,*,*,*,*,の,ノ,ノ
声,名詞,一般,*,*,*,*,声,コエ,コエ
は,助詞,係助詞,*,*,*,*,は,ハ,ワ
しかし,接続詞,*,*,*,*,*,しかし,シカシ,シカシ
忽ち,副詞,一般,*,*,*,*,忽ち,タチマチ,タチマチ
又,接続詞,*,*,*,*,*,又,マタ,マタ
先刻,名詞,副詞可能,*,*,*,*,先刻,センコク,センコク
の,助詞,連体化,*,*,*,*,の,ノ,ノ
自嘲,名詞,サ変接続,*,*,*,*,自嘲,ジチョウ,ジチョー
的,名詞,接尾,形容動詞語幹,*,*,*,的,テキ,テキ
な,助動詞,*,*,*,特殊・ダ,体言接続,だ,ナ,ナ
調子,名詞,一般,*,*,*,*,調子,チョウシ,チョーシ
に,助詞,格助詞,一般,*,*,*,に,ニ,ニ
戻っ,動詞,自立,*,*,五段・ラ行,連用タ接続,戻る,モドッ,モドッ
て,助詞,接続助詞,*,*,*,*,て,テ,テ
、,記号,読点,*,*,*,*,、,、,、
言っ,動詞,自立,*,*,五段・ワ行促音便,連用タ接続,言う,イッ,イッ
た,助動詞,*,*,*,特殊・タ,基本形,た,タ,タ
。,記号,句点,*,*,*,*,。,。,。
  ,記号,空白,*,*,*,*,  ,  ,  
本当は,接続詞,*,*,*,*,*,本当は,ホントウハ,ホントーワ
、,記号,読点,*,*,*,*,、,、,、
先ず,副詞,一般,*,*,*,*,先ず,マズ,マズ
、,記号,読点,*,*,*,*,、,、,、
この,連体詞,*,*,*,*,*,この,コノ,コノ
事,名詞,非自立,一般,*,*,*,事,コト,コト
の,助詞,連体化,*,*,*,*,の,ノ,ノ
方,名詞,非自立,一般,*,*,*,方,ホウ,ホー
を,助詞,格助詞,一般,*,*,*,を,ヲ,ヲ
先,名詞,一般,*,*,*,*,先,サキ,サキ
に,助詞,格助詞,一般,*,*,*,に,ニ,ニ
お願い,名詞,サ変接続,*,*,*,*,お願い,オネガイ,オネガイ
す,動詞,自立,*,*,サ変・スル,文語基本形,する,ス,ス
べき,助動詞,*,*,*,文語・ベシ,体言接続,べし,ベキ,ベキ
だっ,助動詞,*,*,*,特殊・ダ,連用タ接続,だ,ダッ,ダッ
た,助動詞,*,*,*,特殊・タ,基本形,た,タ,タ
の,名詞,非自立,一般,*,*,*,の,ノ,ノ
だ,助動詞,*,*,*,特殊・ダ,基本形,だ,ダ,ダ
、,記号,読点,*,*,*,*,、,、,、
己,名詞,代名詞,一般,*,*,*,己,オノレ,オノレ
が,助詞,格助詞,一般,*,*,*,が,ガ,ガ
人間,名詞,一般,*,*,*,*,人間,ニンゲン,ニンゲン
だっ,助動詞,*,*,*,特殊・ダ,連用タ接続,だ,ダッ,ダッ
た,助動詞,*,*,*,特殊・タ,基本形,た,タ,タ
なら,助動詞,*,*,*,特殊・ダ,仮定形,だ,ナラ,ナラ
。,記号,句点,*,*,*,*,。,。,。
飢え,名詞,一般,*,*,*,*,飢え,ウエ,ウエ
凍えよ,動詞,自立,*,*,一段,未然ウ接続,凍える,コゴエヨ,コゴエヨ
う,助動詞,*,*,*,不変化型,基本形,う,ウ,ウ
と,助詞,格助詞,一般,*,*,*,と,ト,ト
する,動詞,自立,*,*,サ変・スル,基本形,する,スル,スル
妻子,名詞,一般,*,*,*,*,妻子,サイシ,サイシ
の,助詞,連体化,*,*,*,*,の,ノ,ノ
こと,名詞,非自立,一般,*,*,*,こと,コト,コト
より,助詞,格助詞,一般,*,*,*,より,ヨリ,ヨリ
も,助詞,係助詞,*,*,*,*,も,モ,モ
、,記号,読点,*,*,*,*,、,、,、
己,名詞,代名詞,一般,*,*,*,己,オノレ,オノレ
の,助詞,連体化,*,*,*,*,の,ノ,ノ
乏しい,形容詞,自立,*,*,形容詞・イ段,基本形,乏しい,トボシイ,トボシイ
詩,名詞,一般,*,*,*,*,詩,シ,シ
業,名詞,接尾,一般,*,*,*,業,ギョウ,ギョー
の,助詞,連体化,*,*,*,*,の,ノ,ノ
方,名詞,非自立,一般,*,*,*,方,ホウ,ホー
を,助詞,格助詞,一般,*,*,*,を,ヲ,ヲ
気,名詞,一般,*,*,*,*,気,キ,キ
に,助詞,格助詞,一般,*,*,*,に,ニ,ニ
かけ,動詞,自立,*,*,一段,連用形,かける,カケ,カケ
て,助詞,接続助詞,*,*,*,*,て,テ,テ
いる,動詞,非自立,*,*,一段,基本形,いる,イル,イル
よう,名詞,非自立,助動詞語幹,*,*,*,よう,ヨウ,ヨー
な,助動詞,*,*,*,特殊・ダ,体言接続,だ,ナ,ナ
男,名詞,一般,*,*,*,*,男,オトコ,オトコ
だ,助動詞,*,*,*,特殊・ダ,基本形,だ,ダ,ダ
から,助詞,接続助詞,*,*,*,*,から,カラ,カラ
、,記号,読点,*,*,*,*,、,、,、
こんな,連体詞,*,*,*,*,*,こんな,コンナ,コンナ
獣,名詞,一般,*,*,*,*,獣,シシ,シシ
に,助詞,格助詞,一般,*,*,*,に,ニ,ニ
身,名詞,一般,*,*,*,*,身,ミ,ミ
を,助詞,格助詞,一般,*,*,*,を,ヲ,ヲ
堕す,動詞,自立,*,*,五段・サ行,基本形,堕す,ダス,ダス
の,名詞,非自立,一般,*,*,*,の,ノ,ノ
だ,助動詞,*,*,*,特殊・ダ,基本形,だ,ダ,ダ
。,記号,句点,*,*,*,*,。,。,。
  ,記号,空白,*,*,*,*,  ,  ,  
そうして,接続詞,*,*,*,*,*,そうして,ソウシテ,ソーシテ
、,記号,読点,*,*,*,*,、,、,、
附加,名詞,サ変接続,*,*,*,*,附加,フカ,フカ
えて,副詞,一般,*,*,*,*,えて,エテ,エテ
言う,動詞,自立,*,*,五段・ワ行促音便,基本形,言う,イウ,イウ
こと,名詞,非自立,一般,*,*,*,こと,コト,コト
に,助詞,格助詞,一般,*,*,*,に,ニ,ニ
、,記号,読点,*,*,*,*,、,、,、
袁傪,名詞,一般,*,*,*,*,袁傪,袁傪,袁傪
が,助詞,格助詞,一般,*,*,*,が,ガ,ガ
嶺,名詞,一般,*,*,*,*,嶺,ミネ,ミネ
南,名詞,一般,*,*,*,*,南,ミナミ,ミナミ
から,助詞,格助詞,一般,*,*,*,から,カラ,カラ
の,助詞,連体化,*,*,*,*,の,ノ,ノ
帰途,名詞,一般,*,*,*,*,帰途,キト,キト
に,助詞,格助詞,一般,*,*,*,に,ニ,ニ
は,助詞,係助詞,*,*,*,*,は,ハ,ワ
決して,副詞,一般,*,*,*,*,決して,ケッシテ,ケッシテ
この,連体詞,*,*,*,*,*,この,コノ,コノ
途,名詞,一般,*,*,*,*,途,ト,ト
を,助詞,格助詞,一般,*,*,*,を,ヲ,ヲ
通ら,動詞,自立,*,*,五段・ラ行,未然形,通る,トオラ,トーラ
ない,助動詞,*,*,*,特殊・ナイ,連用デ接続,ない,ナイ,ナイ
で,助詞,接続助詞,*,*,*,*,で,デ,デ
欲しい,形容詞,非自立,*,*,形容詞・イ段,基本形,欲しい,ホシイ,ホシイ
、,記号,読点,*,*,*,*,、,、,、
その,連体詞,*,*,*,*,*,その,ソノ,ソノ
時,名詞,非自立,副詞可能,*,*,*,時,トキ,トキ
に,助詞,格助詞,一般,*,*,*,に,ニ,ニ
は,助詞,係助詞,*,*,*,*,は,ハ,ワ
自分,名詞,一般,*,*,*,*,自分,ジブン,ジブン
が,助詞,格助詞,一般,*,*,*,が,ガ,ガ
酔っ,動詞,自立,*,*,五段・ワ行促音便,連用タ接続,酔う,ヨッ,ヨッ
て,助詞,接続助詞,*,*,*,*,て,テ,テ
い,動詞,非自立,*,*,一段,連用形,いる,イ,イ
て,助詞,接続助詞,*,*,*,*,て,テ,テ
故人,名詞,一般,*,*,*,*,故人,コジン,コジン
を,助詞,格助詞,一般,*,*,*,を,ヲ,ヲ
認め,動詞,自立,*,*,一段,未然形,認める,ミトメ,ミトメ
ず,助動詞,*,*,*,特殊・ヌ,連用ニ接続,ぬ,ズ,ズ
に,助詞,格助詞,一般,*,*,*,に,ニ,ニ
襲いかかる,動詞,自立,*,*,五段・ラ行,基本形,襲いかかる,オソイカカル,オソイカカル
かも,助詞,副助詞,*,*,*,*,かも,カモ,カモ
知れ,動詞,自立,*,*,一段,未然形,知れる,シレ,シレ
ない,助動詞,*,*,*,特殊・ナイ,基本形,ない,ナイ,ナイ
から,助詞,接続助詞,*,*,*,*,から,カラ,カラ
。,記号,句点,*,*,*,*,。,。,。
又,接続詞,*,*,*,*,*,又,マタ,マタ
、,記号,読点,*,*,*,*,、,、,、
今,名詞,副詞可能,*,*,*,*,今,イマ,イマ
別れ,動詞,自立,*,*,一段,連用形,別れる,ワカレ,ワカレ
て,助詞,接続助詞,*,*,*,*,て,テ,テ
から,助詞,格助詞,一般,*,*,*,から,カラ,カラ
、,記号,読点,*,*,*,*,、,、,、
前方,名詞,一般,*,*,*,*,前方,ゼンポウ,ゼンポー
百,名詞,数,*,*,*,*,百,ヒャク,ヒャク
歩,名詞,接尾,助数詞,*,*,*,歩,ホ,ホ
の,助詞,連体化,*,*,*,*,の,ノ,ノ
所,名詞,非自立,副詞可能,*,*,*,所,トコロ,トコロ
に,助詞,格助詞,一般,*,*,*,に,ニ,ニ
ある,動詞,自立,*,*,五段・ラ行,基本形,ある,アル,アル
、,記号,読点,*,*,*,*,、,、,、
あの,連体詞,*,*,*,*,*,あの,アノ,アノ
丘,名詞,一般,*,*,*,*,丘,オカ,オカ
に,助詞,格助詞,一般,*,*,*,に,ニ,ニ
上っ,動詞,自立,*,*,五段・ラ行,連用タ接続,上る,ノボッ,ノボッ
たら,助動詞,*,*,*,特殊・タ,仮定形,た,タラ,タラ
、,記号,読点,*,*,*,*,、,、,、
此方,名詞,一般,*,*,*,*,此方,此方,此方
を,助詞,格助詞,一般,*,*,*,を,ヲ,ヲ
振り,動詞,自立,*,*,五段・ラ行,連用形,振る,フリ,フリ
かえって,副詞,一般,*,*,*,*,かえって,カエッテ,カエッテ
見,動詞,自立,*,*,一段,連用形,見る,ミ,ミ
て,助詞,接続助詞,*,*,*,*,て,テ,テ
貰い,動詞,自立,*,*,五段・ワ行促音便,連用形,貰う,モライ,モライ
たい,助動詞,*,*,*,特殊・タイ,基本形,たい,タイ,タイ
。,記号,句点,*,*,*,*,。,。,。
自分,名詞,一般,*,*,*,*,自分,ジブン,ジブン
は,助詞,係助詞,*,*,*,*,は,ハ,ワ
今,名詞,副詞可能,*,*,*,*,今,イマ,イマ
の,助詞,連体化,*,*,*,*,の,ノ,ノ
姿,名詞,一般,*,*,*,*,姿,スガタ,スガタ
を,助詞,格助詞,一般,*,*,*,を,ヲ,ヲ
もう一度,副詞,一般,*,*,*,*,もう一度,モウイチド,モーイチド
お,接頭詞,名詞接続,*,*,*,*,お,オ,オ
目,名詞,一般,*,*,*,*,目,メ,メ
に,助詞,格助詞,一般,*,*,*,に,ニ,ニ
掛けよ,動詞,自立,*,*,一段,未然ウ接続,掛ける,カケヨ,カケヨ
う,助動詞,*,*,*,不変化型,基本形,う,ウ,ウ
。,記号,句点,*,*,*,*,。,。,。
勇,名詞,一般,*,*,*,*,勇,イサミ,イサミ
に,助詞,格助詞,一般,*,*,*,に,ニ,ニ
誇ろ,動詞,自立,*,*,五段・ラ行,未然ウ接続,誇る,ホコロ,ホコロ
う,助動詞,*,*,*,不変化型,基本形,う,ウ,ウ
と,助詞,格助詞,引用,*,*,*,と,ト,ト
し,動詞,自立,*,*,サ変・スル,連用形,する,シ,シ
て,助詞,接続助詞,*,*,*,*,て,テ,テ
で,助動詞,*,*,*,特殊・ダ,連用形,だ,デ,デ
は,助詞,係助詞,*,*,*,*,は,ハ,ワ
ない,助動詞,*,*,*,特殊・ナイ,基本形,ない,ナイ,ナイ
。,記号,句点,*,*,*,*,。,。,。
我が,連体詞,*,*,*,*,*,我が,ワガ,ワガ
醜悪,名詞,形容動詞語幹,*,*,*,*,醜悪,シュウアク,シューアク
な,助動詞,*,*,*,特殊・ダ,体言接続,だ,ナ,ナ
姿,名詞,一般,*,*,*,*,姿,スガタ,スガタ
を,助詞,格助詞,一般,*,*,*,を,ヲ,ヲ
示し,動詞,自立,*,*,五段・サ行,連用形,示す,シメシ,シメシ
て,助詞,接続助詞,*,*,*,*,て,テ,テ
、,記号,読点,*,*,*,*,、,、,、
以,名詞,一般,*,*,*,*,以,以,以
て,助詞,格助詞,連語,*,*,*,て,テ,テ
、,記号,読点,*,*,*,*,、,、,、
再び,副詞,助詞類接続,*,*,*,*,再び,フタタビ,フタタビ
此処,名詞,一般,*,*,*,*,此処,ココ,ココ
を,助詞,格助詞,一般,*,*,*,を,ヲ,ヲ
過ぎ,動詞,自立,*,*,一段,連用形,過ぎる,スギ,スギ
て,助詞,接続助詞,*,*,*,*,て,テ,テ
自分,名詞,一般,*,*,*,*,自分,ジブン,ジブン
に,助詞,格助詞,一般,*,*,*,に,ニ,ニ
会お,動詞,自立,*,*,五段・ワ行促音便,未然ウ接続,会う,アオ,アオ
う,助動詞,*,*,*,不変化型,基本形,う,ウ,ウ
と,助詞,格助詞,一般,*,*,*,と,ト,ト
の,助詞,連体化,*,*,*,*,の,ノ,ノ
気持,名詞,一般,*,*,*,*,気持,キモチ,キモチ
を,助詞,格助詞,一般,*,*,*,を,ヲ,ヲ
君,名詞,代名詞,一般,*,*,*,君,キミ,キミ
に,助詞,格助詞,一般,*,*,*,に,ニ,ニ
起さ,動詞,自立,*,*,五段・サ行,未然形,起す,オコサ,オコサ
せ,動詞,接尾,*,*,一段,未然形,せる,セ,セ
ない,助動詞,*,*,*,特殊・ナイ,基本形,ない,ナイ,ナイ
為,名詞,非自立,副詞可能,*,*,*,為,タメ,タメ
で,助動詞,*,*,*,特殊・ダ,連用形,だ,デ,デ
ある,助動詞,*,*,*,五段・ラ行アル,基本形,ある,アル,アル
と,助詞,格助詞,引用,*,*,*,と,ト,ト
。,記号,句点,*,*,*,*,。,。,。
  ,記号,空白,*,*,*,*,  ,  ,  
袁傪,名詞,一般,*,*,*,*,袁傪,袁傪,袁傪
は,助詞,係助詞,*,*,*,*,は,ハ,ワ
叢,名詞,一般,*,*,*,*,叢,クサムラ,クサムラ
に,助詞,格助詞,一般,*,*,*,に,ニ,ニ
向っ,動詞,自立,*,*,五段・ワ行促音便,連用タ接続,向う,ムカッ,ムカッ
て,助詞,接続助詞,*,*,*,*,て,テ,テ
、,記号,読点,*,*,*,*,、,、,、
懇ろ,名詞,形容動詞語幹,*,*,*,*,懇ろ,ネンゴロ,ネンゴロ
に,助詞,副詞化,*,*,*,*,に,ニ,ニ
別れ,名詞,一般,*,*,*,*,別れ,ワカレ,ワカレ
の,助詞,連体化,*,*,*,*,の,ノ,ノ
言葉,名詞,一般,*,*,*,*,言葉,コトバ,コトバ
を,助詞,格助詞,一般,*,*,*,を,ヲ,ヲ
述べ,動詞,自立,*,*,一段,連用形,述べる,ノベ,ノベ
、,記号,読点,*,*,*,*,、,、,、
馬,名詞,一般,*,*,*,*,馬,ウマ,ウマ
に,助詞,格助詞,一般,*,*,*,に,ニ,ニ
上っ,動詞,自立,*,*,五段・ラ行,連用タ接続,上る,ノボッ,ノボッ
た,助動詞,*,*,*,特殊・タ,基本形,た,タ,タ
。,記号,句点,*,*,*,*,。,。,。
叢,名詞,一般,*,*,*,*,叢,クサムラ,クサムラ
の,助詞,連体化,*,*,*,*,の,ノ,ノ
中,名詞,非自立,副詞可能,*,*,*,中,ナカ,ナカ
から,助詞,格助詞,一般,*,*,*,から,カラ,カラ
は,助詞,係助詞,*,*,*,*,は,ハ,ワ
、,記号,読点,*,*,*,*,、,、,、
又,接続詞,*,*,*,*,*,又,マタ,マタ
、,記号,読点,*,*,*,*,、,、,、
堪え,動詞,自立,*,*,一段,連用形,堪える,コタエ,コタエ
得,動詞,非自立,*,*,一段,未然形,得る,エ,エ
ざる,助動詞,*,*,*,特殊・ヌ,体言接続,ぬ,ザル,ザル
が,助詞,格助詞,一般,*,*,*,が,ガ,ガ
如き,助動詞,*,*,*,文語・ゴトシ,体言接続,如し,ゴトキ,ゴトキ
悲泣,名詞,一般,*,*,*,*,悲泣,悲泣,悲泣
の,助詞,連体化,*,*,*,*,の,ノ,ノ
声,名詞,一般,*,*,*,*,声,コエ,コエ
が,助詞,格助詞,一般,*,*,*,が,ガ,ガ
洩れ,動詞,自立,*,*,一段,連用形,洩れる,モレ,モレ
た,助動詞,*,*,*,特殊・タ,基本形,た,タ,タ
。,記号,句点,*,*,*,*,。,。,。
袁傪,名詞,一般,*,*,*,*,袁傪,袁傪,袁傪
も,助詞,係助詞,*,*,*,*,も,モ,モ
幾度,名詞,一般,*,*,*,*,幾度,イクド,イクド
か,助詞,副助詞／並立助詞／終助詞,*,*,*,*,か,カ,カ
叢,名詞,一般,*,*,*,*,叢,クサムラ,クサムラ
を,助詞,格助詞,一般,*,*,*,を,ヲ,ヲ
振,動詞,自立,*,*,五段・ラ行,体言接続特殊２,振る,フ,フ
返り,動詞,自立,*,*,五段・ラ行,連用形,返る,カエリ,カエリ
ながら,助詞,接続助詞,*,*,*,*,ながら,ナガラ,ナガラ
、,記号,読点,*,*,*,*,、,、,、
涙,名詞,一般,*,*,*,*,涙,ナミダ,ナミダ
の,助詞,連体化,*,*,*,*,の,ノ,ノ
中,名詞,非自立,副詞可能,*,*,*,中,ナカ,ナカ
に,助詞,格助詞,一般,*,*,*,に,ニ,ニ
出発,名詞,サ変接続,*,*,*,*,出発,シュッパツ,シュッパツ
し,動詞,自立,*,*,サ変・スル,連用形,する,シ,シ
た,助動詞,*,*,*,特殊・タ,基本形,た,タ,タ
。,記号,句点,*,*,*,*,。,。,。
  ,記号,空白,*,*,*,*,  ,  ,  
一行,名詞,一般,*,*,*,*,一行,イッコウ,イッコー
が,助詞,格助詞,一般,*,*,*,が,ガ,ガ
丘,名詞,一般,*,*,*,*,丘,オカ,オカ
の,助詞,連体化,*,*,*,*,の,ノ,ノ
上,名詞,非自立,副詞可能,*,*,*,上,ウエ,ウエ
に,助詞,格助詞,一般,*,*,*,に,ニ,ニ
つい,動詞,自立,*,*,五段・カ行イ音便,連用タ接続,つく,ツイ,ツイ
た,助動詞,*,*,*,特殊・タ,基本形,た,タ,タ
時,名詞,非自立,副詞可能,*,*,*,時,トキ,トキ
、,記号,読点,*,*,*,*,、,、,、
彼等,名詞,代名詞,一般,*,*,*,彼等,カレラ,カレラ
は,助詞,係助詞,*,*,*,*,は,ハ,ワ
、,記号,読点,*,*,*,*,、,、,、
言わ,動詞,自立,*,*,五段・ワ行促音便,未然形,言う,イワ,イワ
れ,動詞,接尾,*,*,一段,連用形,れる,レ,レ
た,助動詞,*,*,*,特殊・タ,基本形,た,タ,タ
通り,名詞,一般,*,*,*,*,通り,トオリ,トーリ
に,助詞,格助詞,一般,*,*,*,に,ニ,ニ
振,動詞,自立,*,*,五段・ラ行,体言接続特殊２,振る,フ,フ
返っ,動詞,自立,*,*,五段・ラ行,連用タ接続,返る,カエッ,カエッ
て,助詞,接続助詞,*,*,*,*,て,テ,テ
、,記号,読点,*,*,*,*,、,、,、
先程,名詞,副詞可能,*,*,*,*,先程,サキホド,サキホド
の,助詞,連体化,*,*,*,*,の,ノ,ノ
林間,名詞,一般,*,*,*,*,林間,リンカン,リンカン
の,助詞,連体化,*,*,*,*,の,ノ,ノ
草地,名詞,固有名詞,人名,姓,*,*,草地,クサチ,クサチ
を,助詞,格助詞,一般,*,*,*,を,ヲ,ヲ
眺め,動詞,自立,*,*,一段,連用形,眺める,ナガメ,ナガメ
た,助動詞,*,*,*,特殊・タ,基本形,た,タ,タ
。,記号,句点,*,*,*,*,。,。,。
忽ち,副詞,一般,*,*,*,*,忽ち,タチマチ,タチマチ
、,記号,読点,*,*,*,*,、,、,、
一,名詞,数,*,*,*,*,一,イチ,イチ
匹,名詞,接尾,助数詞,*,*,*,匹,ヒキ,ヒキ
の,助詞,連体化,*,*,*,*,の,ノ,ノ
虎,名詞,一般,*,*,*,*,虎,トラ,トラ
が,助詞,格助詞,一般,*,*,*,が,ガ,ガ
草,名詞,一般,*,*,*,*,草,クサ,クサ
の,助詞,連体化,*,*,*,*,の,ノ,ノ
茂み,名詞,一般,*,*,*,*,茂み,シゲミ,シゲミ
から,助詞,格助詞,一般,*,*,*,から,カラ,カラ
道,名詞,一般,*,*,*,*,道,ミチ,ミチ
の,助詞,連体化,*,*,*,*,の,ノ,ノ
上,名詞,非自立,副詞可能,*,*,*,上,ウエ,ウエ
に,助詞,格助詞,一般,*,*,*,に,ニ,ニ
躍り出,動詞,自立,*,*,一段,連用形,躍り出る,オドリデ,オドリデ
た,助動詞,*,*,*,特殊・タ,基本形,た,タ,タ
の,名詞,非自立,一般,*,*,*,の,ノ,ノ
を,助詞,格助詞,一般,*,*,*,を,ヲ,ヲ
彼等,名詞,代名詞,一般,*,*,*,彼等,カレラ,カレラ
は,助詞,係助詞,*,*,*,*,は,ハ,ワ
見,動詞,自立,*,*,一段,連用形,見る,ミ,ミ
た,助動詞,*,*,*,特殊・タ,基本形,た,タ,タ
。,記号,句点,*,*,*,*,。,。,。
虎,名詞,一般,*,*,*,*,虎,トラ,トラ
は,助詞,係助詞,*,*,*,*,は,ハ,ワ
、,記号,読点,*,*,*,*,、,、,、
既に,副詞,一般,*,*,*,*,既に,スデニ,スデニ
白く,形容詞,自立,*,*,形容詞・アウオ段,連用テ接続,白い,シロク,シロク
光,名詞,一般,*,*,*,*,光,ヒカリ,ヒカリ
を,助詞,格助詞,一般,*,*,*,を,ヲ,ヲ
失っ,動詞,自立,*,*,五段・ワ行促音便,連用タ接続,失う,ウシナッ,ウシナッ
た,助動詞,*,*,*,特殊・タ,基本形,た,タ,タ
月,名詞,一般,*,*,*,*,月,ツキ,ツキ
を,助詞,格助詞,一般,*,*,*,を,ヲ,ヲ
仰い,動詞,自立,*,*,五段・ガ行,連用タ接続,仰ぐ,アオイ,アオイ
で,助詞,接続助詞,*,*,*,*,で,デ,デ
、,記号,読点,*,*,*,*,、,、,、
二,名詞,数,*,*,*,*,二,ニ,ニ
声,名詞,接尾,一般,*,*,*,声,ゴエ,ゴエ
三,名詞,数,*,*,*,*,三,サン,サン
声,名詞,一般,*,*,*,*,声,コエ,コエ
咆哮,名詞,サ変接続,*,*,*,*,咆哮,ホウコウ,ホーコー
し,動詞,自立,*,*,サ変・スル,連用形,する,シ,シ
た,助動詞,*,*,*,特殊・タ,基本形,た,タ,タ
か,助詞,副助詞／並立助詞／終助詞,*,*,*,*,か,カ,カ
と,助詞,格助詞,引用,*,*,*,と,ト,ト
思う,動詞,自立,*,*,五段・ワ行促音便,基本形,思う,オモウ,オモウ
と,助詞,接続助詞,*,*,*,*,と,ト,ト
、,記号,読点,*,*,*,*,、,、,、
又,接続詞,*,*,*,*,*,又,マタ,マタ
、,記号,読点,*,*,*,*,、,、,、
元,名詞,一般,*,*,*,*,元,モト,モト
の,助詞,連体化,*,*,*,*,の,ノ,ノ
叢,名詞,一般,*,*,*,*,叢,クサムラ,クサムラ
に,助詞,格助詞,一般,*,*,*,に,ニ,ニ
躍り,動詞,自立,*,*,五段・ラ行,連用形,躍る,オドリ,オドリ
入っ,動詞,自立,*,*,五段・ラ行,連用タ接続,入る,ハイッ,ハイッ
て,助詞,接続助詞,*,*,*,*,て,テ,テ
、,記号,読点,*,*,*,*,、,、,、
再び,副詞,助詞類接続,*,*,*,*,再び,フタタビ,フタタビ
その,連体詞,*,*,*,*,*,その,ソノ,ソノ
姿,名詞,一般,*,*,*,*,姿,スガタ,スガタ
を,助詞,格助詞,一般,*,*,*,を,ヲ,ヲ
見,動詞,自立,*,*,一段,未然形,見る,ミ,ミ
なかっ,助動詞,*,*,*,特殊・ナイ,連用タ接続,ない,ナカッ,ナカッ
た,助動詞,*,*,*,特殊・タ,基本形,た,タ,タ
。,記号,句点,*,*,*,*,。,。,。
     ,記号,空白,*,*,*,*,     ,     ,     
底本,名詞,一般,*,*,*,*,底本,テイホン,テイホン
：,記号,一般,*,*,*,*,：,：,：
「,記号,括弧開,*,*,*,*,「,「,「
李,名詞,固有名詞,人名,姓,*,*,李,リ,リ
陵,名詞,一般,*,*,*,*,陵,リョウ,リョー
・,記号,一般,*,*,*,*,・,・,・
山月,名詞,固有名詞,地域,一般,*,*,山月,ヤマツキ,ヤマツキ
記,名詞,接尾,一般,*,*,*,記,キ,キ
」,記号,括弧閉,*,*,*,*,」,」,」
新潮,名詞,固有名詞,一般,*,*,*,新潮,シンチョウ,シンチョー
文庫,名詞,一般,*,*,*,*,文庫,ブンコ,ブンコ
、,記号,読点,*,*,*,*,、,、,、
新潮社,名詞,固有名詞,組織,*,*,*,新潮社,シンチョウシャ,シンチョーシャ
    ,記号,空白,*,*,*,*,    ,    ,    
1969,名詞,数,*,*,*,*,1969,1969,1969
（,記号,括弧開,*,*,*,*,（,（,（
昭和,名詞,固有名詞,一般,*,*,*,昭和,ショウワ,ショーワ
44,名詞,数,*,*,*,*,44,44,44
）,記号,括弧閉,*,*,*,*,）,）,）
年,名詞,接尾,助数詞,*,*,*,年,ネン,ネン
9,名詞,数,*,*,*,*,9,9,9
月,名詞,一般,*,*,*,*,月,ツキ,ツキ
20,名詞,数,*,*,*,*,20,20,20
日,名詞,接尾,助数詞,*,*,*,日,ニチ,ニチ
発行,名詞,サ変接続,*,*,*,*,発行,ハッコウ,ハッコー
 ,記号,空白,*,*,*,*, , , 
入力,名詞,サ変接続,*,*,*,*,入力,ニュウリョク,ニューリョク
：,記号,一般,*,*,*,*,：,：,：
平松,名詞,固有名詞,人名,姓,*,*,平松,ヒラマツ,ヒラマツ
大樹,名詞,固有名詞,人名,名,*,*,大樹,ダイキ,ダイキ
 ,記号,空白,*,*,*,*, , , 
校正,名詞,サ変接続,*,*,*,*,校正,コウセイ,コーセイ
：,記号,一般,*,*,*,*,：,：,：
林,名詞,固有名詞,人名,姓,*,*,林,ハヤシ,ハヤシ
めぐみ,名詞,固有名詞,人名,名,*,*,めぐみ,メグミ,メグミ
 ,記号,空白,*,*,*,*, , , 
1998,名詞,数,*,*,*,*,1998,1998,1998
年,名詞,接尾,助数詞,*,*,*,年,ネン,ネン
11,名詞,数,*,*,*,*,11,11,11
月,名詞,一般,*,*,*,*,月,ツキ,ツキ
12,名詞,数,*,*,*,*,12,12,12
日,名詞,接尾,助数詞,*,*,*,日,ニチ,ニチ
公開,名詞,サ変接続,*,*,*,*,公開,コウカイ,コーカイ
 ,記号,空白,*,*,*,*, , , 
2010,名詞,数,*,*,*,*,2010,2010,2010
年,名詞,接尾,助数詞,*,*,*,年,ネン,ネン
11,名詞,数,*,*,*,*,11,11,11
月,名詞,一般,*,*,*,*,月,ツキ,ツキ
2,名詞,数,*,*,*,*,2,2,2
日,名詞,接尾,助数詞,*,*,*,日,ニチ,ニチ
修正,名詞,サ変接続,*,*,*,*,修正,シュウセイ,シューセイ
 ,記号,空白,*,*,*,*, , , 
青空,名詞,一般,*,*,*,*,青空,アオゾラ,アオゾラ
文庫,名詞,一般,*,*,*,*,文庫,ブンコ,ブンコ
作成,名詞,サ変接続,*,*,*,*,作成,サクセイ,サクセイ
ファイル,名詞,一般,*,*,*,*,ファイル,ファイル,ファイル
：,記号,一般,*,*,*,*,：,：,：
 ,記号,空白,*,*,*,*, , , 
この,連体詞,*,*,*,*,*,この,コノ,コノ
ファイル,名詞,一般,*,*,*,*,ファイル,ファイル,ファイル
は,助詞,係助詞,*,*,*,*,は,ハ,ワ
、,記号,読点,*,*,*,*,、,、,、
インターネット,名詞,一般,*,*,*,*,インターネット,インターネット,インターネット
の,助詞,連体化,*,*,*,*,の,ノ,ノ
図書館,名詞,一般,*,*,*,*,図書館,トショカン,トショカン
、,記号,読点,*,*,*,*,、,、,、
青空,名詞,一般,*,*,*,*,青空,アオゾラ,アオゾラ
文庫,名詞,一般,*,*,*,*,文庫,ブンコ,ブンコ
（,記号,括弧開,*,*,*,*,（,（,（
http,名詞,固有名詞,組織,*,*,*,http,http,http
://,名詞,サ変接続,*,*,*,*,://,://,://
www,名詞,一般,*,*,*,*,www,www,www
.,名詞,サ変接続,*,*,*,*,.,.,.
aozora,名詞,一般,*,*,*,*,aozora,aozora,aozora
.,名詞,サ変接続,*,*,*,*,.,.,.
gr,名詞,一般,*,*,*,*,gr,gr,gr
.,名詞,サ変接続,*,*,*,*,.,.,.
jp,名詞,一般,*,*,*,*,jp,jp,jp
/）,名詞,サ変接続,*,*,*,*,/）,/）,/）
で,助詞,格助詞,一般,*,*,*,で,デ,デ
作ら,動詞,自立,*,*,五段・ラ行,未然形,作る,ツクラ,ツクラ
れ,動詞,接尾,*,*,一段,連用形,れる,レ,レ
まし,助動詞,*,*,*,特殊・マス,連用形,ます,マシ,マシ
た,助動詞,*,*,*,特殊・タ,基本形,た,タ,タ
。,記号,句点,*,*,*,*,。,。,。
入力,名詞,サ変接続,*,*,*,*,入力,ニュウリョク,ニューリョク
、,記号,読点,*,*,*,*,、,、,、
校正,名詞,サ変接続,*,*,*,*,校正,コウセイ,コーセイ
、,記号,読点,*,*,*,*,、,、,、
制作,名詞,サ変接続,*,*,*,*,制作,セイサク,セイサク
に,助詞,格助詞,一般,*,*,*,に,ニ,ニ
あたっ,動詞,自立,*,*,五段・ラ行,連用タ接続,あたる,アタッ,アタッ
た,助動詞,*,*,*,特殊・タ,基本形,た,タ,タ
の,名詞,非自立,一般,*,*,*,の,ノ,ノ
は,助詞,係助詞,*,*,*,*,は,ハ,ワ
、,記号,読点,*,*,*,*,、,、,、
ボランティア,名詞,一般,*,*,*,*,ボランティア,ボランティア,ボランティア
の,助詞,連体化,*,*,*,*,の,ノ,ノ
皆さん,名詞,一般,*,*,*,*,皆さん,ミナサン,ミナサン
です,助動詞,*,*,*,特殊・デス,基本形,です,デス,デス
。,記号,句点,*,*,*,*,。,。,。
